age	favourites	favourites_by_age	listed	listed_by_age	statuses	statuses_by_age	followers	followers_by_age	friends	friends_by_age	name_len	screen_name_len	description_len	screen_name_sim	name_upper_len	name_upper_pcnt	name_lower_len	name_lower_pcnt	name_digit_len	name_digit_pcnt	name_special_len	name_special_pcnt	screen_name_upper_len	screen_name_upper_pcnt	screen_name_lower_len	screen_name_lower_pcnt	screen_name_digit_len	screen_name_digit_pcnt	screen_name_special_len	screen_name_special_pcnt	description_upper_len	description_upper_pcnt	description_lower_len	description_lower_pcnt	description_digit_len	description_digit_pcnt	description_special_len	description_special_pcnt	geo	protected	location	background_img	default_prof	url	verified	user_id	target	twitter_target	botometer_target
2287.0	4801	2.09925666812418	115	0.050284215128989944	1540	0.6733712286838653	2632	1.1508526453869699	664	0.29033668561434195	15	9	145	0.6666666666666666	2	0.13333333333333333	12	0.8	0	0.0	1	0.06666666666666667	0	0.0	9	1.0	0	0.0	0	0.0	14	0.09655172413793103	111	0.7655172413793103	0	0.0	20	0.13793103448275862	1	0	1	0	0	1	1	806975237766135813	0	0	0
5127.0	4652	0.907353228008582	249	0.04856641310708017	10196	1.9886873415252584	11086	2.16227813536181	996	0.19426565242832067	12	11	117	0.9	2	0.16666666666666666	9	0.75	0	0.0	1	0.08333333333333333	2	0.18181818181818182	9	0.8181818181818182	0	0.0	0	0.0	10	0.08547008547008547	80	0.6837606837606838	0	0.0	27	0.23076923076923078	1	0	1	1	0	1	1	22364234	0	0	0
3399.0	20093	5.911444542512504	94	0.027655192703736394	923	0.2715504560164754	2797	0.8228890850250073	2381	0.7005001471020889	12	6	158	0.5	2	0.16666666666666666	9	0.75	0	0.0	1	0.08333333333333333	2	0.3333333333333333	4	0.6666666666666666	0	0.0	0	0.0	22	0.13924050632911392	102	0.6455696202531646	0	0.0	34	0.21518987341772153	1	0	1	1	1	1	1	2192588903	0	0	0
4460.0	871	0.1952914798206278	203	0.04551569506726457	2306	0.5170403587443946	3973	0.8908071748878924	714	0.1600896860986547	16	15	134	0.9166666666666666	2	0.125	13	0.8125	0	0.0	1	0.0625	2	0.13333333333333333	13	0.8666666666666667	0	0.0	0	0.0	18	0.13432835820895522	95	0.7089552238805971	0	0.0	21	0.15671641791044777	1	0	1	1	1	1	1	231440493	0	0	0
2232.0	16137	7.229838709677419	96	0.043010752688172046	2879	1.2898745519713262	5401	2.4198028673835124	1242	0.5564516129032258	12	12	100	0.75	2	0.16666666666666666	9	0.75	0	0.0	1	0.08333333333333333	2	0.16666666666666666	10	0.8333333333333334	0	0.0	0	0.0	6	0.06	82	0.82	0	0.0	12	0.12	1	0	1	0	0	1	1	827090742162100224	0	0	0
2252.0	98	0.043516873889875664	110	0.04884547069271759	405	0.17984014209591473	2095	0.9302841918294849	854	0.37921847246891655	22	14	70	0.625	4	0.18181818181818182	15	0.6818181818181818	0	0.0	3	0.13636363636363635	2	0.14285714285714285	12	0.8571428571428571	0	0.0	0	0.0	7	0.1	54	0.7714285714285715	0	0.0	9	0.12857142857142856	1	0	1	1	1	1	1	819914159915667456	0	0	0
2278.0	1706	0.7489025460930641	108	0.04741000877963126	3507	1.5395083406496928	6837	3.001316944688323	609	0.26733977172958734	16	11	142	0.8333333333333334	3	0.1875	10	0.625	0	0.0	3	0.1875	2	0.18181818181818182	9	0.8181818181818182	0	0.0	0	0.0	16	0.11267605633802817	101	0.7112676056338029	1	0.007042253521126761	24	0.16901408450704225	1	0	1	1	1	1	0	810537151729373184	0	0	0
2224.0	172	0.07733812949640288	58	0.026079136690647483	158	0.0710431654676259	1339	0.602068345323741	181	0.08138489208633093	19	11	139	0.6428571428571429	2	0.10526315789473684	16	0.8421052631578947	0	0.0	1	0.05263157894736842	0	0.0	10	0.9090909090909091	0	0.0	1	0.09090909090909091	12	0.08633093525179857	87	0.6258992805755396	10	0.07194244604316546	30	0.2158273381294964	1	0	1	0	0	1	1	830085678063030273	0	0	0
4966.0	1110	0.22351993556182037	142	0.028594442207007652	7971	1.6051147805074506	1750	0.3523962948046718	848	0.1707611759967781	15	9	135	0.4	2	0.13333333333333333	12	0.8	0	0.0	1	0.06666666666666667	4	0.4444444444444444	5	0.5555555555555556	0	0.0	0	0.0	13	0.0962962962962963	99	0.7333333333333333	0	0.0	23	0.17037037037037037	1	0	1	1	0	1	1	64159881	0	0	0
2378.0	26	0.010933557611438183	39	0.016400336417157275	67	0.028174936921783012	897	0.37720773759461734	75	0.03153910849453322	15	12	145	0.6363636363636364	3	0.2	9	0.6	0	0.0	3	0.2	2	0.16666666666666666	9	0.75	0	0.0	1	0.08333333333333333	30	0.20689655172413793	77	0.5310344827586206	1	0.006896551724137931	37	0.25517241379310346	0	0	1	1	1	1	0	774308243124391937	0	0	1
3377.0	729	0.21587207580692921	147	0.04352976014213799	5284	1.5647023985786201	4869	1.4418122594018359	1110	0.3286941071957359	15	11	143	0.5714285714285714	2	0.13333333333333333	12	0.8	0	0.0	1	0.06666666666666667	3	0.2727272727272727	7	0.6363636363636364	0	0.0	1	0.09090909090909091	11	0.07692307692307693	114	0.7972027972027972	0	0.0	18	0.1258741258741259	1	0	1	0	0	1	1	2226815116	0	0	0
3759.0	1037	0.2758712423516893	117	0.03112529928172386	676	0.17983506251662676	1642	0.4368183027400904	878	0.23357275871242353	17	11	21	0.6153846153846154	2	0.11764705882352941	14	0.8235294117647058	0	0.0	1	0.058823529411764705	2	0.18181818181818182	8	0.7272727272727273	0	0.0	1	0.09090909090909091	1	0.047619047619047616	20	0.9523809523809523	0	0.0	0	0.0	0	0	1	0	0	1	1	976421048	0	0	0
3068.0	214	0.0697522816166884	111	0.03617992177314211	2297	0.7486962190352021	13442	4.38135593220339	219	0.07138200782268579	16	10	158	0.5833333333333334	4	0.25	9	0.5625	0	0.0	3	0.1875	2	0.2	8	0.8	0	0.0	0	0.0	7	0.04430379746835443	108	0.6835443037974683	16	0.10126582278481013	27	0.17088607594936708	0	0	1	0	0	1	0	2837971145	0	0	0
5096.0	7145	1.4020800627943486	1180	0.2315541601255887	12090	2.372448979591837	129845	25.479788069073784	510	0.1000784929356358	13	12	71	0.8888888888888888	2	0.15384615384615385	10	0.7692307692307693	0	0.0	1	0.07692307692307693	0	0.0	12	1.0	0	0.0	0	0.0	12	0.16901408450704225	44	0.6197183098591549	1	0.014084507042253521	14	0.19718309859154928	1	0	1	0	0	1	1	28066013	0	0	0
5024.0	5152	1.0254777070063694	107	0.02129777070063694	4370	0.8698248407643312	2265	0.4508359872611465	1241	0.2470143312101911	13	11	119	0.38461538461538464	2	0.15384615384615385	10	0.7692307692307693	0	0.0	1	0.07692307692307693	0	0.0	10	0.9090909090909091	0	0.0	1	0.09090909090909091	10	0.08403361344537816	94	0.7899159663865546	0	0.0	15	0.12605042016806722	1	0	0	1	0	1	1	46498076	0	0	0
2723.0	0	0.0	89	0.03268453911127433	110	0.040396621373485125	1281	0.4704370179948586	42	0.015424164524421594	13	12	0	0.9166666666666666	2	0.15384615384615385	10	0.7692307692307693	0	0.0	1	0.07692307692307693	2	0.16666666666666666	10	0.8333333333333334	0	0.0	0	0.0	0	0	0	0	0	0	0	0	0	0	0	1	1	0	0	3823042877	0	0	0
5343.0	28841	5.397903799363653	635	0.11884708965000935	19083	3.571588994946659	47178	8.82987085906794	3813	0.7136440202133633	14	13	98	0.9090909090909091	2	0.14285714285714285	11	0.7857142857142857	0	0.0	1	0.07142857142857142	0	0.0	13	1.0	0	0.0	0	0.0	7	0.07142857142857142	80	0.8163265306122449	0	0.0	11	0.11224489795918367	1	0	1	1	1	1	1	15630931	0	0	0
3440.0	89	0.025872093023255813	34	0.009883720930232558	3	0.0008720930232558139	223	0.06482558139534884	18	0.005232558139534884	11	11	0	0.8333333333333334	2	0.18181818181818182	8	0.7272727272727273	0	0.0	1	0.09090909090909091	0	0.0	10	0.9090909090909091	0	0.0	1	0.09090909090909091	0	0	0	0	0	0	0	0	0	0	0	1	1	0	0	1959248485	0	0	1
2206.0	458	0.20761559383499548	116	0.05258386219401632	640	0.2901178603807797	1661	0.7529465095194923	426	0.1931097008159565	14	12	160	0.8181818181818182	3	0.21428571428571427	9	0.6428571428571429	0	0.0	2	0.14285714285714285	3	0.25	9	0.75	0	0.0	0	0.0	12	0.075	127	0.79375	0	0.0	21	0.13125	1	0	1	0	0	1	1	836553428042141697	0	0	0
3701.0	1628	0.4398811132126452	194	0.0524182653336936	7836	2.11726560389084	3872	1.046203728721967	2357	0.6368549040799784	10	7	160	0.5454545454545454	2	0.2	7	0.7	0	0.0	1	0.1	2	0.2857142857142857	4	0.5714285714285714	0	0.0	1	0.14285714285714285	19	0.11875	110	0.6875	0	0.0	31	0.19375	0	0	1	1	0	1	1	1117749912	0	0	0
4638.0	149	0.032125916343251404	119	0.02565761103924105	2753	0.5935748167313497	1896	0.4087968952134541	1305	0.28137128072445017	20	14	129	0.6666666666666666	2	0.1	12	0.6	0	0.0	6	0.3	0	0.0	14	1.0	0	0.0	0	0.0	15	0.11627906976744186	91	0.7054263565891473	0	0.0	23	0.17829457364341086	1	0	1	1	1	1	1	162398888	0	0	0
3214.0	17	0.005289359054138146	33	0.010267579340385812	17	0.005289359054138146	421	0.13098942128189173	3	0.0009334163036714375	19	9	116	0.4375	4	0.21052631578947367	12	0.631578947368421	0	0.0	3	0.15789473684210525	3	0.3333333333333333	5	0.5555555555555556	0	0.0	1	0.1111111111111111	19	0.16379310344827586	68	0.5862068965517241	0	0.0	29	0.25	0	0	1	1	1	1	0	2527085323	0	0	1
4690.0	9500	2.025586353944563	282	0.060127931769722816	7637	1.628358208955224	10638	2.268230277185501	1155	0.2462686567164179	13	12	156	0.9	2	0.15384615384615385	10	0.7692307692307693	0	0.0	1	0.07692307692307693	2	0.16666666666666666	10	0.8333333333333334	0	0.0	0	0.0	16	0.10256410256410256	120	0.7692307692307693	1	0.00641025641025641	19	0.12179487179487179	0	0	1	1	1	1	1	143000381	0	0	0
3765.0	770	0.20451527224435592	79	0.02098273572377158	426	0.11314741035856574	1188	0.3155378486055777	378	0.100398406374502	16	15	130	0.9090909090909091	2	0.125	13	0.8125	0	0.0	1	0.0625	2	0.13333333333333333	13	0.8666666666666667	0	0.0	0	0.0	12	0.09230769230769231	89	0.6846153846153846	3	0.023076923076923078	26	0.2	1	0	1	1	1	1	1	963904327	0	0	0
4150.0	20760	5.002409638554217	299	0.07204819277108433	5920	1.4265060240963856	11375	2.7409638554216866	998	0.24048192771084337	12	7	116	0.6666666666666666	2	0.16666666666666666	9	0.75	0	0.0	1	0.08333333333333333	0	0.0	7	1.0	0	0.0	0	0.0	11	0.09482758620689655	74	0.6379310344827587	0	0.0	31	0.2672413793103448	1	0	0	1	1	1	1	403735368	0	0	0
4696.0	33652	7.166098807495741	1352	0.2879045996592845	32650	6.952725724020443	100737	21.45166098807496	3354	0.7142248722316865	12	8	0	0.5	2	0.16666666666666666	9	0.75	0	0.0	1	0.08333333333333333	2	0.25	6	0.75	0	0.0	0	0.0	0	0	0	0	0	0	0	0	1	0	0	1	0	1	1	140821364	0	0	0
5034.0	8	0.0015891934843067143	166	0.03297576479936432	1187	0.23579658323400873	1916	0.3806118394914581	0	0.0	14	13	160	0.9	2	0.14285714285714285	11	0.7857142857142857	0	0.0	1	0.07142857142857142	2	0.15384615384615385	11	0.8461538461538461	0	0.0	0	0.0	9	0.05625	102	0.6375	14	0.0875	35	0.21875	0	0	1	1	1	0	0	43959185	0	0	0
5137.0	1503	0.2925832197780806	167	0.03250924664200895	2572	0.5006813315164493	3312	0.6447342807085847	1089	0.21199143468950749	20	13	157	0.7692307692307693	3	0.15	15	0.75	0	0.0	2	0.1	2	0.15384615384615385	11	0.8461538461538461	0	0.0	0	0.0	16	0.10191082802547771	108	0.6878980891719745	1	0.006369426751592357	32	0.20382165605095542	1	0	1	1	0	1	1	21267421	0	0	0
2945.0	20734	7.040407470288625	814	0.2764006791171477	14150	4.804753820033956	179657	61.00407470288625	3368	1.1436332767402377	29	10	142	0.6428571428571429	4	0.13793103448275862	22	0.7586206896551724	0	0.0	3	0.10344827586206896	4	0.4	6	0.6	0	0.0	0	0.0	14	0.09859154929577464	102	0.7183098591549296	0	0.0	26	0.18309859154929578	1	0	1	0	0	1	1	3047392319	0	0	0
3878.0	2125	0.5479628674574523	216	0.0556988138215575	839	0.21634863331614235	10983	2.832129963898917	506	0.13047962867457452	12	11	126	0.9090909090909091	2	0.16666666666666666	9	0.75	0	0.0	1	0.08333333333333333	2	0.18181818181818182	9	0.8181818181818182	0	0.0	0	0.0	10	0.07936507936507936	100	0.7936507936507936	0	0.0	16	0.12698412698412698	1	0	1	1	1	1	1	728990858	0	0	0
4709.0	60702	12.890634954342747	133	0.028243788490125293	28201	5.988744956466341	12831	2.7247823317052453	7793	1.6549161180717775	33	8	107	0.3333333333333333	4	0.12121212121212122	21	0.6363636363636364	0	0.0	8	0.24242424242424243	0	0.0	8	1.0	0	0.0	0	0.0	9	0.08411214953271028	83	0.7757009345794392	1	0.009345794392523364	14	0.1308411214953271	1	0	1	1	1	1	1	136266976	0	0	0
4804.0	6956	1.4479600333055787	809	0.16840133222314738	23394	4.869691923397169	99370	20.684845961698585	2590	0.5391340549542049	15	14	115	0.9090909090909091	2	0.13333333333333333	12	0.8	0	0.0	1	0.06666666666666667	2	0.14285714285714285	12	0.8571428571428571	0	0.0	0	0.0	12	0.10434782608695652	83	0.7217391304347827	0	0.0	20	0.17391304347826086	1	0	1	1	1	1	1	106136813	0	0	0
3963.0	36727	9.26747413575574	415	0.1047186474892758	21210	5.352006056018168	16404	4.139288417865254	528	0.1332323996971991	16	14	160	0.6363636363636364	3	0.1875	10	0.625	0	0.0	3	0.1875	3	0.21428571428571427	11	0.7857142857142857	0	0.0	0	0.0	11	0.06875	119	0.74375	0	0.0	30	0.1875	0	0	1	1	1	0	1	574424501	0	0	0
2815.0	4479	1.5911190053285968	199	0.07069271758436944	3926	1.394671403197158	6080	2.1598579040852575	556	0.1975133214920071	14	12	104	0.8	3	0.21428571428571427	9	0.6428571428571429	0	0.0	2	0.14285714285714285	3	0.25	9	0.75	0	0.0	0	0.0	15	0.14423076923076922	70	0.6730769230769231	0	0.0	19	0.18269230769230768	1	0	0	1	0	1	1	3351905747	0	0	0
5119.0	14	0.0027349091619456923	111	0.021683922641140847	161	0.031451455362375466	606	0.11838249658136354	179	0.03496776714201993	17	10	149	0.6363636363636364	2	0.11764705882352941	14	0.8235294117647058	0	0.0	1	0.058823529411764705	2	0.2	8	0.8	0	0.0	0	0.0	10	0.06711409395973154	115	0.7718120805369127	4	0.026845637583892617	20	0.1342281879194631	0	0	1	1	1	1	1	23447001	0	0	0
2668.0	10368	3.886056971514243	75	0.02811094452773613	4758	1.7833583208395802	2554	0.9572713643178411	1112	0.41679160419790107	14	15	69	0.6666666666666666	2	0.14285714285714285	11	0.7857142857142857	0	0.0	1	0.07142857142857142	3	0.2	12	0.8	0	0.0	0	0.0	1	0.014492753623188406	55	0.7971014492753623	0	0.0	13	0.18840579710144928	1	0	1	1	1	1	0	4265444913	0	0	0
5318.0	6583	1.2378713802181271	1332	0.25047010154193305	7259	1.364986837156826	120515	22.66171493042497	4109	0.7726588943211734	13	13	116	0.8181818181818182	2	0.15384615384615385	10	0.7692307692307693	0	0.0	1	0.07692307692307693	0	0.0	12	0.9230769230769231	0	0.0	1	0.07692307692307693	13	0.11206896551724138	86	0.7413793103448276	0	0.0	17	0.14655172413793102	1	0	1	0	0	1	1	15943222	0	0	0
5268.0	266	0.050493545937737284	114	0.02164009111617312	932	0.17691723614274868	3409	0.6471146545178436	4903	0.9307137433561123	14	9	122	0.4666666666666667	2	0.14285714285714285	11	0.7857142857142857	0	0.0	1	0.07142857142857142	0	0.0	9	1.0	0	0.0	0	0.0	20	0.16393442622950818	83	0.680327868852459	0	0.0	19	0.1557377049180328	1	0	1	1	0	1	0	16696924	0	0	0
1862.0	115	0.06176154672395274	51	0.027389903329752954	434	0.23308270676691728	880	0.47261009667024706	1	0.0005370569280343716	15	14	146	0.4375	4	0.26666666666666666	8	0.5333333333333333	0	0.0	3	0.2	4	0.2857142857142857	10	0.7142857142857143	0	0.0	0	0.0	13	0.08904109589041095	114	0.7808219178082192	0	0.0	19	0.13013698630136986	0	0	1	1	1	1	0	960974630709284864	0	0	0
2566.0	0	0.0	1	0.0003897116134060795	873	0.3402182385035074	4	0.001558846453624318	0	0.0	14	14	151	1.0	1	0.07142857142857142	13	0.9285714285714286	0	0.0	0	0.0	0	0.0	14	1.0	0	0.0	0	0.0	8	0.052980132450331126	116	0.7682119205298014	0	0.0	27	0.17880794701986755	0	0	0	0	0	1	0	706148705309741057	1	0	0
1919.0	3454	1.7998957790515893	51	0.026576341844710787	1325	0.6904637832204273	1476	0.7691505992704534	1089	0.5674830640958832	19	13	154	0.5714285714285714	3	0.15789473684210525	14	0.7368421052631579	0	0.0	2	0.10526315789473684	3	0.23076923076923078	9	0.6923076923076923	0	0.0	1	0.07692307692307693	12	0.07792207792207792	116	0.7532467532467533	4	0.025974025974025976	22	0.14285714285714285	1	0	1	1	1	1	1	940585440746328064	0	0	0
2001.0	1198	0.5987006496751625	74	0.03698150924537731	967	0.4832583708145927	4387	2.1924037981009494	244	0.12193903048475763	18	15	97	0.8461538461538461	4	0.2222222222222222	11	0.6111111111111112	0	0.0	3	0.16666666666666666	0	0.0	15	1.0	0	0.0	0	0.0	6	0.061855670103092786	80	0.8247422680412371	0	0.0	11	0.1134020618556701	1	0	1	0	0	1	0	910878654535749632	0	0	0
5007.0	25076	5.008188536049531	455	0.09087277811064509	21346	4.263231475933693	36697	7.329139205112842	738	0.14739364889155182	11	11	92	0.6666666666666666	2	0.18181818181818182	8	0.7272727272727273	0	0.0	1	0.09090909090909091	0	0.0	11	1.0	0	0.0	0	0.0	8	0.08695652173913043	54	0.5869565217391305	8	0.08695652173913043	22	0.2391304347826087	1	0	1	1	0	1	1	52119203	0	0	0
5229.0	2012	0.3847772040543125	380	0.07267163893669917	4770	0.9122203098106713	6876	1.314974182444062	1406	0.26888506406578694	15	15	134	0.7692307692307693	2	0.13333333333333333	12	0.8	0	0.0	1	0.06666666666666667	2	0.13333333333333333	13	0.8666666666666667	0	0.0	0	0.0	13	0.09701492537313433	96	0.7164179104477612	0	0.0	25	0.1865671641791045	1	0	1	0	0	1	1	17483463	0	0	0
5040.0	34156	6.776984126984127	589	0.11686507936507937	27135	5.383928571428571	25929	5.144642857142857	8559	1.6982142857142857	28	12	159	0.4117647058823529	2	0.07142857142857142	17	0.6071428571428571	0	0.0	9	0.32142857142857145	2	0.16666666666666666	10	0.8333333333333334	0	0.0	0	0.0	26	0.16352201257861634	97	0.610062893081761	0	0.0	36	0.22641509433962265	1	0	1	0	0	1	1	42698498	0	0	0
3307.0	1403	0.4242515875415785	82	0.024795887511339584	683	0.20653159963713336	1678	0.5074085273661929	504	0.15240399153311157	16	10	64	0.5833333333333334	2	0.125	12	0.75	0	0.0	2	0.125	3	0.3	7	0.7	0	0.0	0	0.0	12	0.1875	39	0.609375	0	0.0	13	0.203125	1	0	0	1	0	1	1	2357675876	0	0	0
3840.0	12874	3.3526041666666666	194	0.050520833333333334	18404	4.792708333333334	20672	5.383333333333334	2640	0.6875	18	10	109	0.6153846153846154	4	0.2222222222222222	11	0.6111111111111112	0	0.0	3	0.16666666666666666	2	0.2	8	0.8	0	0.0	0	0.0	12	0.11009174311926606	80	0.7339449541284404	2	0.01834862385321101	15	0.13761467889908258	0	0	1	0	0	1	1	809895794	0	0	0
2316.0	1556	0.6718480138169257	85	0.03670120898100173	246	0.10621761658031088	1321	0.5703799654576857	174	0.07512953367875648	17	10	158	0.6153846153846154	4	0.23529411764705882	11	0.6470588235294118	0	0.0	2	0.11764705882352941	2	0.2	8	0.8	0	0.0	0	0.0	16	0.10126582278481013	121	0.7658227848101266	0	0.0	21	0.13291139240506328	0	0	0	0	0	1	1	796691290016583680	0	0	1
4185.0	15093	3.606451612903226	151	0.03608124253285543	19090	4.56152927120669	5242	1.2525686977299881	3588	0.8573476702508961	11	10	157	0.8571428571428571	2	0.18181818181818182	8	0.7272727272727273	0	0.0	1	0.09090909090909091	2	0.2	8	0.8	0	0.0	0	0.0	15	0.09554140127388536	109	0.6942675159235668	8	0.050955414012738856	25	0.1592356687898089	1	0	1	0	0	1	1	382044198	0	0	0
4143.0	357	0.08616944243301955	166	0.04006758387641805	4311	1.0405503258508326	2580	0.6227371469949312	266	0.06420468259715183	19	13	113	0.625	4	0.21052631578947367	11	0.5789473684210527	0	0.0	4	0.21052631578947367	0	0.0	12	0.9230769230769231	0	0.0	1	0.07692307692307693	13	0.11504424778761062	75	0.6637168141592921	3	0.02654867256637168	22	0.19469026548672566	1	0	1	0	0	1	1	409258073	0	0	0
3842.0	6792	1.7678292555960438	804	0.2092660072878709	10816	2.8152004164497657	97202	25.299843831337846	944	0.245705361790734	18	15	139	0.8	2	0.1111111111111111	14	0.7777777777777778	0	0.0	2	0.1111111111111111	2	0.13333333333333333	12	0.8	0	0.0	1	0.06666666666666667	44	0.31654676258992803	55	0.39568345323741005	4	0.02877697841726619	36	0.2589928057553957	0	0	1	0	0	1	1	805308596	0	0	0
5087.0	5452	1.0717515234912522	317	0.062315706703361506	13135	2.5820719481030077	9779	1.9223510910163162	1281	0.2518183605268331	24	12	153	0.7333333333333333	4	0.16666666666666666	17	0.7083333333333334	0	0.0	3	0.125	2	0.16666666666666666	10	0.8333333333333334	0	0.0	0	0.0	13	0.08496732026143791	120	0.7843137254901961	0	0.0	20	0.13071895424836602	1	0	1	1	0	1	1	30050484	0	0	0
3226.0	19	0.005889646621202728	77	0.023868567885926846	2308	0.7154370737755734	4869	1.509299442033478	458	0.14197148171109733	23	14	137	0.8461538461538461	3	0.13043478260869565	18	0.782608695652174	0	0.0	2	0.08695652173913043	3	0.21428571428571427	11	0.7857142857142857	0	0.0	0	0.0	12	0.08759124087591241	99	0.7226277372262774	0	0.0	26	0.1897810218978102	0	0	1	1	1	1	0	2496104640	0	0	0
3614.0	3316	0.9175428887659104	119	0.032927504150525734	2800	0.774764803541782	3249	0.8990038738240177	434	0.1200885445489762	14	13	0	0.9	2	0.14285714285714285	11	0.7857142857142857	0	0.0	1	0.07142857142857142	2	0.15384615384615385	11	0.8461538461538461	0	0.0	0	0.0	0	0	0	0	0	0	0	0	1	0	1	1	0	0	1	1370491088	0	0	0
4363.0	57375	13.150355260142105	189	0.04331881732752693	42180	9.667659867063946	7211	1.6527618611047445	1943	0.44533577813431124	18	11	135	0.5	2	0.1111111111111111	15	0.8333333333333334	0	0.0	1	0.05555555555555555	4	0.36363636363636365	7	0.6363636363636364	0	0.0	0	0.0	10	0.07407407407407407	95	0.7037037037037037	8	0.05925925925925926	22	0.16296296296296298	1	0	1	1	0	1	1	277006619	0	0	0
2687.0	88	0.03275027912169706	103	0.03833271306289542	426	0.1585411239300335	2643	0.9836248604391514	308	0.1146259769259397	15	11	149	0.6923076923076923	4	0.26666666666666666	9	0.6	0	0.0	2	0.13333333333333333	2	0.18181818181818182	8	0.7272727272727273	0	0.0	1	0.09090909090909091	12	0.08053691275167785	115	0.7718120805369127	0	0.0	22	0.1476510067114094	0	0	1	1	1	1	1	4121053541	0	0	0
2685.0	985	0.36685288640595903	107	0.03985102420856611	1227	0.4569832402234637	2748	1.023463687150838	255	0.09497206703910614	17	14	79	0.6	2	0.11764705882352941	14	0.8235294117647058	0	0.0	1	0.058823529411764705	3	0.21428571428571427	10	0.7142857142857143	0	0.0	1	0.07142857142857142	9	0.11392405063291139	50	0.6329113924050633	4	0.05063291139240506	16	0.20253164556962025	1	0	1	1	1	1	0	4130621842	0	0	0
3169.0	1652	0.5213000946670874	144	0.04544020195645314	2189	0.6907541811296939	7067	2.230041022404544	433	0.13663616282739036	14	14	158	0.8461538461538461	2	0.14285714285714285	11	0.7857142857142857	0	0.0	1	0.07142857142857142	2	0.14285714285714285	11	0.7857142857142857	0	0.0	1	0.07142857142857142	16	0.10126582278481013	94	0.5949367088607594	18	0.11392405063291139	30	0.189873417721519	1	0	1	0	0	1	1	2617281050	0	0	0
3907.0	0	0.0	125	0.03199385717942155	470	0.12029690299462503	825	0.21115945738418224	301	0.0770412080880471	16	14	96	0.9166666666666666	2	0.125	12	0.75	0	0.0	2	0.125	2	0.14285714285714285	12	0.8571428571428571	0	0.0	0	0.0	10	0.10416666666666667	73	0.7604166666666666	0	0.0	13	0.13541666666666666	0	0	1	1	1	1	0	625642009	0	0	0
2699.0	79	0.02927010003705076	23	0.008521674694331233	60881	22.556872915894775	99	0.036680251945164874	16	0.005928121526491293	17	15	158	0.8461538461538461	2	0.11764705882352941	14	0.8235294117647058	0	0.0	1	0.058823529411764705	2	0.13333333333333333	13	0.8666666666666667	0	0.0	0	0.0	13	0.08227848101265822	118	0.7468354430379747	0	0.0	27	0.17088607594936708	0	0	1	1	1	1	0	4026599993	1	0	1
3562.0	11904	3.341942728804043	177	0.04969118472768108	9920	2.784952274003369	6918	1.9421673217293656	774	0.21729365524985964	14	6	142	0.7142857142857143	2	0.14285714285714285	11	0.7857142857142857	0	0.0	1	0.07142857142857142	2	0.3333333333333333	4	0.6666666666666666	0	0.0	0	0.0	12	0.08450704225352113	93	0.6549295774647887	8	0.056338028169014086	29	0.20422535211267606	0	0	1	0	0	1	1	1513671236	0	0	0
2690.0	20481	7.613754646840149	793	0.29479553903345723	6437	2.3929368029739777	93658	34.81710037174721	2621	0.9743494423791822	15	14	131	0.9090909090909091	2	0.13333333333333333	12	0.8	0	0.0	1	0.06666666666666667	0	0.0	14	1.0	0	0.0	0	0.0	16	0.12213740458015267	88	0.6717557251908397	2	0.015267175572519083	25	0.19083969465648856	1	0	0	0	0	1	1	4097559143	0	0	0
2302.0	26084	11.331016507384883	106	0.046046915725456126	8690	3.7749782797567333	4424	1.9218071242397914	672	0.29192006950477845	11	12	156	0.6	2	0.18181818181818182	8	0.7272727272727273	0	0.0	1	0.09090909090909091	0	0.0	11	0.9166666666666666	0	0.0	1	0.08333333333333333	16	0.10256410256410256	111	0.7115384615384616	0	0.0	29	0.1858974358974359	1	0	1	0	0	1	1	801803127762669568	0	0	0
1821.0	1674	0.9192751235584844	44	0.02416254805052169	914	0.5019220208676551	1241	0.6814936847885777	354	0.19439868204283361	19	11	131	0.6363636363636364	2	0.10526315789473684	16	0.8421052631578947	0	0.0	1	0.05263157894736842	0	0.0	10	0.9090909090909091	0	0.0	1	0.09090909090909091	10	0.07633587786259542	93	0.7099236641221374	8	0.061068702290076333	20	0.15267175572519084	1	0	1	0	0	0	0	976107205849206784	0	0	0
1994.0	570	0.2858575727181545	97	0.04864593781344032	1753	0.8791374122367102	3925	1.968405215646941	401	0.20110330992978936	17	12	93	0.5333333333333333	4	0.23529411764705882	10	0.5882352941176471	0	0.0	3	0.17647058823529413	4	0.3333333333333333	6	0.5	0	0.0	2	0.16666666666666666	8	0.08602150537634409	75	0.8064516129032258	0	0.0	10	0.10752688172043011	1	0	1	0	0	1	0	913358838736310272	0	0	0
2291.0	1249	0.545176778699258	121	0.0528153644696639	2249	0.9816673941510258	5851	2.5539065910082934	216	0.09428197293758184	18	15	96	0.75	4	0.2222222222222222	11	0.6111111111111112	0	0.0	3	0.16666666666666666	4	0.26666666666666666	11	0.7333333333333333	0	0.0	0	0.0	9	0.09375	72	0.75	0	0.0	15	0.15625	1	0	0	1	1	1	1	805823950253150208	0	0	0
1835.0	5273	2.8735694822888282	128	0.06975476839237058	1894	1.0321525885558582	3348	1.8245231607629429	1360	0.7411444141689373	24	13	99	0.5333333333333333	5	0.20833333333333334	15	0.625	0	0.0	4	0.16666666666666666	0	0.0	12	0.9230769230769231	0	0.0	1	0.07692307692307693	14	0.1414141414141414	61	0.6161616161616161	0	0.0	24	0.24242424242424243	1	0	1	0	0	1	1	971040144420720641	0	0	0
1960.0	15215	7.762755102040816	102	0.05204081632653061	6364	3.246938775510204	4844	2.4714285714285715	933	0.4760204081632653	19	11	157	0.7142857142857143	4	0.21052631578947367	12	0.631578947368421	0	0.0	3	0.15789473684210525	0	0.0	11	1.0	0	0.0	0	0.0	14	0.08917197452229299	119	0.7579617834394905	0	0.0	24	0.15286624203821655	1	0	0	0	0	1	1	925657781759332353	0	0	0
2035.0	2653	1.3036855036855037	177	0.08697788697788698	2878	1.4142506142506142	10962	5.3867321867321865	2440	1.199017199017199	12	11	156	0.3333333333333333	2	0.16666666666666666	9	0.75	0	0.0	1	0.08333333333333333	0	0.0	10	0.9090909090909091	0	0.0	1	0.09090909090909091	13	0.08333333333333333	113	0.7243589743589743	0	0.0	30	0.19230769230769232	0	0	1	1	1	1	1	898597063444877313	0	0	0
3693.0	9002	2.437584619550501	213	0.057676685621445976	4541	1.2296236122393718	5037	1.363931762794476	2384	0.6455456268616301	10	14	100	0.4666666666666667	2	0.2	7	0.7	0	0.0	1	0.1	2	0.14285714285714285	11	0.7857142857142857	0	0.0	1	0.07142857142857142	12	0.12	70	0.7	0	0.0	18	0.18	1	0	0	1	0	1	1	1143130812	0	0	0
5166.0	230	0.04452187379016647	172	0.03329461866047232	1028	0.19899341850561364	1963	0.3799845141308556	257	0.04974835462640341	18	8	54	0.6666666666666666	2	0.1111111111111111	15	0.8333333333333334	0	0.0	1	0.05555555555555555	0	0.0	8	1.0	0	0.0	0	0.0	4	0.07407407407407407	38	0.7037037037037037	0	0.0	12	0.2222222222222222	1	0	1	1	0	0	1	19286748	0	0	0
2795.0	65	0.023255813953488372	53	0.018962432915921288	540	0.19320214669051877	1610	0.5760286225402504	337	0.12057245080500895	16	11	16	0.6363636363636364	4	0.25	10	0.625	0	0.0	2	0.125	2	0.18181818181818182	9	0.8181818181818182	0	0.0	0	0.0	4	0.25	10	0.625	0	0.0	2	0.125	0	0	1	0	0	1	0	3384789731	0	0	1
2238.0	65	0.0290437890974084	87	0.0388739946380697	511	0.22832886505808758	1526	0.6818588025022342	214	0.09562109025915996	15	15	123	0.8333333333333334	2	0.13333333333333333	12	0.8	0	0.0	1	0.06666666666666667	0	0.0	14	0.9333333333333333	0	0.0	1	0.06666666666666667	14	0.11382113821138211	82	0.6666666666666666	0	0.0	27	0.21951219512195122	0	0	1	1	1	1	1	825019912083038208	0	0	0
2344.0	1381	0.5891638225255973	109	0.046501706484641636	1452	0.6194539249146758	3222	1.3745733788395904	1451	0.6190273037542662	17	11	143	0.4	2	0.11764705882352941	14	0.8235294117647058	0	0.0	1	0.058823529411764705	3	0.2727272727272727	8	0.7272727272727273	0	0.0	0	0.0	16	0.11188811188811189	105	0.7342657342657343	0	0.0	22	0.15384615384615385	1	0	1	0	0	1	1	786498202832822272	0	0	0
3469.0	12	0.003459210147016431	49	0.014125108100317094	140	0.0403574517151917	659	0.18996829057365236	129	0.03718650908042664	31	10	74	0.47058823529411764	6	0.1935483870967742	16	0.5161290322580645	0	0.0	9	0.2903225806451613	0	0.0	10	1.0	0	0.0	0	0.0	11	0.14864864864864866	53	0.7162162162162162	0	0.0	10	0.13513513513513514	0	0	1	1	1	0	0	1862781722	0	0	1
3598.0	4090	1.1367426347971095	142	0.039466370205669815	5158	1.433574207893274	12522	3.480266814897165	1767	0.4911061700944969	21	12	86	0.625	4	0.19047619047619047	15	0.7142857142857143	0	0.0	2	0.09523809523809523	3	0.25	9	0.75	0	0.0	0	0.0	10	0.11627906976744186	66	0.7674418604651163	0	0.0	10	0.11627906976744186	1	0	1	0	0	1	1	1412287272	0	0	0
3680.0	5716	1.5532608695652175	157	0.042663043478260866	6303	1.7127717391304347	6066	1.6483695652173913	619	0.16820652173913042	20	13	57	0.8181818181818182	4	0.2	11	0.55	0	0.0	5	0.25	3	0.23076923076923078	10	0.7692307692307693	0	0.0	0	0.0	5	0.08771929824561403	41	0.7192982456140351	0	0.0	11	0.19298245614035087	0	0	0	0	0	1	1	1182878557	0	0	0
3710.0	45	0.012129380053908356	93	0.025067385444743934	823	0.22183288409703503	1702	0.4587601078167116	231	0.062264150943396226	15	14	129	0.9090909090909091	2	0.13333333333333333	12	0.8	0	0.0	1	0.06666666666666667	2	0.14285714285714285	12	0.8571428571428571	0	0.0	0	0.0	13	0.10077519379844961	95	0.7364341085271318	4	0.031007751937984496	17	0.13178294573643412	1	0	1	1	1	1	1	1095781218	0	0	0
4839.0	3217	0.664806778259971	460	0.09506096300888614	6045	1.2492250464972101	17259	3.5666460012399255	1099	0.22711303988427362	17	12	159	0.8181818181818182	2	0.11764705882352941	14	0.8235294117647058	0	0.0	1	0.058823529411764705	0	0.0	12	1.0	0	0.0	0	0.0	12	0.07547169811320754	122	0.7672955974842768	0	0.0	25	0.15723270440251572	0	0	1	0	0	1	1	96783215	0	0	0
3969.0	18819	4.741496598639456	455	0.1146384479717813	19520	4.918115394305871	22756	5.733434114386496	2477	0.6240866717057193	14	8	160	0.5454545454545454	4	0.2857142857142857	7	0.5	0	0.0	3	0.21428571428571427	0	0.0	8	1.0	0	0.0	0	0.0	21	0.13125	113	0.70625	3	0.01875	23	0.14375	1	0	1	1	0	1	1	569166756	0	0	0
3237.0	6322	1.9530429409947483	189	0.05838739573679333	4136	1.2777262897744825	6096	1.8832252085264134	1032	0.31881371640407785	18	12	114	0.5333333333333333	4	0.2222222222222222	11	0.6111111111111112	0	0.0	3	0.16666666666666666	2	0.16666666666666666	10	0.8333333333333334	0	0.0	0	0.0	6	0.05263157894736842	94	0.8245614035087719	0	0.0	14	0.12280701754385964	1	0	1	1	0	1	1	2527808433	0	0	0
5297.0	16432	3.102133282990372	1310	0.2473097979988673	22409	4.2305078346233715	148805	28.092316405512555	1780	0.33603926750991125	17	13	88	0.7692307692307693	2	0.11764705882352941	11	0.6470588235294118	0	0.0	4	0.23529411764705882	0	0.0	13	1.0	0	0.0	0	0.0	15	0.17045454545454544	47	0.5340909090909091	0	0.0	26	0.29545454545454547	1	0	1	1	0	1	1	16255941	0	0	0
4401.0	3548	0.8061804135423767	267	0.06066802999318337	8521	1.9361508748011815	8352	1.8977505112474438	2401	0.5455578277664167	13	12	130	0.9	2	0.15384615384615385	10	0.7692307692307693	0	0.0	1	0.07692307692307693	2	0.16666666666666666	10	0.8333333333333334	0	0.0	0	0.0	4	0.03076923076923077	116	0.8923076923076924	0	0.0	10	0.07692307692307693	1	0	0	1	0	1	1	257461232	0	0	0
2776.0	123	0.04430835734870317	64	0.023054755043227664	526	0.18948126801152737	3305	1.1905619596541788	304	0.10951008645533142	18	13	31	0.6428571428571429	6	0.3333333333333333	8	0.4444444444444444	0	0.0	4	0.2222222222222222	4	0.3076923076923077	7	0.5384615384615384	0	0.0	2	0.15384615384615385	3	0.0967741935483871	21	0.6774193548387096	0	0.0	7	0.22580645161290322	0	0	1	0	0	1	0	3408940048	0	0	0
5201.0	5936	1.1413189771197847	536	0.10305710440299942	10530	2.0246106517977314	31974	6.147663910786387	5584	1.0736396846760239	15	12	110	0.6153846153846154	2	0.13333333333333333	12	0.8	0	0.0	1	0.06666666666666667	0	0.0	11	0.9166666666666666	0	0.0	1	0.08333333333333333	12	0.10909090909090909	72	0.6545454545454545	0	0.0	26	0.23636363636363636	1	0	1	1	0	1	1	18189342	0	0	0
1868.0	1246	0.6670235546038544	57	0.030513918629550323	3001	1.6065310492505354	2519	1.3485010706638116	812	0.4346895074946467	21	13	108	0.6153846153846154	2	0.09523809523809523	18	0.8571428571428571	0	0.0	1	0.047619047619047616	2	0.15384615384615385	11	0.8461538461538461	0	0.0	0	0.0	11	0.10185185185185185	76	0.7037037037037037	0	0.0	21	0.19444444444444445	1	0	0	1	1	1	1	959059951523106816	0	0	0
5014.0	35564	7.092939768647787	227	0.04527323494216195	27828	5.550059832469087	7168	1.4295971280414839	9445	1.8837255684084564	23	13	155	0.6	3	0.13043478260869565	10	0.43478260869565216	0	0.0	10	0.43478260869565216	3	0.23076923076923078	10	0.7692307692307693	0	0.0	0	0.0	21	0.13548387096774195	85	0.5483870967741935	12	0.07741935483870968	37	0.23870967741935484	0	0	1	1	1	1	1	49450039	0	0	0
5006.0	3157	0.6306432281262485	288	0.057530962844586496	7939	1.58589692369157	5616	1.1218537754694367	770	0.15381542149420696	12	9	115	0.5454545454545454	2	0.16666666666666666	9	0.75	0	0.0	1	0.08333333333333333	0	0.0	8	0.8888888888888888	0	0.0	1	0.1111111111111111	11	0.09565217391304348	86	0.7478260869565218	0	0.0	18	0.1565217391304348	0	0	1	1	0	1	1	52431948	0	0	0
4448.0	39205	8.814073741007194	116	0.026079136690647483	21458	4.824190647482014	5654	1.27113309352518	839	0.18862410071942445	11	11	141	0.8	2	0.18181818181818182	8	0.7272727272727273	0	0.0	1	0.09090909090909091	2	0.18181818181818182	8	0.7272727272727273	0	0.0	1	0.09090909090909091	10	0.07092198581560284	91	0.6453900709219859	9	0.06382978723404255	31	0.2198581560283688	1	0	1	1	0	1	1	235703405	0	0	0
1889.0	1599	0.8464796188459502	101	0.05346744309158285	1494	0.7908946532556909	2840	1.5034409740603494	604	0.3197458973001588	21	13	148	0.7857142857142857	4	0.19047619047619047	15	0.7142857142857143	0	0.0	2	0.09523809523809523	3	0.23076923076923078	10	0.7692307692307693	0	0.0	0	0.0	18	0.12162162162162163	105	0.7094594594594594	0	0.0	25	0.16891891891891891	0	0	1	1	1	1	1	951489275312443392	0	0	0
1951.0	150	0.07688364941055868	71	0.036391594054331115	350	0.17939518195797027	1113	0.5704766786263454	650	0.33316248077908767	12	12	142	0.8333333333333334	2	0.16666666666666666	9	0.75	0	0.0	1	0.08333333333333333	0	0.0	11	0.9166666666666666	0	0.0	1	0.08333333333333333	15	0.1056338028169014	104	0.7323943661971831	0	0.0	23	0.1619718309859155	1	0	1	1	1	1	1	928974816220254208	0	0	1
1982.0	30223	15.248738647830475	103	0.05196770938446014	12063	6.08627648839556	6580	3.3198789101917257	696	0.3511604439959637	17	15	155	0.6428571428571429	4	0.23529411764705882	10	0.5882352941176471	0	0.0	3	0.17647058823529413	4	0.26666666666666666	11	0.7333333333333333	0	0.0	0	0.0	13	0.08387096774193549	112	0.7225806451612903	2	0.012903225806451613	28	0.18064516129032257	0	0	1	1	1	1	1	917756296555892736	0	0	0
2116.0	27	0.01275992438563327	52	0.024574669187145556	74	0.03497164461247637	590	0.27882797731569	243	0.11483931947069943	15	14	92	0.8888888888888888	2	0.13333333333333333	12	0.8	0	0.0	1	0.06666666666666667	2	0.14285714285714285	12	0.8571428571428571	0	0.0	0	0.0	5	0.05434782608695652	67	0.7282608695652174	0	0.0	20	0.21739130434782608	0	0	1	0	0	1	1	869205749632831488	0	0	0
2182.0	190	0.08707607699358387	160	0.07332722273143905	362	0.16590284142988085	4964	2.2749770852428965	251	0.11503208065994501	11	14	152	0.6666666666666666	2	0.18181818181818182	8	0.7272727272727273	0	0.0	1	0.09090909090909091	5	0.35714285714285715	8	0.5714285714285714	0	0.0	1	0.07142857142857142	15	0.09868421052631579	114	0.75	1	0.006578947368421052	22	0.14473684210526316	0	0	1	1	1	1	1	845213960060243968	0	0	0
1785.0	4926	2.7596638655462185	98	0.054901960784313725	391	0.21904761904761905	2001	1.1210084033613446	794	0.4448179271708683	13	12	41	0.9090909090909091	2	0.15384615384615385	10	0.7692307692307693	0	0.0	1	0.07692307692307693	2	0.16666666666666666	10	0.8333333333333334	0	0.0	0	0.0	4	0.0975609756097561	30	0.7317073170731707	0	0.0	7	0.17073170731707318	1	0	1	1	1	1	1	989145249682526213	0	0	1
2596.0	374	0.1440677966101695	118	0.045454545454545456	381	0.1467642526964561	5728	2.206471494607088	1210	0.4661016949152542	21	12	134	0.5882352941176471	4	0.19047619047619047	14	0.6666666666666666	0	0.0	3	0.14285714285714285	3	0.25	8	0.6666666666666666	0	0.0	1	0.08333333333333333	21	0.15671641791044777	86	0.6417910447761194	2	0.014925373134328358	25	0.1865671641791045	0	0	1	1	1	1	0	4875914470	0	0	0
3934.0	2264	0.5754956786985257	133	0.033807829181494664	2939	0.7470767666497203	2998	0.7620742247076767	1079	0.2742755465175394	15	14	76	0.9090909090909091	2	0.13333333333333333	12	0.8	0	0.0	1	0.06666666666666667	2	0.14285714285714285	12	0.8571428571428571	0	0.0	0	0.0	6	0.07894736842105263	59	0.7763157894736842	0	0.0	11	0.14473684210526316	1	0	1	0	0	1	1	600984834	0	0	0
3979.0	25246	6.344810253832621	442	0.11108318673033425	20134	5.060065343051018	16669	4.189243528524755	826	0.20758984669514954	9	12	156	0.6666666666666666	2	0.2222222222222222	6	0.6666666666666666	0	0.0	1	0.1111111111111111	4	0.3333333333333333	8	0.6666666666666666	0	0.0	0	0.0	23	0.14743589743589744	96	0.6153846153846154	4	0.02564102564102564	33	0.21153846153846154	1	0	1	1	1	1	1	560467206	0	0	0
2136.0	7574	3.545880149812734	136	0.06367041198501873	6677	3.125936329588015	4021	1.8824906367041199	1572	0.7359550561797753	15	9	155	0.3333333333333333	2	0.13333333333333333	12	0.8	0	0.0	1	0.06666666666666667	4	0.4444444444444444	4	0.4444444444444444	0	0.0	1	0.1111111111111111	17	0.10967741935483871	107	0.6903225806451613	0	0.0	31	0.2	1	0	1	0	0	1	1	861992050358616064	0	0	0
4321.0	469	0.10853968988660033	1695	0.3922703077991206	14100	3.2631335339041887	273140	63.21221939365888	654	0.15135385327470494	10	9	136	0.875	2	0.2	7	0.7	0	0.0	1	0.1	0	0.0	9	1.0	0	0.0	0	0.0	14	0.10294117647058823	97	0.7132352941176471	0	0.0	25	0.18382352941176472	1	0	1	1	0	1	1	299650387	0	0	0
5154.0	3510	0.681024447031432	102	0.01979045401629802	416	0.0807140085370586	1139	0.22099340318199456	222	0.04307334109429569	16	11	128	0.7692307692307693	4	0.25	10	0.625	0	0.0	2	0.125	2	0.18181818181818182	9	0.8181818181818182	0	0.0	0	0.0	22	0.171875	80	0.625	0	0.0	26	0.203125	0	0	1	1	1	1	0	19909974	0	0	1
3555.0	14	0.003938115330520394	33	0.009282700421940928	63	0.017721518987341773	402	0.11308016877637131	11	0.0030942334739803095	12	6	0	0.18181818181818182	2	0.16666666666666666	9	0.75	0	0.0	1	0.08333333333333333	0	0.0	4	0.6666666666666666	2	0.3333333333333333	0	0.0	0	0	0	0	0	0	0	0	0	0	0	1	1	0	0	1534201208	0	0	1
5123.0	13172	2.5711497169627173	218	0.0425531914893617	5629	1.0987702518055826	7194	1.4042553191489362	745	0.14542260394300216	20	9	122	0.5	4	0.2	12	0.6	0	0.0	4	0.2	3	0.3333333333333333	5	0.5555555555555556	0	0.0	1	0.1111111111111111	15	0.12295081967213115	74	0.6065573770491803	0	0.0	33	0.27049180327868855	1	0	1	1	0	1	1	22908417	0	0	0
4332.0	11187	2.582409972299169	298	0.06879039704524469	15185	3.505309325946445	5789	1.3363342566943675	1048	0.24192059095106186	11	15	141	0.5833333333333334	2	0.18181818181818182	8	0.7272727272727273	0	0.0	1	0.09090909090909091	4	0.26666666666666666	9	0.6	0	0.0	2	0.13333333333333333	22	0.15602836879432624	81	0.574468085106383	1	0.0070921985815602835	37	0.2624113475177305	1	0	0	1	0	1	1	293522998	0	0	0
4557.0	115	0.02523590081193768	310	0.06802721088435375	1694	0.3717357910906298	9970	2.1878428790871185	341	0.07482993197278912	18	13	104	0.5384615384615384	4	0.2222222222222222	11	0.6111111111111112	0	0.0	3	0.16666666666666666	2	0.15384615384615385	11	0.8461538461538461	0	0.0	0	0.0	10	0.09615384615384616	62	0.5961538461538461	0	0.0	32	0.3076923076923077	1	0	1	0	0	1	1	193629792	0	0	0
1768.0	2455	1.3885746606334841	91	0.051470588235294115	1647	0.9315610859728507	2224	1.257918552036199	728	0.4117647058823529	21	8	132	0.5	4	0.19047619047619047	11	0.5238095238095238	0	0.0	6	0.2857142857142857	3	0.375	5	0.625	0	0.0	0	0.0	8	0.06060606060606061	104	0.7878787878787878	0	0.0	20	0.15151515151515152	1	0	1	1	1	1	1	995228494023086080	0	0	0
5094.0	1610	0.3160581075775422	192	0.03769140164899882	2985	0.5859835100117785	4737	0.9299175500588928	1402	0.2752257557911268	14	13	151	0.9090909090909091	2	0.14285714285714285	11	0.7857142857142857	0	0.0	1	0.07142857142857142	2	0.15384615384615385	11	0.8461538461538461	0	0.0	0	0.0	24	0.15894039735099338	103	0.6821192052980133	0	0.0	24	0.15894039735099338	0	0	1	1	0	1	1	28446356	0	0	0
4879.0	1140	0.23365443738470998	355	0.07276081164172986	14719	3.0168067226890756	10055	2.0608731297397007	2456	0.5033818405410945	12	11	131	0.9090909090909091	2	0.16666666666666666	9	0.75	0	0.0	1	0.08333333333333333	2	0.18181818181818182	9	0.8181818181818182	0	0.0	0	0.0	12	0.0916030534351145	101	0.7709923664122137	0	0.0	18	0.13740458015267176	1	0	1	1	0	1	1	87281380	0	0	0
2019.0	189	0.09361069836552749	85	0.04210004952947004	188	0.09311540366518078	1534	0.7597820703318474	862	0.4269440316988608	19	15	159	0.5333333333333333	4	0.21052631578947367	13	0.6842105263157895	0	0.0	2	0.10526315789473684	5	0.3333333333333333	9	0.6	0	0.0	1	0.06666666666666667	17	0.1069182389937107	118	0.7421383647798742	0	0.0	24	0.1509433962264151	1	0	1	1	1	1	1	904304932257492992	0	0	0
2101.0	0	0.0	31	0.014754878629224179	3	0.0014278914802475012	176	0.08376963350785341	49	0.023322227510709188	13	11	46	0.5	2	0.15384615384615385	10	0.7692307692307693	0	0.0	1	0.07692307692307693	4	0.36363636363636365	7	0.6363636363636364	0	0.0	0	0.0	5	0.10869565217391304	33	0.717391304347826	3	0.06521739130434782	5	0.10869565217391304	0	0	1	0	0	1	0	874474169106395136	0	0	1
2147.0	7931	3.6939916162086632	171	0.07964601769911504	2911	1.3558453656264555	5997	2.793199813693526	1687	0.7857475547275268	16	15	83	0.6923076923076923	2	0.125	13	0.8125	0	0.0	1	0.0625	5	0.3333333333333333	10	0.6666666666666666	0	0.0	0	0.0	8	0.0963855421686747	47	0.5662650602409639	0	0.0	28	0.3373493975903614	1	0	1	1	1	1	1	857906951707127808	0	0	0
3216.0	4723	1.4685945273631842	298	0.09266169154228855	2167	0.673818407960199	12240	3.8059701492537314	641	0.19931592039800994	17	13	100	0.7692307692307693	2	0.11764705882352941	11	0.6470588235294118	0	0.0	4	0.23529411764705882	2	0.15384615384615385	11	0.8461538461538461	0	0.0	0	0.0	19	0.19	57	0.57	2	0.02	22	0.22	0	0	1	0	0	1	1	2521976694	0	0	0
1750.0	1216	0.6948571428571428	114	0.06514285714285714	2197	1.2554285714285713	3648	2.0845714285714285	668	0.38171428571428573	10	13	109	0.5454545454545454	2	0.2	7	0.7	0	0.0	1	0.1	4	0.3076923076923077	8	0.6153846153846154	0	0.0	1	0.07692307692307693	8	0.07339449541284404	85	0.7798165137614679	0	0.0	16	0.14678899082568808	1	0	1	1	1	1	1	1001837201276235777	0	0	0
5210.0	11164	2.1428023032629557	336	0.06449136276391555	2737	0.5253358925143954	9168	1.7596928982725528	385	0.07389635316698656	13	11	78	0.35714285714285715	2	0.15384615384615385	10	0.7692307692307693	0	0.0	1	0.07692307692307693	0	0.0	11	1.0	0	0.0	0	0.0	6	0.07692307692307693	60	0.7692307692307693	0	0.0	12	0.15384615384615385	1	0	1	1	0	1	1	17960911	0	0	0
3579.0	0	0.0	95	0.02654372729812797	19	0.005308745459625594	927	0.25901089689857504	97	0.027102542609667504	15	15	24	0.75	2	0.13333333333333333	12	0.8	0	0.0	1	0.06666666666666667	2	0.13333333333333333	13	0.8666666666666667	0	0.0	0	0.0	3	0.125	16	0.6666666666666666	0	0.0	5	0.20833333333333334	0	0	1	0	0	1	0	1461997548	0	0	0
4788.0	50517	10.550751879699249	375	0.07832080200501253	33187	6.931286549707602	37774	7.889306599832915	1722	0.35964912280701755	14	13	82	0.9	2	0.14285714285714285	11	0.7857142857142857	0	0.0	1	0.07142857142857142	2	0.15384615384615385	11	0.8461538461538461	0	0.0	0	0.0	5	0.06097560975609756	56	0.6829268292682927	8	0.0975609756097561	13	0.15853658536585366	1	0	1	1	0	0	1	111054843	0	0	0
1868.0	2666	1.4271948608137044	152	0.08137044967880086	1449	0.775695931477516	7654	4.097430406852248	675	0.3613490364025696	10	9	154	0.875	2	0.2	7	0.7	0	0.0	1	0.1	2	0.2222222222222222	7	0.7777777777777778	0	0.0	0	0.0	10	0.06493506493506493	120	0.7792207792207793	0	0.0	24	0.15584415584415584	1	0	1	1	1	1	1	959105406416162823	0	0	0
5084.0	3917	0.7704563335955941	168	0.03304484657749803	4941	0.9718725413060583	2520	0.4956726986624705	1391	0.27360346184107004	14	14	126	0.8333333333333334	2	0.14285714285714285	11	0.7857142857142857	0	0.0	1	0.07142857142857142	2	0.14285714285714285	11	0.7857142857142857	0	0.0	1	0.07142857142857142	10	0.07936507936507936	100	0.7936507936507936	0	0.0	16	0.12698412698412698	1	0	1	1	0	1	1	30838821	0	0	0
2349.0	14114	6.008514261387824	108	0.04597701149425287	5632	2.397616006811409	3200	1.362281822051937	1052	0.44785014899957426	13	15	150	0.3333333333333333	2	0.15384615384615385	10	0.7692307692307693	0	0.0	1	0.07692307692307693	2	0.13333333333333333	13	0.8666666666666667	0	0.0	0	0.0	15	0.1	115	0.7666666666666667	0	0.0	20	0.13333333333333333	1	0	1	1	1	1	1	784760007275515904	0	0	0
2670.0	58	0.021722846441947566	56	0.020973782771535582	162	0.060674157303370786	813	0.3044943820224719	98	0.03670411985018727	14	13	34	0.9166666666666666	2	0.14285714285714285	11	0.7857142857142857	0	0.0	1	0.07142857142857142	2	0.15384615384615385	11	0.8461538461538461	0	0.0	0	0.0	3	0.08823529411764706	28	0.8235294117647058	0	0.0	3	0.08823529411764706	0	0	1	1	1	1	0	4249342037	0	0	0
3593.0	4305	1.1981630949067632	125	0.034789869190091846	2460	0.6846646256610075	2987	0.8313387141664348	625	0.17394934595045922	16	10	52	0.42857142857142855	2	0.125	13	0.8125	0	0.0	1	0.0625	4	0.4	5	0.5	0	0.0	1	0.1	5	0.09615384615384616	39	0.75	0	0.0	8	0.15384615384615385	1	0	1	1	0	1	1	1425035358	0	0	0
3415.0	4800	1.4055636896046853	1480	0.4333821376281113	4468	1.3083455344070278	395179	115.7185944363104	1436	0.420497803806735	26	15	127	0.6666666666666666	3	0.11538461538461539	19	0.7307692307692307	0	0.0	4	0.15384615384615385	3	0.2	12	0.8	0	0.0	0	0.0	8	0.06299212598425197	89	0.7007874015748031	7	0.05511811023622047	23	0.18110236220472442	1	0	0	1	1	1	1	2179010672	0	0	0
3716.0	5139	1.3829386437029063	189	0.05086114101184069	4398	1.1835306781485468	7505	2.0196447793326158	1230	0.3310010764262648	18	15	77	0.75	2	0.1111111111111111	15	0.8333333333333334	0	0.0	1	0.05555555555555555	0	0.0	14	0.9333333333333333	0	0.0	1	0.06666666666666667	8	0.1038961038961039	62	0.8051948051948052	0	0.0	7	0.09090909090909091	1	0	1	1	1	1	1	1076269195	0	0	0
5075.0	9223	1.8173399014778324	251	0.049458128078817734	19082	3.76	3765	0.741871921182266	1173	0.2311330049261084	19	15	0	0.6	3	0.15789473684210525	13	0.6842105263157895	0	0.0	3	0.15789473684210525	0	0.0	14	0.9333333333333333	0	0.0	1	0.06666666666666667	0	0	0	0	0	0	0	0	0	0	1	1	0	1	1	34214048	0	0	0
5230.0	5112	0.9774378585086042	239	0.04569789674952199	5738	1.0971319311663479	6633	1.2682600382409177	2844	0.5437858508604206	16	15	157	0.9	2	0.125	13	0.8125	0	0.0	1	0.0625	0	0.0	15	1.0	0	0.0	0	0.0	9	0.05732484076433121	129	0.821656050955414	0	0.0	19	0.12101910828025478	1	0	1	0	0	1	1	17469649	0	0	0
3556.0	6817	1.9170416197975253	197	0.05539932508436445	2885	0.8113048368953881	12464	3.505061867266592	1190	0.3346456692913386	11	5	154	0.625	2	0.18181818181818182	8	0.7272727272727273	0	0.0	1	0.09090909090909091	2	0.4	3	0.6	0	0.0	0	0.0	5	0.032467532467532464	114	0.7402597402597403	0	0.0	35	0.22727272727272727	1	0	1	0	0	1	1	1530171613	0	0	0
5170.0	1068	0.20657640232108318	601	0.11624758220502901	4249	0.8218568665377176	37691	7.290328820116054	830	0.16054158607350097	11	6	41	0.6	2	0.18181818181818182	8	0.7272727272727273	0	0.0	1	0.09090909090909091	2	0.3333333333333333	4	0.6666666666666666	0	0.0	0	0.0	3	0.07317073170731707	35	0.8536585365853658	0	0.0	3	0.07317073170731707	1	0	1	1	0	1	1	19108071	0	0	0
2225.0	11	0.004943820224719101	16	0.0071910112359550565	14	0.006292134831460674	80	0.035955056179775284	169	0.07595505617977528	12	11	139	0.9	2	0.16666666666666666	9	0.75	0	0.0	1	0.08333333333333333	1	0.09090909090909091	10	0.9090909090909091	0	0.0	0	0.0	9	0.06474820143884892	109	0.7841726618705036	0	0.0	21	0.1510791366906475	0	0	0	1	1	0	0	829731236503494656	0	0	1
5000.0	0	0.0	103	0.0206	3	0.0006	759	0.1518	36	0.0072	10	13	143	0.5	2	0.2	7	0.7	0	0.0	1	0.1	4	0.3076923076923077	9	0.6923076923076923	0	0.0	0	0.0	14	0.0979020979020979	115	0.8041958041958042	0	0.0	14	0.0979020979020979	0	0	1	0	0	1	0	54202670	0	0	1
5116.0	15644	3.0578577013291635	291	0.05688037529319781	3770	0.736903831118061	5850	1.1434714620797497	1050	0.2052384675527756	14	13	105	0.9090909090909091	2	0.14285714285714285	11	0.7857142857142857	0	0.0	1	0.07142857142857142	2	0.15384615384615385	11	0.8461538461538461	0	0.0	0	0.0	17	0.1619047619047619	75	0.7142857142857143	0	0.0	13	0.12380952380952381	0	0	1	1	1	1	1	23925041	0	0	0
3948.0	25522	6.464539007092198	272	0.06889564336372847	19068	4.829787234042553	13867	3.5124113475177303	2990	0.7573454913880446	12	13	136	0.21428571428571427	2	0.16666666666666666	9	0.75	0	0.0	1	0.08333333333333333	2	0.15384615384615385	11	0.8461538461538461	0	0.0	0	0.0	13	0.09558823529411764	94	0.6911764705882353	2	0.014705882352941176	27	0.19852941176470587	0	0	1	1	1	1	1	587862375	0	0	0
4986.0	3296	0.6610509426393902	201	0.040312876052948254	9342	1.8736462093862816	3397	0.6813076614520658	553	0.11091054953870838	12	11	28	0.9	2	0.16666666666666666	9	0.75	0	0.0	1	0.08333333333333333	0	0.0	11	1.0	0	0.0	0	0.0	2	0.07142857142857142	24	0.8571428571428571	0	0.0	2	0.07142857142857142	1	0	1	1	0	1	1	58429842	0	0	0
5068.0	3930	0.7754538279400158	314	0.06195737963693765	12628	2.4917127071823204	6695	1.3210339384372534	1627	0.32103393843725336	13	9	106	0.5384615384615384	4	0.3076923076923077	7	0.5384615384615384	0	0.0	2	0.15384615384615385	2	0.2222222222222222	7	0.7777777777777778	0	0.0	0	0.0	8	0.07547169811320754	79	0.7452830188679245	0	0.0	19	0.1792452830188679	0	0	1	1	0	1	1	36327895	0	0	0
3166.0	194	0.06127605811749842	64	0.02021478205938092	235	0.07422615287428933	1803	0.569488313329122	0	0.0	14	14	123	0.8181818181818182	2	0.14285714285714285	11	0.7857142857142857	0	0.0	1	0.07142857142857142	0	0.0	13	0.9285714285714286	0	0.0	1	0.07142857142857142	13	0.10569105691056911	95	0.7723577235772358	0	0.0	15	0.12195121951219512	0	0	0	1	1	0	0	2710786593	0	0	0
3728.0	5504	1.4763948497854078	197	0.05284334763948498	3551	0.9525214592274678	5325	1.4283798283261802	3530	0.9468884120171673	17	13	128	0.7857142857142857	2	0.11764705882352941	11	0.6470588235294118	0	0.0	4	0.23529411764705882	2	0.15384615384615385	11	0.8461538461538461	0	0.0	0	0.0	19	0.1484375	71	0.5546875	0	0.0	38	0.296875	0	0	1	0	0	1	0	1043288618	0	0	0
3869.0	4509	1.1654174205220986	239	0.061773067976221244	3967	1.0253295425174465	5160	1.333677952959421	1626	0.4202636340139571	20	10	158	0.6428571428571429	3	0.15	14	0.7	0	0.0	3	0.15	3	0.3	7	0.7	0	0.0	0	0.0	9	0.056962025316455694	128	0.810126582278481	0	0.0	21	0.13291139240506328	1	0	0	1	0	1	1	748851762	0	0	0
5137.0	14664	2.854584387774966	251	0.0488612030367919	13232	2.575822464473428	6974	1.3576017130620985	2610	0.508078645123613	19	7	135	0.4117647058823529	4	0.21052631578947367	12	0.631578947368421	0	0.0	3	0.15789473684210525	0	0.0	7	1.0	0	0.0	0	0.0	14	0.1037037037037037	94	0.6962962962962963	0	0.0	27	0.2	1	0	1	0	0	1	1	21287514	0	0	0
5009.0	625	0.12477540427230985	249	0.04971052106208824	1581	0.315631862647235	2981	0.5951287682172091	751	0.1499301257736075	18	13	85	0.8333333333333334	4	0.2222222222222222	12	0.6666666666666666	0	0.0	2	0.1111111111111111	0	0.0	13	1.0	0	0.0	0	0.0	6	0.07058823529411765	65	0.7647058823529411	0	0.0	14	0.16470588235294117	0	0	1	0	0	1	1	51483238	0	0	0
2952.0	540	0.18292682926829268	144	0.04878048780487805	982	0.3326558265582656	3404	1.1531165311653115	476	0.16124661246612465	18	14	144	0.7142857142857143	3	0.16666666666666666	13	0.7222222222222222	0	0.0	2	0.1111111111111111	0	0.0	12	0.8571428571428571	0	0.0	2	0.14285714285714285	11	0.0763888888888889	108	0.75	0	0.0	25	0.1736111111111111	0	0	1	1	1	1	1	3034092143	0	0	0
2794.0	1	0.00035790980672870435	1	0.00035790980672870435	20	0.0071581961345740875	303	0.10844667143879742	5	0.0017895490336435219	27	14	0	0.5	2	0.07407407407407407	24	0.8888888888888888	0	0.0	1	0.037037037037037035	2	0.14285714285714285	12	0.8571428571428571	0	0.0	0	0.0	0	0	0	0	0	0	0	0	0	0	0	1	1	0	0	3386315381	0	0	1
5061.0	29080	5.745900019758941	394	0.07785022722782059	4106	0.8113021142066785	28216	5.575182770203517	1145	0.2262398735427781	23	14	122	0.7857142857142857	3	0.13043478260869565	18	0.782608695652174	0	0.0	2	0.08695652173913043	0	0.0	14	1.0	0	0.0	0	0.0	14	0.11475409836065574	85	0.6967213114754098	0	0.0	23	0.1885245901639344	0	0	1	1	1	1	1	38228691	0	0	0
5096.0	10690	2.097723704866562	151	0.029631083202511774	9077	1.7812009419152277	3361	0.6595368916797488	2046	0.40149136577708006	11	10	145	0.8888888888888888	2	0.18181818181818182	8	0.7272727272727273	0	0.0	1	0.09090909090909091	0	0.0	10	1.0	0	0.0	0	0.0	15	0.10344827586206896	106	0.7310344827586207	0	0.0	24	0.16551724137931034	1	0	1	0	0	1	1	28087038	0	0	0
2228.0	8231	3.6943447037701973	381	0.17100538599640933	11835	5.311938958707361	19432	8.721723518850988	5035	2.259874326750449	11	13	160	0.6923076923076923	2	0.18181818181818182	8	0.7272727272727273	0	0.0	1	0.09090909090909091	0	0.0	13	1.0	0	0.0	0	0.0	15	0.09375	117	0.73125	0	0.0	28	0.175	1	0	1	0	0	1	1	828623998921629696	0	0	0
2449.0	8542	3.487954267047775	168	0.06859942833809718	2400	0.9799918334013883	5067	2.069007758268681	1242	0.5071457737852184	14	13	144	0.9	2	0.14285714285714285	11	0.7857142857142857	0	0.0	1	0.07142857142857142	2	0.15384615384615385	11	0.8461538461538461	0	0.0	0	0.0	15	0.10416666666666667	106	0.7361111111111112	0	0.0	23	0.1597222222222222	0	0	1	1	1	1	1	748453543632330752	0	0	0
2712.0	3396	1.252212389380531	95	0.03502949852507375	1119	0.41261061946902655	3017	1.1124631268436578	1004	0.3702064896755162	18	9	57	0.42857142857142855	3	0.16666666666666666	13	0.7222222222222222	0	0.0	2	0.1111111111111111	3	0.3333333333333333	6	0.6666666666666666	0	0.0	0	0.0	8	0.14035087719298245	43	0.7543859649122807	0	0.0	6	0.10526315789473684	1	0	1	0	0	1	1	3930477322	0	0	0
2516.0	17	0.006756756756756757	11	0.0043720190779014305	303473	120.61724960254372	221	0.08783783783783784	1	0.000397456279809221	18	13	55	0.7692307692307693	1	0.05555555555555555	17	0.9444444444444444	0	0.0	0	0.0	3	0.23076923076923078	10	0.7692307692307693	0	0.0	0	0.0	4	0.07272727272727272	38	0.6909090909090909	2	0.03636363636363636	11	0.2	0	0	1	1	1	1	0	724211954651389954	1	0	1
3330.0	13796	4.142942942942943	549	0.16486486486486487	7716	2.317117117117117	88102	26.457057057057057	198	0.05945945945945946	15	14	83	0.9166666666666666	2	0.13333333333333333	12	0.8	0	0.0	1	0.06666666666666667	2	0.14285714285714285	12	0.8571428571428571	0	0.0	0	0.0	5	0.060240963855421686	62	0.7469879518072289	1	0.012048192771084338	15	0.18072289156626506	1	0	0	0	0	1	1	2320519958	0	0	0
1610.0	3112	1.932919254658385	74	0.04596273291925466	493	0.3062111801242236	1493	0.9273291925465839	546	0.3391304347826087	18	13	149	0.6666666666666666	4	0.2222222222222222	11	0.6111111111111112	0	0.0	3	0.16666666666666666	2	0.15384615384615385	10	0.7692307692307693	0	0.0	1	0.07692307692307693	12	0.08053691275167785	106	0.7114093959731543	0	0.0	31	0.2080536912751678	1	0	1	0	0	1	1	1052524172717375488	0	0	1
3593.0	26110	7.266907876426385	896	0.24937378235457835	43150	12.009462844419705	84636	23.555802950180908	2238	0.6228778179794044	13	13	141	0.7	2	0.15384615384615385	10	0.7692307692307693	0	0.0	1	0.07692307692307693	2	0.15384615384615385	11	0.8461538461538461	0	0.0	0	0.0	14	0.09929078014184398	102	0.723404255319149	0	0.0	25	0.1773049645390071	1	0	1	1	1	1	1	1425265488	0	0	0
5170.0	42190	8.160541586073501	1662	0.32147001934235975	15769	3.0500967117988393	369460	71.46228239845261	1439	0.2783365570599613	11	12	103	0.6363636363636364	2	0.18181818181818182	8	0.7272727272727273	0	0.0	1	0.09090909090909091	0	0.0	11	0.9166666666666666	0	0.0	1	0.08333333333333333	6	0.05825242718446602	86	0.8349514563106796	0	0.0	11	0.10679611650485436	1	0	1	1	0	1	1	19108766	0	0	0
5227.0	4679	0.8951597474650851	266	0.05088961163191123	2929	0.5603596709393533	13137	2.5132963458963076	1216	0.23263822460302278	14	14	32	0.6923076923076923	2	0.14285714285714285	11	0.7857142857142857	0	0.0	1	0.07142857142857142	0	0.0	14	1.0	0	0.0	0	0.0	1	0.03125	28	0.875	0	0.0	3	0.09375	1	0	1	0	0	1	1	17535941	0	0	0
2795.0	564	0.20178890876565295	29	0.01037567084078712	236	0.08443649373881933	1177	0.42110912343470486	220	0.07871198568872988	19	13	129	0.75	4	0.21052631578947367	12	0.631578947368421	0	0.0	3	0.15789473684210525	2	0.15384615384615385	11	0.8461538461538461	0	0.0	0	0.0	25	0.1937984496124031	70	0.5426356589147286	2	0.015503875968992248	32	0.24806201550387597	0	0	1	1	1	1	0	3384824825	0	0	0
5003.0	3226	0.6448131121327204	548	0.10953427943234059	14901	2.9784129522286626	13361	2.670597641415151	1475	0.29482310613631824	12	13	146	0.5454545454545454	2	0.16666666666666666	9	0.75	0	0.0	1	0.08333333333333333	2	0.15384615384615385	11	0.8461538461538461	0	0.0	0	0.0	12	0.0821917808219178	102	0.6986301369863014	2	0.0136986301369863	30	0.2054794520547945	1	0	1	0	0	1	1	53351462	0	0	0
3606.0	278	0.07709373266777593	69	0.01913477537437604	177	0.04908485856905158	1166	0.3233499722684415	492	0.13643926788685523	10	10	62	0.8	2	0.2	7	0.7	0	0.0	1	0.1	0	0.0	9	0.9	0	0.0	1	0.1	5	0.08064516129032258	49	0.7903225806451613	0	0.0	8	0.12903225806451613	1	0	1	1	0	1	1	1391875208	0	0	0
3879.0	4652	1.1992781644753803	207	0.05336426914153132	3453	0.8901778808971385	8518	2.1959267852539313	3112	0.8022686259345192	15	14	159	0.9	2	0.13333333333333333	12	0.8	0	0.0	1	0.06666666666666667	2	0.14285714285714285	12	0.8571428571428571	0	0.0	0	0.0	14	0.0880503144654088	121	0.7610062893081762	2	0.012578616352201259	22	0.13836477987421383	1	0	1	1	1	1	1	727782559	0	0	0
5007.0	31943	6.37966846415019	564	0.11264230077890952	53287	10.64250049930098	15653	3.1262232873976434	1937	0.38685839824246054	14	8	154	0.6363636363636364	2	0.14285714285714285	11	0.7857142857142857	0	0.0	1	0.07142857142857142	2	0.25	6	0.75	0	0.0	0	0.0	21	0.13636363636363635	107	0.6948051948051948	0	0.0	26	0.16883116883116883	1	0	1	1	0	1	1	52024480	0	0	0
3705.0	3517	0.9492577597840756	307	0.08286099865047233	3836	1.035357624831309	8813	2.3786774628879894	2612	0.7049932523616734	15	9	147	0.45454545454545453	2	0.13333333333333333	12	0.8	0	0.0	1	0.06666666666666667	3	0.3333333333333333	6	0.6666666666666666	0	0.0	0	0.0	17	0.11564625850340136	109	0.7414965986394558	0	0.0	21	0.14285714285714285	1	0	1	1	1	1	1	1108382916	0	0	0
2825.0	6937	2.455575221238938	104	0.036814159292035395	3744	1.3253097345132743	4097	1.4502654867256637	1470	0.5203539823008849	19	14	133	0.6666666666666666	4	0.21052631578947367	12	0.631578947368421	0	0.0	3	0.15789473684210525	0	0.0	13	0.9285714285714286	0	0.0	1	0.07142857142857142	10	0.07518796992481203	92	0.6917293233082706	0	0.0	31	0.23308270676691728	1	0	1	1	1	1	1	3337459024	0	0	0
1937.0	4843	2.5002581311306145	208	0.10738255033557047	1288	0.664945792462571	14489	7.480123902942695	231	0.11925658234383067	17	11	81	0.45454545454545453	3	0.17647058823529413	12	0.7058823529411765	0	0.0	2	0.11764705882352941	3	0.2727272727272727	6	0.5454545454545454	0	0.0	2	0.18181818181818182	7	0.08641975308641975	56	0.691358024691358	4	0.04938271604938271	14	0.1728395061728395	1	0	1	1	1	1	1	934029228886065152	0	0	0
2106.0	1064	0.5052231718898386	99	0.04700854700854701	2045	0.9710351377018044	10092	4.7920227920227925	818	0.38841405508072174	11	15	89	0.6923076923076923	2	0.18181818181818182	8	0.7272727272727273	0	0.0	1	0.09090909090909091	4	0.26666666666666666	9	0.6	0	0.0	2	0.13333333333333333	10	0.11235955056179775	60	0.6741573033707865	3	0.033707865168539325	16	0.1797752808988764	0	0	0	1	1	1	0	872663038805016576	0	0	0
4172.0	2464	0.5906040268456376	223	0.05345158197507191	3607	0.8645733461169702	8010	1.9199424736337487	1752	0.4199424736337488	15	10	155	0.8333333333333334	2	0.13333333333333333	12	0.8	0	0.0	1	0.06666666666666667	2	0.2	8	0.8	0	0.0	0	0.0	18	0.11612903225806452	103	0.6645161290322581	0	0.0	34	0.21935483870967742	1	0	1	1	1	1	1	389682667	0	0	0
5037.0	467	0.09271391701409569	179	0.03553702600754417	1593	0.3162596783799881	3679	0.7303950764343855	137	0.027198729402422076	16	15	49	0.9285714285714286	2	0.125	13	0.8125	0	0.0	1	0.0625	2	0.13333333333333333	13	0.8666666666666667	0	0.0	0	0.0	6	0.12244897959183673	38	0.7755102040816326	0	0.0	5	0.10204081632653061	1	0	1	1	0	1	1	43537931	0	0	0
2816.0	6359	2.2581676136363638	133	0.04723011363636364	3926	1.3941761363636365	9150	3.249289772727273	1382	0.49076704545454547	12	11	154	0.9	2	0.16666666666666666	9	0.75	0	0.0	1	0.08333333333333333	0	0.0	11	1.0	0	0.0	0	0.0	12	0.07792207792207792	115	0.7467532467532467	1	0.006493506493506494	26	0.16883116883116883	0	0	1	1	1	1	1	3350681139	0	0	0
2192.0	6031	2.7513686131386863	95	0.04333941605839416	3677	1.677463503649635	5331	2.4320255474452557	423	0.19297445255474452	18	7	145	0.35714285714285715	3	0.16666666666666666	12	0.6666666666666666	0	0.0	3	0.16666666666666666	0	0.0	6	0.8571428571428571	0	0.0	1	0.14285714285714285	28	0.19310344827586207	84	0.5793103448275863	4	0.027586206896551724	29	0.2	0	0	1	1	1	1	0	841412635270762496	0	0	0
1786.0	2203	1.2334826427771557	97	0.05431131019036954	1740	0.9742441209406495	4279	2.3958566629339306	1757	0.9837625979843225	13	12	124	0.8888888888888888	2	0.15384615384615385	10	0.7692307692307693	0	0.0	1	0.07692307692307693	0	0.0	12	1.0	0	0.0	0	0.0	10	0.08064516129032258	93	0.75	0	0.0	21	0.1693548387096774	0	0	1	1	1	1	1	988765113606918144	0	0	0
1799.0	1216	0.6759310728182324	127	0.07059477487493052	1565	0.8699277376320178	4512	2.508060033351862	1407	0.7821011673151751	28	15	156	0.5263157894736842	5	0.17857142857142858	19	0.6785714285714286	0	0.0	4	0.14285714285714285	0	0.0	15	1.0	0	0.0	0	0.0	9	0.057692307692307696	120	0.7692307692307693	0	0.0	27	0.17307692307692307	1	0	1	0	0	1	1	984048002967982080	0	0	0
1984.0	1855	0.9349798387096774	36	0.018145161290322582	714	0.3598790322580645	640	0.3225806451612903	360	0.1814516129032258	19	13	149	0.7857142857142857	4	0.21052631578947367	12	0.631578947368421	0	0.0	3	0.15789473684210525	2	0.15384615384615385	11	0.8461538461538461	0	0.0	0	0.0	12	0.08053691275167785	116	0.7785234899328859	0	0.0	21	0.14093959731543623	1	0	1	1	1	1	1	916950563815870464	0	0	0
5146.0	743	0.14438398756315585	115	0.022347454333462885	715	0.13894286824718227	899	0.1746987951807229	380	0.07384376214535561	15	15	89	0.8333333333333334	2	0.13333333333333333	12	0.8	0	0.0	1	0.06666666666666667	0	0.0	14	0.9333333333333333	0	0.0	1	0.06666666666666667	13	0.14606741573033707	58	0.651685393258427	0	0.0	18	0.20224719101123595	0	0	1	1	0	1	1	20534846	0	0	0
1847.0	2766	1.4975636166756903	80	0.04331348132106118	1518	0.8218733080671359	2815	1.5240931239848403	886	0.47969680563075257	11	10	52	0.875	2	0.18181818181818182	8	0.7272727272727273	0	0.0	1	0.09090909090909091	2	0.2	8	0.8	0	0.0	0	0.0	3	0.057692307692307696	42	0.8076923076923077	0	0.0	7	0.1346153846153846	1	0	1	1	1	1	0	966707365893558273	0	0	0
3568.0	14205	3.9812219730941703	146	0.04091928251121076	18990	5.322309417040358	12048	3.376681614349776	2131	0.5972533632286996	17	14	34	0.6923076923076923	2	0.11764705882352941	11	0.6470588235294118	0	0.0	4	0.23529411764705882	2	0.14285714285714285	11	0.7857142857142857	0	0.0	1	0.07142857142857142	2	0.058823529411764705	30	0.8823529411764706	0	0.0	2	0.058823529411764705	0	0	1	1	1	1	1	1490376331	0	0	0
4790.0	32953	6.879540709812108	421	0.08789144050104385	16012	3.3427974947807932	12997	2.7133611691022965	4976	1.038830897703549	11	10	154	0.8888888888888888	2	0.18181818181818182	8	0.7272727272727273	0	0.0	1	0.09090909090909091	2	0.2	8	0.8	0	0.0	0	0.0	9	0.05844155844155844	123	0.7987012987012987	0	0.0	22	0.14285714285714285	0	0	1	1	0	1	1	110368456	0	0	0
4209.0	15047	3.5749584224281303	273	0.06486101211689238	11712	2.782608695652174	4733	1.124495129484438	1162	0.2760750772154906	17	10	129	0.6923076923076923	2	0.11764705882352941	14	0.8235294117647058	0	0.0	1	0.058823529411764705	2	0.2	8	0.8	0	0.0	0	0.0	12	0.09302325581395349	100	0.7751937984496124	3	0.023255813953488372	14	0.10852713178294573	0	0	1	0	0	1	1	368334555	0	0	0
1758.0	389	0.22127417519908987	42	0.023890784982935155	474	0.2696245733788396	1078	0.6131968145620023	207	0.11774744027303755	14	13	93	0.9	2	0.14285714285714285	11	0.7857142857142857	0	0.0	1	0.07142857142857142	2	0.15384615384615385	11	0.8461538461538461	0	0.0	0	0.0	7	0.07526881720430108	73	0.7849462365591398	0	0.0	13	0.13978494623655913	1	0	1	0	0	1	1	998867063274921984	0	0	0
1933.0	207	0.10708742886704604	85	0.04397309881013968	152	0.07863424728401448	1250	0.6466632177961718	478	0.24728401448525608	15	9	86	0.3125	2	0.13333333333333333	12	0.8	0	0.0	1	0.06666666666666667	0	0.0	8	0.8888888888888888	0	0.0	1	0.1111111111111111	5	0.05813953488372093	66	0.7674418604651163	0	0.0	15	0.1744186046511628	1	0	1	1	1	1	1	935554963639558145	0	0	0
2515.0	6	0.002385685884691849	103	0.04095427435387674	58	0.023061630218687873	1332	0.5296222664015905	99	0.03936381709741551	16	15	128	0.7857142857142857	4	0.25	9	0.5625	0	0.0	3	0.1875	4	0.26666666666666666	9	0.6	0	0.0	2	0.13333333333333333	7	0.0546875	93	0.7265625	8	0.0625	20	0.15625	0	0	1	0	0	1	0	724565991104110592	0	0	1
1765.0	41	0.02322946175637394	30	0.0169971671388102	265	0.1501416430594901	838	0.47478753541076485	118	0.06685552407932012	19	11	0	0.6923076923076923	3	0.15789473684210525	13	0.6842105263157895	0	0.0	3	0.15789473684210525	2	0.18181818181818182	9	0.8181818181818182	0	0.0	0	0.0	0	0	0	0	0	0	0	0	1	0	1	1	1	0	0	996440442819502082	0	0	1
5207.0	11935	2.29210677933551	441	0.08469368158248512	15650	3.0055694257729977	15609	2.997695410024966	419	0.08046859996159017	11	11	121	0.8	3	0.2727272727272727	7	0.6363636363636364	0	0.0	1	0.09090909090909091	2	0.18181818181818182	8	0.7272727272727273	0	0.0	1	0.09090909090909091	11	0.09090909090909091	93	0.768595041322314	0	0.0	17	0.14049586776859505	1	0	1	1	0	1	1	18044683	0	0	0
1947.0	3799	1.9512069851052902	105	0.053929121725731895	1116	0.5731895223420647	2378	1.221366204417052	1498	0.7693888032871083	13	13	146	0.8	2	0.15384615384615385	10	0.7692307692307693	0	0.0	1	0.07692307692307693	0	0.0	12	0.9230769230769231	0	0.0	1	0.07692307692307693	15	0.10273972602739725	104	0.7123287671232876	2	0.0136986301369863	25	0.17123287671232876	0	0	1	1	1	0	1	930422173478608903	0	0	0
3168.0	1050	0.3314393939393939	63	0.019886363636363636	3088	0.9747474747474747	3013	0.9510732323232324	353	0.11142676767676768	20	10	0	0.35294117647058826	4	0.2	12	0.6	0	0.0	4	0.2	0	0.0	6	0.6	4	0.4	0	0.0	0	0	0	0	0	0	0	0	1	0	1	0	0	1	1	2618890032	0	0	0
2774.0	99	0.03568853640951694	25	0.009012256669069935	66	0.023792357606344627	383	0.1380677721701514	111	0.04001441961067051	20	15	159	0.4444444444444444	2	0.1	16	0.8	0	0.0	2	0.1	3	0.2	11	0.7333333333333333	0	0.0	1	0.06666666666666667	16	0.10062893081761007	113	0.710691823899371	0	0.0	30	0.18867924528301888	0	0	1	1	1	1	0	3412973404	0	0	1
4241.0	73	0.017212921480782833	105	0.024758311718934212	128	0.03018156095260552	976	0.23013440226361706	510	0.1202546569205376	16	10	75	0.6363636363636364	4	0.25	9	0.5625	0	0.0	3	0.1875	2	0.2	8	0.8	0	0.0	0	0.0	11	0.14666666666666667	47	0.6266666666666667	0	0.0	17	0.22666666666666666	1	0	1	1	0	1	1	348460907	0	0	1
4661.0	118	0.02531645569620253	138	0.02960738039047415	538	0.11542587427590646	1664	0.35700493456339844	228	0.04891654151469642	15	14	91	0.9	2	0.13333333333333333	12	0.8	0	0.0	1	0.06666666666666667	2	0.14285714285714285	12	0.8571428571428571	0	0.0	0	0.0	10	0.10989010989010989	66	0.7252747252747253	0	0.0	15	0.16483516483516483	0	0	1	1	0	1	0	154064825	0	0	0
2474.0	751	0.30355699272433306	121	0.04890864995957963	1604	0.6483427647534358	10260	4.147130153597413	696	0.2813257881972514	14	14	116	0.75	3	0.21428571428571427	9	0.6428571428571429	0	0.0	2	0.14285714285714285	3	0.21428571428571427	9	0.6428571428571429	0	0.0	2	0.14285714285714285	14	0.1206896551724138	83	0.7155172413793104	0	0.0	19	0.16379310344827586	1	0	1	1	1	1	1	739531034761498624	0	0	0
4333.0	1603	0.36995153473344106	944	0.2178629125317332	3325	0.7673667205169629	130095	30.02423263327948	197	0.04546503577198246	16	15	81	0.9090909090909091	2	0.125	13	0.8125	0	0.0	1	0.0625	2	0.13333333333333333	13	0.8666666666666667	0	0.0	0	0.0	11	0.13580246913580246	58	0.7160493827160493	0	0.0	12	0.14814814814814814	1	0	1	1	0	1	1	293066780	0	0	0
3714.0	44	0.011847065158858373	126	0.033925686591276254	328	0.08831448572967152	2155	0.5802369413031772	265	0.07135164243403339	13	12	92	0.9090909090909091	2	0.15384615384615385	10	0.7692307692307693	0	0.0	1	0.07692307692307693	2	0.16666666666666666	10	0.8333333333333334	0	0.0	0	0.0	4	0.043478260869565216	68	0.7391304347826086	8	0.08695652173913043	12	0.13043478260869565	0	0	1	1	1	1	1	1082464339	0	0	0
4479.0	1141	0.25474436258093325	119	0.026568430453226165	2676	0.5974547890154053	2809	0.6271489171690109	1073	0.23956240232194687	13	13	12	0.8	2	0.15384615384615385	10	0.7692307692307693	0	0.0	1	0.07692307692307693	2	0.15384615384615385	10	0.7692307692307693	0	0.0	1	0.07692307692307693	2	0.16666666666666666	4	0.3333333333333333	4	0.3333333333333333	2	0.16666666666666666	0	0	1	1	0	1	0	224630872	0	0	0
5175.0	2492	0.4815458937198068	309	0.059710144927536235	3848	0.7435748792270531	13232	2.5569082125603866	475	0.09178743961352658	11	11	0	1.0	2	0.18181818181818182	9	0.8181818181818182	0	0.0	0	0.0	2	0.18181818181818182	9	0.8181818181818182	0	0.0	0	0.0	0	0	0	0	0	0	0	0	1	0	1	1	1	0	1	18880634	0	0	0
3697.0	55389	14.982147687314038	538	0.14552339734920205	17149	4.638625912902353	50920	13.773329726805517	2236	0.6048147146334866	16	13	90	0.6923076923076923	2	0.125	13	0.8125	0	0.0	1	0.0625	2	0.15384615384615385	11	0.8461538461538461	0	0.0	0	0.0	10	0.1111111111111111	60	0.6666666666666666	2	0.022222222222222223	18	0.2	0	0	1	0	0	1	1	1131092102	0	0	0
4976.0	0	0.0	147	0.029541800643086816	236	0.04742765273311897	976	0.19614147909967847	7	0.0014067524115755627	20	14	65	0.7142857142857143	5	0.25	12	0.6	0	0.0	3	0.15	1	0.07142857142857142	13	0.9285714285714286	0	0.0	0	0.0	3	0.046153846153846156	57	0.8769230769230769	0	0.0	5	0.07692307692307693	0	0	1	1	1	1	0	61577387	0	0	1
2546.0	3	0.001178318931657502	9	0.003534956794972506	5757	2.2611940298507465	33	0.012961508248232521	7	0.0027494108405341712	50	15	123	0.5	9	0.18	35	0.7	0	0.0	6	0.12	8	0.5333333333333333	7	0.4666666666666667	0	0.0	0	0.0	20	0.16260162601626016	83	0.6747967479674797	0	0.0	20	0.16260162601626016	0	0	0	1	1	0	0	713411187313139712	1	0	1
2182.0	1141	0.5229147571035747	85	0.03895508707607699	1757	0.805224564619615	3328	1.5252062328139322	609	0.2791017415215399	13	12	153	0.9166666666666666	2	0.15384615384615385	10	0.7692307692307693	0	0.0	1	0.07692307692307693	2	0.16666666666666666	10	0.8333333333333334	0	0.0	0	0.0	19	0.12418300653594772	95	0.6209150326797386	8	0.05228758169934641	31	0.20261437908496732	1	0	1	1	1	1	1	845282647261761536	0	0	0
5167.0	1872	0.3622992065028063	468	0.09057480162570157	5770	1.1167021482485	14248	2.7574995161602476	4318	0.8356880201277337	15	14	98	0.9	2	0.13333333333333333	12	0.8	0	0.0	1	0.06666666666666667	2	0.14285714285714285	12	0.8571428571428571	0	0.0	0	0.0	7	0.07142857142857142	65	0.6632653061224489	8	0.08163265306122448	18	0.1836734693877551	1	0	1	0	0	1	1	19257571	0	0	0
3106.0	19894	6.405022537025113	237	0.07630392788151964	19424	6.2537025112685125	19277	6.206374758531874	545	0.1754668383773342	16	15	157	0.9090909090909091	2	0.125	13	0.8125	0	0.0	1	0.0625	0	0.0	15	1.0	0	0.0	0	0.0	11	0.07006369426751592	115	0.732484076433121	4	0.025477707006369428	27	0.17197452229299362	0	0	1	1	1	0	1	2805274855	0	0	0
3811.0	12956	3.3996326423510888	297	0.0779323012332721	7047	1.84912096562582	11754	3.08422986092889	1382	0.3626344791393335	13	12	150	0.9	2	0.15384615384615385	10	0.7692307692307693	0	0.0	1	0.07692307692307693	2	0.16666666666666666	10	0.8333333333333334	0	0.0	0	0.0	13	0.08666666666666667	106	0.7066666666666667	0	0.0	31	0.20666666666666667	0	0	1	1	0	1	1	866425075	0	0	0
5417.0	10049	1.855085840871331	485	0.08953295181834964	30799	5.6856193465017535	80132	14.792689680635037	1806	0.33339486800812257	15	11	87	0.8181818181818182	3	0.2	8	0.5333333333333333	0	0.0	4	0.26666666666666666	3	0.2727272727272727	8	0.7272727272727273	0	0.0	0	0.0	8	0.09195402298850575	61	0.7011494252873564	0	0.0	18	0.20689655172413793	1	0	1	1	0	1	1	14784765	0	0	0
2476.0	1477	0.5965266558966075	119	0.048061389337641355	1091	0.44063004846526654	2126	0.8586429725363489	367	0.14822294022617125	19	15	117	0.6875	4	0.21052631578947367	13	0.6842105263157895	0	0.0	2	0.10526315789473684	0	0.0	14	0.9333333333333333	0	0.0	1	0.06666666666666667	12	0.10256410256410256	85	0.7264957264957265	0	0.0	20	0.17094017094017094	1	0	1	0	0	1	1	738731811380076544	0	0	0
2536.0	996	0.39274447949526814	81	0.03194006309148265	701	0.27641955835962145	3715	1.4649053627760253	254	0.10015772870662461	16	11	158	0.6	4	0.25	9	0.5625	0	0.0	3	0.1875	2	0.18181818181818182	8	0.7272727272727273	0	0.0	1	0.09090909090909091	17	0.10759493670886076	113	0.7151898734177216	2	0.012658227848101266	26	0.16455696202531644	1	0	1	1	1	1	1	717077328669646849	0	0	0
3703.0	14636	3.952470969484202	889	0.24007561436672967	19788	5.343775317310289	64822	17.505266000540104	1626	0.4391034296516338	21	8	159	0.2631578947368421	4	0.19047619047619047	10	0.47619047619047616	0	0.0	7	0.3333333333333333	5	0.625	2	0.25	0	0.0	1	0.125	10	0.06289308176100629	118	0.7421383647798742	4	0.025157232704402517	27	0.16981132075471697	1	0	0	1	1	1	1	1114675538	0	0	0
2740.0	5228	1.908029197080292	136	0.049635036496350364	4673	1.7054744525547445	10736	3.9182481751824816	1968	0.7182481751824817	12	10	126	0.5454545454545454	2	0.16666666666666666	9	0.75	0	0.0	1	0.08333333333333333	4	0.4	6	0.6	0	0.0	0	0.0	12	0.09523809523809523	90	0.7142857142857143	3	0.023809523809523808	21	0.16666666666666666	1	0	0	1	1	1	1	3635730797	0	0	0
3385.0	60	0.01772525849335303	2	0.0005908419497784342	1303	0.3849335302806499	142	0.041949778434268836	1	0.0002954209748892171	11	10	153	0.8888888888888888	4	0.36363636363636365	6	0.5454545454545454	0	0.0	1	0.09090909090909091	0	0.0	10	1.0	0	0.0	0	0.0	12	0.0784313725490196	105	0.6862745098039216	3	0.0196078431372549	33	0.21568627450980393	0	0	1	1	0	1	0	2234767742	1	0	0
2973.0	5	0.0016818028927009755	7	0.0023545240497813654	7922	2.6646485031954255	22	0.007399932727884292	0	0.0	12	10	133	0.8888888888888888	3	0.25	7	0.5833333333333334	0	0.0	2	0.16666666666666666	0	0.0	10	1.0	0	0.0	0	0.0	9	0.06766917293233082	92	0.6917293233082706	3	0.022556390977443608	29	0.21804511278195488	0	0	0	1	1	1	0	2994084225	1	0	1
5053.0	3532	0.6989906985948942	328	0.0649119335048486	5382	1.065109835741144	10298	2.037997229368692	830	0.1642588561250742	10	9	145	0.8888888888888888	2	0.2	7	0.7	0	0.0	1	0.1	0	0.0	9	1.0	0	0.0	0	0.0	6	0.041379310344827586	117	0.8068965517241379	0	0.0	22	0.15172413793103448	1	0	1	1	0	1	1	39999872	0	0	0
3651.0	10009	2.7414407011777597	513	0.14050944946589974	7210	1.974801424267324	57256	15.682278827718433	1282	0.3511366748835935	12	11	120	0.9	2	0.16666666666666666	9	0.75	0	0.0	1	0.08333333333333333	2	0.18181818181818182	9	0.8181818181818182	0	0.0	0	0.0	10	0.08333333333333333	82	0.6833333333333333	1	0.008333333333333333	27	0.225	0	0	1	1	0	1	1	1273010575	0	0	0
3709.0	133	0.03585872202750067	100	0.026961445133459154	493	0.13291992450795362	1997	0.5384200593151793	484	0.1304933944459423	14	14	132	0.7692307692307693	2	0.14285714285714285	11	0.7857142857142857	0	0.0	1	0.07142857142857142	2	0.14285714285714285	12	0.8571428571428571	0	0.0	0	0.0	14	0.10606060606060606	89	0.6742424242424242	10	0.07575757575757576	19	0.14393939393939395	0	0	1	1	1	0	1	1099159964	0	0	0
5068.0	775	0.15292028413575376	86	0.01696921862667719	584	0.11523283346487766	1361	0.26854775059194946	571	0.11266771902131018	14	13	131	0.9090909090909091	2	0.14285714285714285	11	0.7857142857142857	0	0.0	1	0.07142857142857142	2	0.15384615384615385	11	0.8461538461538461	0	0.0	0	0.0	12	0.0916030534351145	85	0.648854961832061	10	0.07633587786259542	24	0.183206106870229	1	0	1	0	0	0	1	36329898	0	0	0
5339.0	2173	0.4070050571268028	214	0.04008241243678592	4667	0.8741337329087844	8300	1.5545982393706688	1305	0.24442779546731597	13	13	150	0.6363636363636364	2	0.15384615384615385	10	0.7692307692307693	0	0.0	1	0.07692307692307693	2	0.15384615384615385	11	0.8461538461538461	0	0.0	0	0.0	11	0.07333333333333333	98	0.6533333333333333	0	0.0	41	0.2733333333333333	1	0	1	0	0	0	1	15686106	0	0	0
2600.0	1818	0.6992307692307692	102	0.03923076923076923	495	0.19038461538461537	2551	0.9811538461538462	1336	0.5138461538461538	18	12	132	0.5	2	0.1111111111111111	15	0.8333333333333334	0	0.0	1	0.05555555555555555	3	0.25	9	0.75	0	0.0	0	0.0	14	0.10606060606060606	101	0.7651515151515151	0	0.0	17	0.12878787878787878	0	0	1	1	1	1	1	4866955749	0	0	0
3467.0	680	0.1961349870204788	141	0.040669166426305164	396	0.11421978655898471	2302	0.6639746178252092	175	0.0504759157773291	14	13	68	0.9090909090909091	2	0.14285714285714285	11	0.7857142857142857	0	0.0	1	0.07142857142857142	0	0.0	13	1.0	0	0.0	0	0.0	4	0.058823529411764705	59	0.8676470588235294	0	0.0	5	0.07352941176470588	0	0	0	1	1	1	1	1872648764	0	0	0
1730.0	2	0.0011560693641618498	24	0.013872832369942197	29	0.01676300578034682	270	0.15606936416184972	11	0.006358381502890174	22	14	160	0.7333333333333333	5	0.22727272727272727	12	0.5454545454545454	0	0.0	5	0.22727272727272727	3	0.21428571428571427	11	0.7857142857142857	0	0.0	0	0.0	11	0.06875	110	0.6875	8	0.05	31	0.19375	0	0	1	0	0	1	0	1009025255753601024	0	0	1
2264.0	16847	7.44125441696113	155	0.06846289752650177	9215	4.070229681978798	4254	1.8789752650176679	894	0.3948763250883392	20	12	151	0.5384615384615384	3	0.15	15	0.75	0	0.0	2	0.1	5	0.4166666666666667	7	0.5833333333333334	0	0.0	0	0.0	19	0.12582781456953643	79	0.5231788079470199	0	0.0	53	0.3509933774834437	1	0	1	1	1	1	1	815469233090023424	0	0	0
2227.0	2361	1.0601706331387517	61	0.027391109115401886	2046	0.918724741805119	1793	0.8051189941625505	914	0.410417602155366	20	13	106	0.7333333333333333	2	0.1	17	0.85	0	0.0	1	0.05	2	0.15384615384615385	11	0.8461538461538461	0	0.0	0	0.0	10	0.09433962264150944	81	0.7641509433962265	0	0.0	15	0.14150943396226415	0	0	1	0	0	1	0	828943222432997376	0	0	0
2082.0	3569	1.7142170989433236	62	0.029779058597502402	599	0.2877041306436119	2345	1.1263208453410183	87	0.04178674351585014	21	12	123	0.47058823529411764	4	0.19047619047619047	14	0.6666666666666666	0	0.0	3	0.14285714285714285	4	0.3333333333333333	7	0.5833333333333334	0	0.0	1	0.08333333333333333	10	0.08130081300813008	95	0.7723577235772358	0	0.0	18	0.14634146341463414	0	0	1	1	1	1	0	881480498043916288	0	0	0
2871.0	21347	7.435388366422849	109	0.03796586555207245	5550	1.9331243469174504	2329	0.8112156043190526	1931	0.6725879484500175	14	13	156	0.8888888888888888	2	0.14285714285714285	11	0.7857142857142857	0	0.0	1	0.07142857142857142	2	0.15384615384615385	11	0.8461538461538461	0	0.0	0	0.0	11	0.07051282051282051	108	0.6923076923076923	8	0.05128205128205128	29	0.1858974358974359	1	0	1	0	0	1	1	3236928208	0	0	0
3702.0	795	0.21474878444084278	182	0.04916261480280929	2023	0.5464613722312264	4631	1.250945434900054	1187	0.32063749324689356	16	11	99	0.6923076923076923	2	0.125	13	0.8125	0	0.0	1	0.0625	0	0.0	10	0.9090909090909091	0	0.0	1	0.09090909090909091	12	0.12121212121212122	70	0.7070707070707071	0	0.0	17	0.1717171717171717	0	0	1	1	0	1	1	1117526742	0	0	0
5136.0	16182	3.1507009345794392	365	0.07106697819314642	7082	1.3788940809968848	12839	2.4998052959501558	1392	0.27102803738317754	9	8	152	0.875	2	0.2222222222222222	6	0.6666666666666666	0	0.0	1	0.1111111111111111	2	0.25	6	0.75	0	0.0	0	0.0	21	0.13815789473684212	94	0.618421052631579	0	0.0	37	0.24342105263157895	1	0	0	1	0	1	1	21404382	0	0	0
2171.0	50786	23.392906494702903	101	0.046522339935513586	38302	17.642561031782588	7417	3.4163979732842007	2504	1.1533855366190695	14	13	10	0.9166666666666666	2	0.14285714285714285	11	0.7857142857142857	0	0.0	1	0.07142857142857142	2	0.15384615384615385	11	0.8461538461538461	0	0.0	0	0.0	1	0.1	8	0.8	0	0.0	1	0.1	1	0	1	1	1	1	1	849060114388705280	0	0	0
2102.0	5922	2.8173168411037106	135	0.06422454804947669	3153	1.5	3215	1.5294957183634634	1435	0.6826831588962893	13	13	141	0.8	2	0.15384615384615385	10	0.7692307692307693	0	0.0	1	0.07692307692307693	0	0.0	12	0.9230769230769231	0	0.0	1	0.07692307692307693	14	0.09929078014184398	99	0.7021276595744681	0	0.0	28	0.19858156028368795	1	0	1	0	0	1	1	874304935906729986	0	0	0
3468.0	0	0.0	11	0.0031718569780853517	6	0.0017301038062283738	70	0.020184544405997693	4	0.0011534025374855825	14	13	0	0.375	2	0.14285714285714285	11	0.7857142857142857	0	0.0	1	0.07142857142857142	2	0.15384615384615385	11	0.8461538461538461	0	0.0	0	0.0	0	0	0	0	0	0	0	0	0	0	0	1	1	0	0	1865308944	0	0	1
4790.0	2221	0.46367432150313154	198	0.04133611691022965	5093	1.0632567849686847	5141	1.0732776617954072	340	0.0709812108559499	10	9	151	0.8888888888888888	2	0.2	7	0.7	0	0.0	1	0.1	2	0.2222222222222222	7	0.7777777777777778	0	0.0	0	0.0	16	0.10596026490066225	110	0.7284768211920529	0	0.0	25	0.16556291390728478	1	0	1	1	1	1	1	110385973	0	0	0
2528.0	47343	18.727452531645568	103	0.04074367088607595	28995	11.469541139240507	7869	3.112737341772152	2441	0.9655854430379747	19	13	160	0.4444444444444444	4	0.21052631578947367	12	0.631578947368421	0	0.0	3	0.15789473684210525	3	0.23076923076923078	9	0.6923076923076923	0	0.0	1	0.07692307692307693	23	0.14375	106	0.6625	0	0.0	31	0.19375	0	0	1	1	1	1	0	719975730784956416	0	0	0
5062.0	1571	0.31035163966811535	500	0.09877518767285658	2787	0.5505728960885026	29425	5.81291979454761	694	0.13709996048992493	15	10	123	0.75	2	0.13333333333333333	12	0.8	0	0.0	1	0.06666666666666667	0	0.0	10	1.0	0	0.0	0	0.0	13	0.10569105691056911	93	0.7560975609756098	0	0.0	17	0.13821138211382114	1	0	1	1	1	1	1	38001527	0	0	0
3687.0	25460	6.905343097369135	256	0.06943314347708164	20878	5.662598318416056	15945	4.324654190398698	1889	0.5123406563601844	19	13	143	0.6923076923076923	2	0.10526315789473684	11	0.5789473684210527	0	0.0	6	0.3157894736842105	2	0.15384615384615385	11	0.8461538461538461	0	0.0	0	0.0	11	0.07692307692307693	86	0.6013986013986014	0	0.0	46	0.32167832167832167	1	0	1	1	0	1	1	1158585210	0	0	0
3579.0	48	0.013411567476948869	135	0.037720033528918694	3	0.0008382229673093043	1313	0.3668622520257055	201	0.056160938809723386	13	12	87	0.875	2	0.15384615384615385	10	0.7692307692307693	0	0.0	1	0.07692307692307693	2	0.16666666666666666	10	0.8333333333333334	0	0.0	0	0.0	7	0.08045977011494253	70	0.8045977011494253	0	0.0	10	0.11494252873563218	0	0	0	0	0	1	0	1461705757	0	0	0
5181.0	0	0.0	61	0.011773788843852539	136	0.026249758733835168	451	0.0870488322717622	59	0.011387762980119669	14	14	45	1.0	0	0.0	14	1.0	0	0.0	0	0.0	0	0.0	14	1.0	0	0.0	0	0.0	8	0.17777777777777778	30	0.6666666666666666	0	0.0	7	0.15555555555555556	0	0	1	1	0	1	0	18668620	0	0	1
4894.0	6135	1.253575807110748	304	0.06211687780956273	2690	0.5496526358806703	7931	1.6205557825909276	642	0.13118103800572128	11	10	159	0.8888888888888888	2	0.18181818181818182	8	0.7272727272727273	0	0.0	1	0.09090909090909091	2	0.2	8	0.8	0	0.0	0	0.0	13	0.08176100628930817	124	0.779874213836478	0	0.0	22	0.13836477987421383	1	0	1	0	0	1	1	83795057	0	0	0
5129.0	5605	1.0928056151296548	377	0.07350360694092416	12442	2.4258139988301815	10551	2.0571261454474556	1739	0.33905244687073505	12	12	154	0.7272727272727273	2	0.16666666666666666	9	0.75	0	0.0	1	0.08333333333333333	0	0.0	12	1.0	0	0.0	0	0.0	10	0.06493506493506493	116	0.7532467532467533	0	0.0	28	0.18181818181818182	1	0	0	1	0	1	1	22125770	0	0	0
3558.0	1633	0.4589657110736369	170	0.0477796514896009	1318	0.3704328274311411	3746	1.0528386734120292	463	0.13012928611579538	14	8	105	0.36363636363636365	2	0.14285714285714285	11	0.7857142857142857	0	0.0	1	0.07142857142857142	0	0.0	8	1.0	0	0.0	0	0.0	13	0.12380952380952381	75	0.7142857142857143	0	0.0	17	0.1619047619047619	0	0	1	1	1	1	1	1524735194	0	0	0
3802.0	279	0.07338243029984219	178	0.04681746449237244	926	0.24355602314571279	2623	0.6899000526038926	649	0.1706996317727512	15	14	139	0.9230769230769231	2	0.13333333333333333	12	0.8	0	0.0	1	0.06666666666666667	2	0.14285714285714285	12	0.8571428571428571	0	0.0	0	0.0	9	0.06474820143884892	101	0.7266187050359713	0	0.0	29	0.20863309352517986	1	0	1	1	0	1	1	884382990	0	0	0
2131.0	2791	1.309713749413421	109	0.05114969497888315	2068	0.9704364148287189	6881	3.229000469263257	832	0.39042702956358516	26	14	72	0.5	4	0.15384615384615385	19	0.7307692307692307	0	0.0	3	0.11538461538461539	2	0.14285714285714285	11	0.7857142857142857	0	0.0	1	0.07142857142857142	8	0.1111111111111111	54	0.75	0	0.0	10	0.1388888888888889	0	0	1	1	1	1	0	863657874941255684	0	0	0
5163.0	23638	4.578345922913035	382	0.07398799147782296	8115	1.5717606042998258	20222	3.916715088127058	3019	0.5847375556846794	10	10	43	0.75	2	0.2	7	0.7	0	0.0	1	0.1	0	0.0	10	1.0	0	0.0	0	0.0	2	0.046511627906976744	36	0.8372093023255814	0	0.0	5	0.11627906976744186	0	0	1	1	0	1	1	19438957	0	0	0
5033.0	1170	0.23246572620703357	223	0.04430757003775084	1805	0.3586330220544407	4568	0.90760977548182	662	0.13153188952910788	13	13	134	0.8181818181818182	2	0.15384615384615385	10	0.7692307692307693	0	0.0	1	0.07692307692307693	2	0.15384615384615385	10	0.7692307692307693	0	0.0	1	0.07692307692307693	12	0.08955223880597014	105	0.7835820895522388	1	0.007462686567164179	16	0.11940298507462686	1	0	1	0	0	1	1	44359035	0	0	0
3551.0	6655	1.8741199662067023	70	0.019712756969867642	4628	1.3032948465221064	4223	1.1892424669107293	567	0.1596733314559279	13	14	134	0.8571428571428571	2	0.15384615384615385	10	0.7692307692307693	0	0.0	1	0.07692307692307693	0	0.0	12	0.8571428571428571	0	0.0	2	0.14285714285714285	16	0.11940298507462686	88	0.6567164179104478	6	0.04477611940298507	24	0.1791044776119403	1	0	0	0	0	0	0	1543429536	0	0	0
2299.0	5717	2.4867333623314485	143	0.06220095693779904	3054	1.3284036537625055	3845	1.6724662896911702	1027	0.44671596346237497	17	6	91	0.2857142857142857	2	0.11764705882352941	14	0.8235294117647058	0	0.0	1	0.058823529411764705	4	0.6666666666666666	2	0.3333333333333333	0	0.0	0	0.0	12	0.13186813186813187	51	0.5604395604395604	2	0.02197802197802198	26	0.2857142857142857	1	0	1	0	0	1	1	802968497831739392	0	0	0
2472.0	9775	3.9542880258899675	113	0.04571197411003236	13495	5.459142394822006	3840	1.5533980582524272	3689	1.492313915857605	14	8	85	0.35714285714285715	2	0.14285714285714285	11	0.7857142857142857	0	0.0	1	0.07142857142857142	0	0.0	5	0.625	2	0.25	1	0.125	11	0.12941176470588237	60	0.7058823529411765	0	0.0	14	0.16470588235294117	1	0	1	1	1	1	1	740178046649565184	0	0	0
5096.0	243	0.04768445839874411	87	0.01707221350078493	277	0.0543563579277865	805	0.15796703296703296	288	0.0565149136577708	11	10	65	0.875	2	0.18181818181818182	8	0.7272727272727273	0	0.0	1	0.09090909090909091	0	0.0	10	1.0	0	0.0	0	0.0	3	0.046153846153846156	50	0.7692307692307693	3	0.046153846153846156	9	0.13846153846153847	0	0	1	1	0	1	1	28089973	0	0	0
1797.0	29483	16.406789092932666	129	0.07178631051752922	7640	4.251530328324986	8642	4.80912632164719	3207	1.7846410684474123	16	14	59	0.9	2	0.125	13	0.8125	0	0.0	1	0.0625	2	0.14285714285714285	12	0.8571428571428571	0	0.0	0	0.0	6	0.1016949152542373	41	0.6949152542372882	0	0.0	12	0.2033898305084746	1	0	0	1	1	0	0	984735466783232000	0	0	0
4612.0	6679	1.4481786643538594	404	0.08759757155247182	8635	1.8722896790980053	16999	3.6858196010407633	4196	0.9098005203816132	17	13	158	0.6	2	0.11764705882352941	14	0.8235294117647058	0	0.0	1	0.058823529411764705	0	0.0	12	0.9230769230769231	0	0.0	1	0.07692307692307693	13	0.08227848101265822	120	0.759493670886076	0	0.0	25	0.15822784810126583	0	0	0	1	0	1	1	172269309	0	0	0
1975.0	173	0.08759493670886076	76	0.03848101265822785	754	0.3817721518987342	2945	1.491139240506329	365	0.1848101265822785	24	11	64	0.6	5	0.20833333333333334	14	0.5833333333333334	0	0.0	5	0.20833333333333334	4	0.36363636363636365	7	0.6363636363636364	0	0.0	0	0.0	7	0.109375	43	0.671875	0	0.0	14	0.21875	1	0	1	1	1	1	0	920193967937019904	0	0	0
1699.0	217	0.12772218952324896	76	0.04473219540906415	127	0.07474985285462037	1471	0.8658034137728076	453	0.266627427898764	13	13	127	0.7777777777777778	2	0.15384615384615385	10	0.7692307692307693	0	0.0	1	0.07692307692307693	0	0.0	12	0.9230769230769231	0	0.0	1	0.07692307692307693	7	0.05511811023622047	98	0.7716535433070866	0	0.0	22	0.1732283464566929	0	0	1	0	0	1	0	1020297087970435072	0	0	1
1729.0	4579	2.6483516483516483	92	0.05320994794679005	1016	0.5876229034123771	2522	1.4586466165413534	721	0.41700404858299595	19	13	160	0.6153846153846154	3	0.15789473684210525	14	0.7368421052631579	0	0.0	2	0.10526315789473684	2	0.15384615384615385	11	0.8461538461538461	0	0.0	0	0.0	10	0.0625	117	0.73125	0	0.0	33	0.20625	1	0	1	0	0	1	1	1009457791554281473	0	0	0
1946.0	4405	2.2636176772867422	81	0.04162384378211716	1540	0.7913669064748201	1793	0.921377183967112	1257	0.6459403905447071	14	11	160	0.5	2	0.14285714285714285	11	0.7857142857142857	0	0.0	1	0.07142857142857142	3	0.2727272727272727	7	0.6363636363636364	0	0.0	1	0.09090909090909091	9	0.05625	122	0.7625	0	0.0	29	0.18125	1	0	1	0	0	1	1	930725836482928640	0	0	0
1745.0	54	0.030945558739255013	65	0.03724928366762178	1336	0.7656160458452722	1959	1.1226361031518626	407	0.2332378223495702	20	14	103	0.6666666666666666	4	0.2	13	0.65	0	0.0	3	0.15	2	0.14285714285714285	12	0.8571428571428571	0	0.0	0	0.0	7	0.06796116504854369	83	0.8058252427184466	0	0.0	13	0.1262135922330097	0	0	0	1	1	1	0	1003656299589132291	0	0	0
2887.0	12	0.004156563907170073	24	0.008313127814340146	12	0.004156563907170073	316	0.10945618288881191	10	0.0034638032559750607	18	14	99	0.7857142857142857	3	0.16666666666666666	12	0.6666666666666666	0	0.0	3	0.16666666666666666	2	0.14285714285714285	11	0.7857142857142857	0	0.0	1	0.07142857142857142	16	0.16161616161616163	58	0.5858585858585859	0	0.0	25	0.25252525252525254	0	0	1	1	1	1	0	3183992596	0	0	1
1896.0	917	0.48364978902953587	102	0.05379746835443038	1121	0.5912447257383966	2047	1.0796413502109705	257	0.13554852320675106	15	14	153	0.9230769230769231	2	0.13333333333333333	12	0.8	0	0.0	1	0.06666666666666667	2	0.14285714285714285	12	0.8571428571428571	0	0.0	0	0.0	15	0.09803921568627451	113	0.738562091503268	1	0.006535947712418301	24	0.1568627450980392	1	0	0	1	1	1	1	948958759560376320	0	0	0
4605.0	397	0.08621064060803474	76	0.016503800217155265	754	0.16373507057546147	3118	0.6770901194353963	344	0.0747014115092291	11	8	94	0.26666666666666666	2	0.18181818181818182	8	0.7272727272727273	0	0.0	1	0.09090909090909091	3	0.375	4	0.5	0	0.0	1	0.125	9	0.09574468085106383	64	0.6808510638297872	4	0.0425531914893617	17	0.18085106382978725	1	0	1	1	1	1	0	175071092	0	0	0
1700.0	27838	16.37529411764706	109	0.06411764705882353	2992	1.76	7055	4.15	502	0.2952941176470588	14	13	111	0.6666666666666666	2	0.14285714285714285	11	0.7857142857142857	0	0.0	1	0.07142857142857142	4	0.3076923076923077	9	0.6923076923076923	0	0.0	0	0.0	9	0.08108108108108109	85	0.7657657657657657	0	0.0	17	0.15315315315315314	1	0	1	1	1	1	1	1019846605044936705	0	0	0
1878.0	7050	3.753993610223642	169	0.08998935037273695	2843	1.5138445154419595	8762	4.665601703940362	270	0.14376996805111822	23	14	137	0.6428571428571429	3	0.13043478260869565	18	0.782608695652174	0	0.0	2	0.08695652173913043	2	0.14285714285714285	12	0.8571428571428571	0	0.0	0	0.0	7	0.051094890510948905	110	0.8029197080291971	0	0.0	20	0.145985401459854	1	0	1	1	1	1	1	955357684013953025	0	0	0
5118.0	0	0.0	14	0.0027354435326299334	1	0.00019538882375928098	116	0.022665103556076593	1	0.00019538882375928098	13	12	0	0.9	2	0.15384615384615385	10	0.7692307692307693	0	0.0	1	0.07692307692307693	2	0.16666666666666666	10	0.8333333333333334	0	0.0	0	0.0	0	0	0	0	0	0	0	0	0	0	0	1	1	0	0	23601044	0	0	1
2284.0	19150	8.384413309982486	214	0.09369527145359019	8030	3.5157618213660244	20840	9.124343257443082	1716	0.7513134851138353	12	9	47	0.5	2	0.16666666666666666	9	0.75	0	0.0	1	0.08333333333333333	2	0.2222222222222222	7	0.7777777777777778	0	0.0	0	0.0	3	0.06382978723404255	28	0.5957446808510638	0	0.0	16	0.3404255319148936	1	0	1	1	1	1	1	808400627084705792	0	0	0
2887.0	0	0.0	4	0.0013855213023900243	1111	0.38482854173882924	14	0.0048493245583650845	0	0.0	6	10	81	0.625	1	0.16666666666666666	5	0.8333333333333334	0	0.0	0	0.0	3	0.3	7	0.7	0	0.0	0	0.0	5	0.06172839506172839	61	0.7530864197530864	0	0.0	15	0.18518518518518517	1	0	1	0	0	1	0	3182600109	1	0	0
4594.0	247	0.05376578145407053	113	0.02459730082716587	322	0.07009142359599478	1963	0.42729647366129736	240	0.052242054854157595	10	9	136	0.875	2	0.2	7	0.7	0	0.0	1	0.1	0	0.0	9	1.0	0	0.0	0	0.0	12	0.08823529411764706	94	0.6911764705882353	2	0.014705882352941176	28	0.20588235294117646	1	0	1	1	0	1	1	179216369	0	0	0
1940.0	35070	18.077319587628867	40	0.020618556701030927	29126	15.01340206185567	5906	3.0443298969072163	687	0.3541237113402062	13	12	158	0.9	2	0.15384615384615385	10	0.7692307692307693	0	0.0	1	0.07692307692307693	2	0.16666666666666666	10	0.8333333333333334	0	0.0	0	0.0	20	0.12658227848101267	103	0.6518987341772152	0	0.0	35	0.22151898734177214	0	0	1	1	1	1	1	932931561015730176	0	0	0
4555.0	4878	1.0709110867178924	171	0.03754116355653128	7532	1.6535675082327113	6564	1.4410537870472009	782	0.1716794731064764	16	10	85	0.23529411764705882	2	0.125	8	0.5	0	0.0	6	0.375	0	0.0	10	1.0	0	0.0	0	0.0	8	0.09411764705882353	62	0.7294117647058823	2	0.023529411764705882	13	0.15294117647058825	1	0	1	0	0	1	1	194535434	0	0	0
4962.0	2643	0.5326481257557436	121	0.024385328496573964	1880	0.3788794840790004	1828	0.3683998387746876	755	0.1521563885530028	11	10	89	0.875	2	0.18181818181818182	8	0.7272727272727273	0	0.0	1	0.09090909090909091	0	0.0	10	1.0	0	0.0	0	0.0	10	0.11235955056179775	67	0.7528089887640449	0	0.0	12	0.1348314606741573	0	0	0	1	0	1	1	65413134	0	0	0
5115.0	4302	0.8410557184750733	2100	0.41055718475073316	7177	1.403128054740958	446871	87.36480938416422	3409	0.6664711632453568	13	9	0	0.7272727272727273	2	0.15384615384615385	7	0.5384615384615384	0	0.0	4	0.3076923076923077	2	0.2222222222222222	7	0.7777777777777778	0	0.0	0	0.0	0	0	0	0	0	0	0	0	1	0	0	1	0	0	1	24158261	0	0	0
4674.0	5907	1.2637997432605905	545	0.11660248181429182	8620	1.844244758237056	35911	7.683140778776209	700	0.14976465554129226	20	10	135	0.6923076923076923	2	0.1	17	0.85	0	0.0	1	0.05	1	0.1	9	0.9	0	0.0	0	0.0	13	0.0962962962962963	80	0.5925925925925926	0	0.0	42	0.3111111111111111	1	0	1	1	0	1	1	149299258	0	0	0
5133.0	2167	0.42217027079680497	122	0.02376777712838496	656	0.12780050652639782	4470	0.8708357685563998	592	0.11533216442626144	21	15	119	0.75	4	0.19047619047619047	14	0.6666666666666666	0	0.0	3	0.14285714285714285	0	0.0	15	1.0	0	0.0	0	0.0	9	0.07563025210084033	98	0.8235294117647058	0	0.0	12	0.10084033613445378	1	0	1	1	1	1	1	21618829	0	0	0
4802.0	2203	0.45876718034152436	228	0.04748021657642649	3331	0.6936693044564765	4482	0.9333610995418575	433	0.090170762182424	8	7	11	0.8571428571428571	2	0.25	5	0.625	0	0.0	1	0.125	2	0.2857142857142857	5	0.7142857142857143	0	0.0	0	0.0	0	0.0	10	0.9090909090909091	0	0.0	1	0.09090909090909091	0	0	1	0	0	1	1	106684561	0	0	0
4850.0	1114	0.22969072164948454	702	0.1447422680412371	4308	0.8882474226804123	48478	9.995463917525774	1035	0.2134020618556701	13	6	147	0.4	2	0.15384615384615385	10	0.7692307692307693	0	0.0	1	0.07692307692307693	0	0.0	6	1.0	0	0.0	0	0.0	19	0.1292517006802721	105	0.7142857142857143	0	0.0	23	0.1564625850340136	1	0	1	1	0	1	1	94363834	0	0	0
4334.0	10508	2.42455006922012	243	0.05606829718504845	13301	3.0689893862482696	7395	1.706275957544993	1708	0.3940932164282418	19	15	157	0.7857142857142857	2	0.10526315789473684	13	0.6842105263157895	0	0.0	4	0.21052631578947367	2	0.13333333333333333	13	0.8666666666666667	0	0.0	0	0.0	21	0.1337579617834395	104	0.6624203821656051	0	0.0	32	0.20382165605095542	0	0	1	1	1	1	1	292151515	0	0	0
4992.0	2	0.00040064102564102563	270	0.054086538461538464	116096	23.256410256410255	4219	0.8451522435897436	34	0.006810897435897436	12	11	0	0.8571428571428571	2	0.16666666666666666	9	0.75	0	0.0	1	0.08333333333333333	2	0.18181818181818182	9	0.8181818181818182	0	0.0	0	0.0	0	0	0	0	0	0	0	0	0	0	0	1	1	1	0	56828167	1	0	0
2681.0	1612	0.6012681835136143	225	0.08392390898918314	3671	1.3692651995524059	37146	13.855277881387542	479	0.17866467735919433	9	11	159	0.6666666666666666	2	0.2222222222222222	6	0.6666666666666666	0	0.0	1	0.1111111111111111	0	0.0	11	1.0	0	0.0	0	0.0	8	0.050314465408805034	125	0.7861635220125787	1	0.006289308176100629	25	0.15723270440251572	1	0	1	0	0	1	1	4164673821	0	0	0
2646.0	1185	0.4478458049886621	83	0.03136810279667423	1790	0.6764928193499622	3654	1.380952380952381	617	0.23318216175359033	12	8	45	0.5	4	0.3333333333333333	6	0.5	0	0.0	2	0.16666666666666666	2	0.25	5	0.625	0	0.0	1	0.125	3	0.06666666666666667	37	0.8222222222222222	0	0.0	5	0.1111111111111111	0	0	1	0	0	1	0	4503658823	0	0	0
5168.0	593	0.11474458204334366	68	0.013157894736842105	645	0.12480650154798761	1695	0.3279798761609907	707	0.13680340557275542	15	14	123	0.5625	4	0.26666666666666666	8	0.5333333333333333	0	0.0	3	0.2	4	0.2857142857142857	8	0.5714285714285714	0	0.0	2	0.14285714285714285	6	0.04878048780487805	103	0.8373983739837398	0	0.0	14	0.11382113821138211	0	0	1	0	0	1	0	19177808	0	0	0
5078.0	7286	1.4348168570303268	351	0.06912170145726663	18329	3.6094919259551004	6787	1.336549822764868	329	0.06478928712091375	12	13	143	0.6363636363636364	2	0.16666666666666666	9	0.75	0	0.0	1	0.08333333333333333	2	0.15384615384615385	10	0.7692307692307693	0	0.0	1	0.07692307692307693	16	0.11188811188811189	104	0.7272727272727273	0	0.0	23	0.16083916083916083	0	0	1	1	0	1	1	33071479	0	0	0
2741.0	475	0.17329441809558555	72	0.026267785479751914	44030	16.063480481576068	6923	2.5257205399489235	6987	2.549069682597592	6	13	103	0.5454545454545454	1	0.16666666666666666	5	0.8333333333333334	0	0.0	0	0.0	1	0.07692307692307693	12	0.9230769230769231	0	0.0	0	0.0	12	0.11650485436893204	65	0.6310679611650486	3	0.02912621359223301	23	0.22330097087378642	0	0	1	0	0	0	0	3629588901	1	0	1
4772.0	504	0.10561609388097234	306	0.06412405699916178	2340	0.490360435875943	13580	2.845766974015088	940	0.1969823973176865	14	13	22	0.9	2	0.14285714285714285	11	0.7857142857142857	0	0.0	1	0.07142857142857142	2	0.15384615384615385	11	0.8461538461538461	0	0.0	0	0.0	2	0.09090909090909091	19	0.8636363636363636	0	0.0	1	0.045454545454545456	1	0	1	1	0	1	1	115614153	0	0	0
3873.0	950	0.2452878905241415	168	0.043377226955848176	2919	0.7536793183578622	9774	2.5236250968241674	3492	0.9016266460108443	12	11	156	0.9090909090909091	2	0.16666666666666666	9	0.75	0	0.0	1	0.08333333333333333	2	0.18181818181818182	9	0.8181818181818182	0	0.0	0	0.0	18	0.11538461538461539	103	0.6602564102564102	8	0.05128205128205128	27	0.17307692307692307	0	0	1	0	0	1	1	741532130	0	0	0
4121.0	18618	4.517835476826013	274	0.06648871633098763	11167	2.7097791798107256	8651	2.099247755399175	1336	0.324193157000728	15	14	151	0.9166666666666666	2	0.13333333333333333	12	0.8	0	0.0	1	0.06666666666666667	2	0.14285714285714285	12	0.8571428571428571	0	0.0	0	0.0	14	0.09271523178807947	103	0.6821192052980133	2	0.013245033112582781	32	0.2119205298013245	1	0	1	1	0	1	1	426582569	0	0	0
2738.0	0	0.0	95	0.03469685902118334	322	0.11760409057706354	456	0.16654492330168005	7	0.002556610664718773	16	7	0	0.46153846153846156	4	0.25	10	0.625	0	0.0	2	0.125	0	0.0	7	1.0	0	0.0	0	0.0	0	0	0	0	0	0	0	0	0	0	1	1	0	1	0	3667108397	0	0	0
5236.0	40893	7.809969442322384	584	0.11153552330022919	33782	6.451871657754011	21232	4.055003819709702	1967	0.37566844919786097	15	12	109	0.6923076923076923	2	0.13333333333333333	9	0.6	0	0.0	4	0.26666666666666666	0	0.0	11	0.9166666666666666	0	0.0	1	0.08333333333333333	8	0.07339449541284404	78	0.7155963302752294	3	0.027522935779816515	20	0.1834862385321101	0	0	1	1	0	1	1	17343047	0	0	0
3892.0	472	0.12127440904419322	68	0.017471736896197326	290	0.07451181911613566	1729	0.4442446043165468	82	0.0210688591983556	13	12	0	0.8888888888888888	2	0.15384615384615385	10	0.7692307692307693	0	0.0	1	0.07692307692307693	2	0.16666666666666666	10	0.8333333333333334	0	0.0	0	0.0	0	0	0	0	0	0	0	0	0	0	0	1	1	0	0	702653022	0	0	0
5063.0	9182	1.8135492790835472	318	0.06280861149516097	14412	2.846533675686352	6682	1.3197708868259925	286	0.05648824807426427	15	14	60	0.9	2	0.13333333333333333	12	0.8	0	0.0	1	0.06666666666666667	2	0.14285714285714285	12	0.8571428571428571	0	0.0	0	0.0	3	0.05	49	0.8166666666666667	0	0.0	8	0.13333333333333333	1	0	1	0	0	1	1	37642893	0	0	0
2795.0	394	0.1409660107334526	32	0.01144901610017889	221	0.07906976744186046	1092	0.39069767441860465	254	0.09087656529516995	17	12	97	0.6428571428571429	4	0.23529411764705882	10	0.5882352941176471	0	0.0	3	0.17647058823529413	2	0.16666666666666666	9	0.75	0	0.0	1	0.08333333333333333	18	0.18556701030927836	55	0.5670103092783505	1	0.010309278350515464	23	0.23711340206185566	0	0	1	0	0	1	0	3384795790	0	0	1
5218.0	19261	3.6912610195477193	1228	0.23533921042545036	30072	5.763127635109237	98096	18.799540053660408	3606	0.6910693752395554	18	14	141	0.7272727272727273	2	0.1111111111111111	13	0.7222222222222222	0	0.0	3	0.16666666666666666	2	0.14285714285714285	12	0.8571428571428571	0	0.0	0	0.0	12	0.0851063829787234	110	0.7801418439716312	1	0.0070921985815602835	18	0.1276595744680851	0	0	1	1	0	1	1	17752770	0	0	0
4949.0	11070	2.2368155182865226	339	0.06849868660335422	11201	2.2632855122246918	28600	5.778945241462922	1027	0.20751667003435037	14	13	125	0.875	2	0.14285714285714285	11	0.7857142857142857	0	0.0	1	0.07142857142857142	2	0.15384615384615385	11	0.8461538461538461	0	0.0	0	0.0	5	0.04	81	0.648	0	0.0	39	0.312	0	0	1	1	0	1	1	68920005	0	0	0
4066.0	56222	13.827348745696016	387	0.09517953762911953	13326	3.277422528283325	50795	12.49262174126906	4932	1.2129857353664535	16	15	112	0.9166666666666666	2	0.125	13	0.8125	0	0.0	1	0.0625	2	0.13333333333333333	13	0.8666666666666667	0	0.0	0	0.0	6	0.05357142857142857	77	0.6875	0	0.0	29	0.25892857142857145	1	0	1	1	1	1	1	475275997	0	0	0
3778.0	21992	5.8210693488618315	161	0.042615140285865535	10426	2.7596611964002116	4861	1.2866596082583377	1468	0.3885653785071466	14	12	155	0.6153846153846154	2	0.14285714285714285	11	0.7857142857142857	0	0.0	1	0.07142857142857142	2	0.16666666666666666	10	0.8333333333333334	0	0.0	0	0.0	7	0.04516129032258064	117	0.7548387096774194	3	0.01935483870967742	28	0.18064516129032257	1	0	1	1	0	1	1	937403112	0	0	0
2739.0	217	0.07922599488864548	6	0.002190580503833516	63364	23.133990507484484	130	0.04746257758305951	0	0.0	5	9	24	0.3333333333333333	1	0.2	4	0.8	0	0.0	0	0.0	2	0.2222222222222222	5	0.5555555555555556	0	0.0	2	0.2222222222222222	2	0.08333333333333333	18	0.75	0	0.0	4	0.16666666666666666	0	0	1	0	0	0	0	3653559016	1	0	1
3053.0	325	0.10645266950540452	68	0.022273173927284638	448	0.1467409105797576	915	0.2997052079921389	267	0.08745496233213233	16	14	23	0.6666666666666666	4	0.25	9	0.5625	0	0.0	3	0.1875	5	0.35714285714285715	8	0.5714285714285714	0	0.0	1	0.07142857142857142	6	0.2608695652173913	12	0.5217391304347826	0	0.0	5	0.21739130434782608	1	0	1	1	1	1	0	2860802891	0	0	0
2653.0	9692	3.653222766679231	56	0.021108179419525065	4749	1.7900490011307952	4103	1.5465510742555597	1079	0.4067093856012062	26	15	95	0.75	3	0.11538461538461539	20	0.7692307692307693	0	0.0	3	0.11538461538461539	2	0.13333333333333333	13	0.8666666666666667	0	0.0	0	0.0	9	0.09473684210526316	66	0.6947368421052632	3	0.031578947368421054	17	0.17894736842105263	0	0	1	1	1	1	0	4429947807	0	0	0
4099.0	1637	0.39936569895096363	109	0.026591851671139304	816	0.19907294462063918	2790	0.6806538180043913	1010	0.2464015613564284	15	11	160	0.6	4	0.26666666666666666	9	0.6	0	0.0	2	0.13333333333333333	2	0.18181818181818182	8	0.7272727272727273	0	0.0	1	0.09090909090909091	10	0.0625	116	0.725	8	0.05	26	0.1625	1	0	1	1	1	1	1	445375409	0	0	0
4602.0	1889	0.4104737070838766	51	0.01108213820078227	5160	1.121251629726206	2114	0.45936549326379833	1848	0.4015645371577575	17	12	69	0.75	2	0.11764705882352941	14	0.8235294117647058	0	0.0	1	0.058823529411764705	3	0.25	9	0.75	0	0.0	0	0.0	3	0.043478260869565216	56	0.8115942028985508	0	0.0	10	0.14492753623188406	1	0	1	0	0	1	0	176104376	0	0	0
4162.0	1884	0.45266698702546854	155	0.03724171071600192	2412	0.5795290725612686	5307	1.2751081210956272	2208	0.5305141758769822	14	14	77	0.8461538461538461	2	0.14285714285714285	11	0.7857142857142857	0	0.0	1	0.07142857142857142	0	0.0	13	0.9285714285714286	0	0.0	1	0.07142857142857142	7	0.09090909090909091	59	0.7662337662337663	0	0.0	11	0.14285714285714285	0	0	1	1	1	1	1	395912134	0	0	1
4874.0	6776	1.3902338941321297	494	0.10135412392285598	8406	1.724661469019286	23750	4.872794419368075	1377	0.2825194911776775	15	15	140	0.8333333333333334	2	0.13333333333333333	12	0.8	0	0.0	1	0.06666666666666667	2	0.13333333333333333	12	0.8	0	0.0	1	0.06666666666666667	13	0.09285714285714286	96	0.6857142857142857	8	0.05714285714285714	23	0.16428571428571428	0	0	1	1	1	0	1	88630242	0	0	0
5139.0	106341	20.692936368943375	432	0.0840630472854641	54765	10.656742556917688	15494	3.014983459817085	3449	0.6711422455730687	13	10	65	0.6363636363636364	2	0.15384615384615385	10	0.7692307692307693	0	0.0	1	0.07692307692307693	2	0.2	8	0.8	0	0.0	0	0.0	7	0.1076923076923077	47	0.7230769230769231	0	0.0	11	0.16923076923076924	0	0	1	1	0	1	1	21144568	0	0	0
4979.0	4265	0.8565977103836112	291	0.05844547097810805	22885	4.596304478811006	6175	1.2402088772845954	91	0.018276762402088774	12	11	121	0.9	2	0.16666666666666666	9	0.75	0	0.0	1	0.08333333333333333	0	0.0	11	1.0	0	0.0	0	0.0	10	0.08264462809917356	78	0.6446280991735537	12	0.09917355371900827	21	0.17355371900826447	0	0	1	1	0	0	1	60630139	0	0	0
5001.0	0	0.0	42	0.008398320335932814	1	0.0001999600079984003	160	0.03199360127974405	0	0.0	14	15	50	0.75	2	0.14285714285714285	11	0.7857142857142857	0	0.0	1	0.07142857142857142	2	0.13333333333333333	13	0.8666666666666667	0	0.0	0	0.0	3	0.06	43	0.86	0	0.0	4	0.08	0	0	1	1	0	1	0	53945479	0	0	1
4121.0	2472	0.599854404270808	239	0.05799563212812424	4440	1.0774083960203833	9119	2.212812424168891	412	0.09997573404513467	18	11	9	0.4666666666666667	2	0.1111111111111111	15	0.8333333333333334	0	0.0	1	0.05555555555555555	0	0.0	10	0.9090909090909091	0	0.0	1	0.09090909090909091	0	0.0	8	0.8888888888888888	0	0.0	1	0.1111111111111111	1	0	1	1	0	1	1	426403057	0	0	0
3906.0	26623	6.815924219150026	1580	0.40450588837685614	19408	4.968766001024066	224423	57.45596518177163	2035	0.5209933435739887	21	14	128	0.7142857142857143	3	0.14285714285714285	16	0.7619047619047619	0	0.0	2	0.09523809523809523	2	0.14285714285714285	12	0.8571428571428571	0	0.0	0	0.0	11	0.0859375	90	0.703125	0	0.0	27	0.2109375	1	0	0	1	0	1	1	626287930	0	0	0
5021.0	2	0.00039832702648874725	2113	0.4208325034853615	2322	0.46245767775343555	681240	135.67815176259708	64	0.012746464847639912	17	12	34	0.8333333333333334	2	0.11764705882352941	14	0.8235294117647058	0	0.0	1	0.058823529411764705	2	0.16666666666666666	10	0.8333333333333334	0	0.0	0	0.0	3	0.08823529411764706	28	0.8235294117647058	0	0.0	3	0.08823529411764706	0	0	1	1	0	1	1	47375691	0	0	0
2641.0	1607	0.6084816357440364	74	0.028019689511548655	1488	0.5634229458538432	1659	0.6281711472926922	523	0.19803104884513442	15	14	98	0.9090909090909091	2	0.13333333333333333	12	0.8	0	0.0	1	0.06666666666666667	2	0.14285714285714285	12	0.8571428571428571	0	0.0	0	0.0	7	0.07142857142857142	65	0.6632653061224489	8	0.08163265306122448	18	0.1836734693877551	0	0	1	0	0	1	1	4557858142	0	0	0
2173.0	16	0.007363092498849517	245	0.11274735388863323	687	0.3161527841693511	45982	21.160607455131156	2687	1.2365393465255408	19	14	74	0.8333333333333334	3	0.15789473684210525	13	0.6842105263157895	0	0.0	3	0.15789473684210525	2	0.14285714285714285	12	0.8571428571428571	0	0.0	0	0.0	7	0.0945945945945946	59	0.7972972972972973	0	0.0	8	0.10810810810810811	0	0	0	1	1	1	1	848618993015500802	0	0	1
2502.0	305	0.12190247801758593	69	0.027577937649880094	1049	0.41926458832933655	2916	1.1654676258992807	140	0.055955235811350916	20	12	137	0.5625	6	0.3	10	0.5	0	0.0	4	0.2	2	0.16666666666666666	9	0.75	0	0.0	1	0.08333333333333333	12	0.08759124087591241	105	0.7664233576642335	0	0.0	20	0.145985401459854	0	0	1	1	1	1	1	729360191263780867	0	0	0
4094.0	18418	4.498778700537372	247	0.06033219345383488	9637	2.353932584269663	5651	1.3803126526624327	676	0.16511968734733756	15	8	112	0.4166666666666667	2	0.13333333333333333	12	0.8	0	0.0	1	0.06666666666666667	5	0.625	3	0.375	0	0.0	0	0.0	9	0.08035714285714286	81	0.7232142857142857	3	0.026785714285714284	19	0.16964285714285715	1	0	1	1	1	1	1	449619355	0	0	0
3606.0	67	0.01858014420410427	36	0.009983361064891847	196	0.05435385468663339	718	0.19911259012756516	49	0.013588463671658347	13	13	65	0.8181818181818182	2	0.15384615384615385	10	0.7692307692307693	0	0.0	1	0.07692307692307693	0	0.0	12	0.9230769230769231	0	0.0	1	0.07692307692307693	11	0.16923076923076924	37	0.5692307692307692	6	0.09230769230769231	11	0.16923076923076924	0	0	1	1	1	1	1	1391879604	0	0	0
4843.0	22444	4.634317571753046	162	0.03345034069791451	699	0.1443320256039645	2485	0.5131117076192443	857	0.1769564319636589	14	10	75	0.5833333333333334	2	0.14285714285714285	11	0.7857142857142857	0	0.0	1	0.07142857142857142	0	0.0	10	1.0	0	0.0	0	0.0	9	0.12	56	0.7466666666666667	0	0.0	10	0.13333333333333333	0	0	1	1	1	1	1	95905207	0	0	0
5277.0	10808	2.048133409133978	1180	0.22361190070115597	100728	19.088118249005117	43233	8.192723138146674	2541	0.4815235929505401	50	5	136	0.25	3	0.06	41	0.82	0	0.0	6	0.12	0	0.0	5	1.0	0	0.0	0	0.0	16	0.11764705882352941	96	0.7058823529411765	0	0.0	24	0.17647058823529413	1	0	1	1	0	1	1	16557497	0	0	0
5336.0	10713	2.0076836581709148	309	0.05790854572713643	6347	1.1894677661169415	14057	2.6343703148425788	1202	0.2252623688155922	15	6	48	0.38461538461538464	2	0.13333333333333333	12	0.8	0	0.0	1	0.06666666666666667	0	0.0	6	1.0	0	0.0	0	0.0	4	0.08333333333333333	39	0.8125	0	0.0	5	0.10416666666666667	0	0	0	1	0	1	1	15722010	0	0	0
3821.0	5601	1.4658466370060195	545	0.14263281863386548	7512	1.9659774928029312	41161	10.772310913373463	613	0.16042920701387073	18	11	146	0.5833333333333334	2	0.1111111111111111	12	0.6666666666666666	0	0.0	4	0.2222222222222222	0	0.0	10	0.9090909090909091	0	0.0	1	0.09090909090909091	24	0.1643835616438356	91	0.6232876712328768	8	0.0547945205479452	23	0.15753424657534246	0	0	1	0	0	1	1	849012308	0	0	0
5290.0	62342	11.784877126654065	258	0.04877126654064272	24206	4.575803402646502	10685	2.0198487712665405	1982	0.37466918714555764	16	10	52	0.6923076923076923	2	0.125	13	0.8125	0	0.0	1	0.0625	0	0.0	10	1.0	0	0.0	0	0.0	7	0.1346153846153846	30	0.5769230769230769	0	0.0	15	0.28846153846153844	0	0	0	1	1	0	1	16361044	0	0	0
4126.0	18609	4.510179350460494	234	0.05671352399418323	21547	5.222249151720795	12204	2.9578284052350945	3618	0.8768783325254483	11	6	156	0.4166666666666667	2	0.18181818181818182	8	0.7272727272727273	0	0.0	1	0.09090909090909091	2	0.3333333333333333	4	0.6666666666666666	0	0.0	0	0.0	9	0.057692307692307696	92	0.5897435897435898	0	0.0	55	0.3525641025641026	1	0	1	1	1	1	1	422569574	0	0	0
3792.0	1	0.00026371308016877635	113	0.02979957805907173	697	0.18380801687763712	980	0.25843881856540085	0	0.0	16	15	87	0.9	2	0.125	13	0.8125	0	0.0	1	0.0625	2	0.13333333333333333	13	0.8666666666666667	0	0.0	0	0.0	10	0.11494252873563218	60	0.6896551724137931	2	0.022988505747126436	15	0.1724137931034483	0	0	0	1	0	1	0	906847944	0	0	0
5241.0	11384	2.1721045601984352	759	0.14481969089868346	12438	2.373211219232971	30932	5.901927113146346	1195	0.22800992177065446	11	11	145	1.0	2	0.18181818181818182	9	0.8181818181818182	0	0.0	0	0.0	2	0.18181818181818182	9	0.8181818181818182	0	0.0	0	0.0	15	0.10344827586206896	101	0.696551724137931	2	0.013793103448275862	27	0.18620689655172415	1	0	0	1	1	1	1	17229513	0	0	0
1864.0	5808	3.11587982832618	181	0.0971030042918455	2211	1.1861587982832618	14132	7.581545064377682	1526	0.8186695278969958	16	9	59	0.6	3	0.1875	11	0.6875	0	0.0	2	0.125	2	0.2222222222222222	7	0.7777777777777778	0	0.0	0	0.0	7	0.11864406779661017	45	0.7627118644067796	0	0.0	7	0.11864406779661017	1	0	1	1	1	1	1	960463104537657344	0	0	0
5141.0	526	0.10231472476171952	184	0.03579070219801595	1906	0.37074499124683913	2562	0.49834662517020034	1240	0.2411982104648901	13	13	0	0.8	2	0.15384615384615385	10	0.7692307692307693	0	0.0	1	0.07692307692307693	2	0.15384615384615385	11	0.8461538461538461	0	0.0	0	0.0	0	0	0	0	0	0	0	0	1	0	1	0	0	1	1	20916357	0	0	0
5053.0	25137	4.974668513754206	282	0.05580843063526618	27620	5.466059766475361	4600	0.9103502869582426	182	0.03601820700573916	18	11	61	0.6923076923076923	2	0.1111111111111111	15	0.8333333333333334	0	0.0	1	0.05555555555555555	2	0.18181818181818182	9	0.8181818181818182	0	0.0	0	0.0	6	0.09836065573770492	50	0.819672131147541	0	0.0	5	0.08196721311475409	0	0	1	1	0	1	1	39938182	0	0	0
2615.0	12258	4.687571701720842	74	0.02829827915869981	5506	2.1055449330783937	3171	1.2126195028680689	1563	0.5977055449330784	15	14	29	0.9230769230769231	2	0.13333333333333333	12	0.8	0	0.0	1	0.06666666666666667	2	0.14285714285714285	12	0.8571428571428571	0	0.0	0	0.0	0	0.0	26	0.896551724137931	0	0.0	3	0.10344827586206896	1	0	1	1	0	1	1	4819478705	0	0	0
4191.0	7188	1.7151037938439513	2357	0.5623956096397041	13169	3.142209496540205	304531	72.66308756859938	1564	0.3731806251491291	14	13	101	0.8888888888888888	2	0.14285714285714285	11	0.7857142857142857	0	0.0	1	0.07142857142857142	0	0.0	13	1.0	0	0.0	0	0.0	12	0.1188118811881188	71	0.7029702970297029	0	0.0	18	0.1782178217821782	0	0	1	1	1	1	1	378693834	0	0	0
4340.0	4696	1.0820276497695853	586	0.13502304147465438	6343	1.461520737327189	63673	14.671198156682028	733	0.16889400921658987	12	11	94	0.9	2	0.16666666666666666	9	0.75	0	0.0	1	0.08333333333333333	2	0.18181818181818182	9	0.8181818181818182	0	0.0	0	0.0	11	0.11702127659574468	53	0.5638297872340425	0	0.0	30	0.3191489361702128	1	0	1	0	0	1	1	288696645	0	0	0
5010.0	4802	0.9584830339321357	304	0.06067864271457086	6272	1.2518962075848303	4452	0.888622754491018	766	0.1528942115768463	24	9	53	0.5333333333333333	3	0.125	19	0.7916666666666666	0	0.0	2	0.08333333333333333	0	0.0	9	1.0	0	0.0	0	0.0	9	0.16981132075471697	32	0.6037735849056604	0	0.0	12	0.22641509433962265	1	0	1	0	0	1	1	50932086	0	0	0
5128.0	21577	4.207683307332293	880	0.17160686427457097	26144	5.098283931357254	183442	35.772620904836195	1824	0.35569422776911075	16	11	129	0.7	3	0.1875	10	0.625	0	0.0	3	0.1875	0	0.0	11	1.0	0	0.0	0	0.0	9	0.06976744186046512	93	0.7209302325581395	0	0.0	27	0.20930232558139536	1	0	1	0	0	1	1	22260144	0	0	0
3457.0	277	0.08012727798669367	119	0.03442291003760486	695	0.20104136534567543	2038	0.5895284929129303	135	0.03905120046282904	13	13	56	0.6153846153846154	3	0.23076923076923078	7	0.5384615384615384	0	0.0	3	0.23076923076923078	3	0.23076923076923078	8	0.6153846153846154	0	0.0	2	0.15384615384615385	4	0.07142857142857142	46	0.8214285714285714	0	0.0	6	0.10714285714285714	1	0	0	1	1	1	1	1906911697	0	0	0
3211.0	35569	11.077234506384304	111	0.03456867019620056	18774	5.846776705076301	10256	3.194020554344441	2834	0.8825910931174089	21	10	59	0.35714285714285715	5	0.23809523809523808	11	0.5238095238095238	0	0.0	5	0.23809523809523808	3	0.3	6	0.6	0	0.0	1	0.1	14	0.23728813559322035	31	0.5254237288135594	0	0.0	14	0.23728813559322035	0	0	1	1	1	1	1	2535401947	0	0	0
4752.0	8842	1.8606902356902357	2749	0.578493265993266	19817	4.170244107744108	684551	144.05534511784512	1513	0.3183922558922559	17	9	117	0.5384615384615384	2	0.11764705882352941	14	0.8235294117647058	0	0.0	1	0.058823529411764705	0	0.0	8	0.8888888888888888	0	0.0	1	0.1111111111111111	11	0.09401709401709402	84	0.717948717948718	0	0.0	22	0.18803418803418803	1	0	1	0	0	1	1	122104353	0	0	0
3620.0	3368	0.9303867403314917	96	0.026519337016574586	3573	0.9870165745856354	2318	0.6403314917127072	2051	0.5665745856353591	16	8	133	0.6363636363636364	2	0.125	13	0.8125	0	0.0	1	0.0625	0	0.0	8	1.0	0	0.0	0	0.0	11	0.08270676691729323	98	0.7368421052631579	0	0.0	24	0.18045112781954886	1	0	1	1	1	1	1	1356753444	0	0	0
2720.0	4321	1.5886029411764706	125	0.04595588235294118	662	0.24338235294117647	5957	2.1900735294117646	430	0.15808823529411764	13	12	108	0.9090909090909091	2	0.15384615384615385	10	0.7692307692307693	0	0.0	1	0.07692307692307693	2	0.16666666666666666	10	0.8333333333333334	0	0.0	0	0.0	5	0.046296296296296294	90	0.8333333333333334	0	0.0	13	0.12037037037037036	1	0	1	1	1	1	1	3852561082	0	0	0
5267.0	44616	8.470856274919308	449	0.08524776912853617	23904	4.538446933738371	37168	7.056768558951965	3625	0.688247579267135	12	11	149	0.8888888888888888	2	0.16666666666666666	9	0.75	0	0.0	1	0.08333333333333333	0	0.0	11	1.0	0	0.0	0	0.0	11	0.0738255033557047	97	0.6510067114093959	0	0.0	41	0.2751677852348993	1	0	1	1	0	1	1	16706236	0	0	0
2639.0	135	0.051155740810913224	96	0.03637741568776052	321	0.12163698370594922	1351	0.5119363395225465	162	0.06138688897309587	15	14	69	0.9090909090909091	2	0.13333333333333333	12	0.8	0	0.0	1	0.06666666666666667	2	0.14285714285714285	12	0.8571428571428571	0	0.0	0	0.0	6	0.08695652173913043	51	0.7391304347826086	0	0.0	12	0.17391304347826086	1	0	1	0	0	1	1	4577700622	0	0	0
3521.0	3950	1.121840386253905	239	0.06787844362397047	2539	0.7211019596705481	8215	2.3331439931837545	943	0.2678216415790968	15	14	156	0.9	2	0.13333333333333333	12	0.8	0	0.0	1	0.06666666666666667	0	0.0	14	1.0	0	0.0	0	0.0	13	0.08333333333333333	116	0.7435897435897436	0	0.0	27	0.17307692307692307	1	0	1	1	1	1	1	1617177360	0	0	0
2240.0	202	0.09017857142857143	63	0.028125	1083	0.48348214285714286	2565	1.1450892857142858	130	0.05803571428571429	25	9	156	0.5	4	0.16	13	0.52	0	0.0	8	0.32	2	0.2222222222222222	7	0.7777777777777778	0	0.0	0	0.0	17	0.10897435897435898	91	0.5833333333333334	16	0.10256410256410256	32	0.20512820512820512	0	0	1	1	1	0	0	824210890354520064	0	0	1
2322.0	3172	1.3660637381567615	67	0.02885443583118002	2160	0.9302325581395349	2306	0.9931093884582257	586	0.2523686477174849	18	15	43	0.7142857142857143	4	0.2222222222222222	11	0.6111111111111112	0	0.0	3	0.16666666666666666	4	0.26666666666666666	11	0.7333333333333333	0	0.0	0	0.0	8	0.18604651162790697	22	0.5116279069767442	3	0.06976744186046512	10	0.23255813953488372	1	0	1	1	1	1	0	794628172570619904	0	0	0
4296.0	30640	7.132216014897579	127	0.029562383612662942	7231	1.683193668528864	3911	0.9103817504655494	2333	0.5430633147113594	13	12	156	0.9	2	0.15384615384615385	10	0.7692307692307693	0	0.0	1	0.07692307692307693	0	0.0	12	1.0	0	0.0	0	0.0	22	0.14102564102564102	110	0.7051282051282052	0	0.0	24	0.15384615384615385	0	0	1	1	1	1	1	314534724	0	0	0
4716.0	1902	0.4033078880407125	217	0.04601357082273113	2997	0.6354961832061069	2349	0.49809160305343514	599	0.12701441899915183	15	14	154	0.9090909090909091	2	0.13333333333333333	12	0.8	0	0.0	1	0.06666666666666667	0	0.0	14	1.0	0	0.0	0	0.0	11	0.07142857142857142	120	0.7792207792207793	0	0.0	23	0.14935064935064934	1	0	1	0	0	1	1	133770069	0	0	0
2868.0	256	0.08926080892608089	57	0.0198744769874477	978	0.3410041841004184	1521	0.5303347280334728	244	0.08507670850767085	19	14	44	0.6428571428571429	4	0.21052631578947367	12	0.631578947368421	0	0.0	3	0.15789473684210525	2	0.14285714285714285	11	0.7857142857142857	0	0.0	1	0.07142857142857142	8	0.18181818181818182	28	0.6363636363636364	0	0.0	8	0.18181818181818182	0	0	1	0	0	1	0	3242322815	0	0	0
3760.0	1803	0.47952127659574467	221	0.05877659574468085	2047	0.5444148936170212	3729	0.9917553191489362	1218	0.32393617021276594	14	13	159	0.8888888888888888	2	0.14285714285714285	11	0.7857142857142857	0	0.0	1	0.07142857142857142	2	0.15384615384615385	11	0.8461538461538461	0	0.0	0	0.0	14	0.0880503144654088	116	0.7295597484276729	0	0.0	29	0.18238993710691823	0	0	0	1	0	1	1	974367631	0	0	0
2264.0	424	0.1872791519434629	192	0.08480565371024736	621	0.2742932862190813	19657	8.682420494699647	529	0.2336572438162544	26	15	91	0.5294117647058824	5	0.19230769230769232	17	0.6538461538461539	0	0.0	4	0.15384615384615385	3	0.2	11	0.7333333333333333	0	0.0	1	0.06666666666666667	13	0.14285714285714285	55	0.6043956043956044	3	0.03296703296703297	20	0.21978021978021978	0	0	1	1	1	1	1	815699423057637381	0	0	0
4074.0	11786	2.8929798723613156	220	0.054000981836033385	4456	1.0937653411880217	8596	2.1099656357388317	1670	0.4099165439371625	13	8	141	0.6666666666666666	2	0.15384615384615385	10	0.7692307692307693	0	0.0	1	0.07692307692307693	2	0.25	6	0.75	0	0.0	0	0.0	20	0.14184397163120568	92	0.6524822695035462	0	0.0	29	0.20567375886524822	1	0	0	1	1	1	1	467381196	0	0	0
1888.0	6374	3.3760593220338984	95	0.05031779661016949	2751	1.4570974576271187	2162	1.1451271186440677	519	0.2748940677966102	18	13	155	0.6428571428571429	4	0.2222222222222222	11	0.6111111111111112	0	0.0	3	0.16666666666666666	2	0.15384615384615385	10	0.7692307692307693	0	0.0	1	0.07692307692307693	12	0.07741935483870968	114	0.7354838709677419	0	0.0	29	0.1870967741935484	1	0	1	0	0	1	1	951773879822880768	0	0	0
5209.0	3551	0.6817047417930505	429	0.0823574582453446	6658	1.2781723939335765	8670	1.6644269533499711	1520	0.2918026492608946	11	11	111	1.0	0	0.0	11	1.0	0	0.0	0	0.0	0	0.0	11	1.0	0	0.0	0	0.0	23	0.2072072072072072	68	0.6126126126126126	0	0.0	20	0.18018018018018017	1	0	1	1	0	1	1	18000943	0	0	0
3574.0	10708	2.996082820369334	283	0.07918298824846111	8079	2.260492445439284	10334	2.8914381645215443	3619	1.0125909345271404	24	15	138	0.625	5	0.20833333333333334	14	0.5833333333333334	0	0.0	5	0.20833333333333334	0	0.0	14	0.9333333333333333	0	0.0	1	0.06666666666666667	11	0.07971014492753623	104	0.7536231884057971	0	0.0	23	0.16666666666666666	1	0	1	1	1	1	1	1475734592	0	0	0
1738.0	716	0.41196777905638665	77	0.04430379746835443	414	0.238204833141542	1530	0.8803222094361335	218	0.12543153049482164	23	14	107	0.7333333333333333	3	0.13043478260869565	18	0.782608695652174	0	0.0	2	0.08695652173913043	0	0.0	14	1.0	0	0.0	0	0.0	8	0.07476635514018691	76	0.7102803738317757	3	0.028037383177570093	20	0.18691588785046728	0	0	1	0	0	1	0	1006099793888841729	0	0	0
2915.0	13854	4.7526586620926246	127	0.04356775300171527	10453	3.585934819897084	9964	3.418181818181818	897	0.3077186963979417	18	14	43	0.5625	4	0.2222222222222222	11	0.6111111111111112	0	0.0	3	0.16666666666666666	2	0.14285714285714285	11	0.7857142857142857	0	0.0	1	0.07142857142857142	7	0.16279069767441862	28	0.6511627906976745	0	0.0	8	0.18604651162790697	0	0	1	1	1	1	0	3105025175	0	0	1
4966.0	911	0.18344744260974627	126	0.025372533225936366	436	0.0877970197341925	1639	0.3300443012484897	474	0.09544905356423682	13	6	157	0.45454545454545453	2	0.15384615384615385	10	0.7692307692307693	0	0.0	1	0.07692307692307693	0	0.0	6	1.0	0	0.0	0	0.0	19	0.12101910828025478	110	0.7006369426751592	3	0.01910828025477707	25	0.1592356687898089	1	0	1	0	0	1	1	64220313	0	0	0
5105.0	962	0.18844270323212536	266	0.052105778648383935	2208	0.4325171400587659	4162	0.815279138099902	160	0.031341821743388835	31	5	93	0.16666666666666666	5	0.16129032258064516	23	0.7419354838709677	0	0.0	3	0.0967741935483871	0	0.0	3	0.6	2	0.4	0	0.0	11	0.11827956989247312	71	0.7634408602150538	0	0.0	11	0.11827956989247312	1	0	1	1	0	1	1	25980076	0	0	0
5008.0	3780	0.7547923322683706	309	0.06170127795527156	14332	2.8618210862619806	6931	1.3839856230031948	4262	0.8510383386581469	15	14	94	0.9	2	0.13333333333333333	12	0.8	0	0.0	1	0.06666666666666667	2	0.14285714285714285	12	0.8571428571428571	0	0.0	0	0.0	11	0.11702127659574468	60	0.6382978723404256	0	0.0	23	0.24468085106382978	1	0	1	0	0	1	1	51752254	0	0	0
5270.0	5164	0.9798861480075901	830	0.15749525616698293	18833	3.5736242884250475	55390	10.51043643263757	2969	0.5633776091081594	14	9	117	0.6666666666666666	2	0.14285714285714285	11	0.7857142857142857	0	0.0	1	0.07142857142857142	0	0.0	9	1.0	0	0.0	0	0.0	10	0.08547008547008547	82	0.7008547008547008	0	0.0	25	0.21367521367521367	1	0	1	1	0	1	1	16674128	0	0	0
5032.0	5730	1.1387122416534181	57	0.011327503974562798	992	0.1971383147853736	1583	0.3145866454689984	703	0.13970588235294118	16	15	158	0.8888888888888888	2	0.125	13	0.8125	0	0.0	1	0.0625	2	0.13333333333333333	13	0.8666666666666667	0	0.0	0	0.0	16	0.10126582278481013	118	0.7468354430379747	0	0.0	24	0.1518987341772152	1	0	1	1	1	1	1	44608858	0	0	0
5214.0	66292	12.714230916762562	370	0.07096279248177982	32753	6.281741465285769	7826	1.500958956655159	2446	0.4691215957038742	25	4	62	0.16666666666666666	3	0.12	15	0.6	0	0.0	7	0.28	3	0.75	0	0.0	0	0.0	1	0.25	7	0.11290322580645161	43	0.6935483870967742	0	0.0	12	0.1935483870967742	1	0	1	1	0	1	1	17870195	0	0	0
2150.0	10	0.004651162790697674	64	0.029767441860465118	10	0.004651162790697674	665	0.30930232558139537	146	0.06790697674418604	13	15	110	0.7333333333333333	2	0.15384615384615385	10	0.7692307692307693	0	0.0	1	0.07692307692307693	4	0.26666666666666666	11	0.7333333333333333	0	0.0	0	0.0	9	0.08181818181818182	83	0.7545454545454545	4	0.03636363636363636	14	0.12727272727272726	0	0	1	1	1	0	0	857001941305634816	0	0	1
5065.0	3479	0.6868706811451135	537	0.10602171767028627	11514	2.2732477788746297	17200	3.395853899308983	1025	0.20236920039486672	16	9	88	0.26666666666666666	2	0.125	13	0.8125	0	0.0	1	0.0625	0	0.0	8	0.8888888888888888	0	0.0	1	0.1111111111111111	13	0.14772727272727273	60	0.6818181818181818	0	0.0	15	0.17045454545454544	1	0	1	0	0	1	1	37105136	0	0	0
3969.0	9790	2.4666162761400856	153	0.03854875283446712	2964	0.7467876039304611	3089	0.7782816830435878	719	0.18115394305870497	13	12	133	0.8888888888888888	2	0.15384615384615385	10	0.7692307692307693	0	0.0	1	0.07692307692307693	2	0.16666666666666666	10	0.8333333333333334	0	0.0	0	0.0	4	0.03007518796992481	101	0.7593984962406015	8	0.06015037593984962	20	0.15037593984962405	0	0	0	0	0	0	1	569257486	0	0	0
5115.0	21444	4.192375366568915	291	0.05689149560117302	8453	1.6525904203323558	7640	1.4936461388074291	1513	0.2957966764418377	14	11	135	0.4375	2	0.14285714285714285	11	0.7857142857142857	0	0.0	1	0.07142857142857142	3	0.2727272727272727	8	0.7272727272727273	0	0.0	0	0.0	10	0.07407407407407407	107	0.7925925925925926	0	0.0	18	0.13333333333333333	1	0	1	0	0	1	1	24178198	0	0	0
3180.0	9255	2.910377358490566	170	0.05345911949685535	7563	2.378301886792453	5713	1.7965408805031446	2108	0.6628930817610063	16	14	153	0.6428571428571429	2	0.125	13	0.8125	0	0.0	1	0.0625	2	0.14285714285714285	11	0.7857142857142857	0	0.0	1	0.07142857142857142	16	0.10457516339869281	121	0.7908496732026143	0	0.0	16	0.10457516339869281	1	0	1	1	0	1	1	2596171296	0	0	0
2889.0	0	0.0	26	0.008999653859466944	54526	18.873658705434405	901	0.3118726202838352	0	0.0	11	12	84	0.7272727272727273	2	0.18181818181818182	8	0.7272727272727273	0	0.0	1	0.09090909090909091	4	0.3333333333333333	8	0.6666666666666666	0	0.0	0	0.0	2	0.023809523809523808	70	0.8333333333333334	0	0.0	12	0.14285714285714285	0	0	1	0	0	1	0	3176656468	1	0	0
1869.0	13202	7.063670411985019	43	0.023006955591225255	1488	0.7961476725521669	1329	0.7110754414125201	626	0.33493846976993047	18	10	84	0.46153846153846156	2	0.1111111111111111	15	0.8333333333333334	0	0.0	1	0.05555555555555555	0	0.0	9	0.9	0	0.0	1	0.1	8	0.09523809523809523	53	0.6309523809523809	8	0.09523809523809523	15	0.17857142857142858	0	0	0	1	1	1	1	958634602905718785	0	0	0
1997.0	474	0.2373560340510766	112	0.05608412618928393	1339	0.6705057586379569	6389	3.199298948422634	483	0.24186279419128692	13	12	96	0.8	2	0.15384615384615385	10	0.7692307692307693	0	0.0	1	0.07692307692307693	2	0.16666666666666666	10	0.8333333333333334	0	0.0	0	0.0	13	0.13541666666666666	62	0.6458333333333334	2	0.020833333333333332	19	0.19791666666666666	1	0	1	1	1	1	1	912223443231428609	0	0	0
3126.0	25	0.00799744081893794	46	0.01471529110684581	469	0.15003198976327575	580	0.1855406269993602	31	0.009916826615483045	17	13	99	0.5333333333333333	2	0.11764705882352941	14	0.8235294117647058	0	0.0	1	0.058823529411764705	0	0.0	12	0.9230769230769231	0	0.0	1	0.07692307692307693	13	0.13131313131313133	74	0.7474747474747475	0	0.0	12	0.12121212121212122	0	0	1	1	1	1	1	2758602415	0	0	0
2855.0	192	0.06725043782837128	3379	1.18353765323993	10618	3.719089316987741	1086305	380.492119089317	306	0.10718038528896673	21	15	90	0.625	3	0.14285714285714285	15	0.7142857142857143	0	0.0	3	0.14285714285714285	2	0.13333333333333333	12	0.8	0	0.0	1	0.06666666666666667	5	0.05555555555555555	74	0.8222222222222222	0	0.0	11	0.12222222222222222	0	0	1	1	0	1	1	3292982985	0	0	0
4928.0	16687	3.3861607142857144	153	0.031047077922077924	10915	2.2148944805194803	8860	1.7978896103896105	1547	0.31392045454545453	18	10	159	0.2857142857142857	4	0.2222222222222222	12	0.6666666666666666	0	0.0	2	0.1111111111111111	10	1.0	0	0.0	0	0.0	0	0.0	10	0.06289308176100629	116	0.7295597484276729	0	0.0	33	0.20754716981132076	1	0	1	0	0	1	1	74837812	0	0	0
2146.0	20753	9.670549860205032	131	0.06104380242311277	7960	3.7092264678471576	4898	2.282385834109972	1906	0.8881640260950606	13	13	149	0.7777777777777778	2	0.15384615384615385	10	0.7692307692307693	0	0.0	1	0.07692307692307693	0	0.0	12	0.9230769230769231	0	0.0	1	0.07692307692307693	15	0.10067114093959731	101	0.6778523489932886	0	0.0	33	0.2214765100671141	1	0	1	0	0	1	1	858362895075340288	0	0	0
1994.0	15901	7.974423269809428	154	0.07723169508525576	2908	1.4583751253761283	10725	5.37863590772317	3672	1.8415245737211634	20	13	89	0.8461538461538461	4	0.2	12	0.6	0	0.0	4	0.2	0	0.0	13	1.0	0	0.0	0	0.0	6	0.06741573033707865	65	0.7303370786516854	0	0.0	18	0.20224719101123595	1	0	1	1	1	1	1	913327957602693121	0	0	0
2238.0	3279	1.46514745308311	102	0.045576407506702415	2388	1.0670241286863271	2495	1.114834673815907	891	0.39812332439678283	18	14	133	0.7692307692307693	2	0.1111111111111111	12	0.6666666666666666	0	0.0	4	0.2222222222222222	2	0.14285714285714285	12	0.8571428571428571	0	0.0	0	0.0	10	0.07518796992481203	98	0.7368421052631579	0	0.0	25	0.18796992481203006	0	0	1	1	1	1	1	825069798140833794	0	0	1
2746.0	999	0.36380189366351057	107	0.03896576839038601	702	0.2556445739257101	5447	1.9836125273124545	701	0.2552804078659869	14	14	58	0.8	2	0.14285714285714285	11	0.7857142857142857	0	0.0	1	0.07142857142857142	2	0.14285714285714285	12	0.8571428571428571	0	0.0	0	0.0	8	0.13793103448275862	44	0.7586206896551724	0	0.0	6	0.10344827586206896	0	0	1	0	0	1	1	3577737256	0	0	0
3301.0	220	0.06664647076643442	49	0.014843986670705847	220	0.06664647076643442	1299	0.3935171160254468	281	0.08512571947894577	17	12	49	0.5	3	0.17647058823529413	12	0.7058823529411765	0	0.0	2	0.11764705882352941	0	0.0	12	1.0	0	0.0	0	0.0	7	0.14285714285714285	32	0.6530612244897959	2	0.04081632653061224	8	0.16326530612244897	0	0	1	1	1	1	1	2373251115	0	0	0
2357.0	427	0.18116249469664827	93	0.03945693678404752	444	0.18837505303351718	2967	1.2588035638523547	354	0.1501909206618583	40	13	47	0.391304347826087	6	0.15	29	0.725	0	0.0	5	0.125	2	0.15384615384615385	11	0.8461538461538461	0	0.0	0	0.0	6	0.1276595744680851	32	0.6808510638297872	0	0.0	9	0.19148936170212766	0	0	1	0	0	1	0	781747720897892352	0	0	0
2363.0	98	0.0414727041895895	75	0.031739314430808296	46	0.01946677951756242	934	0.3952602623783326	153	0.06474820143884892	18	10	100	0.5333333333333333	2	0.1111111111111111	11	0.6111111111111112	0	0.0	5	0.2777777777777778	2	0.2	8	0.8	0	0.0	0	0.0	11	0.11	67	0.67	0	0.0	22	0.22	0	0	1	1	1	1	1	779601750789656576	0	0	1
3924.0	10884	2.7737003058103977	183	0.046636085626911315	4999	1.2739551478083588	6688	1.7043832823649336	986	0.2512742099898063	14	10	134	0.5454545454545454	2	0.14285714285714285	11	0.7857142857142857	0	0.0	1	0.07142857142857142	3	0.3	7	0.7	0	0.0	0	0.0	16	0.11940298507462686	91	0.6791044776119403	0	0.0	27	0.20149253731343283	1	0	1	1	0	1	1	609972369	0	0	0
5059.0	105	0.02075508993872307	186	0.03676615932002372	810	0.16011069381300652	2846	0.5625617711010081	236	0.04664953548132042	21	10	153	0.7272727272727273	3	0.14285714285714285	16	0.7619047619047619	0	0.0	2	0.09523809523809523	0	0.0	10	1.0	0	0.0	0	0.0	7	0.0457516339869281	124	0.8104575163398693	0	0.0	22	0.1437908496732026	0	0	1	0	0	1	1	38645930	0	0	0
3585.0	326	0.0909344490934449	146	0.040725244072524404	511	0.14253835425383543	2636	0.7352859135285914	483	0.13472803347280335	15	14	137	0.9090909090909091	2	0.13333333333333333	12	0.8	0	0.0	1	0.06666666666666667	2	0.14285714285714285	12	0.8571428571428571	0	0.0	0	0.0	15	0.10948905109489052	103	0.7518248175182481	3	0.021897810218978103	16	0.11678832116788321	0	0	1	1	0	1	1	1446031532	0	0	0
5158.0	13812	2.677782086079876	448	0.08685537029856534	14535	2.8179526948429623	19516	3.7836370686312524	571	0.11070182241178751	12	12	78	0.7272727272727273	2	0.16666666666666666	9	0.75	0	0.0	1	0.08333333333333333	0	0.0	12	1.0	0	0.0	0	0.0	8	0.10256410256410256	49	0.6282051282051282	8	0.10256410256410256	13	0.16666666666666666	0	0	1	1	1	0	1	19738866	0	0	0
5045.0	2589	0.5131813676907829	396	0.07849355797819624	3687	0.730822596630327	11354	2.2505450941526264	1510	0.2993062438057483	12	12	38	0.7272727272727273	2	0.16666666666666666	9	0.75	0	0.0	1	0.08333333333333333	2	0.16666666666666666	10	0.8333333333333334	0	0.0	0	0.0	5	0.13157894736842105	27	0.7105263157894737	0	0.0	6	0.15789473684210525	1	0	0	1	0	1	1	41840905	0	0	0
1825.0	10868	5.9550684931506845	71	0.03890410958904109	4749	2.6021917808219177	5133	2.8126027397260276	1270	0.6958904109589041	29	14	155	0.5	5	0.1724137931034483	17	0.5862068965517241	0	0.0	7	0.2413793103448276	2	0.14285714285714285	11	0.7857142857142857	0	0.0	1	0.07142857142857142	12	0.07741935483870968	103	0.6645161290322581	16	0.1032258064516129	24	0.15483870967741936	1	0	1	0	0	1	1	974589289689427968	0	0	0
1927.0	6480	3.362740010378827	130	0.06746237675142709	5013	2.6014530358069536	4303	2.2330046704722366	964	0.5002594706798131	10	9	121	0.8571428571428571	2	0.2	7	0.7	0	0.0	1	0.1	2	0.2222222222222222	7	0.7777777777777778	0	0.0	0	0.0	11	0.09090909090909091	91	0.7520661157024794	1	0.008264462809917356	18	0.1487603305785124	1	0	1	0	0	1	1	937678874095300609	0	0	0
3643.0	33006	9.060115289596487	139	0.0381553664562174	12738	3.496568762009333	3616	0.9925885259401592	1446	0.3969256107603623	16	15	160	0.9090909090909091	2	0.125	13	0.8125	0	0.0	1	0.0625	2	0.13333333333333333	13	0.8666666666666667	0	0.0	0	0.0	19	0.11875	90	0.5625	15	0.09375	36	0.225	1	0	1	0	0	1	1	1294725486	0	0	0
2615.0	953	0.3644359464627151	55	0.021032504780114723	293	0.11204588910133843	592	0.22638623326959847	596	0.22791586998087954	16	10	0	0.6363636363636364	2	0.125	13	0.8125	0	0.0	1	0.0625	0	0.0	9	0.9	0	0.0	1	0.1	0	0	0	0	0	0	0	0	0	0	0	1	1	0	0	4818645382	0	0	0
3643.0	12417	3.4084545704090035	290	0.07960472138347516	11058	3.035410376063684	18611	5.108701619544331	9629	2.6431512489706286	19	15	155	0.6923076923076923	2	0.10526315789473684	16	0.8421052631578947	0	0.0	1	0.05263157894736842	0	0.0	14	0.9333333333333333	0	0.0	1	0.06666666666666667	18	0.11612903225806452	104	0.6709677419354839	8	0.05161290322580645	25	0.16129032258064516	1	0	1	1	1	1	1	1296544153	0	0	0
4293.0	1031	0.24015839739110179	387	0.09014675052410902	2179	0.5075704635453063	54089	12.599347775448404	1351	0.314698346144887	17	12	146	0.8	3	0.17647058823529413	11	0.6470588235294118	0	0.0	3	0.17647058823529413	2	0.16666666666666666	10	0.8333333333333334	0	0.0	0	0.0	15	0.10273972602739725	110	0.7534246575342466	0	0.0	21	0.14383561643835616	1	0	1	0	0	1	1	316355056	0	0	0
4671.0	1153	0.24684221794048383	221	0.047313209162920145	1287	0.27552986512524086	4139	0.8861057589381289	1831	0.39199314921858275	12	14	152	0.7272727272727273	2	0.16666666666666666	9	0.75	0	0.0	1	0.08333333333333333	0	0.0	14	1.0	0	0.0	0	0.0	14	0.09210526315789473	109	0.7171052631578947	2	0.013157894736842105	27	0.17763157894736842	1	0	1	1	0	1	1	150188536	0	0	0
2220.0	2971	1.3382882882882883	82	0.036936936936936934	4442	2.000900900900901	12631	5.68963963963964	792	0.3567567567567568	13	13	155	0.7	2	0.15384615384615385	10	0.7692307692307693	0	0.0	1	0.07692307692307693	2	0.15384615384615385	10	0.7692307692307693	0	0.0	1	0.07692307692307693	14	0.09032258064516129	114	0.7354838709677419	0	0.0	27	0.17419354838709677	0	0	1	0	0	1	1	831541837965967361	0	0	0
2915.0	323	0.11080617495711835	15	0.005145797598627788	254	0.08713550600343054	596	0.20445969125214408	207	0.07101200686106346	50	12	159	0.5	8	0.16	35	0.7	0	0.0	7	0.14	3	0.25	8	0.6666666666666666	0	0.0	1	0.08333333333333333	18	0.11320754716981132	110	0.6918238993710691	2	0.012578616352201259	29	0.18238993710691823	0	0	1	1	1	1	0	3105403449	0	0	1
4700.0	4822	1.0259574468085106	485	0.10319148936170212	7130	1.5170212765957447	49392	10.508936170212767	572	0.12170212765957447	19	13	92	0.6428571428571429	4	0.21052631578947367	12	0.631578947368421	0	0.0	3	0.15789473684210525	2	0.15384615384615385	11	0.8461538461538461	0	0.0	0	0.0	9	0.09782608695652174	64	0.6956521739130435	0	0.0	19	0.20652173913043478	1	0	1	1	0	1	1	139407967	0	0	0
3338.0	475	0.14230077890952667	91	0.02726183343319353	1590	0.4763331336129419	1920	0.5751947273816657	757	0.22678250449370882	14	13	133	0.9	2	0.14285714285714285	11	0.7857142857142857	0	0.0	1	0.07142857142857142	2	0.15384615384615385	11	0.8461538461538461	0	0.0	0	0.0	10	0.07518796992481203	99	0.7443609022556391	0	0.0	24	0.18045112781954886	0	0	1	0	0	1	1	2306519694	0	0	0
3235.0	2718	0.8401854714064915	177	0.05471406491499227	4387	1.3561051004636786	6643	2.053477588871716	759	0.23462132921174653	13	13	97	0.8	2	0.15384615384615385	10	0.7692307692307693	0	0.0	1	0.07692307692307693	2	0.15384615384615385	10	0.7692307692307693	0	0.0	1	0.07692307692307693	11	0.1134020618556701	54	0.5567010309278351	7	0.07216494845360824	25	0.25773195876288657	0	0	1	1	0	1	1	2479436480	0	0	0
5138.0	26329	5.124367458154924	357	0.06948228882833787	6863	1.335733748540288	14464	2.8151031529778123	2924	0.5690930323082911	18	13	129	0.8461538461538461	3	0.16666666666666666	12	0.6666666666666666	0	0.0	3	0.16666666666666666	0	0.0	13	1.0	0	0.0	0	0.0	27	0.20930232558139536	75	0.5813953488372093	4	0.031007751937984496	23	0.17829457364341086	1	0	1	1	0	1	1	21197524	0	0	0
3332.0	166	0.04981992797118848	86	0.02581032412965186	467	0.14015606242497	727	0.21818727490996398	124	0.03721488595438175	10	9	65	0.875	2	0.2	7	0.7	0	0.0	1	0.1	2	0.2222222222222222	7	0.7777777777777778	0	0.0	0	0.0	5	0.07692307692307693	45	0.6923076923076923	6	0.09230769230769231	9	0.13846153846153847	1	0	1	1	0	1	1	2317202160	0	0	0
4044.0	11240	2.7794263105835806	199	0.049208704253214636	9620	2.3788328387734916	5419	1.3400098911968348	1348	0.3333333333333333	19	14	158	0.6666666666666666	4	0.21052631578947367	12	0.631578947368421	0	0.0	3	0.15789473684210525	2	0.14285714285714285	11	0.7857142857142857	0	0.0	1	0.07142857142857142	20	0.12658227848101267	108	0.6835443037974683	0	0.0	30	0.189873417721519	1	0	1	0	0	1	1	494809842	0	0	0
5221.0	938	0.17965906914384216	3897	0.7464087339590116	4859	0.9306646236353189	658365	126.09940624401456	3168	0.6067803102853859	13	12	38	0.9230769230769231	2	0.15384615384615385	10	0.7692307692307693	0	0.0	1	0.07692307692307693	2	0.16666666666666666	10	0.8333333333333334	0	0.0	0	0.0	3	0.07894736842105263	31	0.8157894736842105	0	0.0	4	0.10526315789473684	1	0	0	0	0	0	1	17675072	0	0	0
2582.0	296	0.11463981409759876	87	0.03369481022463207	93	0.03601859024012394	1072	0.41518202943454685	370	0.14329976762199845	17	12	160	0.7692307692307693	3	0.17647058823529413	11	0.6470588235294118	0	0.0	3	0.17647058823529413	2	0.16666666666666666	10	0.8333333333333334	0	0.0	0	0.0	14	0.0875	123	0.76875	0	0.0	23	0.14375	1	0	1	0	0	1	0	4926993244	0	0	0
5079.0	6	0.0011813349084465446	180	0.03544004725339634	293	0.057688521362472926	1835	0.36129159283323486	74	0.01456979720417405	13	12	81	0.9090909090909091	2	0.15384615384615385	10	0.7692307692307693	0	0.0	1	0.07692307692307693	2	0.16666666666666666	10	0.8333333333333334	0	0.0	0	0.0	6	0.07407407407407407	64	0.7901234567901234	0	0.0	11	0.13580246913580246	1	0	1	1	0	1	1	33043294	0	0	1
5230.0	2169	0.41472275334608033	289	0.05525812619502868	4297	0.8216061185468452	8938	1.7089866156787763	1398	0.2673040152963671	14	14	147	0.8181818181818182	2	0.14285714285714285	11	0.7857142857142857	0	0.0	1	0.07142857142857142	0	0.0	13	0.9285714285714286	0	0.0	1	0.07142857142857142	11	0.07482993197278912	116	0.7891156462585034	0	0.0	20	0.1360544217687075	0	0	1	1	0	1	1	17462171	0	0	0
2701.0	1280	0.47389855609033693	118	0.04368752313957793	217	0.08034061458718993	1301	0.481673454276194	567	0.20992225101814144	25	12	109	0.5625	5	0.2	16	0.64	0	0.0	4	0.16	0	0.0	11	0.9166666666666666	0	0.0	1	0.08333333333333333	8	0.07339449541284404	91	0.8348623853211009	0	0.0	10	0.09174311926605505	1	0	1	1	1	1	1	4017796049	0	0	0
5235.0	21854	4.174594078319006	239	0.045654250238777457	9625	1.8385864374403056	8122	1.5514804202483286	3378	0.645272206303725	14	12	157	0.7272727272727273	2	0.14285714285714285	9	0.6428571428571429	0	0.0	3	0.21428571428571427	0	0.0	11	0.9166666666666666	0	0.0	1	0.08333333333333333	13	0.08280254777070063	114	0.7261146496815286	0	0.0	30	0.1910828025477707	1	0	1	1	0	1	1	17363943	0	0	0
2266.0	11227	4.954545454545454	248	0.10944395410414828	11875	5.240511915269197	48774	21.524271844660195	456	0.20123565754633715	11	10	48	0.875	2	0.18181818181818182	8	0.7272727272727273	0	0.0	1	0.09090909090909091	2	0.2	8	0.8	0	0.0	0	0.0	4	0.08333333333333333	39	0.8125	0	0.0	5	0.10416666666666667	1	0	1	1	1	1	1	814970546366611457	0	0	0
2961.0	3851	1.3005741303613645	108	0.0364741641337386	1406	0.4748395812225599	1592	0.5376561972306653	560	0.18912529550827423	18	13	138	0.6923076923076923	2	0.1111111111111111	15	0.8333333333333334	0	0.0	1	0.05555555555555555	2	0.15384615384615385	11	0.8461538461538461	0	0.0	0	0.0	16	0.11594202898550725	101	0.7318840579710145	0	0.0	21	0.15217391304347827	0	0	1	1	1	1	1	3017602065	0	0	0
4810.0	10942	2.274844074844075	234	0.04864864864864865	6798	1.4133056133056132	7623	1.5848232848232848	857	0.17817047817047818	12	12	146	0.7272727272727273	2	0.16666666666666666	9	0.75	0	0.0	1	0.08333333333333333	0	0.0	12	1.0	0	0.0	0	0.0	7	0.04794520547945205	113	0.773972602739726	6	0.0410958904109589	20	0.136986301369863	1	0	1	1	0	1	1	104100946	0	0	0
3595.0	14577	4.054798331015299	107	0.02976356050069541	8283	2.3040333796940193	4094	1.1388038942976355	1514	0.4211404728789986	11	7	0	0.5454545454545454	2	0.18181818181818182	8	0.7272727272727273	0	0.0	1	0.09090909090909091	0	0.0	6	0.8571428571428571	0	0.0	1	0.14285714285714285	0	0	0	0	0	0	0	0	1	0	0	1	1	0	0	1421571306	0	0	0
2306.0	4282	1.8568950563746747	109	0.047267996530789246	4356	1.8889852558542932	6405	2.777536860364267	2157	0.9353859496964441	17	12	157	0.6153846153846154	4	0.23529411764705882	11	0.6470588235294118	0	0.0	2	0.11764705882352941	2	0.16666666666666666	10	0.8333333333333334	0	0.0	0	0.0	13	0.08280254777070063	116	0.7388535031847133	0	0.0	28	0.17834394904458598	1	0	1	1	1	1	1	800457587510476800	0	0	0
4812.0	0	0.0	49	0.010182876142975894	1	0.00020781379883624273	299	0.06213632585203657	3	0.0006234413965087282	15	14	57	0.9	2	0.13333333333333333	12	0.8	0	0.0	1	0.06666666666666667	2	0.14285714285714285	12	0.8571428571428571	0	0.0	0	0.0	4	0.07017543859649122	40	0.7017543859649122	2	0.03508771929824561	11	0.19298245614035087	0	0	1	1	1	0	0	103658778	0	0	1
4267.0	7794	1.8265760487461917	257	0.06022966955706585	8746	2.049683618467307	8571	2.0086711975626903	688	0.16123740332786501	12	12	103	0.7	2	0.16666666666666666	9	0.75	0	0.0	1	0.08333333333333333	2	0.16666666666666666	10	0.8333333333333334	0	0.0	0	0.0	8	0.07766990291262135	73	0.7087378640776699	8	0.07766990291262135	14	0.13592233009708737	1	0	1	0	0	1	1	332264734	0	0	0
3279.0	20838	6.354986276303751	116	0.03537663921927417	4908	1.4967978042086	3261	0.9945105215004575	1592	0.4855138761817627	12	11	83	0.9	2	0.16666666666666666	9	0.75	0	0.0	1	0.08333333333333333	0	0.0	11	1.0	0	0.0	0	0.0	15	0.18072289156626506	37	0.4457831325301205	8	0.0963855421686747	23	0.27710843373493976	1	0	1	1	1	0	1	2430137675	0	0	0
3750.0	5	0.0013333333333333333	151	0.040266666666666666	1024	0.2730666666666667	2359	0.6290666666666667	61	0.016266666666666665	11	10	46	0.9	2	0.18181818181818182	8	0.7272727272727273	0	0.0	1	0.09090909090909091	2	0.2	8	0.8	0	0.0	0	0.0	3	0.06521739130434782	39	0.8478260869565217	0	0.0	4	0.08695652173913043	1	0	1	1	1	1	0	995653004	0	0	0
4088.0	464	0.11350293542074363	211	0.051614481409001954	965	0.23605675146771038	15061	3.684197651663405	1654	0.40459882583170254	14	10	151	0.7	2	0.14285714285714285	8	0.5714285714285714	0	0.0	4	0.2857142857142857	0	0.0	10	1.0	0	0.0	0	0.0	14	0.09271523178807947	104	0.6887417218543046	3	0.019867549668874173	30	0.1986754966887417	1	0	1	0	0	1	1	454981027	0	0	0
3968.0	613	0.1544858870967742	1844	0.4647177419354839	3820	0.9627016129032258	295368	74.4375	678	0.17086693548387097	14	13	110	0.9	2	0.14285714285714285	11	0.7857142857142857	0	0.0	1	0.07142857142857142	0	0.0	13	1.0	0	0.0	0	0.0	10	0.09090909090909091	80	0.7272727272727273	1	0.00909090909090909	19	0.17272727272727273	1	0	1	1	1	1	1	569832889	0	0	0
4353.0	4330	0.9947162876177349	181	0.04158051918217322	2627	0.6034918447048013	6437	1.4787502871582816	1514	0.3478061107282334	10	15	134	0.5384615384615384	2	0.2	7	0.7	0	0.0	1	0.1	0	0.0	15	1.0	0	0.0	0	0.0	12	0.08955223880597014	87	0.6492537313432836	0	0.0	35	0.26119402985074625	1	0	1	1	0	1	1	282195399	0	0	0
4896.0	8045	1.6431781045751634	520	0.10620915032679738	5249	1.0720996732026145	24674	5.039624183006536	886	0.1809640522875817	12	7	126	0.25	2	0.16666666666666666	9	0.75	0	0.0	1	0.08333333333333333	0	0.0	7	1.0	0	0.0	0	0.0	14	0.1111111111111111	88	0.6984126984126984	2	0.015873015873015872	22	0.1746031746031746	0	0	1	1	1	1	1	83342791	0	0	0
4615.0	3751	0.8127843986998916	291	0.06305525460455037	2548	0.5521126760563381	30818	6.6777898158179845	180	0.0390032502708559	15	14	147	0.9166666666666666	2	0.13333333333333333	12	0.8	0	0.0	1	0.06666666666666667	2	0.14285714285714285	12	0.8571428571428571	0	0.0	0	0.0	12	0.08163265306122448	109	0.7414965986394558	0	0.0	26	0.17687074829931973	1	0	1	0	0	1	1	170964436	0	0	0
5093.0	33782	6.633025721578638	178	0.034949931278225016	21490	4.219516984095818	2950	0.5792263891615943	1319	0.2589829177302179	19	14	148	0.75	3	0.15789473684210525	13	0.6842105263157895	0	0.0	3	0.15789473684210525	2	0.14285714285714285	12	0.8571428571428571	0	0.0	0	0.0	17	0.11486486486486487	112	0.7567567567567568	0	0.0	19	0.12837837837837837	1	0	1	1	0	1	1	28784085	0	0	0
1644.0	4382	2.665450121654501	791	0.4811435523114355	6476	3.9391727493917275	142395	86.61496350364963	2805	1.7062043795620438	15	10	101	0.6	2	0.13333333333333333	12	0.8	0	0.0	1	0.06666666666666667	0	0.0	9	0.9	0	0.0	1	0.1	8	0.07920792079207921	70	0.693069306930693	0	0.0	23	0.22772277227722773	1	0	1	1	1	1	1	1040160799208161280	0	0	0
1919.0	658	0.34288692027097445	63	0.03282959874934862	776	0.4043772798332465	1853	0.9656070870244919	595	0.31005732152162585	21	13	41	0.5882352941176471	4	0.19047619047619047	11	0.5238095238095238	0	0.0	6	0.2857142857142857	2	0.15384615384615385	10	0.7692307692307693	0	0.0	1	0.07692307692307693	6	0.14634146341463414	28	0.6829268292682927	0	0.0	7	0.17073170731707318	0	0	1	1	1	0	0	940532615177752576	0	0	0
2121.0	1974	0.9306930693069307	117	0.055162659123055166	1891	0.8915605846298915	3758	1.7718057520037718	955	0.45025931164545024	11	11	103	0.6923076923076923	2	0.18181818181818182	8	0.7272727272727273	0	0.0	1	0.09090909090909091	2	0.18181818181818182	9	0.8181818181818182	0	0.0	0	0.0	6	0.05825242718446602	81	0.7864077669902912	0	0.0	16	0.1553398058252427	1	0	1	1	1	1	1	867351565757239296	0	0	0
3811.0	328	0.0860666491734453	88	0.02309105221726581	2201	0.577538703752296	3303	0.86670165310942	504	0.13224875360797692	27	7	117	0.3888888888888889	5	0.18518518518518517	19	0.7037037037037037	0	0.0	3	0.1111111111111111	0	0.0	7	1.0	0	0.0	0	0.0	8	0.06837606837606838	94	0.8034188034188035	0	0.0	15	0.1282051282051282	0	0	1	1	1	1	1	866924100	0	0	0
1980.0	1908	0.9636363636363636	111	0.05606060606060606	1158	0.5848484848484848	11434	5.774747474747475	235	0.11868686868686869	19	14	92	0.6666666666666666	4	0.21052631578947367	12	0.631578947368421	0	0.0	3	0.15789473684210525	2	0.14285714285714285	11	0.7857142857142857	0	0.0	1	0.07142857142857142	9	0.09782608695652174	72	0.782608695652174	0	0.0	11	0.11956521739130435	0	0	1	1	1	1	0	918405860862382082	0	0	0
2794.0	18	0.006442376521116679	22	0.007874015748031496	10	0.0035790980672870437	365	0.1306370794559771	66	0.023622047244094488	13	12	37	0.9	2	0.15384615384615385	10	0.7692307692307693	0	0.0	1	0.07692307692307693	2	0.16666666666666666	10	0.8333333333333334	0	0.0	0	0.0	5	0.13513513513513514	23	0.6216216216216216	0	0.0	9	0.24324324324324326	0	0	1	1	1	0	0	3386357374	0	0	1
5226.0	10933	2.0920398009950247	167	0.031955606582472255	3168	0.6061997703788748	4458	0.8530424799081515	584	0.11174894756984309	18	13	134	0.7272727272727273	4	0.2222222222222222	12	0.6666666666666666	0	0.0	2	0.1111111111111111	0	0.0	13	1.0	0	0.0	0	0.0	7	0.05223880597014925	107	0.7985074626865671	0	0.0	20	0.14925373134328357	1	0	1	1	0	1	1	17561226	0	0	0
2170.0	2259	1.0410138248847927	84	0.03870967741935484	3499	1.612442396313364	2575	1.1866359447004609	638	0.29400921658986173	17	12	0	0.7692307692307693	3	0.17647058823529413	11	0.6470588235294118	0	0.0	3	0.17647058823529413	2	0.16666666666666666	10	0.8333333333333334	0	0.0	0	0.0	0	0	0	0	0	0	0	0	1	0	1	1	1	1	0	849567328899616768	0	0	0
2134.0	819	0.3837863167760075	60	0.028116213683223992	512	0.23992502343017807	1093	0.5121836925960638	670	0.3139643861293346	20	10	0	0.6923076923076923	2	0.1	16	0.8	0	0.0	2	0.1	0	0.0	10	1.0	0	0.0	0	0.0	0	0	0	0	0	0	0	0	0	0	0	0	0	0	1	862747349277450240	0	0	0
4896.0	5620	1.147875816993464	223	0.04554738562091503	12901	2.6350081699346406	6211	1.2685866013071896	1600	0.32679738562091504	18	11	140	0.75	2	0.1111111111111111	15	0.8333333333333334	0	0.0	1	0.05555555555555555	2	0.18181818181818182	9	0.8181818181818182	0	0.0	0	0.0	10	0.07142857142857142	108	0.7714285714285715	0	0.0	22	0.15714285714285714	1	0	0	1	1	1	1	83474160	0	0	0
5067.0	7748	1.5291099269784882	235	0.046378527728438916	11341	2.2382080126307478	4380	0.8644168146832445	953	0.1880797315966055	16	8	158	0.6666666666666666	2	0.125	13	0.8125	0	0.0	1	0.0625	2	0.25	6	0.75	0	0.0	0	0.0	15	0.0949367088607595	107	0.6772151898734177	8	0.05063291139240506	28	0.17721518987341772	0	0	1	0	0	0	1	36665085	0	0	0
4647.0	1511	0.3251560146330966	145	0.031202926619324296	1893	0.40735958683021306	3457	0.7439208091241661	2647	0.5696148052506994	15	15	106	0.8	2	0.13333333333333333	12	0.8	0	0.0	1	0.06666666666666667	2	0.13333333333333333	12	0.8	0	0.0	1	0.06666666666666667	11	0.10377358490566038	79	0.7452830188679245	0	0.0	16	0.1509433962264151	1	0	1	1	1	1	1	159217491	0	0	0
2886.0	681	0.23596673596673598	55	0.019057519057519057	483	0.16735966735966737	891	0.3087318087318087	493	0.17082467082467082	15	15	63	0.8333333333333334	2	0.13333333333333333	12	0.8	0	0.0	1	0.06666666666666667	2	0.13333333333333333	13	0.8666666666666667	0	0.0	0	0.0	7	0.1111111111111111	50	0.7936507936507936	0	0.0	6	0.09523809523809523	1	0	0	1	1	0	0	3188225915	0	0	0
4912.0	1663	0.3385586319218241	123	0.02504071661237785	1006	0.20480456026058633	2805	0.5710504885993485	700	0.14250814332247558	11	10	151	0.9	2	0.18181818181818182	8	0.7272727272727273	0	0.0	1	0.09090909090909091	2	0.2	8	0.8	0	0.0	0	0.0	14	0.09271523178807947	114	0.7549668874172185	0	0.0	23	0.152317880794702	1	0	1	1	1	1	1	79228932	0	0	0
4352.0	2022	0.4646139705882353	75	0.017233455882352942	1588	0.3648897058823529	7664	1.7610294117647058	1463	0.3361672794117647	18	13	66	0.5333333333333333	3	0.16666666666666666	12	0.6666666666666666	0	0.0	3	0.16666666666666666	4	0.3076923076923077	7	0.5384615384615384	0	0.0	2	0.15384615384615385	5	0.07575757575757576	50	0.7575757575757576	2	0.030303030303030304	9	0.13636363636363635	1	0	1	1	0	0	1	282687385	0	0	0
3603.0	688	0.1909519844573966	189	0.05245628642797669	430	0.11934499028587288	3287	0.9122953094643352	457	0.12683874548986956	14	12	160	0.375	2	0.14285714285714285	11	0.7857142857142857	0	0.0	1	0.07142857142857142	0	0.0	11	0.9166666666666666	0	0.0	1	0.08333333333333333	18	0.1125	117	0.73125	0	0.0	25	0.15625	1	0	1	1	0	1	1	1399764944	0	0	1
5124.0	1952	0.38095238095238093	177	0.03454332552693208	5356	1.0452771272443404	8410	1.641295862607338	2173	0.4240827478532397	19	12	155	0.6428571428571429	3	0.15789473684210525	13	0.6842105263157895	0	0.0	3	0.15789473684210525	3	0.25	9	0.75	0	0.0	0	0.0	21	0.13548387096774195	106	0.6838709677419355	0	0.0	28	0.18064516129032257	1	0	1	1	0	1	0	22755312	0	0	0
4828.0	14	0.002899751449875725	98	0.020298260149130075	898	0.1859983429991715	3917	0.8113090306545153	18	0.003728251864125932	16	15	77	0.9090909090909091	2	0.125	13	0.8125	0	0.0	1	0.0625	2	0.13333333333333333	13	0.8666666666666667	0	0.0	0	0.0	7	0.09090909090909091	57	0.7402597402597403	0	0.0	13	0.16883116883116883	1	0	1	1	1	1	0	99268600	0	0	0
4168.0	19	0.004558541266794626	176	0.04222648752399232	58	0.013915547024952015	2395	0.574616122840691	131	0.0314299424184261	13	13	149	0.7272727272727273	2	0.15384615384615385	10	0.7692307692307693	0	0.0	1	0.07692307692307693	0	0.0	13	1.0	0	0.0	0	0.0	22	0.1476510067114094	103	0.6912751677852349	0	0.0	24	0.1610738255033557	0	0	1	1	1	1	0	392312829	0	0	1
5060.0	1237	0.24446640316205534	316	0.062450592885375494	4875	0.9634387351778656	7116	1.4063241106719369	801	0.158300395256917	16	12	140	0.6428571428571429	4	0.25	10	0.625	0	0.0	2	0.125	0	0.0	12	1.0	0	0.0	0	0.0	23	0.16428571428571428	93	0.6642857142857143	0	0.0	24	0.17142857142857143	1	0	1	1	0	1	1	38467606	0	0	0
4852.0	4211	0.8678895300906843	63	0.012984336356141797	3949	0.8138911788953009	802	0.1652926628194559	332	0.06842539159109645	11	11	91	0.7272727272727273	2	0.18181818181818182	8	0.7272727272727273	0	0.0	1	0.09090909090909091	2	0.18181818181818182	9	0.8181818181818182	0	0.0	0	0.0	9	0.0989010989010989	61	0.6703296703296703	0	0.0	21	0.23076923076923078	1	0	1	1	1	1	1	93845554	0	0	1
3206.0	2317	0.722707423580786	168	0.05240174672489083	8304	2.5901434809731754	12902	4.024329382407985	1274	0.39737991266375544	21	15	158	0.6	4	0.19047619047619047	14	0.6666666666666666	0	0.0	3	0.14285714285714285	4	0.26666666666666666	9	0.6	0	0.0	2	0.13333333333333333	22	0.13924050632911392	112	0.7088607594936709	2	0.012658227848101266	22	0.13924050632911392	0	0	1	1	1	1	1	2545743991	0	0	0
5080.0	9448	1.8598425196850394	535	0.10531496062992125	7949	1.564763779527559	16010	3.1515748031496065	1294	0.2547244094488189	18	9	143	0.5833333333333334	2	0.1111111111111111	15	0.8333333333333334	0	0.0	1	0.05555555555555555	0	0.0	9	1.0	0	0.0	0	0.0	16	0.11188811188811189	99	0.6923076923076923	2	0.013986013986013986	26	0.18181818181818182	1	0	1	1	0	1	1	32323724	0	0	0
3646.0	1412	0.3872737246297312	109	0.029895776193088315	2437	0.6684037301151947	5996	1.6445419637959409	742	0.20351069665386726	18	14	136	0.6666666666666666	4	0.2222222222222222	12	0.6666666666666666	0	0.0	2	0.1111111111111111	2	0.14285714285714285	11	0.7857142857142857	1	0.07142857142857142	0	0.0	13	0.09558823529411764	93	0.6838235294117647	8	0.058823529411764705	22	0.16176470588235295	1	0	1	1	1	1	1	1286011081	0	0	0
2078.0	581	0.2795957651588065	75	0.03609239653512993	980	0.4716073147256978	1444	0.6948989412897016	331	0.15928777670837344	18	14	47	0.5333333333333333	3	0.16666666666666666	13	0.7222222222222222	0	0.0	2	0.1111111111111111	3	0.21428571428571427	11	0.7857142857142857	0	0.0	0	0.0	5	0.10638297872340426	30	0.6382978723404256	0	0.0	12	0.2553191489361702	1	0	0	0	0	0	0	882929865535705088	0	0	0
3101.0	34	0.010964205095130602	72	0.023218316672041276	1442	0.4650112866817156	1228	0.39600128990648176	266	0.08577878103837472	13	15	26	0.8461538461538461	2	0.15384615384615385	10	0.7692307692307693	0	0.0	1	0.07692307692307693	5	0.3333333333333333	10	0.6666666666666666	0	0.0	0	0.0	4	0.15384615384615385	21	0.8076923076923077	0	0.0	1	0.038461538461538464	0	0	1	0	0	0	0	2814949590	0	0	0
4272.0	4375	1.0241104868913857	230	0.05383895131086142	6472	1.5149812734082397	4971	1.163623595505618	593	0.13881086142322097	18	15	152	0.7333333333333333	2	0.1111111111111111	12	0.6666666666666666	0	0.0	4	0.2222222222222222	2	0.13333333333333333	12	0.8	0	0.0	1	0.06666666666666667	11	0.07236842105263158	101	0.6644736842105263	8	0.05263157894736842	32	0.21052631578947367	0	0	0	1	0	0	1	328939758	0	0	0
5448.0	19	0.0034875183553597653	309	0.05671806167400881	129852	23.834801762114537	10573	1.940712187958884	0	0.0	15	15	55	1.0	0	0.0	15	1.0	0	0.0	0	0.0	0	0.0	15	1.0	0	0.0	0	0.0	4	0.07272727272727272	41	0.7454545454545455	0	0.0	10	0.18181818181818182	0	0	1	1	1	1	0	14383393	1	0	0
5212.0	3263	0.6260552570990023	254	0.04873369148119724	5372	1.0306983883346124	8771	1.6828472755180353	958	0.18380660015349193	15	14	157	0.9090909090909091	2	0.13333333333333333	12	0.8	0	0.0	1	0.06666666666666667	2	0.14285714285714285	12	0.8571428571428571	0	0.0	0	0.0	14	0.08917197452229299	119	0.7579617834394905	0	0.0	24	0.15286624203821655	1	0	1	1	0	1	1	17922403	0	0	0
5120.0	304	0.059375	114	0.022265625	730	0.142578125	1733	0.3384765625	627	0.1224609375	11	11	51	0.8	2	0.18181818181818182	8	0.7272727272727273	0	0.0	1	0.09090909090909091	2	0.18181818181818182	8	0.7272727272727273	0	0.0	1	0.09090909090909091	3	0.058823529411764705	43	0.8431372549019608	0	0.0	5	0.09803921568627451	1	0	0	1	1	1	1	23296367	0	0	0
4904.0	5909	1.2049347471451877	133	0.027120717781402938	2843	0.5797308319738989	3654	0.7451060358890701	4251	0.8668433931484503	23	10	158	0.4117647058823529	4	0.17391304347826086	15	0.6521739130434783	0	0.0	4	0.17391304347826086	2	0.2	7	0.7	0	0.0	1	0.1	8	0.05063291139240506	122	0.7721518987341772	0	0.0	28	0.17721518987341772	0	0	1	1	0	1	0	81394072	0	0	0
2417.0	17	0.00703351261894911	23	0.009515928837401738	17	0.00703351261894911	366	0.15142738932561026	3	0.0012412081092263137	20	11	119	0.3333333333333333	4	0.2	15	0.75	0	0.0	1	0.05	3	0.2727272727272727	7	0.6363636363636364	0	0.0	1	0.09090909090909091	19	0.15966386554621848	71	0.5966386554621849	0	0.0	29	0.24369747899159663	0	0	1	1	1	1	0	760188355615293440	0	0	1
5070.0	46768	9.224457593688363	514	0.10138067061143984	17631	3.477514792899408	18641	3.6767258382643	2876	0.567258382642998	12	8	0	0.5	3	0.25	6	0.5	0	0.0	3	0.25	2	0.25	6	0.75	0	0.0	0	0.0	0	0	0	0	0	0	0	0	0	0	1	1	1	1	1	35846585	0	0	0
5003.0	4561	0.911653008195083	315	0.06296222266640016	10018	2.002398560863482	5962	1.1916849890065961	1207	0.24125524685188887	20	11	143	0.42857142857142855	3	0.15	15	0.75	0	0.0	2	0.1	2	0.18181818181818182	9	0.8181818181818182	0	0.0	0	0.0	8	0.055944055944055944	120	0.8391608391608392	0	0.0	15	0.1048951048951049	0	0	1	1	0	1	1	53426644	0	0	0
2943.0	753	0.2558613659531091	29	0.009853890587835541	31278	10.627930682976555	1063	0.36119605844376484	0	0.0	16	15	64	0.9090909090909091	2	0.125	13	0.8125	0	0.0	1	0.0625	1	0.06666666666666667	14	0.9333333333333333	0	0.0	0	0.0	8	0.125	39	0.609375	4	0.0625	13	0.203125	1	0	0	1	1	0	0	3052517877	1	0	0
3800.0	1154	0.3036842105263158	1618	0.42578947368421055	2949	0.7760526315789473	489344	128.77473684210526	148	0.03894736842105263	11	10	137	0.875	2	0.18181818181818182	8	0.7272727272727273	0	0.0	1	0.09090909090909091	2	0.2	8	0.8	0	0.0	0	0.0	12	0.08759124087591241	103	0.7518248175182481	1	0.0072992700729927005	21	0.15328467153284672	0	0	1	1	0	0	1	888289790	0	0	0
1584.0	5936	3.7474747474747474	120	0.07575757575757576	1307	0.8251262626262627	5467	3.451388888888889	1674	1.0568181818181819	16	15	135	0.7142857142857143	4	0.25	10	0.625	0	0.0	2	0.125	0	0.0	13	0.8666666666666667	0	0.0	2	0.13333333333333333	12	0.08888888888888889	98	0.725925925925926	0	0.0	25	0.18518518518518517	1	0	1	0	0	1	1	1061873979760263168	0	0	1
3110.0	16865	5.422829581993569	237	0.07620578778135048	7095	2.2813504823151125	13873	4.460771704180065	1935	0.6221864951768489	13	14	156	0.7692307692307693	2	0.15384615384615385	10	0.7692307692307693	0	0.0	1	0.07692307692307693	2	0.14285714285714285	11	0.7857142857142857	0	0.0	1	0.07142857142857142	23	0.14743589743589744	94	0.6025641025641025	0	0.0	39	0.25	1	0	1	1	1	1	1	2797812265	0	0	0
1909.0	1907	0.998952331063384	37	0.019381875327396544	1637	0.8575170246202201	1799	0.9423782084861184	42	0.022001047668936617	13	13	41	0.8	2	0.15384615384615385	10	0.7692307692307693	0	0.0	1	0.07692307692307693	2	0.15384615384615385	10	0.7692307692307693	0	0.0	1	0.07692307692307693	1	0.024390243902439025	31	0.7560975609756098	0	0.0	9	0.21951219512195122	1	0	1	0	0	1	0	944181149424898048	0	0	0
1953.0	7487	3.833589349718382	220	0.11264720942140297	2686	1.3753200204813107	10490	5.371223758320532	720	0.3686635944700461	19	14	145	0.6	2	0.10526315789473684	11	0.5789473684210527	0	0.0	6	0.3157894736842105	0	0.0	14	1.0	0	0.0	0	0.0	8	0.05517241379310345	108	0.7448275862068966	0	0.0	29	0.2	1	0	1	1	1	1	1	928335737803722753	0	0	0
2072.0	12222	5.898648648648648	90	0.04343629343629344	3970	1.916023166023166	6940	3.3494208494208495	1268	0.611969111969112	28	14	136	0.5625	5	0.17857142857142858	18	0.6428571428571429	0	0.0	5	0.17857142857142858	3	0.21428571428571427	11	0.7857142857142857	0	0.0	0	0.0	23	0.16911764705882354	80	0.5882352941176471	3	0.022058823529411766	30	0.22058823529411764	0	0	0	1	1	1	0	885167849685340161	0	0	0
4872.0	11845	2.43123973727422	152	0.031198686371100164	5738	1.1777504105090313	2522	0.5176518883415435	1077	0.2210591133004926	13	10	133	0.4	2	0.15384615384615385	10	0.7692307692307693	0	0.0	1	0.07692307692307693	0	0.0	9	0.9	0	0.0	1	0.1	18	0.13533834586466165	84	0.631578947368421	0	0.0	31	0.23308270676691728	1	0	1	1	0	1	1	89209507	0	0	0
4688.0	3137	0.669155290102389	93	0.01983788395904437	3591	0.7659982935153583	6931	1.4784556313993173	2286	0.4876279863481229	18	8	96	0.5454545454545454	3	0.16666666666666666	13	0.7222222222222222	0	0.0	2	0.1111111111111111	3	0.375	5	0.625	0	0.0	0	0.0	13	0.13541666666666666	57	0.59375	8	0.08333333333333333	18	0.1875	0	0	1	0	0	1	1	143882918	0	0	0
3975.0	9766	2.4568553459119498	123	0.030943396226415093	2473	0.6221383647798742	1844	0.4638993710691824	1475	0.3710691823899371	20	13	153	0.7692307692307693	2	0.1	17	0.85	0	0.0	1	0.05	2	0.15384615384615385	11	0.8461538461538461	0	0.0	0	0.0	15	0.09803921568627451	120	0.7843137254901961	0	0.0	18	0.11764705882352941	1	0	1	1	0	1	1	563706584	0	0	0
4054.0	1057	0.2607301430685742	1257	0.31006413418845585	9326	2.300444005920079	118659	29.269610261470152	667	0.16452886038480513	14	8	84	0.5555555555555556	2	0.14285714285714285	11	0.7857142857142857	0	0.0	1	0.07142857142857142	2	0.25	6	0.75	0	0.0	0	0.0	12	0.14285714285714285	51	0.6071428571428571	2	0.023809523809523808	19	0.2261904761904762	1	0	1	1	0	1	1	485751594	0	0	0
3093.0	66	0.02133850630455868	122	0.03944390559327514	296	0.09569996766892984	1724	0.5573876495311995	265	0.08567733591981895	16	15	159	0.8888888888888888	2	0.125	13	0.8125	0	0.0	1	0.0625	2	0.13333333333333333	13	0.8666666666666667	0	0.0	0	0.0	16	0.10062893081761007	118	0.7421383647798742	0	0.0	25	0.15723270440251572	1	0	1	0	0	1	1	2831760211	0	0	0
5140.0	1205	0.23443579766536965	308	0.05992217898832685	4351	0.8464980544747082	10078	1.9607003891050583	1376	0.267704280155642	12	12	62	0.7777777777777778	2	0.16666666666666666	9	0.75	0	0.0	1	0.08333333333333333	2	0.16666666666666666	9	0.75	0	0.0	1	0.08333333333333333	12	0.1935483870967742	36	0.5806451612903226	0	0.0	14	0.22580645161290322	0	0	1	1	0	1	0	20986770	0	0	0
4952.0	166	0.033521809369951534	86	0.017366720516962843	208	0.0420032310177706	864	0.17447495961227788	256	0.051696284329563816	12	11	143	0.9090909090909091	2	0.16666666666666666	9	0.75	0	0.0	1	0.08333333333333333	2	0.18181818181818182	9	0.8181818181818182	0	0.0	0	0.0	9	0.06293706293706294	111	0.7762237762237763	0	0.0	23	0.16083916083916083	0	0	1	1	0	1	1	68172699	0	0	1
4026.0	13401	3.328614008941878	247	0.06135121708892201	4670	1.159960258320914	8277	2.055886736214605	1296	0.32190760059612517	13	12	127	0.9	2	0.15384615384615385	10	0.7692307692307693	0	0.0	1	0.07692307692307693	0	0.0	12	1.0	0	0.0	0	0.0	19	0.14960629921259844	82	0.6456692913385826	0	0.0	26	0.2047244094488189	1	0	1	1	1	1	1	516783036	0	0	0
4059.0	53	0.013057403301305741	251	0.06183789110618379	635	0.15644247351564425	3080	0.7588075880758808	1991	0.4905149051490515	16	11	100	0.8	3	0.1875	10	0.625	0	0.0	3	0.1875	2	0.18181818181818182	9	0.8181818181818182	0	0.0	0	0.0	9	0.09	79	0.79	0	0.0	12	0.12	1	0	1	1	0	1	1	481393623	0	0	0
2277.0	14087	6.186649099692578	250	0.10979358805445762	11025	4.841897233201581	24407	10.718928414580589	453	0.19894598155467721	12	14	132	0.047619047619047616	0	0.0	11	0.9166666666666666	0	0.0	1	0.08333333333333333	4	0.2857142857142857	10	0.7142857142857143	0	0.0	0	0.0	20	0.15151515151515152	71	0.5378787878787878	5	0.03787878787878788	36	0.2727272727272727	1	0	1	1	1	1	0	810957560723505152	0	0	0
2296.0	310	0.13501742160278746	63	0.027439024390243903	1429	0.6223867595818815	1777	0.7739547038327527	93	0.04050522648083624	24	15	134	0.5294117647058824	5	0.20833333333333334	11	0.4583333333333333	0	0.0	8	0.3333333333333333	3	0.2	10	0.6666666666666666	0	0.0	2	0.13333333333333333	12	0.08955223880597014	107	0.7985074626865671	0	0.0	15	0.11194029850746269	1	0	1	1	1	1	0	804064797977444352	0	0	0
2125.0	584	0.2748235294117647	112	0.05270588235294118	1542	0.7256470588235294	7624	3.587764705882353	314	0.14776470588235294	20	14	145	0.6666666666666666	2	0.1	17	0.85	0	0.0	1	0.05	2	0.14285714285714285	12	0.8571428571428571	0	0.0	0	0.0	22	0.15172413793103448	89	0.6137931034482759	4	0.027586206896551724	30	0.20689655172413793	0	0	1	1	1	1	0	865920519668989955	0	0	0
1850.0	166	0.08972972972972973	35	0.01891891891891892	583	0.31513513513513514	1874	1.012972972972973	705	0.3810810810810811	15	10	57	0.4	2	0.13333333333333333	12	0.8	0	0.0	1	0.06666666666666667	3	0.3	6	0.6	0	0.0	1	0.1	4	0.07017543859649122	33	0.5789473684210527	10	0.17543859649122806	10	0.17543859649122806	1	0	1	1	1	1	0	965591555783430144	0	0	1
1899.0	12075	6.358609794628752	126	0.06635071090047394	3395	1.7877830437072144	9076	4.779357556608741	2307	1.2148499210110584	20	15	94	0.5333333333333333	2	0.1	17	0.85	0	0.0	1	0.05	2	0.13333333333333333	12	0.8	0	0.0	1	0.06666666666666667	16	0.1702127659574468	63	0.6702127659574468	0	0.0	15	0.1595744680851064	1	0	1	1	1	1	1	947740210036641793	0	0	0
5205.0	18331	3.5218059558117196	372	0.07146974063400577	18684	3.5896253602305475	8751	1.6812680115273775	1387	0.2664745437079731	50	15	157	0.55	5	0.1	35	0.7	0	0.0	10	0.2	3	0.2	12	0.8	0	0.0	0	0.0	9	0.05732484076433121	127	0.8089171974522293	0	0.0	21	0.1337579617834395	1	0	1	1	1	1	1	18103366	0	0	0
3037.0	8539	2.8116562397102403	59	0.019427066183733948	2098	0.6908133026012513	1264	0.41620019756338494	951	0.3131379650971353	16	15	121	0.4666666666666667	2	0.125	8	0.5	0	0.0	6	0.375	5	0.3333333333333333	8	0.5333333333333333	0	0.0	2	0.13333333333333333	12	0.09917355371900827	89	0.7355371900826446	0	0.0	20	0.1652892561983471	0	0	0	1	1	0	1	2885729417	0	0	1
5046.0	5135	1.017637732857709	346	0.06856916369401506	3768	0.746730083234245	9356	1.8541418945699564	2102	0.4165675782798256	15	14	96	0.9	2	0.13333333333333333	12	0.8	0	0.0	1	0.06666666666666667	2	0.14285714285714285	12	0.8571428571428571	0	0.0	0	0.0	9	0.09375	77	0.8020833333333334	0	0.0	10	0.10416666666666667	1	0	0	0	0	1	1	41548943	0	0	0
5025.0	811	0.16139303482587064	180	0.03582089552238806	3223	0.6413930348258706	3293	0.6553233830845772	728	0.14487562189054726	12	11	80	0.8888888888888888	2	0.16666666666666666	9	0.75	0	0.0	1	0.08333333333333333	2	0.18181818181818182	9	0.8181818181818182	0	0.0	0	0.0	6	0.075	63	0.7875	0	0.0	11	0.1375	1	0	1	1	0	1	1	46480553	0	0	0
4060.0	5747	1.4155172413793105	172	0.042364532019704436	2643	0.6509852216748768	7208	1.7753694581280788	3816	0.9399014778325123	15	14	111	0.9	2	0.13333333333333333	12	0.8	0	0.0	1	0.06666666666666667	2	0.14285714285714285	12	0.8571428571428571	0	0.0	0	0.0	7	0.06306306306306306	92	0.8288288288288288	0	0.0	12	0.10810810810810811	1	0	1	1	0	1	1	480623844	0	0	0
5121.0	16089	3.141769185705917	284	0.05545791837531732	6537	1.2765084944346807	11142	2.1757469244288226	2727	0.5325131810193322	16	7	104	0.5833333333333334	2	0.125	13	0.8125	0	0.0	1	0.0625	2	0.2857142857142857	5	0.7142857142857143	0	0.0	0	0.0	10	0.09615384615384616	77	0.7403846153846154	0	0.0	17	0.16346153846153846	1	0	1	1	0	1	1	23248102	0	0	0
2117.0	56	0.026452527161076995	118	0.055739253660840815	750	0.35427491733585265	15215	7.1870571563533305	108	0.05101558809636278	19	13	139	0.6923076923076923	4	0.21052631578947367	12	0.631578947368421	0	0.0	3	0.15789473684210525	2	0.15384615384615385	11	0.8461538461538461	0	0.0	0	0.0	11	0.07913669064748201	109	0.7841726618705036	0	0.0	19	0.1366906474820144	0	0	1	0	0	1	0	868762469115846657	0	0	0
4963.0	903	0.18194640338504936	405	0.08160386862784606	1903	0.383437437034052	12411	2.5007052186177714	583	0.11746927261736853	11	11	127	0.8181818181818182	2	0.18181818181818182	8	0.7272727272727273	0	0.0	1	0.09090909090909091	0	0.0	10	0.9090909090909091	0	0.0	1	0.09090909090909091	10	0.07874015748031496	96	0.7559055118110236	0	0.0	21	0.16535433070866143	0	0	1	0	0	1	1	64994645	0	0	0
5102.0	771	0.1511172089376715	188	0.03684829478635829	1636	0.32065856526852216	2963	0.5807526460211682	432	0.08467267738141905	13	12	45	0.9	2	0.15384615384615385	10	0.7692307692307693	0	0.0	1	0.07692307692307693	0	0.0	12	1.0	0	0.0	0	0.0	1	0.022222222222222223	39	0.8666666666666667	0	0.0	5	0.1111111111111111	1	0	1	0	0	1	1	26869088	0	0	0
4642.0	37	0.007970702283498492	100	0.021542438604049977	809	0.17427832830676432	797	0.17169323567427833	197	0.04243860404997846	12	12	0	0.8333333333333334	2	0.16666666666666666	9	0.75	0	0.0	1	0.08333333333333333	2	0.16666666666666666	9	0.75	0	0.0	1	0.08333333333333333	0	0	0	0	0	0	0	0	0	0	1	1	1	1	0	160906608	0	0	0
3503.0	488	0.13930916357407935	139	0.03968027405081359	39	0.011133314302026834	1000	0.28546959748786754	194	0.0553811019126463	13	14	114	0.6666666666666666	2	0.15384615384615385	10	0.7692307692307693	0	0.0	1	0.07692307692307693	2	0.14285714285714285	11	0.7857142857142857	0	0.0	1	0.07142857142857142	10	0.08771929824561403	81	0.7105263157894737	2	0.017543859649122806	21	0.18421052631578946	0	0	1	0	0	1	1	1662533040	0	0	1
2315.0	522	0.22548596112311015	354	0.15291576673866092	1247	0.5386609071274298	42436	18.33088552915767	364	0.1572354211663067	14	14	99	0.8461538461538461	2	0.14285714285714285	11	0.7857142857142857	0	0.0	1	0.07142857142857142	2	0.14285714285714285	11	0.7857142857142857	0	0.0	1	0.07142857142857142	9	0.09090909090909091	75	0.7575757575757576	0	0.0	15	0.15151515151515152	0	0	1	1	1	1	1	797137333820784640	0	0	0
4991.0	1	0.0002003606491685033	86	0.017231015828491285	114024	22.84592266078942	893	0.17892205970747346	32	0.006411540773392106	14	13	0	0.9090909090909091	2	0.14285714285714285	11	0.7857142857142857	0	0.0	1	0.07142857142857142	2	0.15384615384615385	11	0.8461538461538461	0	0.0	0	0.0	0	0	0	0	0	0	0	0	0	0	0	1	1	1	0	57146860	1	0	0
5142.0	12025	2.338584208479191	412	0.08012446518864255	21560	4.192921042395955	7623	1.482497082847141	3729	0.7252042007001167	48	4	160	0.16666666666666666	4	0.08333333333333333	35	0.7291666666666666	0	0.0	9	0.1875	3	0.75	0	0.0	0	0.0	1	0.25	11	0.06875	124	0.775	0	0.0	25	0.15625	1	0	1	0	0	1	1	20840049	0	0	0
4102.0	0	0.0	501	0.12213554363725013	1	0.00024378352023403217	23483	5.7247684056557775	0	0.0	14	13	103	0.8888888888888888	2	0.14285714285714285	11	0.7857142857142857	0	0.0	1	0.07142857142857142	2	0.15384615384615385	11	0.8461538461538461	0	0.0	0	0.0	10	0.0970873786407767	72	0.6990291262135923	2	0.019417475728155338	19	0.18446601941747573	0	0	1	1	0	1	1	442678902	0	0	0
1932.0	2319	1.200310559006211	88	0.045548654244306416	874	0.4523809523809524	1780	0.9213250517598344	1068	0.5527950310559007	12	11	112	0.7777777777777778	2	0.16666666666666666	9	0.75	0	0.0	1	0.08333333333333333	4	0.36363636363636365	7	0.6363636363636364	0	0.0	0	0.0	10	0.08928571428571429	73	0.6517857142857143	0	0.0	29	0.25892857142857145	1	0	1	0	0	1	1	935815000006053888	0	0	0
1933.0	3716	1.9224004138644595	130	0.06725297465080186	2825	1.4614588722193482	3773	1.9518882565959648	439	0.22710812209001552	18	12	147	0.5	4	0.2222222222222222	12	0.6666666666666666	0	0.0	2	0.1111111111111111	5	0.4166666666666667	6	0.5	0	0.0	1	0.08333333333333333	13	0.08843537414965986	106	0.7210884353741497	0	0.0	28	0.19047619047619047	1	0	1	1	1	1	1	935456332655874048	0	0	0
5042.0	17365	3.444069813566045	438	0.08687028956763189	9737	1.931178103927013	17573	3.485323284410948	1484	0.29432764775882586	14	10	160	0.6666666666666666	2	0.14285714285714285	8	0.5714285714285714	0	0.0	4	0.2857142857142857	2	0.2	8	0.8	0	0.0	0	0.0	10	0.0625	133	0.83125	0	0.0	17	0.10625	1	0	1	1	1	1	1	42401449	0	0	0
4927.0	1962	0.39821392327988636	153	0.03105337933833976	2860	0.5804749340369393	4263	0.8652323929368785	944	0.19159732088491982	14	13	96	0.9	2	0.14285714285714285	11	0.7857142857142857	0	0.0	1	0.07142857142857142	2	0.15384615384615385	11	0.8461538461538461	0	0.0	0	0.0	9	0.09375	78	0.8125	0	0.0	9	0.09375	1	0	1	1	0	1	1	75005687	0	0	0
3280.0	6701	2.0429878048780488	156	0.0475609756097561	2079	0.6338414634146341	4739	1.4448170731707317	1152	0.35121951219512193	12	11	143	0.8888888888888888	2	0.16666666666666666	9	0.75	0	0.0	1	0.08333333333333333	2	0.18181818181818182	9	0.8181818181818182	0	0.0	0	0.0	23	0.16083916083916083	96	0.6713286713286714	0	0.0	24	0.16783216783216784	1	0	0	0	0	1	1	2405039875	0	0	0
3643.0	191	0.052429316497392256	126	0.03458687894592369	377	0.1034861377985177	1451	0.3982981059566292	574	0.15756244853143014	13	14	158	0.6666666666666666	2	0.15384615384615385	10	0.7692307692307693	0	0.0	1	0.07692307692307693	2	0.14285714285714285	11	0.7857142857142857	0	0.0	1	0.07142857142857142	22	0.13924050632911392	111	0.7025316455696202	0	0.0	25	0.15822784810126583	0	0	1	1	1	1	1	1294532364	0	0	1
1763.0	5313	3.013613159387408	77	0.04367555303460011	1475	0.8366420873511061	1735	0.9841179807146909	667	0.37833238797504254	15	14	156	0.9166666666666666	2	0.13333333333333333	12	0.8	0	0.0	1	0.06666666666666667	2	0.14285714285714285	12	0.8571428571428571	0	0.0	0	0.0	15	0.09615384615384616	106	0.6794871794871795	0	0.0	35	0.22435897435897437	0	0	1	1	1	1	1	997138767763750912	0	0	0
5095.0	5940	1.1658488714425908	164	0.03218842001962709	2413	0.47360157016683024	6034	1.184298331697743	1054	0.2068694798822375	16	15	160	0.9166666666666666	2	0.125	13	0.8125	0	0.0	1	0.0625	2	0.13333333333333333	13	0.8666666666666667	0	0.0	0	0.0	27	0.16875	108	0.675	0	0.0	25	0.15625	0	0	1	1	1	1	1	28327765	0	0	0
3711.0	19	0.005119913769873349	55	0.014820803018054433	88895	23.954459714362706	1923	0.5181891673403395	24	0.0064672594987873885	19	12	0	0.5	2	0.10526315789473684	16	0.8421052631578947	0	0.0	1	0.05263157894736842	0	0.0	11	0.9166666666666666	0	0.0	1	0.08333333333333333	0	0	0	0	0	0	0	0	1	0	0	1	1	0	0	1092190045	1	0	0
4799.0	572	0.11919149822879767	159	0.03313190247968327	1752	0.3650760575119817	3161	0.6586788914357158	327	0.06813919566576371	12	10	141	0.3076923076923077	2	0.16666666666666666	9	0.75	0	0.0	1	0.08333333333333333	0	0.0	9	0.9	0	0.0	1	0.1	16	0.11347517730496454	106	0.75177304964539	0	0.0	19	0.1347517730496454	1	0	1	1	0	1	1	107806591	0	0	0
5012.0	1172	0.2338387869114126	797	0.15901835594573024	3532	0.704708699122107	61200	12.210694333599362	507	0.10115722266560255	15	14	148	0.9	2	0.13333333333333333	12	0.8	0	0.0	1	0.06666666666666667	0	0.0	14	1.0	0	0.0	0	0.0	13	0.08783783783783784	108	0.7297297297297297	0	0.0	27	0.18243243243243243	1	0	1	1	0	1	1	50315139	0	0	0
4671.0	2550	0.5459216441875402	141	0.03018625561978163	2656	0.5686148576321987	2259	0.4836223506743738	1293	0.27681438664097624	13	15	75	0.7777777777777778	2	0.15384615384615385	10	0.7692307692307693	0	0.0	1	0.07692307692307693	4	0.26666666666666666	11	0.7333333333333333	0	0.0	0	0.0	9	0.12	50	0.6666666666666666	2	0.02666666666666667	14	0.18666666666666668	1	0	1	1	1	1	1	150372237	0	0	0
2215.0	659	0.29751693002257334	969	0.43747178329571107	3033	1.3693002257336344	233475	105.40632054176072	548	0.2474040632054176	12	12	63	0.7777777777777778	2	0.16666666666666666	9	0.75	0	0.0	1	0.08333333333333333	2	0.16666666666666666	9	0.75	0	0.0	1	0.08333333333333333	7	0.1111111111111111	49	0.7777777777777778	0	0.0	7	0.1111111111111111	1	0	1	1	1	1	1	833398209053605888	0	0	0
2546.0	1427	0.5604870384917517	384	0.15082482325216026	32426	12.73605655930872	44917	17.642183817753338	152	0.05970149253731343	22	10	113	0.6153846153846154	2	0.09090909090909091	13	0.5909090909090909	0	0.0	7	0.3181818181818182	2	0.2	8	0.8	0	0.0	0	0.0	12	0.10619469026548672	73	0.6460176991150443	3	0.02654867256637168	25	0.22123893805309736	0	0	1	1	1	1	1	713361366858481664	0	0	0
5090.0	5430	1.0667976424361494	156	0.030648330058939095	3453	0.6783889980353635	6038	1.186247544204322	2001	0.3931237721021611	17	9	139	0.5454545454545454	2	0.11764705882352941	14	0.8235294117647058	0	0.0	1	0.058823529411764705	0	0.0	9	1.0	0	0.0	0	0.0	0	0.0	100	0.7194244604316546	0	0.0	39	0.2805755395683453	1	0	1	1	0	1	1	29540300	0	0	0
