age	favourites	favourites_by_age	listed	listed_by_age	statuses	statuses_by_age	followers	followers_by_age	friends	friends_by_age	name_len	screen_name_len	description_len	screen_name_sim	name_upper_len	name_upper_pcnt	name_lower_len	name_lower_pcnt	name_digit_len	name_digit_pcnt	name_special_len	name_special_pcnt	screen_name_upper_len	screen_name_upper_pcnt	screen_name_lower_len	screen_name_lower_pcnt	screen_name_digit_len	screen_name_digit_pcnt	screen_name_special_len	screen_name_special_pcnt	description_upper_len	description_upper_pcnt	description_lower_len	description_lower_pcnt	description_digit_len	description_digit_pcnt	description_special_len	description_special_pcnt	geo	protected	location	background_img	default_prof	url	verified	user_id	target	twitter_target	botometer_target
1552.0	0	0.0	1	0.0006443298969072165	5193	3.346005154639175	296	0.19072164948453607	3	0.0019329896907216496	9	9	157	1.0	0	0.0	9	1.0	0	0.0	0	0.0	0	0.0	9	1.0	0	0.0	0	0.0	6	0.03821656050955414	117	0.7452229299363057	0	0.0	34	0.21656050955414013	0	0	1	1	1	1	0	1073515275323097088	1	0	1
2248.0	0	0.0	17	0.007562277580071174	2486	1.1058718861209964	86	0.03825622775800712	2	0.0008896797153024911	13	12	102	0.8888888888888888	2	0.15384615384615385	10	0.7692307692307693	0	0.0	1	0.07692307692307693	0	0.0	12	1.0	0	0.0	0	0.0	9	0.08823529411764706	72	0.7058823529411765	0	0.0	21	0.20588235294117646	0	0	0	1	1	1	0	821098759073497089	1	0	0
2383.0	0	0.0	8	0.003357112882920688	20005	8.394880402853547	3748	1.5728073856483424	3	0.001258917331095258	11	8	138	0.8571428571428571	2	0.18181818181818182	8	0.7272727272727273	0	0.0	1	0.09090909090909091	2	0.25	6	0.75	0	0.0	0	0.0	9	0.06521739130434782	105	0.7608695652173914	0	0.0	24	0.17391304347826086	0	0	1	1	1	1	0	772264497453170688	1	0	1
2643.0	18	0.00681044267877412	156	0.05902383654937571	186805	70.67915247824442	9635	3.645478622777147	5	0.0018917896329928112	13	11	66	0.9	0	0.0	11	0.8461538461538461	0	0.0	2	0.15384615384615385	0	0.0	11	1.0	0	0.0	0	0.0	7	0.10606060606060606	45	0.6818181818181818	0	0.0	14	0.21212121212121213	1	0	1	0	0	1	0	4531666948	1	0	0
1871.0	7169	3.831640833778728	4	0.002137894174238375	31921	17.060929983965792	213	0.11384286477819348	219	0.11704970603955105	18	10	160	0.42857142857142855	3	0.16666666666666666	12	0.6666666666666666	0	0.0	3	0.16666666666666666	6	0.6	4	0.4	0	0.0	0	0.0	13	0.08125	110	0.6875	0	0.0	37	0.23125	0	0	1	0	0	1	0	957685460435861509	1	0	0
2341.0	5	0.0021358393848782574	53	0.022639897479709525	18358	7.841947885519009	1985	0.8479282357966681	6	0.0025630072618539087	19	15	134	0.75	4	0.21052631578947367	12	0.631578947368421	0	0.0	3	0.15789473684210525	0	0.0	13	0.8666666666666667	0	0.0	2	0.13333333333333333	9	0.06716417910447761	102	0.7611940298507462	0	0.0	23	0.17164179104477612	0	0	0	0	0	0	0	787405734442958848	1	0	0
2288.0	669	0.2923951048951049	512	0.22377622377622378	2972	1.298951048951049	14364	6.277972027972028	571	0.24956293706293706	25	15	136	0.6666666666666666	3	0.12	20	0.8	0	0.0	2	0.08	3	0.2	12	0.8	0	0.0	0	0.0	18	0.1323529411764706	95	0.6985294117647058	0	0.0	23	0.16911764705882354	1	0	1	1	1	1	1	806583915012046854	0	0	0
2309.0	5931	2.5686444348202686	2210	0.9571242962321351	14109	6.110437418796016	441031	191.00519705500216	887	0.3841489822433954	32	13	142	0.6470588235294118	4	0.125	25	0.78125	0	0.0	3	0.09375	3	0.23076923076923078	10	0.7692307692307693	0	0.0	0	0.0	15	0.1056338028169014	100	0.704225352112676	2	0.014084507042253521	25	0.176056338028169	1	0	1	0	0	0	1	798973032362606600	0	0	0
2038.0	20	0.009813542688910697	4	0.001962708537782139	22873	11.223258096172719	53	0.026005888125613347	9	0.004416094210009814	29	12	159	0.3157894736842105	4	0.13793103448275862	22	0.7586206896551724	0	0.0	3	0.10344827586206896	2	0.16666666666666666	10	0.8333333333333334	0	0.0	0	0.0	7	0.0440251572327044	111	0.6981132075471698	5	0.031446540880503145	36	0.22641509433962265	0	0	0	0	0	0	0	897420104933277696	1	0	1
2239.0	6	0.0026797677534613666	20	0.008932559178204555	9067	4.049575703439035	82	0.03662349263063868	36	0.0160786065207682	18	14	122	0.7142857142857143	3	0.16666666666666666	13	0.7222222222222222	0	0.0	2	0.1111111111111111	3	0.21428571428571427	11	0.7857142857142857	0	0.0	0	0.0	13	0.10655737704918032	89	0.7295081967213115	0	0.0	20	0.16393442622950818	0	0	1	0	0	0	0	824365984265945098	1	0	1
2306.0	644	0.2792714657415438	63	0.027320034692107545	15603	6.7662619254119685	766	0.33217692974848223	855	0.3707718993928881	18	11	42	0.4375	3	0.16666666666666666	13	0.7222222222222222	0	0.0	2	0.1111111111111111	0	0.0	11	1.0	0	0.0	0	0.0	1	0.023809523809523808	34	0.8095238095238095	0	0.0	7	0.16666666666666666	0	0	0	1	1	0	0	800121246750883842	1	0	1
2280.0	0	0.0	24	0.010526315789473684	17312	7.5929824561403505	91	0.039912280701754385	1	0.0004385964912280702	20	15	75	0.5384615384615384	3	0.15	13	0.65	0	0.0	4	0.2	2	0.13333333333333333	13	0.8666666666666667	0	0.0	0	0.0	6	0.08	56	0.7466666666666667	0	0.0	13	0.17333333333333334	0	0	0	1	1	0	0	809735730888982531	1	0	0
3722.0	933	0.2506716818914562	910	0.24449220849005912	8120	2.1816227834497584	24908	6.692101020956475	2231	0.5994089199355186	17	14	106	0.5714285714285714	4	0.23529411764705882	11	0.6470588235294118	0	0.0	2	0.11764705882352941	3	0.21428571428571427	11	0.7857142857142857	0	0.0	0	0.0	10	0.09433962264150944	77	0.7264150943396226	0	0.0	19	0.1792452830188679	0	0	1	1	1	1	1	1058717720	0	0	0
4443.0	1012	0.22777402655863155	987	0.22214719783929776	6332	1.4251631780328606	22020	4.9561107359891965	1502	0.3380598694575737	16	10	123	0.6153846153846154	3	0.1875	10	0.625	0	0.0	3	0.1875	2	0.2	8	0.8	0	0.0	0	0.0	9	0.07317073170731707	92	0.7479674796747967	1	0.008130081300813009	21	0.17073170731707318	0	0	1	0	0	1	1	237862972	0	0	0
3189.0	8	0.002508623392913139	893	0.28002508623392913	28193	8.840702414550016	32257	10.11508309814989	28	0.008780181875195987	10	8	133	0.5555555555555556	0	0.0	7	0.7	0	0.0	3	0.3	0	0.0	7	0.875	0	0.0	1	0.125	6	0.045112781954887216	88	0.6616541353383458	4	0.03007518796992481	35	0.2631578947368421	0	0	1	0	0	1	0	2579497028	1	0	0
2960.0	57	0.019256756756756758	920	0.3108108108108108	2892	0.977027027027027	42051	14.206418918918919	583	0.19695945945945945	17	14	123	0.8181818181818182	3	0.17647058823529413	11	0.6470588235294118	0	0.0	3	0.17647058823529413	3	0.21428571428571427	11	0.7857142857142857	0	0.0	0	0.0	10	0.08130081300813008	86	0.6991869918699187	2	0.016260162601626018	25	0.2032520325203252	0	0	1	1	1	1	1	3018670151	0	0	0
2599.0	0	0.0	9	0.0034628703347441324	56600	21.77760677183532	77	0.029626779530588686	1	0.00038476337052712584	16	11	0	0.8181818181818182	3	0.1875	11	0.6875	0	0.0	2	0.125	2	0.18181818181818182	9	0.8181818181818182	0	0.0	0	0.0	0	0	0	0	0	0	0	0	0	0	0	1	1	0	0	4867178585	1	0	0
3722.0	911	0.24476088124664158	2094	0.5626007522837184	6385	1.715475550779151	558241	149.98414830736164	1082	0.2907039226222461	12	14	150	0.6923076923076923	2	0.16666666666666666	9	0.75	0	0.0	1	0.08333333333333333	3	0.21428571428571427	11	0.7857142857142857	0	0.0	0	0.0	13	0.08666666666666667	103	0.6866666666666666	0	0.0	34	0.22666666666666666	1	0	1	1	0	1	1	1060487274	0	0	0
2583.0	0	0.0	2	0.0007742934572202865	33	0.012775842044134728	0	0.0	0	0.0	11	9	57	0.6666666666666666	4	0.36363636363636365	5	0.45454545454545453	0	0.0	2	0.18181818181818182	0	0.0	9	1.0	0	0.0	0	0.0	0	0.0	45	0.7894736842105263	0	0.0	12	0.21052631578947367	0	0	0	0	0	1	0	4920000637	1	0	1
2465.0	10732	4.353752535496957	797	0.3233265720081136	7851	3.1849898580121705	52593	21.335902636916835	4135	1.6774847870182557	15	14	136	0.9090909090909091	2	0.13333333333333333	12	0.8	0	0.0	1	0.06666666666666667	2	0.14285714285714285	12	0.8571428571428571	0	0.0	0	0.0	8	0.058823529411764705	102	0.75	1	0.007352941176470588	25	0.18382352941176472	1	0	1	1	1	1	1	742735530287304704	0	0	0
2957.0	5	0.0016909029421711193	27	0.009130875887724045	5189	1.7548190733851876	242	0.08183970240108218	46	0.015556307067974298	19	12	138	0.6428571428571429	2	0.10526315789473684	15	0.7894736842105263	0	0.0	2	0.10526315789473684	0	0.0	12	1.0	0	0.0	0	0.0	7	0.050724637681159424	95	0.6884057971014492	4	0.028985507246376812	32	0.2318840579710145	1	0	0	1	0	1	0	3025174660	1	0	1
2322.0	0	0.0	26	0.01119724375538329	17658	7.604651162790698	45	0.01937984496124031	0	0.0	11	10	118	0.9090909090909091	2	0.18181818181818182	8	0.7272727272727273	0	0.0	1	0.09090909090909091	2	0.2	8	0.8	0	0.0	0	0.0	7	0.059322033898305086	88	0.7457627118644068	0	0.0	23	0.19491525423728814	0	0	0	0	0	1	0	794513135243759617	1	0	0
2245.0	2	0.0008908685968819599	9	0.004008908685968819	4293	1.9122494432071269	334	0.1487750556792873	6	0.0026726057906458797	17	10	148	0.2857142857142857	3	0.17647058823529413	12	0.7058823529411765	0	0.0	2	0.11764705882352941	0	0.0	10	1.0	0	0.0	0	0.0	3	0.02027027027027027	115	0.777027027027027	0	0.0	30	0.20270270270270271	1	0	1	1	1	1	0	822425915548372993	1	0	1
2902.0	3	0.0010337698139214334	128	0.04410751206064783	108078	37.24259131633357	27920	9.620951068228807	0	0.0	19	10	123	0.6666666666666666	4	0.21052631578947367	12	0.631578947368421	0	0.0	3	0.15789473684210525	2	0.2	8	0.8	0	0.0	0	0.0	4	0.032520325203252036	95	0.7723577235772358	0	0.0	24	0.1951219512195122	0	0	1	0	0	1	0	3131670665	1	0	0
2263.0	492	0.21741051701281486	771	0.34069818824569154	5346	2.3623508616880247	43540	19.23994697304463	463	0.20459566946531155	27	12	80	0.5	4	0.14814814814814814	19	0.7037037037037037	0	0.0	4	0.14814814814814814	2	0.16666666666666666	10	0.8333333333333334	0	0.0	0	0.0	4	0.05	61	0.7625	0	0.0	15	0.1875	1	0	0	1	1	1	1	815966620300480514	0	0	0
3264.0	0	0.0	11	0.0033700980392156864	11918	3.6513480392156863	93	0.02849264705882353	6	0.001838235294117647	20	12	109	0.6666666666666666	2	0.1	17	0.85	0	0.0	1	0.05	3	0.25	9	0.75	0	0.0	0	0.0	6	0.05504587155963303	78	0.7155963302752294	0	0.0	25	0.22935779816513763	0	0	1	1	1	1	0	2431008924	1	0	0
2650.0	0	0.0	19	0.007169811320754717	7344	2.771320754716981	5505	2.077358490566038	2	0.0007547169811320754	13	12	98	0.9090909090909091	2	0.15384615384615385	10	0.7692307692307693	0	0.0	1	0.07692307692307693	0	0.0	12	1.0	0	0.0	0	0.0	6	0.061224489795918366	74	0.7551020408163265	0	0.0	18	0.1836734693877551	0	0	0	1	1	1	0	4452810929	1	0	0
2621.0	0	0.0	19	0.007249141549027089	10944	4.175505532239603	66	0.02518122853872568	1	0.00038153376573826786	14	13	159	0.6666666666666666	3	0.21428571428571427	9	0.6428571428571429	0	0.0	2	0.14285714285714285	0	0.0	11	0.8461538461538461	0	0.0	2	0.15384615384615385	3	0.018867924528301886	116	0.7295597484276729	5	0.031446540880503145	35	0.22012578616352202	0	0	1	1	1	1	0	4765089989	1	0	0
4464.0	131	0.029345878136200716	1906	0.42697132616487454	16240	3.6379928315412187	154725	34.660618279569896	673	0.1507616487455197	19	13	45	0.8461538461538461	3	0.15789473684210525	14	0.7368421052631579	0	0.0	2	0.10526315789473684	3	0.23076923076923078	10	0.7692307692307693	0	0.0	0	0.0	6	0.13333333333333333	30	0.6666666666666666	0	0.0	9	0.2	1	0	1	1	0	1	1	229966028	0	0	0
4397.0	9986	2.271093927677962	1649	0.3750284284739595	20390	4.637252672276552	79704	18.126904707755287	3849	0.8753695701614738	18	10	160	0.6153846153846154	3	0.16666666666666666	12	0.6666666666666666	0	0.0	3	0.16666666666666666	2	0.2	8	0.8	0	0.0	0	0.0	21	0.13125	98	0.6125	5	0.03125	36	0.225	1	0	1	0	0	1	1	258900199	0	0	0
2710.0	0	0.0	10	0.0036900369003690036	1641	0.6055350553505535	8	0.002952029520295203	0	0.0	11	10	59	0.8888888888888888	2	0.18181818181818182	6	0.5454545454545454	2	0.18181818181818182	1	0.09090909090909091	1	0.1	7	0.7	2	0.2	0	0.0	1	0.01694915254237288	49	0.8305084745762712	0	0.0	9	0.15254237288135594	0	0	0	0	0	0	0	3941335282	1	0	0
1757.0	0	0.0	8	0.004553215708594195	6967	3.965281730221969	82	0.0466704610130905	2	0.0011383039271485487	16	15	85	0.9166666666666666	2	0.125	13	0.8125	0	0.0	1	0.0625	2	0.13333333333333333	13	0.8666666666666667	0	0.0	0	0.0	5	0.058823529411764705	65	0.7647058823529411	0	0.0	15	0.17647058823529413	0	0	0	1	1	1	0	999015031126876160	1	0	0
1966.0	0	0.0	3	0.001525940996948118	374	0.19023397761953204	4	0.002034587995930824	0	0.0	26	14	128	0.42105263157894735	0	0.0	20	0.7692307692307693	0	0.0	6	0.23076923076923078	4	0.2857142857142857	10	0.7142857142857143	0	0.0	0	0.0	6	0.046875	96	0.75	0	0.0	26	0.203125	0	0	1	1	1	0	0	923545627291803648	1	0	0
2363.0	8	0.0033855268726195515	72	0.03046974185357596	20375	8.62251375370292	691	0.29242488362251373	0	0.0	15	14	56	0.6	0	0.0	11	0.7333333333333333	0	0.0	4	0.26666666666666666	0	0.0	14	1.0	0	0.0	0	0.0	1	0.017857142857142856	43	0.7678571428571429	0	0.0	12	0.21428571428571427	0	0	0	0	0	1	0	779417371282776064	1	0	0
2103.0	13	0.006181645268663814	5	0.0023775558725630053	4827	2.295292439372325	24	0.011412268188302425	17	0.008083689966714217	13	11	140	0.9	6	0.46153846153846156	5	0.38461538461538464	0	0.0	2	0.15384615384615385	6	0.5454545454545454	5	0.45454545454545453	0	0.0	0	0.0	8	0.05714285714285714	99	0.7071428571428572	0	0.0	33	0.2357142857142857	0	0	1	0	0	0	0	873756899048431616	1	0	1
2381.0	1	0.00041999160016799666	14	0.005879882402351953	55157	23.16547669046619	35	0.014699706005879883	1	0.00041999160016799666	11	14	106	0.21428571428571427	6	0.5454545454545454	0	0.0	0	0.0	5	0.45454545454545453	0	0.0	14	1.0	0	0.0	0	0.0	4	0.03773584905660377	80	0.7547169811320755	0	0.0	22	0.20754716981132076	0	0	1	0	0	0	0	773015340636708864	1	0	0
5145.0	226	0.04392614188532556	1266	0.24606413994169096	3768	0.7323615160349854	30718	5.970456754130224	909	0.17667638483965015	18	11	139	0.6153846153846154	3	0.16666666666666666	12	0.6666666666666666	0	0.0	3	0.16666666666666666	2	0.18181818181818182	9	0.8181818181818182	0	0.0	0	0.0	6	0.04316546762589928	108	0.7769784172661871	1	0.007194244604316547	24	0.17266187050359713	1	0	1	1	0	1	1	20545793	0	0	0
2080.0	0	0.0	4	0.0019230769230769232	32	0.015384615384615385	11	0.005288461538461539	9	0.004326923076923077	9	11	88	0.7272727272727273	2	0.2222222222222222	6	0.6666666666666666	0	0.0	1	0.1111111111111111	3	0.2727272727272727	8	0.7272727272727273	0	0.0	0	0.0	3	0.03409090909090909	65	0.7386363636363636	0	0.0	20	0.22727272727272727	0	0	0	0	0	1	0	882043132153438208	1	0	0
1979.0	5	0.0025265285497726125	8	0.00404244567963618	861	0.43506821627084385	83	0.04194037392622536	18	0.009095502779181405	18	13	111	0.6153846153846154	2	0.1111111111111111	12	0.6666666666666666	0	0.0	4	0.2222222222222222	0	0.0	13	1.0	0	0.0	0	0.0	4	0.036036036036036036	79	0.7117117117117117	2	0.018018018018018018	26	0.23423423423423423	0	0	1	1	1	1	0	918609526357499905	1	0	1
2061.0	10	0.0048520135856380394	110	0.053372149442018436	11411	5.536632702571567	4271	2.072295002426007	3	0.001455604075691412	14	11	157	0.9	2	0.14285714285714285	10	0.7142857142857143	0	0.0	2	0.14285714285714285	0	0.0	11	1.0	0	0.0	0	0.0	4	0.025477707006369428	116	0.7388535031847133	0	0.0	37	0.2356687898089172	0	0	1	1	1	1	0	888953536666411009	1	0	0
2684.0	15	0.005588673621460507	10	0.0037257824143070045	62411	23.252980625931446	269	0.10022354694485842	2	0.0007451564828614009	12	13	41	0.46153846153846156	3	0.25	7	0.5833333333333334	0	0.0	2	0.16666666666666666	0	0.0	13	1.0	0	0.0	0	0.0	2	0.04878048780487805	32	0.7804878048780488	0	0.0	7	0.17073170731707318	0	0	1	0	0	1	0	4165861634	1	0	1
5090.0	363	0.07131630648330059	27386	5.380353634577603	23574	4.631434184675835	12484258	2452.7029469548133	2300	0.4518664047151277	14	10	160	0.6666666666666666	2	0.14285714285714285	11	0.7857142857142857	0	0.0	1	0.07142857142857142	2	0.2	8	0.8	0	0.0	0	0.0	12	0.075	116	0.725	0	0.0	32	0.2	1	0	1	1	0	1	1	29442313	0	0	0
5157.0	133	0.025790188093853014	4731	0.9173938336242001	4426	0.8582509210781462	557599	108.1246848943184	941	0.18247042854372697	18	14	103	0.6153846153846154	3	0.16666666666666666	12	0.6666666666666666	0	0.0	3	0.16666666666666666	2	0.14285714285714285	12	0.8571428571428571	0	0.0	0	0.0	10	0.0970873786407767	75	0.7281553398058253	0	0.0	18	0.17475728155339806	1	0	1	1	0	1	1	19726613	0	0	0
1895.0	4	0.0021108179419525065	12	0.0063324538258575196	14599	7.703957783641161	207	0.10923482849604221	7	0.0036939313984168864	32	12	125	0.5294117647058824	2	0.0625	26	0.8125	0	0.0	4	0.125	0	0.0	12	1.0	0	0.0	0	0.0	4	0.032	98	0.784	0	0.0	23	0.184	0	0	1	0	0	0	0	949036672741793793	1	0	0
1864.0	0	0.0	31	0.016630901287553648	3589	1.9254291845493563	375	0.20118025751072963	2	0.001072961373390558	22	14	118	0.2857142857142857	0	0.0	18	0.8181818181818182	0	0.0	4	0.18181818181818182	3	0.21428571428571427	11	0.7857142857142857	0	0.0	0	0.0	2	0.01694915254237288	85	0.7203389830508474	5	0.0423728813559322	26	0.22033898305084745	0	0	0	1	1	1	0	960538579993878529	1	0	0
4080.0	1263	0.3095588235294118	791	0.19387254901960785	7908	1.938235294117647	34856	8.54313725490196	14231	3.487990196078431	30	12	145	0.375	4	0.13333333333333333	22	0.7333333333333333	0	0.0	4	0.13333333333333333	2	0.16666666666666666	10	0.8333333333333334	0	0.0	0	0.0	21	0.14482758620689656	91	0.6275862068965518	1	0.006896551724137931	32	0.2206896551724138	1	0	1	1	1	1	1	462143773	0	0	0
2736.0	1868	0.6827485380116959	598	0.2185672514619883	3973	1.4521198830409356	21223	7.756944444444445	1361	0.49744152046783624	12	9	113	0.5454545454545454	3	0.25	8	0.6666666666666666	0	0.0	1	0.08333333333333333	3	0.3333333333333333	6	0.6666666666666666	0	0.0	0	0.0	11	0.09734513274336283	81	0.7168141592920354	2	0.017699115044247787	19	0.168141592920354	1	0	1	1	1	1	1	3686482216	0	0	0
3753.0	24	0.006394884092725819	103	0.027444710897948307	886217	236.13562483346655	3001	0.799626965094591	50	0.01332267519317879	18	14	162	0.47058823529411764	2	0.1111111111111111	13	0.7222222222222222	1	0.05555555555555555	2	0.1111111111111111	0	0.0	13	0.9285714285714286	1	0.07142857142857142	0	0.0	13	0.08024691358024691	108	0.6666666666666666	4	0.024691358024691357	37	0.22839506172839505	0	0	1	1	1	1	0	989135184	1	0	0
3719.0	1831	0.4923366496369992	747	0.20086044635654746	5447	1.4646410325356278	34756	9.345522990051089	3756	1.0099489109975799	10	14	128	0.5384615384615384	2	0.2	7	0.7	0	0.0	1	0.1	4	0.2857142857142857	10	0.7142857142857143	0	0.0	0	0.0	8	0.0625	90	0.703125	4	0.03125	26	0.203125	1	0	1	1	0	1	0	1068499286	0	0	0
5116.0	12693	2.4810398749022675	887	0.1733776387802971	5492	1.073494917904613	22873	4.470875684128226	3151	0.61591086786552	10	9	143	0.875	2	0.2	7	0.7	0	0.0	1	0.1	2	0.2222222222222222	7	0.7777777777777778	0	0.0	0	0.0	20	0.13986013986013987	87	0.6083916083916084	1	0.006993006993006993	35	0.24475524475524477	1	0	1	1	0	1	1	23970171	0	0	0
2583.0	0	0.0	6	0.0023228803716608595	90	0.03484320557491289	6	0.0023228803716608595	0	0.0	18	10	117	0.6363636363636364	2	0.1111111111111111	15	0.8333333333333334	0	0.0	1	0.05555555555555555	0	0.0	10	1.0	0	0.0	0	0.0	8	0.06837606837606838	79	0.6752136752136753	0	0.0	30	0.2564102564102564	0	0	1	0	0	0	0	4918149536	1	0	1
2906.0	17	0.005849965588437715	2	0.0006882312456985547	4152	1.4287680660701996	15	0.00516173434273916	0	0.0	20	12	140	0.5454545454545454	2	0.1	16	0.8	0	0.0	2	0.1	0	0.0	12	1.0	0	0.0	0	0.0	19	0.1357142857142857	87	0.6214285714285714	1	0.007142857142857143	33	0.2357142857142857	0	0	1	0	0	1	0	3130589637	1	0	1
4449.0	450	0.10114632501685772	521	0.11710496740840638	2620	0.5888963812092605	10896	2.449089683074848	2238	0.5030343897505057	16	11	84	0.5384615384615384	2	0.125	13	0.8125	0	0.0	1	0.0625	2	0.18181818181818182	9	0.8181818181818182	0	0.0	0	0.0	7	0.08333333333333333	67	0.7976190476190477	0	0.0	10	0.11904761904761904	1	0	1	1	0	1	1	235373000	0	0	0
3262.0	7	0.002145922746781116	148	0.045370938074800735	1896	0.5812385039852851	3752	1.150214592274678	1	0.00030656039239730225	16	13	61	0.5714285714285714	2	0.125	13	0.8125	0	0.0	1	0.0625	0	0.0	10	0.7692307692307693	3	0.23076923076923078	0	0.0	2	0.03278688524590164	44	0.7213114754098361	0	0.0	15	0.2459016393442623	0	0	0	1	1	1	0	2434187744	1	0	1
2022.0	11	0.005440158259149357	14	0.006923837784371909	1746	0.8635014836795252	443	0.21909000989119684	310	0.1533135509396637	9	10	119	0.8888888888888888	1	0.1111111111111111	8	0.8888888888888888	0	0.0	0	0.0	1	0.1	9	0.9	0	0.0	0	0.0	1	0.008403361344537815	90	0.7563025210084033	4	0.03361344537815126	24	0.20168067226890757	0	0	1	0	0	0	0	903140108177735680	1	0	1
2388.0	0	0.0	11	0.0046063651591289785	33640	14.087102177554438	15	0.00628140703517588	0	0.0	20	15	125	0.5	0	0.0	17	0.85	0	0.0	3	0.15	0	0.0	15	1.0	0	0.0	0	0.0	11	0.088	80	0.64	3	0.024	31	0.248	0	0	0	1	1	0	0	770391941506891776	1	0	0
2708.0	12	0.004431314623338257	33	0.012186115214180207	26604	9.824224519940916	354	0.1307237813884786	0	0.0	9	9	141	1.0	2	0.2222222222222222	6	0.6666666666666666	0	0.0	1	0.1111111111111111	0	0.0	8	0.8888888888888888	0	0.0	1	0.1111111111111111	0	0.0	109	0.7730496453900709	0	0.0	32	0.22695035460992907	0	0	0	0	0	0	0	3905389063	1	0	0
2844.0	2	0.0007032348804500703	259	0.09106891701828411	91641	32.222573839662445	25920	9.113924050632912	0	0.0	19	11	104	0.7777777777777778	3	0.15789473684210525	14	0.7368421052631579	0	0.0	2	0.10526315789473684	2	0.18181818181818182	9	0.8181818181818182	0	0.0	0	0.0	2	0.019230769230769232	84	0.8076923076923077	0	0.0	18	0.17307692307692307	0	0	0	1	1	1	0	3305013856	1	0	0
2478.0	1	0.0004035512510088781	7	0.002824858757062147	8438	3.4051654560129134	41	0.016545601291364002	3	0.0012106537530266344	18	13	123	0.6363636363636364	3	0.16666666666666666	13	0.7222222222222222	0	0.0	2	0.1111111111111111	0	0.0	13	1.0	0	0.0	0	0.0	5	0.04065040650406504	95	0.7723577235772358	0	0.0	23	0.18699186991869918	0	0	1	0	0	1	0	737840777963917312	1	0	0
2475.0	0	0.0	41	0.016565656565656565	149058	60.22545454545455	75	0.030303030303030304	2	0.0008080808080808081	19	10	74	0.7692307692307693	3	0.15789473684210525	14	0.7368421052631579	0	0.0	2	0.10526315789473684	0	0.0	10	1.0	0	0.0	0	0.0	6	0.08108108108108109	55	0.7432432432432432	0	0.0	13	0.17567567567567569	0	0	0	1	1	1	0	738928139863216128	1	0	1
2699.0	0	0.0	7	0.002593553167839941	1476	0.5468692108188218	12	0.00444609114486847	1	0.0003705075954057058	9	14	28	0.38461538461538464	2	0.2222222222222222	6	0.6666666666666666	0	0.0	1	0.1111111111111111	0	0.0	14	1.0	0	0.0	0	0.0	1	0.03571428571428571	20	0.7142857142857143	0	0.0	7	0.25	0	0	1	0	0	1	0	4026679937	1	0	0
5081.0	518	0.10194843534737257	1648	0.32434560125959455	21617	4.254477465065932	52071	10.24817949222594	2846	0.5601259594567999	18	12	145	0.8181818181818182	3	0.16666666666666666	12	0.6666666666666666	0	0.0	3	0.16666666666666666	2	0.16666666666666666	10	0.8333333333333334	0	0.0	0	0.0	15	0.10344827586206896	102	0.7034482758620689	1	0.006896551724137931	27	0.18620689655172415	1	0	1	1	0	1	1	31801993	0	0	0
5203.0	607	0.11666346338650778	2549	0.48990966749951953	7711	1.482029598308668	194339	37.35133576782626	963	0.18508552758024216	24	14	25	0.8461538461538461	4	0.16666666666666666	17	0.7083333333333334	0	0.0	3	0.125	3	0.21428571428571427	11	0.7857142857142857	0	0.0	0	0.0	4	0.16	16	0.64	0	0.0	5	0.2	1	0	1	1	1	1	1	18137749	0	0	0
4745.0	2420	0.5100105374077977	1271	0.2678609062170706	8657	1.8244467860906217	36380	7.667017913593256	2011	0.4238145416227608	15	12	92	0.8181818181818182	3	0.2	9	0.6	0	0.0	3	0.2	3	0.25	9	0.75	0	0.0	0	0.0	9	0.09782608695652174	62	0.6739130434782609	2	0.021739130434782608	19	0.20652173913043478	1	0	1	1	0	1	1	124224165	0	0	0
2865.0	0	0.0	14	0.004886561954624782	311	0.10855148342059337	66	0.023036649214659685	1	0.00034904013961605586	16	14	135	0.9166666666666666	14	0.875	0	0.0	0	0.0	2	0.125	3	0.21428571428571427	11	0.7857142857142857	0	0.0	0	0.0	71	0.5259259259259259	27	0.2	5	0.037037037037037035	32	0.23703703703703705	0	0	0	1	1	1	0	3246621388	1	0	0
2564.0	3	0.001170046801872075	24	0.0093603744149766	5026	1.9602184087363494	80	0.031201248049921998	2	0.00078003120124805	12	12	107	0.0	3	0.25	3	0.25	0	0.0	6	0.5	0	0.0	12	1.0	0	0.0	0	0.0	0	0.0	82	0.7663551401869159	0	0.0	25	0.2336448598130841	0	0	1	0	0	0	0	706568743472619520	1	0	0
1716.0	10	0.005827505827505828	5	0.002913752913752914	630	0.36713286713286714	147	0.08566433566433566	2	0.0011655011655011655	14	9	160	0.6666666666666666	6	0.42857142857142855	6	0.42857142857142855	0	0.0	2	0.14285714285714285	0	0.0	9	1.0	0	0.0	0	0.0	15	0.09375	120	0.75	0	0.0	25	0.15625	0	0	1	1	1	1	0	1014146545640300544	1	0	1
1664.0	0	0.0	2	0.001201923076923077	1713	1.0294471153846154	5	0.0030048076923076925	0	0.0	8	8	157	1.0	2	0.25	6	0.75	0	0.0	0	0.0	2	0.25	6	0.75	0	0.0	0	0.0	20	0.12738853503184713	104	0.6624203821656051	0	0.0	33	0.21019108280254778	0	0	0	1	1	0	0	1032895705625419776	1	0	0
2998.0	0	0.0	48	0.016010673782521682	9530	3.1787858572381587	215	0.07171447631754503	2	0.00066711140760507	16	15	133	0.9090909090909091	2	0.125	13	0.8125	0	0.0	1	0.0625	0	0.0	15	1.0	0	0.0	0	0.0	11	0.08270676691729323	96	0.7218045112781954	1	0.007518796992481203	25	0.18796992481203006	0	0	1	0	0	0	0	2948121401	1	0	0
4661.0	1348	0.28920832439390687	1400	0.3003647285990131	16928	3.6318386612314955	42032	9.017807337481226	1299	0.27869555889294145	13	15	159	0.7	2	0.15384615384615385	10	0.7692307692307693	0	0.0	1	0.07692307692307693	3	0.2	12	0.8	0	0.0	0	0.0	13	0.08176100628930817	118	0.7421383647798742	0	0.0	28	0.1761006289308176	1	0	1	1	0	1	1	153944899	0	0	0
4431.0	291	0.06567366283006093	1170	0.2640487474610697	2184	0.4928909952606635	63821	14.40329496727601	916	0.20672534416610247	21	14	93	0.6666666666666666	3	0.14285714285714285	16	0.7619047619047619	0	0.0	2	0.09523809523809523	2	0.14285714285714285	12	0.8571428571428571	0	0.0	0	0.0	7	0.07526881720430108	67	0.7204301075268817	1	0.010752688172043012	18	0.1935483870967742	1	0	0	1	0	1	1	242926427	0	0	0
3698.0	349	0.09437533802055165	721	0.19497025419145483	2018	0.5457003785830179	22981	6.2144402379664685	491	0.13277447268793943	18	15	119	0.8181818181818182	3	0.16666666666666666	12	0.6666666666666666	0	0.0	3	0.16666666666666666	3	0.2	12	0.8	0	0.0	0	0.0	17	0.14285714285714285	83	0.6974789915966386	2	0.01680672268907563	17	0.14285714285714285	1	0	1	0	0	1	1	1128514404	0	0	0
4640.0	193	0.041594827586206896	1164	0.2508620689655172	3832	0.8258620689655173	27276	5.878448275862069	1238	0.2668103448275862	16	13	78	0.8	3	0.1875	10	0.625	0	0.0	3	0.1875	3	0.23076923076923078	10	0.7692307692307693	0	0.0	0	0.0	11	0.14102564102564102	50	0.6410256410256411	4	0.05128205128205128	13	0.16666666666666666	1	0	1	1	0	1	1	161743731	0	0	0
2715.0	35	0.01289134438305709	53	0.019521178637200737	19988	7.362062615101289	594	0.21878453038674034	5	0.001841620626151013	23	15	170	0.75	0	0.0	16	0.6956521739130435	0	0.0	7	0.30434782608695654	0	0.0	13	0.8666666666666667	0	0.0	2	0.13333333333333333	20	0.11764705882352941	91	0.5352941176470588	9	0.052941176470588235	50	0.29411764705882354	0	0	1	1	1	1	0	3901064081	1	0	1
3715.0	1789	0.48156123822341856	1028	0.27671601615074026	7829	2.1074024226110364	55829	15.02799461641992	1007	0.27106325706594886	23	13	111	0.5625	3	0.13043478260869565	18	0.782608695652174	0	0.0	2	0.08695652173913043	3	0.23076923076923078	10	0.7692307692307693	0	0.0	0	0.0	6	0.05405405405405406	89	0.8018018018018018	2	0.018018018018018018	14	0.12612612612612611	1	0	1	1	0	1	1	1080509366	0	0	0
3051.0	2005	0.6571615863651262	828	0.2713864306784661	8253	2.7050147492625367	30086	9.861029170763684	1209	0.39626352015732547	15	11	146	0.6363636363636364	2	0.13333333333333333	12	0.8	0	0.0	1	0.06666666666666667	2	0.18181818181818182	9	0.8181818181818182	0	0.0	0	0.0	14	0.0958904109589041	107	0.7328767123287672	2	0.0136986301369863	23	0.15753424657534246	1	0	1	1	1	1	1	2863006655	0	0	0
4436.0	9513	2.1444995491433723	1595	0.3595581605049594	15750	3.5504959422903517	84290	19.001352569882776	3926	0.8850315599639315	16	15	66	0.6923076923076923	3	0.1875	10	0.625	0	0.0	3	0.1875	3	0.2	12	0.8	0	0.0	0	0.0	6	0.09090909090909091	49	0.7424242424242424	1	0.015151515151515152	10	0.15151515151515152	1	0	1	1	1	0	1	240812994	0	0	0
3442.0	0	0.0	53	0.015398024404416037	7998	2.3236490412550843	3071	0.8922138291690878	1	0.0002905287623474724	18	15	160	0.4375	3	0.16666666666666666	13	0.7222222222222222	0	0.0	2	0.1111111111111111	2	0.13333333333333333	11	0.7333333333333333	0	0.0	2	0.13333333333333333	4	0.025	130	0.8125	0	0.0	26	0.1625	0	0	1	1	1	1	0	1954268106	1	0	0
5180.0	3694	0.7131274131274131	3954	0.7633204633204633	19122	3.6915057915057914	217099	41.91100386100386	1058	0.20424710424710424	20	15	160	0.8333333333333334	3	0.15	15	0.75	0	0.0	2	0.1	2	0.13333333333333333	13	0.8666666666666667	0	0.0	0	0.0	19	0.11875	106	0.6625	0	0.0	35	0.21875	1	0	1	1	0	1	1	18695134	0	0	0
5145.0	39	0.007580174927113703	944	0.18347910592808553	6386	1.2412050534499515	15077	2.9304178814382897	1184	0.23012633624878523	19	11	49	0.8181818181818182	3	0.15789473684210525	14	0.7368421052631579	0	0.0	2	0.10526315789473684	2	0.18181818181818182	9	0.8181818181818182	0	0.0	0	0.0	9	0.1836734693877551	27	0.5510204081632653	0	0.0	13	0.2653061224489796	1	0	1	1	0	1	1	20546536	0	0	0
4264.0	13626	3.195590994371482	455	0.10670731707317073	20842	4.887898686679175	217241	50.94770168855535	13	0.003048780487804878	6	12	30	0.4444444444444444	1	0.16666666666666666	5	0.8333333333333334	0	0.0	0	0.0	3	0.25	9	0.75	0	0.0	0	0.0	4	0.13333333333333333	20	0.6666666666666666	0	0.0	6	0.2	1	0	1	1	0	1	0	333923305	1	0	0
5012.0	0	0.0	1286	0.25658419792498005	1240	0.24740622505985635	27287	5.444333599361532	5	0.0009976057462090981	14	13	127	0.6666666666666666	3	0.21428571428571427	10	0.7142857142857143	0	0.0	1	0.07142857142857142	3	0.23076923076923078	10	0.7692307692307693	0	0.0	0	0.0	14	0.11023622047244094	91	0.7165354330708661	1	0.007874015748031496	21	0.16535433070866143	0	0	1	1	0	1	1	50152441	0	0	0
3956.0	2434	0.615267947421638	985	0.24898887765419617	5715	1.4446410515672397	28004	7.0788675429726995	1095	0.27679474216380184	12	14	158	0.8181818181818182	2	0.16666666666666666	9	0.75	0	0.0	1	0.08333333333333333	3	0.21428571428571427	11	0.7857142857142857	0	0.0	0	0.0	11	0.06962025316455696	117	0.740506329113924	1	0.006329113924050633	29	0.18354430379746836	1	0	1	1	1	1	1	581141508	0	0	0
4152.0	166	0.03998073217726397	815	0.19629094412331408	1518	0.36560693641618497	16981	4.089836223506744	1164	0.28034682080924855	13	13	42	0.6666666666666666	3	0.23076923076923078	10	0.7692307692307693	0	0.0	0	0.0	4	0.3076923076923077	8	0.6153846153846154	1	0.07692307692307693	0	0.0	3	0.07142857142857142	33	0.7857142857142857	1	0.023809523809523808	5	0.11904761904761904	0	0	1	0	0	1	1	402719755	0	0	0
2592.0	1	0.00038580246913580245	3	0.0011574074074074073	7920	3.0555555555555554	52	0.020061728395061727	0	0.0	9	14	82	0.25	1	0.1111111111111111	5	0.5555555555555556	0	0.0	3	0.3333333333333333	0	0.0	14	1.0	0	0.0	0	0.0	2	0.024390243902439025	65	0.7926829268292683	0	0.0	15	0.18292682926829268	0	0	1	0	0	1	0	4889216037	1	0	1
4663.0	1366	0.2929444563585675	1347	0.28886982629208663	7486	1.6054042461934377	49448	10.604331975123312	5926	1.270855672313961	27	14	65	0.7333333333333333	5	0.18518518518518517	16	0.5925925925925926	0	0.0	6	0.2222222222222222	3	0.21428571428571427	11	0.7857142857142857	0	0.0	0	0.0	6	0.09230769230769231	51	0.7846153846153846	0	0.0	8	0.12307692307692308	1	0	1	0	0	1	1	153486399	0	0	0
3717.0	522	0.14043583535108958	12121	3.2609631423190746	20979	5.6440677966101696	3297975	887.2679580306699	5495	1.4783427495291903	16	10	60	0.75	3	0.1875	11	0.6875	0	0.0	2	0.125	3	0.3	7	0.7	0	0.0	0	0.0	6	0.1	44	0.7333333333333333	0	0.0	10	0.16666666666666666	0	0	1	1	0	1	1	1074480192	0	0	0
5125.0	162	0.031609756097560976	1002	0.19551219512195123	7264	1.4173658536585365	23282	4.5428292682926825	348	0.06790243902439025	11	10	68	0.9	2	0.18181818181818182	8	0.7272727272727273	0	0.0	1	0.09090909090909091	2	0.2	8	0.8	0	0.0	0	0.0	10	0.14705882352941177	43	0.6323529411764706	2	0.029411764705882353	13	0.19117647058823528	0	0	1	1	0	1	1	22545491	0	0	0
2650.0	0	0.0	11	0.004150943396226415	4710	1.7773584905660378	287	0.10830188679245283	1	0.0003773584905660377	19	15	94	0.6	3	0.15789473684210525	12	0.631578947368421	0	0.0	4	0.21052631578947367	3	0.2	12	0.8	0	0.0	0	0.0	9	0.09574468085106383	66	0.7021276595744681	0	0.0	19	0.20212765957446807	0	0	1	1	1	0	0	4536190039	1	0	0
5105.0	866	0.16963761018609208	1394	0.2730656219392752	8383	1.6421155729676788	36511	7.152007835455436	1131	0.22154750244857982	13	15	160	0.75	2	0.15384615384615385	10	0.7692307692307693	0	0.0	1	0.07692307692307693	3	0.2	12	0.8	0	0.0	0	0.0	28	0.175	96	0.6	2	0.0125	34	0.2125	1	0	1	1	0	1	1	26051676	0	0	0
3077.0	0	0.0	52	0.016899577510562237	108017	35.104647383815404	10829	3.5193370165745854	0	0.0	19	15	43	0.5833333333333334	2	0.10526315789473684	16	0.8421052631578947	0	0.0	1	0.05263157894736842	0	0.0	14	0.9333333333333333	0	0.0	1	0.06666666666666667	5	0.11627906976744186	24	0.5581395348837209	3	0.06976744186046512	11	0.2558139534883721	0	0	0	1	0	0	0	2822800486	1	0	0
2131.0	0	0.0	31	0.014547160957297044	16419	7.704833411543876	1099	0.5157203190990145	1	0.0004692632566870014	10	10	116	0.75	2	0.2	7	0.7	0	0.0	1	0.1	2	0.2	7	0.7	0	0.0	1	0.1	5	0.04310344827586207	86	0.7413793103448276	0	0.0	25	0.21551724137931033	0	0	1	1	1	1	0	863816790857715712	1	0	0
2164.0	3	0.0013863216266173752	9	0.004158964879852125	49843	23.032809611829943	17	0.007855822550831794	0	0.0	1	14	56	0.0	0	0.0	0	0.0	0	0.0	1	1.0	0	0.0	14	1.0	0	0.0	0	0.0	0	0.0	43	0.7678571428571429	0	0.0	13	0.23214285714285715	0	0	0	0	0	0	0	851714375052398592	1	0	0
1585.0	1	0.0006309148264984228	5	0.0031545741324921135	12097	7.63217665615142	15	0.00946372239747634	0	0.0	50	15	58	0.5	0	0.0	40	0.8	0	0.0	10	0.2	0	0.0	13	0.8666666666666667	0	0.0	2	0.13333333333333333	0	0.0	47	0.8103448275862069	0	0.0	11	0.1896551724137931	0	0	0	1	1	1	0	1061590613374701568	1	0	0
1605.0	0	0.0	13	0.00809968847352025	19106	11.90404984423676	98	0.06105919003115265	2	0.0012461059190031153	8	8	42	1.0	2	0.25	6	0.75	0	0.0	0	0.0	2	0.25	6	0.75	0	0.0	0	0.0	1	0.023809523809523808	31	0.7380952380952381	0	0.0	10	0.23809523809523808	0	0	0	1	1	1	0	1054180180292440064	1	0	0
2454.0	1	0.00040749796251018743	7	0.0028524857375713123	15151	6.17400162999185	22	0.008964955175224124	1	0.00040749796251018743	18	8	32	0.4117647058823529	3	0.16666666666666666	13	0.7222222222222222	0	0.0	2	0.1111111111111111	3	0.375	5	0.625	0	0.0	0	0.0	0	0.0	27	0.84375	0	0.0	5	0.15625	0	0	0	1	1	0	0	746764686000033792	1	0	0
1836.0	1	0.0005446623093681918	9	0.004901960784313725	5980	3.2570806100217866	18	0.00980392156862745	1	0.0005446623093681918	19	14	65	0.4375	1	0.05263157894736842	15	0.7894736842105263	0	0.0	3	0.15789473684210525	0	0.0	14	1.0	0	0.0	0	0.0	2	0.03076923076923077	47	0.7230769230769231	1	0.015384615384615385	15	0.23076923076923078	0	0	0	1	1	1	0	970592745415938048	1	0	0
1859.0	0	0.0	5	0.0026896180742334587	39823	21.421732114039806	17	0.00914470145239376	0	0.0	26	10	0	0.4375	5	0.19230769230769232	16	0.6153846153846154	0	0.0	5	0.19230769230769232	2	0.2	8	0.8	0	0.0	0	0.0	0	0	0	0	0	0	0	0	0	0	0	1	1	0	0	962139968662573056	1	0	0
1820.0	0	0.0	243	0.13351648351648351	4879	2.6807692307692306	11721	6.44010989010989	1	0.0005494505494505495	12	8	140	0.75	8	0.6666666666666666	0	0.0	0	0.0	4	0.3333333333333333	5	0.625	3	0.375	0	0.0	0	0.0	7	0.05	110	0.7857142857142857	0	0.0	23	0.16428571428571428	0	0	1	0	0	1	1	976496018895310848	1	0	0
1748.0	88	0.05034324942791762	6	0.003432494279176201	36705	20.998283752860413	15	0.008581235697940504	5	0.002860411899313501	12	11	135	0.9	2	0.16666666666666666	9	0.75	0	0.0	1	0.08333333333333333	2	0.18181818181818182	9	0.8181818181818182	0	0.0	0	0.0	6	0.044444444444444446	105	0.7777777777777778	0	0.0	24	0.17777777777777778	0	0	0	1	1	1	0	1002343960147300352	1	0	1
1805.0	0	0.0	7	0.003878116343490305	2119	1.1739612188365651	76	0.042105263157894736	0	0.0	13	13	127	0.3333333333333333	2	0.15384615384615385	10	0.7692307692307693	0	0.0	1	0.07692307692307693	0	0.0	12	0.9230769230769231	0	0.0	1	0.07692307692307693	7	0.05511811023622047	98	0.7716535433070866	0	0.0	22	0.1732283464566929	0	0	1	0	0	1	0	981755559195086848	1	0	0
2003.0	3	0.0014977533699450823	39	0.019470793809286072	3870	1.9321018472291562	2409	1.2026959560659012	0	0.0	16	14	88	0.9230769230769231	3	0.1875	11	0.6875	0	0.0	2	0.125	0	0.0	14	1.0	0	0.0	0	0.0	7	0.07954545454545454	64	0.7272727272727273	0	0.0	17	0.19318181818181818	0	0	0	0	0	0	0	910132058709725184	1	0	0
1633.0	1	0.000612369871402327	3	0.001837109614206981	283	0.17330067360685855	14	0.008573178199632579	0	0.0	22	14	78	0.6666666666666666	1	0.045454545454545456	19	0.8636363636363636	0	0.0	2	0.09090909090909091	1	0.07142857142857142	13	0.9285714285714286	0	0.0	0	0.0	1	0.01282051282051282	60	0.7692307692307693	0	0.0	17	0.21794871794871795	0	0	0	1	1	1	0	1044202538843672576	1	0	1
4452.0	201	0.04514824797843666	1913	0.42969451931716085	9513	2.1367924528301887	72888	16.371967654986523	545	0.12241689128481581	18	12	156	0.75	3	0.16666666666666666	13	0.7222222222222222	0	0.0	2	0.1111111111111111	3	0.25	9	0.75	0	0.0	0	0.0	7	0.04487179487179487	106	0.6794871794871795	10	0.0641025641025641	33	0.21153846153846154	0	0	1	1	0	1	1	234128524	0	0	0
1784.0	207	0.11603139013452915	79	0.044282511210762335	10131	5.678811659192825	1429	0.8010089686098655	0	0.0	12	13	103	0.3333333333333333	0	0.0	10	0.8333333333333334	0	0.0	2	0.16666666666666666	0	0.0	13	1.0	0	0.0	0	0.0	0	0.0	81	0.7864077669902912	0	0.0	22	0.21359223300970873	0	0	1	0	0	0	0	989558064834580481	1	0	0
1805.0	9	0.004986149584487534	3	0.0016620498614958448	1820	1.0083102493074791	286	0.15844875346260387	297	0.16454293628808864	11	11	159	0.625	2	0.18181818181818182	8	0.7272727272727273	0	0.0	1	0.09090909090909091	0	0.0	10	0.9090909090909091	0	0.0	1	0.09090909090909091	4	0.025157232704402517	121	0.7610062893081762	0	0.0	34	0.2138364779874214	0	0	0	1	1	0	0	981910124536172545	1	0	1
1853.0	161	0.0868861305990286	30	0.016189962223421478	6025	3.2514840798704805	417	0.22504047490555856	3	0.0016189962223421479	11	10	105	0.8571428571428571	0	0.0	10	0.9090909090909091	0	0.0	1	0.09090909090909091	0	0.0	10	1.0	0	0.0	0	0.0	6	0.05714285714285714	75	0.7142857142857143	2	0.01904761904761905	22	0.20952380952380953	0	0	1	1	1	0	0	964559013991059458	1	0	1
4411.0	339	0.07685332124234867	1180	0.26751303559283607	3703	0.8394921786442984	37814	8.572659260938563	895	0.20290183631829517	13	15	65	0.9090909090909091	3	0.23076923076923078	9	0.6923076923076923	0	0.0	1	0.07692307692307693	4	0.26666666666666666	11	0.7333333333333333	0	0.0	0	0.0	5	0.07692307692307693	51	0.7846153846153846	1	0.015384615384615385	8	0.12307692307692308	1	0	0	1	1	0	1	252249233	0	0	0
1998.0	12	0.006006006006006006	5	0.0025025025025025025	100	0.05005005005005005	111	0.05555555555555555	16	0.008008008008008008	7	10	137	0.75	3	0.42857142857142855	3	0.42857142857142855	0	0.0	1	0.14285714285714285	3	0.3	7	0.7	0	0.0	0	0.0	4	0.029197080291970802	106	0.7737226277372263	0	0.0	27	0.19708029197080293	0	0	1	1	1	1	0	911668073127645188	1	0	1
3731.0	1163	0.3117126775663361	1426	0.38220316269096755	6773	1.8153310104529616	59687	15.997587778075584	626	0.167783436076119	11	13	153	0.7	2	0.18181818181818182	8	0.7272727272727273	0	0.0	1	0.09090909090909091	3	0.23076923076923078	10	0.7692307692307693	0	0.0	0	0.0	23	0.1503267973856209	101	0.6601307189542484	2	0.013071895424836602	27	0.17647058823529413	0	0	1	1	0	1	1	1037321378	0	0	0
3196.0	0	0.0	404	0.12640801001251564	1768112	553.2265331664581	23152	7.244055068836045	9615	3.008448060075094	20	11	135	0.6153846153846154	2	0.1	17	0.85	0	0.0	1	0.05	0	0.0	11	1.0	0	0.0	0	0.0	11	0.08148148148148149	93	0.6888888888888889	2	0.014814814814814815	29	0.21481481481481482	0	0	1	1	0	0	0	2566358196	1	0	1
3722.0	1038	0.27888232133261687	1258	0.33799032778076304	12377	3.325362708221386	95616	25.68941429339065	807	0.2168189145620634	28	15	105	0.6111111111111112	4	0.14285714285714285	19	0.6785714285714286	0	0.0	5	0.17857142857142858	2	0.13333333333333333	13	0.8666666666666667	0	0.0	0	0.0	9	0.08571428571428572	75	0.7142857142857143	0	0.0	21	0.2	0	0	0	0	0	1	1	1061029050	0	0	0
2716.0	1	0.0003681885125184094	22	0.008100147275405008	4100	1.5095729013254786	213	0.0784241531664212	6	0.0022091310751104565	18	11	72	0.5384615384615384	0	0.0	12	0.6666666666666666	0	0.0	6	0.3333333333333333	0	0.0	11	1.0	0	0.0	0	0.0	4	0.05555555555555555	44	0.6111111111111112	0	0.0	24	0.3333333333333333	0	0	1	1	1	1	0	3885696215	1	0	0
4060.0	338	0.0832512315270936	1030	0.2536945812807882	11151	2.746551724137931	35013	8.623891625615764	5873	1.446551724137931	26	15	114	0.6	4	0.15384615384615385	18	0.6923076923076923	0	0.0	4	0.15384615384615385	3	0.2	12	0.8	0	0.0	0	0.0	10	0.08771929824561403	87	0.7631578947368421	2	0.017543859649122806	15	0.13157894736842105	1	0	0	1	0	1	1	479872233	0	0	0
2683.0	0	0.0	34	0.0126723816623183	7189	2.6794632873648903	128	0.04770778978755125	1	0.0003727171077152441	12	11	69	0.9090909090909091	2	0.16666666666666666	9	0.75	0	0.0	1	0.08333333333333333	2	0.18181818181818182	9	0.8181818181818182	0	0.0	0	0.0	2	0.028985507246376812	46	0.6666666666666666	0	0.0	21	0.30434782608695654	0	0	1	1	1	1	0	4175004913	1	0	0
2664.0	0	0.0	5	0.0018768768768768769	2	0.0007507507507507507	43	0.01614114114114114	42	0.015765765765765764	11	12	134	0.3333333333333333	2	0.18181818181818182	8	0.7272727272727273	0	0.0	1	0.09090909090909091	1	0.08333333333333333	7	0.5833333333333334	4	0.3333333333333333	0	0.0	91	0.6791044776119403	0	0.0	1	0.007462686567164179	42	0.31343283582089554	0	0	1	1	1	0	0	4309419255	1	0	1
3654.0	1163	0.3182813355227148	485	0.1327312534209086	3811	1.0429666119321293	23434	6.413245758073344	3242	0.8872468527640941	18	10	108	0.7692307692307693	4	0.2222222222222222	9	0.5	0	0.0	5	0.2777777777777778	3	0.3	7	0.7	0	0.0	0	0.0	11	0.10185185185185185	79	0.7314814814814815	1	0.009259259259259259	17	0.1574074074074074	1	0	0	1	0	0	1	1262814457	0	0	0
2276.0	19	0.008347978910369069	11	0.0048330404217926184	32	0.014059753954305799	25	0.010984182776801407	13	0.0057117750439367315	11	10	55	0.875	2	0.18181818181818182	8	0.7272727272727273	0	0.0	1	0.09090909090909091	0	0.0	10	1.0	0	0.0	0	0.0	1	0.01818181818181818	14	0.2545454545454545	0	0.0	40	0.7272727272727273	0	0	1	0	0	1	0	810966765412851712	1	0	1
2270.0	11	0.004845814977973568	6	0.0026431718061674008	7157	3.152863436123348	34	0.014977973568281937	1	0.0004405286343612335	17	13	72	0.7692307692307693	2	0.11764705882352941	11	0.6470588235294118	0	0.0	4	0.23529411764705882	2	0.15384615384615385	11	0.8461538461538461	0	0.0	0	0.0	2	0.027777777777777776	54	0.75	1	0.013888888888888888	15	0.20833333333333334	0	0	1	0	0	0	0	813103403358265344	1	0	0
2825.0	6	0.0021238938053097347	22	0.007787610619469027	21625	7.654867256637168	1213	0.4293805309734513	1451	0.5136283185840708	13	14	92	0.75	3	0.23076923076923078	8	0.6153846153846154	0	0.0	2	0.15384615384615385	4	0.2857142857142857	10	0.7142857142857143	0	0.0	0	0.0	14	0.15217391304347827	56	0.6086956521739131	2	0.021739130434782608	20	0.21739130434782608	0	0	1	0	0	1	0	3337061638	1	0	1
2715.0	6	0.0022099447513812156	13	0.004788213627992633	2679	0.9867403314917127	45	0.016574585635359115	5	0.001841620626151013	17	11	87	0.6666666666666666	2	0.11764705882352941	14	0.8235294117647058	0	0.0	1	0.058823529411764705	2	0.18181818181818182	9	0.8181818181818182	0	0.0	0	0.0	5	0.05747126436781609	68	0.7816091954022989	1	0.011494252873563218	13	0.14942528735632185	0	0	1	0	0	1	0	3821487372	1	0	0
2876.0	3	0.001043115438108484	201	0.06988873435326842	647	0.22496522948539638	5114	1.778164116828929	12	0.004172461752433936	14	14	160	1.0	3	0.21428571428571427	11	0.7857142857142857	0	0.0	0	0.0	3	0.21428571428571427	11	0.7857142857142857	0	0.0	0	0.0	15	0.09375	115	0.71875	0	0.0	30	0.1875	0	0	1	0	0	1	0	3222275355	1	0	0
5065.0	1474	0.2910167818361303	1339	0.26436327739387955	10538	2.0805528134254687	73047	14.421915103652518	688	0.13583415597235932	17	7	147	0.5833333333333334	3	0.17647058823529413	12	0.7058823529411765	0	0.0	2	0.11764705882352941	3	0.42857142857142855	4	0.5714285714285714	0	0.0	0	0.0	20	0.1360544217687075	98	0.6666666666666666	2	0.013605442176870748	27	0.1836734693877551	1	0	1	1	0	1	1	37094727	0	0	0
2830.0	0	0.0	12	0.004240282685512367	3872	1.3681978798586572	66	0.023321554770318022	1	0.00035335689045936394	10	8	49	0.875	0	0.0	7	0.7	1	0.1	2	0.2	0	0.0	7	0.875	1	0.125	0	0.0	0	0.0	40	0.8163265306122449	0	0.0	9	0.1836734693877551	0	0	0	0	0	0	0	3245753690	1	0	0
3202.0	0	0.0	56	0.017489069331667707	132711	41.44628357276702	515	0.1608369768894441	4	0.0012492192379762648	12	11	104	0.8888888888888888	2	0.16666666666666666	9	0.75	0	0.0	1	0.08333333333333333	0	0.0	11	1.0	0	0.0	0	0.0	3	0.028846153846153848	81	0.7788461538461539	0	0.0	20	0.19230769230769232	0	0	0	1	1	0	0	2553103718	1	0	0
3148.0	789	0.2506353240152478	560	0.17789072426937738	960	0.30495552731893266	16399	5.209339263024142	351	0.11149936467598476	19	12	109	0.6666666666666666	3	0.15789473684210525	13	0.6842105263157895	0	0.0	3	0.15789473684210525	2	0.16666666666666666	10	0.8333333333333334	0	0.0	0	0.0	8	0.07339449541284404	84	0.7706422018348624	0	0.0	17	0.1559633027522936	0	0	0	1	1	1	1	2696643955	0	0	0
2085.0	0	0.0	5	0.002398081534772182	6655	3.1918465227817747	38	0.018225419664268584	8	0.0038369304556354917	15	13	85	0.8888888888888888	3	0.2	10	0.6666666666666666	0	0.0	2	0.13333333333333333	0	0.0	13	1.0	0	0.0	0	0.0	4	0.047058823529411764	64	0.7529411764705882	0	0.0	17	0.2	0	0	1	1	1	0	0	880411519221104640	1	0	0
1957.0	1	0.000510986203372509	5	0.0025549310168625446	1886	0.9637199795605519	66	0.03372508942258559	2	0.001021972406745018	18	15	145	0.9166666666666666	3	0.16666666666666666	13	0.7222222222222222	0	0.0	2	0.1111111111111111	3	0.2	12	0.8	0	0.0	0	0.0	2	0.013793103448275862	116	0.8	0	0.0	27	0.18620689655172415	0	0	1	0	0	1	0	926657935794634752	1	0	1
1822.0	0	0.0	18	0.009879253567508232	6651	3.650384193194292	94	0.05159165751920966	0	0.0	11	11	98	0.8	2	0.18181818181818182	8	0.7272727272727273	0	0.0	1	0.09090909090909091	0	0.0	10	0.9090909090909091	0	0.0	1	0.09090909090909091	22	0.22448979591836735	51	0.5204081632653061	5	0.05102040816326531	20	0.20408163265306123	0	0	0	1	1	0	0	975628593568022528	1	0	0
1964.0	0	0.0	331	0.16853360488798372	8558	4.357433808553972	115232	58.67209775967414	3	0.0015274949083503055	14	12	124	0.9090909090909091	2	0.14285714285714285	10	0.7142857142857143	0	0.0	2	0.14285714285714285	0	0.0	12	1.0	0	0.0	0	0.0	9	0.07258064516129033	88	0.7096774193548387	0	0.0	27	0.21774193548387097	0	0	1	0	0	1	0	924253994364567552	1	0	0
4453.0	3528	0.7922748708735684	1540	0.3458342690321132	17793	3.9957332135638897	73874	16.5897147990119	4174	0.937345609701325	21	9	160	0.6	3	0.14285714285714285	15	0.7142857142857143	0	0.0	3	0.14285714285714285	2	0.2222222222222222	7	0.7777777777777778	0	0.0	0	0.0	10	0.0625	120	0.75	6	0.0375	24	0.15	1	0	1	1	0	1	1	234014087	0	0	0
1986.0	0	0.0	3	0.0015105740181268882	699	0.35196374622356497	8	0.004028197381671702	0	0.0	7	9	61	0.7777777777777778	1	0.14285714285714285	6	0.8571428571428571	0	0.0	0	0.0	0	0.0	8	0.8888888888888888	0	0.0	1	0.1111111111111111	2	0.03278688524590164	45	0.7377049180327869	0	0.0	14	0.22950819672131148	0	0	0	1	1	1	0	916340701587177472	1	0	0
4466.0	1027	0.22995969547693684	1283	0.28728168383340796	6246	1.3985669502910882	34987	7.834079713390058	717	0.1605463502015226	21	8	133	0.4666666666666667	3	0.14285714285714285	15	0.7142857142857143	0	0.0	3	0.14285714285714285	2	0.25	6	0.75	0	0.0	0	0.0	8	0.06015037593984962	101	0.7593984962406015	1	0.007518796992481203	23	0.17293233082706766	0	0	1	0	0	1	1	229197216	0	0	0
3777.0	15	0.003971405877680699	575	0.15223722531109346	5519	1.461212602594652	16442	4.353190362721737	1477	0.39105109875562616	26	14	158	0.6470588235294118	4	0.15384615384615385	17	0.6538461538461539	0	0.0	5	0.19230769230769232	3	0.21428571428571427	11	0.7857142857142857	0	0.0	0	0.0	12	0.0759493670886076	106	0.6708860759493671	7	0.04430379746835443	33	0.2088607594936709	0	0	0	1	1	0	1	937723303	0	0	0
5412.0	0	0.0	2841	0.5249445676274944	4226	0.7808573540280858	106188	19.620842572062084	1892	0.34959349593495936	14	10	63	0.4	2	0.14285714285714285	11	0.7857142857142857	0	0.0	1	0.07142857142857142	2	0.2	8	0.8	0	0.0	0	0.0	8	0.12698412698412698	43	0.6825396825396826	0	0.0	12	0.19047619047619047	0	0	1	0	0	1	1	14845376	0	0	0
4515.0	1329	0.2943521594684385	911	0.2017718715393134	4003	0.8866002214839425	34389	7.616611295681063	902	0.19977851605758581	22	15	129	0.5	3	0.13636363636363635	16	0.7272727272727273	0	0.0	3	0.13636363636363635	3	0.2	12	0.8	0	0.0	0	0.0	9	0.06976744186046512	83	0.6434108527131783	13	0.10077519379844961	24	0.18604651162790697	1	0	0	1	0	1	1	211420609	0	0	0
4775.0	3	0.0006282722513089005	392	0.08209424083769634	780	0.16335078534031414	6614	1.385130890052356	217	0.045445026178010474	13	12	44	0.8888888888888888	2	0.15384615384615385	10	0.7692307692307693	0	0.0	1	0.07692307692307693	0	0.0	12	1.0	0	0.0	0	0.0	3	0.06818181818181818	34	0.7727272727272727	1	0.022727272727272728	6	0.13636363636363635	0	0	1	1	0	1	1	114607567	0	0	0
2864.0	0	0.0	73	0.02548882681564246	7018	2.4504189944134076	868	0.30307262569832405	1	0.00034916201117318437	19	13	150	0.9090909090909091	3	0.15789473684210525	16	0.8421052631578947	0	0.0	0	0.0	2	0.15384615384615385	11	0.8461538461538461	0	0.0	0	0.0	7	0.04666666666666667	112	0.7466666666666667	0	0.0	31	0.20666666666666667	0	0	0	0	0	1	0	3247932928	1	0	0
2837.0	0	0.0	16	0.005639760310186817	3815	1.3447303489601692	107	0.03771589707437434	46	0.016214310891787098	18	15	101	0.9	4	0.2222222222222222	11	0.6111111111111112	0	0.0	3	0.16666666666666666	0	0.0	15	1.0	0	0.0	0	0.0	9	0.0891089108910891	68	0.6732673267326733	3	0.0297029702970297	21	0.2079207920792079	0	0	0	1	0	1	0	3313059329	1	0	1
4613.0	216	0.04682419249945805	1966	0.42618686321265986	3987	0.8642965532191632	396844	86.02731411229135	1090	0.23628874918707998	23	10	44	0.5384615384615384	5	0.21739130434782608	13	0.5652173913043478	0	0.0	5	0.21739130434782608	2	0.2	8	0.8	0	0.0	0	0.0	7	0.1590909090909091	28	0.6363636363636364	0	0.0	9	0.20454545454545456	1	0	0	1	0	0	1	171968009	0	0	0
4452.0	627	0.1408355795148248	3194	0.7174303683737646	9723	2.1839622641509435	360120	80.88948787061994	934	0.20979335130278526	19	14	152	0.7142857142857143	3	0.15789473684210525	14	0.7368421052631579	0	0.0	2	0.10526315789473684	3	0.21428571428571427	10	0.7142857142857143	0	0.0	1	0.07142857142857142	9	0.05921052631578947	111	0.7302631578947368	0	0.0	32	0.21052631578947367	1	0	1	1	0	1	1	234374703	0	0	0
3210.0	16	0.004984423676012461	19	0.005919003115264798	29584	9.21619937694704	1738	0.5414330218068536	2575	0.8021806853582555	7	14	0	0.5	7	1.0	0	0.0	0	0.0	0	0.0	0	0.0	14	1.0	0	0.0	0	0.0	0	0	0	0	0	0	0	0	0	0	0	1	1	0	0	2536621626	1	0	1
1813.0	0	0.0	5	0.0027578599007170436	3489	1.924434638720353	17	0.009376723662437948	1	0.0005515719801434088	8	15	28	0.35714285714285715	0	0.0	8	1.0	0	0.0	0	0.0	1	0.06666666666666667	13	0.8666666666666667	1	0.06666666666666667	0	0.0	1	0.03571428571428571	22	0.7857142857142857	0	0.0	5	0.17857142857142858	0	0	0	1	1	0	0	979056531508482048	1	0	0
5042.0	3747	0.7431574771915906	348	0.06902023006743356	16561	3.28460928203094	15352	3.0448234827449423	3012	0.5973819912733043	12	13	128	0.8	2	0.16666666666666666	9	0.75	0	0.0	1	0.08333333333333333	1	0.07692307692307693	12	0.9230769230769231	0	0.0	0	0.0	21	0.1640625	78	0.609375	0	0.0	29	0.2265625	1	0	0	1	0	1	1	42337890	0	0	0
2818.0	116	0.0411639460610362	127	0.045067423704755145	2479	0.8797019162526615	2668	0.9467707594038325	8	0.0028388928317956	19	14	127	0.8181818181818182	2	0.10526315789473684	16	0.8421052631578947	0	0.0	1	0.05263157894736842	2	0.14285714285714285	12	0.8571428571428571	0	0.0	0	0.0	0	0.0	102	0.8031496062992126	0	0.0	25	0.1968503937007874	0	0	1	0	0	1	0	3347203689	1	0	1
2062.0	5	0.0024248302618816685	3	0.001454898157129001	236	0.11445198836081474	14	0.006789524733268671	1	0.00048496605237633366	11	10	158	0.6	2	0.18181818181818182	7	0.6363636363636364	0	0.0	2	0.18181818181818182	0	0.0	10	1.0	0	0.0	0	0.0	129	0.8164556962025317	0	0.0	0	0.0	29	0.18354430379746836	0	0	1	0	0	0	0	888750431752605696	1	0	0
1971.0	184	0.09335362760020294	16	0.008117706747843734	2081	1.0558092338914258	9408	4.773211567732115	9655	4.898528665651953	10	8	63	0.8571428571428571	1	0.1	7	0.7	0	0.0	2	0.2	0	0.0	8	1.0	0	0.0	0	0.0	1	0.015873015873015872	48	0.7619047619047619	0	0.0	14	0.2222222222222222	0	0	0	0	0	0	0	921692600544972800	1	0	1
1621.0	10	0.006169031462060457	4	0.0024676125848241827	38093	23.499691548426895	33	0.020357803824799507	0	0.0	13	13	97	1.0	0	0.0	13	1.0	0	0.0	0	0.0	0	0.0	13	1.0	0	0.0	0	0.0	3	0.030927835051546393	74	0.7628865979381443	0	0.0	20	0.20618556701030927	0	0	1	0	0	1	0	1048608762683117568	1	0	0
2063.0	0	0.0	6	0.00290838584585555	8195	3.9723703344643724	5	0.0024236548715462916	0	0.0	16	12	122	0.38461538461538464	2	0.125	13	0.8125	0	0.0	1	0.0625	3	0.25	7	0.5833333333333334	0	0.0	2	0.16666666666666666	4	0.03278688524590164	97	0.7950819672131147	0	0.0	21	0.1721311475409836	0	0	1	1	1	0	0	888416710881103873	1	0	0
1854.0	0	0.0	5	0.002696871628910464	6047	3.261596548004315	33	0.01779935275080906	2	0.0010787486515641855	26	12	144	0.5333333333333333	0	0.0	20	0.7692307692307693	3	0.11538461538461539	3	0.11538461538461539	0	0.0	9	0.75	3	0.25	0	0.0	11	0.0763888888888889	99	0.6875	5	0.034722222222222224	29	0.2013888888888889	0	0	0	0	0	1	0	964169855300718593	1	0	0
2063.0	0	0.0	6	0.00290838584585555	15495	7.510906446921958	26	0.012603005332040717	3	0.001454192922927775	19	13	116	0.9090909090909091	4	0.21052631578947367	12	0.631578947368421	0	0.0	3	0.15789473684210525	0	0.0	13	1.0	0	0.0	0	0.0	5	0.04310344827586207	89	0.7672413793103449	0	0.0	22	0.1896551724137931	0	0	1	0	0	1	0	888215592611794945	1	0	0
1765.0	0	0.0	3	0.0016997167138810198	3853	2.18300283286119	17	0.009631728045325779	9	0.0050991501416430595	10	15	159	0.38461538461538464	2	0.2	7	0.7	0	0.0	1	0.1	3	0.2	12	0.8	0	0.0	0	0.0	8	0.050314465408805034	118	0.7421383647798742	0	0.0	33	0.20754716981132076	0	0	1	0	0	1	0	996440034290094081	1	0	1
5035.0	2641	0.5245283018867924	4513	0.8963257199602781	9373	1.8615690168818273	503603	100.02045680238332	346	0.06871896722939425	13	15	48	0.9	2	0.15384615384615385	10	0.7692307692307693	0	0.0	1	0.07692307692307693	3	0.2	12	0.8	0	0.0	0	0.0	5	0.10416666666666667	34	0.7083333333333334	0	0.0	9	0.1875	1	0	1	0	0	1	1	43910797	0	0	0
2089.0	343	0.16419339396840593	24	0.011488750598372427	51854	24.822403063666826	2363	1.1311632359980852	10	0.004786979415988511	19	9	126	0.3125	3	0.15789473684210525	14	0.7368421052631579	0	0.0	2	0.10526315789473684	0	0.0	8	0.8888888888888888	0	0.0	1	0.1111111111111111	10	0.07936507936507936	86	0.6825396825396826	1	0.007936507936507936	29	0.23015873015873015	0	0	0	0	0	0	0	878768990167945218	1	0	0
1789.0	0	0.0	3	0.0016769144773616546	18	0.010061486864169928	5	0.002794857462269424	0	0.0	20	15	47	0.75	4	0.2	12	0.6	0	0.0	4	0.2	0	0.0	13	0.8666666666666667	0	0.0	2	0.13333333333333333	1	0.02127659574468085	38	0.8085106382978723	0	0.0	8	0.1702127659574468	0	0	0	1	1	1	0	987576114011885570	1	0	1
1742.0	2	0.001148105625717566	4	0.002296211251435132	14209	8.156716417910447	54	0.030998851894374284	1	0.000574052812858783	10	12	55	0.75	0	0.0	9	0.9	0	0.0	1	0.1	0	0.0	12	1.0	0	0.0	0	0.0	2	0.03636363636363636	32	0.5818181818181818	0	0.0	21	0.38181818181818183	0	0	0	0	0	0	0	1004765905228845058	1	0	0
1997.0	5	0.0025037556334501754	5	0.0025037556334501754	17571	8.798698047070605	106	0.053079619429143715	2	0.00100150225338007	18	15	56	0.9230769230769231	3	0.16666666666666666	13	0.7222222222222222	0	0.0	2	0.1111111111111111	3	0.2	12	0.8	0	0.0	0	0.0	2	0.03571428571428571	39	0.6964285714285714	0	0.0	15	0.26785714285714285	0	0	1	1	1	1	0	912277178343149570	1	0	0
2018.0	0	0.0	6	0.002973240832507433	46115	22.85183349851338	61	0.03022794846382557	8	0.003964321110009911	10	10	134	0.8181818181818182	2	0.2	7	0.7	0	0.0	1	0.1	2	0.2	7	0.7	0	0.0	1	0.1	12	0.08955223880597014	88	0.6567164179104478	6	0.04477611940298507	28	0.208955223880597	0	0	1	1	1	0	0	904674430416244740	1	0	1
2950.0	72	0.02440677966101695	61	0.020677966101694915	54219	18.379322033898305	393	0.13322033898305086	18	0.006101694915254237	9	8	144	0.8888888888888888	2	0.2222222222222222	6	0.6666666666666666	0	0.0	1	0.1111111111111111	0	0.0	8	1.0	0	0.0	0	0.0	10	0.06944444444444445	103	0.7152777777777778	0	0.0	31	0.2152777777777778	0	0	0	1	1	1	0	3038250677	1	0	0
3688.0	293	0.07944685466377441	810	0.21963123644251628	7916	2.146420824295011	30157	8.177060737527116	1519	0.4118763557483731	32	14	149	0.5294117647058824	5	0.15625	20	0.625	0	0.0	7	0.21875	3	0.21428571428571427	11	0.7857142857142857	0	0.0	0	0.0	14	0.09395973154362416	103	0.6912751677852349	2	0.013422818791946308	30	0.20134228187919462	1	0	1	1	1	1	1	1155335864	0	0	0
4133.0	13	0.0031454149528187757	7	0.0016936849745947254	2	0.0004839099927413501	0	0.0	4	0.0009678199854827002	4	12	16	0.5714285714285714	0	0.0	4	1.0	0	0.0	0	0.0	0	0.0	9	0.75	0	0.0	3	0.25	1	0.0625	12	0.75	0	0.0	3	0.1875	0	0	1	0	0	0	0	417105600	1	0	1
4933.0	117	0.023717818771538616	3073	0.6229474964524631	4300	0.8716805189539834	357535	72.47820798702615	556	0.11271031826474762	18	12	85	0.7272727272727273	3	0.16666666666666666	13	0.7222222222222222	0	0.0	2	0.1111111111111111	3	0.25	9	0.75	0	0.0	0	0.0	8	0.09411764705882353	62	0.7294117647058823	0	0.0	15	0.17647058823529413	0	0	1	0	0	1	1	73303753	0	0	0
4422.0	792	0.1791044776119403	5331	1.205563093622795	23037	5.209633649932157	741463	167.67593848937133	2413	0.5456806874717323	19	13	105	0.7857142857142857	3	0.15789473684210525	14	0.7368421052631579	0	0.0	2	0.10526315789473684	2	0.15384615384615385	11	0.8461538461538461	0	0.0	0	0.0	10	0.09523809523809523	78	0.7428571428571429	0	0.0	17	0.1619047619047619	1	0	0	1	1	1	1	247334603	0	0	0
2590.0	0	0.0	34	0.013127413127413128	19877	7.674517374517374	176	0.06795366795366796	0	0.0	12	12	40	0.8181818181818182	0	0.0	11	0.9166666666666666	0	0.0	1	0.08333333333333333	0	0.0	11	0.9166666666666666	0	0.0	1	0.08333333333333333	2	0.05	28	0.7	0	0.0	10	0.25	0	0	0	1	1	0	0	4894033613	1	0	0
2499.0	0	0.0	10	0.004001600640256103	18665	7.468987595038016	27	0.010804321728691477	1	0.00040016006402561027	10	10	79	1.0	10	1.0	0	0.0	0	0.0	0	0.0	0	0.0	10	1.0	0	0.0	0	0.0	0	0.0	64	0.810126582278481	0	0.0	15	0.189873417721519	0	0	1	0	0	1	0	730272558952538112	1	0	0
2800.0	3	0.0010714285714285715	62	0.02214285714285714	22531	8.046785714285715	348	0.12428571428571429	0	0.0	16	12	123	0.6153846153846154	2	0.125	11	0.6875	0	0.0	3	0.1875	0	0.0	10	0.8333333333333334	0	0.0	2	0.16666666666666666	8	0.06504065040650407	89	0.7235772357723578	0	0.0	26	0.21138211382113822	0	0	0	0	0	0	0	3376432899	1	0	1
2988.0	1448	0.48460508701472554	1278	0.42771084337349397	7486	2.505354752342704	113844	38.100401606425706	3456	1.1566265060240963	13	15	67	0.8181818181818182	2	0.15384615384615385	10	0.7692307692307693	0	0.0	1	0.07692307692307693	3	0.2	12	0.8	0	0.0	0	0.0	6	0.08955223880597014	48	0.7164179104477612	3	0.04477611940298507	10	0.14925373134328357	1	0	1	1	1	1	1	2966570782	0	0	0
2707.0	0	0.0	19	0.007018840044329516	20857	7.704839305504248	442	0.16328038418913926	0	0.0	19	14	121	0.5625	3	0.15789473684210525	14	0.7368421052631579	0	0.0	2	0.10526315789473684	4	0.2857142857142857	8	0.5714285714285714	0	0.0	2	0.14285714285714285	7	0.05785123966942149	91	0.7520661157024794	0	0.0	23	0.19008264462809918	0	0	0	0	0	0	0	3906144072	1	0	0
4487.0	183	0.04078448852239804	1010	0.22509471807443726	4857	1.0824604412747938	37131	8.275239581011812	1880	0.41898818809895255	19	9	63	0.6	3	0.15789473684210525	13	0.6842105263157895	0	0.0	3	0.15789473684210525	2	0.2222222222222222	7	0.7777777777777778	0	0.0	0	0.0	6	0.09523809523809523	46	0.7301587301587301	0	0.0	11	0.1746031746031746	0	0	0	1	0	0	0	221792092	0	0	0
2990.0	11631	3.8899665551839466	1578	0.5277591973244147	37569	12.564882943143813	108767	36.37692307692308	4901	1.6391304347826088	14	11	134	0.8	3	0.21428571428571427	8	0.5714285714285714	0	0.0	3	0.21428571428571427	3	0.2727272727272727	8	0.7272727272727273	0	0.0	0	0.0	23	0.17164179104477612	81	0.6044776119402985	2	0.014925373134328358	28	0.208955223880597	1	0	1	1	0	1	1	2962868158	0	0	0
2984.0	84	0.028150134048257374	296	0.09919571045576407	1333	0.44671581769436997	6032	2.0214477211796247	12	0.004021447721179625	12	13	87	0.75	2	0.16666666666666666	9	0.75	0	0.0	1	0.08333333333333333	2	0.15384615384615385	9	0.6923076923076923	2	0.15384615384615385	0	0.0	5	0.05747126436781609	62	0.7126436781609196	8	0.09195402298850575	12	0.13793103448275862	0	0	0	1	1	1	1	2974648323	0	0	0
4453.0	3411	0.7660004491354143	992	0.2227711655064002	8783	1.9723781720188638	30773	6.9106220525488435	5365	1.2048057489333035	18	11	144	0.7142857142857143	3	0.16666666666666666	12	0.6666666666666666	0	0.0	3	0.16666666666666666	2	0.18181818181818182	9	0.8181818181818182	0	0.0	0	0.0	18	0.125	91	0.6319444444444444	4	0.027777777777777776	31	0.2152777777777778	1	0	1	0	0	1	1	233949261	0	0	0
4436.0	484	0.109107303877367	631	0.1422452660054103	4609	1.0389990982867447	15101	3.4041929666366095	245	0.05522993688007214	14	15	156	0.8333333333333334	3	0.21428571428571427	10	0.7142857142857143	0	0.0	1	0.07142857142857142	5	0.3333333333333333	10	0.6666666666666666	0	0.0	0	0.0	20	0.1282051282051282	94	0.6025641025641025	10	0.0641025641025641	32	0.20512820512820512	0	0	1	1	0	1	0	241207373	0	0	0
2331.0	0	0.0	4	0.001716001716001716	815	0.34963534963534965	32	0.013728013728013728	28	0.012012012012012012	8	13	10	0.8	1	0.125	7	0.875	0	0.0	0	0.0	0	0.0	13	1.0	0	0.0	0	0.0	2	0.2	8	0.8	0	0.0	0	0.0	0	0	0	0	0	1	0	791245721945182208	1	0	0
2529.0	1	0.00039541320680110717	39	0.01542111506524318	30531	12.072360616844602	556	0.21984974298141557	1	0.00039541320680110717	24	13	69	0.6428571428571429	0	0.0	21	0.875	0	0.0	3	0.125	0	0.0	13	1.0	0	0.0	0	0.0	3	0.043478260869565216	49	0.7101449275362319	4	0.057971014492753624	13	0.18840579710144928	0	0	0	1	1	1	0	719279888054816768	1	0	0
2571.0	0	0.0	7	0.0027226760015558148	2865	1.1143523920653442	17	0.0066122131466355505	3	0.0011668611435239206	10	10	63	0.8	5	0.5	4	0.4	0	0.0	1	0.1	5	0.5	4	0.4	0	0.0	1	0.1	2	0.031746031746031744	48	0.7619047619047619	0	0.0	13	0.20634920634920634	0	0	1	0	0	1	0	704335617157697536	1	0	0
2412.0	0	0.0	9	0.0037313432835820895	5336	2.2122719734660032	18	0.007462686567164179	0	0.0	14	15	109	0.6666666666666666	1	0.07142857142857142	10	0.7142857142857143	0	0.0	3	0.21428571428571427	1	0.06666666666666667	13	0.8666666666666667	0	0.0	1	0.06666666666666667	10	0.09174311926605505	67	0.6146788990825688	3	0.027522935779816515	29	0.26605504587155965	0	0	0	1	1	0	0	761665579115810816	1	0	0
2492.0	8	0.0032102728731942215	14	0.0056179775280898875	2938	1.1789727126805778	632	0.2536115569823435	18	0.0072231139646869984	23	15	103	0.5625	5	0.21739130434782608	15	0.6521739130434783	0	0.0	3	0.13043478260869565	0	0.0	15	1.0	0	0.0	0	0.0	13	0.1262135922330097	71	0.6893203883495146	0	0.0	19	0.18446601941747573	0	0	1	0	0	1	0	732671482812370944	1	0	1
2351.0	899	0.3823904721395151	3	0.0012760527435133986	2160	0.918757975329647	101	0.042960442364951085	141	0.05997447894512973	16	15	68	0.9285714285714286	2	0.125	13	0.8125	0	0.0	1	0.0625	2	0.13333333333333333	13	0.8666666666666667	0	0.0	0	0.0	2	0.029411764705882353	54	0.7941176470588235	0	0.0	12	0.17647058823529413	0	0	0	0	0	1	0	783819741127446528	1	0	1
2252.0	2268	1.0071047957371226	386	0.1714031971580817	9590	4.258436944937833	36817	16.348579040852574	706	0.31349911190053287	18	12	132	0.46153846153846156	2	0.1111111111111111	15	0.8333333333333334	0	0.0	1	0.05555555555555555	2	0.16666666666666666	10	0.8333333333333334	0	0.0	0	0.0	17	0.12878787878787878	87	0.6590909090909091	2	0.015151515151515152	26	0.19696969696969696	1	0	1	1	1	1	1	819744763020775425	0	0	0
2517.0	0	0.0	12	0.004767580452920143	4909	1.9503377036154153	65	0.025824394119984106	2	0.0007945967421533572	18	15	91	0.8181818181818182	2	0.1111111111111111	15	0.8333333333333334	0	0.0	1	0.05555555555555555	0	0.0	15	1.0	0	0.0	0	0.0	7	0.07692307692307693	62	0.6813186813186813	2	0.02197802197802198	20	0.21978021978021978	0	0	1	0	0	0	0	723846764969791488	1	0	0
2240.0	647	0.2888392857142857	16	0.007142857142857143	583	0.26026785714285716	245	0.109375	143	0.06383928571428571	19	13	61	0.7142857142857143	2	0.10526315789473684	16	0.8421052631578947	0	0.0	1	0.05263157894736842	0	0.0	13	1.0	0	0.0	0	0.0	1	0.01639344262295082	53	0.8688524590163934	0	0.0	7	0.11475409836065574	0	0	0	1	1	1	0	824304913815638017	1	0	1
2275.0	1734	0.7621978021978022	1510	0.6637362637362637	11767	5.172307692307692	74099	32.57098901098901	937	0.41186813186813187	20	14	44	0.9090909090909091	3	0.15	15	0.75	0	0.0	2	0.1	3	0.21428571428571427	11	0.7857142857142857	0	0.0	0	0.0	4	0.09090909090909091	30	0.6818181818181818	0	0.0	10	0.22727272727272727	0	0	0	1	1	1	1	811313565760163844	0	0	0
4444.0	1942	0.436993699369937	1136	0.2556255625562556	5341	1.201845184518452	36525	8.218946894689468	2800	0.6300630063006301	26	14	125	0.7333333333333333	4	0.15384615384615385	17	0.6538461538461539	0	0.0	5	0.19230769230769232	3	0.21428571428571427	11	0.7857142857142857	0	0.0	0	0.0	15	0.12	89	0.712	0	0.0	21	0.168	1	0	1	1	0	1	1	237750442	0	0	0
3487.0	6	0.0017206767995411529	395	0.11327788930312589	36585	10.49182678520218	7337	2.1041009463722395	0	0.0	13	12	122	0.9166666666666666	2	0.15384615384615385	10	0.7692307692307693	0	0.0	1	0.07692307692307693	2	0.16666666666666666	10	0.8333333333333334	0	0.0	0	0.0	3	0.02459016393442623	96	0.7868852459016393	0	0.0	23	0.1885245901639344	0	0	1	1	1	0	0	1705052335	1	0	0
5384.0	150	0.02786032689450223	243	0.04513372956909361	2116	0.39301634472511143	8240	1.5304606240713223	99	0.01838781575037147	14	13	72	0.9090909090909091	2	0.14285714285714285	11	0.7857142857142857	0	0.0	1	0.07142857142857142	0	0.0	13	1.0	0	0.0	0	0.0	12	0.16666666666666666	45	0.625	0	0.0	15	0.20833333333333334	1	0	1	1	0	1	1	15141113	0	0	0
2557.0	0	0.0	5	0.0019554165037152915	586	0.22917481423543215	12	0.004692999608916699	1	0.00039108330074305825	13	13	0	0.8333333333333334	2	0.15384615384615385	7	0.5384615384615384	2	0.15384615384615385	2	0.15384615384615385	2	0.15384615384615385	7	0.5384615384615384	2	0.15384615384615385	2	0.15384615384615385	0	0	0	0	0	0	0	0	0	0	0	1	1	0	0	709190953941147648	1	0	1
2283.0	1	0.0004380201489268506	9	0.003942181340341655	4432	1.941305300043802	28	0.012264564169951819	4	0.0017520805957074025	14	13	61	0.9090909090909091	2	0.14285714285714285	11	0.7857142857142857	0	0.0	1	0.07142857142857142	2	0.15384615384615385	11	0.8461538461538461	0	0.0	0	0.0	2	0.03278688524590164	48	0.7868852459016393	0	0.0	11	0.18032786885245902	0	0	1	0	0	1	0	808571456237936640	1	0	0
2315.0	0	0.0	10	0.004319654427645789	18	0.007775377969762419	14	0.006047516198704104	1	0.00043196544276457883	9	9	27	0.8	0	0.0	8	0.8888888888888888	0	0.0	1	0.1111111111111111	0	0.0	8	0.8888888888888888	0	0.0	1	0.1111111111111111	0	0.0	21	0.7777777777777778	0	0.0	6	0.2222222222222222	0	0	1	0	0	0	0	796849789254049792	1	0	0
2255.0	0	0.0	5	0.0022172949002217295	8945	3.966740576496674	13	0.005764966740576497	4	0.0017738359201773836	14	13	65	0.875	2	0.14285714285714285	11	0.7857142857142857	0	0.0	1	0.07142857142857142	0	0.0	13	1.0	0	0.0	0	0.0	2	0.03076923076923077	49	0.7538461538461538	0	0.0	14	0.2153846153846154	0	0	0	0	0	0	0	818580820797497345	1	0	0
4255.0	225	0.052878965922444184	2228	0.5236192714453584	16957	3.9851938895417156	97169	22.836427732079905	363	0.08531139835487661	23	14	141	0.75	4	0.17391304347826086	17	0.7391304347826086	0	0.0	2	0.08695652173913043	3	0.21428571428571427	11	0.7857142857142857	0	0.0	0	0.0	14	0.09929078014184398	103	0.7304964539007093	0	0.0	24	0.1702127659574468	1	0	0	1	0	1	1	339822881	0	0	0
2707.0	24	0.008865903213889916	12	0.004432951606944958	730	0.26967122275581823	98	0.03620243812338382	1	0.0003694126339120798	12	13	25	0.7692307692307693	2	0.16666666666666666	9	0.75	0	0.0	1	0.08333333333333333	0	0.0	12	0.9230769230769231	0	0.0	1	0.07692307692307693	1	0.04	20	0.8	0	0.0	4	0.16	0	0	1	0	0	1	0	3973515557	1	0	0
5066.0	959	0.18930122384524278	1518	0.2996446900908014	7187	1.4186735096723253	72739	14.358270825108567	1519	0.29984208448480065	17	12	152	0.5	3	0.17647058823529413	11	0.6470588235294118	0	0.0	3	0.17647058823529413	2	0.16666666666666666	10	0.8333333333333334	0	0.0	0	0.0	11	0.07236842105263158	101	0.6644736842105263	9	0.05921052631578947	31	0.20394736842105263	1	0	1	1	0	1	1	36948268	0	0	0
2665.0	0	0.0	12	0.00450281425891182	9213	3.45703564727955	53	0.019887429643527205	1	0.000375234521575985	9	9	65	1.0	0	0.0	9	1.0	0	0.0	0	0.0	0	0.0	9	1.0	0	0.0	0	0.0	2	0.03076923076923077	51	0.7846153846153846	0	0.0	12	0.18461538461538463	0	0	1	1	0	1	0	4371859758	1	0	0
5129.0	244	0.04757262624293235	3277	0.6389159680249561	9104	1.7750048742444922	500172	97.51842464418016	793	0.15461103528953013	13	15	72	0.8333333333333334	2	0.15384615384615385	10	0.7692307692307693	0	0.0	1	0.07692307692307693	0	0.0	15	1.0	0	0.0	0	0.0	11	0.1527777777777778	44	0.6111111111111112	0	0.0	17	0.2361111111111111	0	0	0	1	0	0	1	22055226	0	0	0
3715.0	1820	0.4899057873485868	755	0.2032301480484522	7878	2.120592193808883	18750	5.0471063257065945	868	0.23364737550471062	19	12	134	0.6923076923076923	3	0.15789473684210525	13	0.6842105263157895	0	0.0	3	0.15789473684210525	3	0.25	9	0.75	0	0.0	0	0.0	9	0.06716417910447761	98	0.7313432835820896	2	0.014925373134328358	25	0.1865671641791045	1	0	1	0	0	1	1	1077446982	0	0	0
2585.0	0	0.0	5	0.0019342359767891683	343	0.13268858800773695	6	0.0023210831721470018	0	0.0	14	13	159	0.9166666666666666	2	0.14285714285714285	11	0.7857142857142857	0	0.0	1	0.07142857142857142	2	0.15384615384615385	11	0.8461538461538461	0	0.0	0	0.0	3	0.018867924528301886	126	0.7924528301886793	0	0.0	30	0.18867924528301888	0	0	0	1	1	0	0	4910631239	1	0	0
2653.0	51	0.019223520542781758	215	0.0810403316999623	10553	3.977761025254429	3612	1.3614775725593669	12	0.004523181304183943	9	9	117	0.0	0	0.0	0	0.0	0	0.0	9	1.0	0	0.0	8	0.8888888888888888	0	0.0	1	0.1111111111111111	12	0.10256410256410256	71	0.6068376068376068	2	0.017094017094017096	32	0.27350427350427353	0	0	1	1	1	1	0	4425828741	1	0	0
2677.0	0	0.0	47	0.017556966753828913	32807	12.255136346656705	196	0.07321628688830781	1	0.00037355248412401944	15	15	68	0.8181818181818182	2	0.13333333333333333	12	0.8	0	0.0	1	0.06666666666666667	0	0.0	14	0.9333333333333333	0	0.0	1	0.06666666666666667	2	0.029411764705882353	53	0.7794117647058824	0	0.0	13	0.19117647058823528	0	0	0	1	1	0	0	4189915529	1	0	0
3309.0	0	0.0	81	0.024478694469628286	23996	7.251737685101239	1053	0.3182230281051677	0	0.0	20	14	155	0.7333333333333333	1	0.05	15	0.75	0	0.0	4	0.2	0	0.0	13	0.9285714285714286	1	0.07142857142857142	0	0.0	3	0.01935483870967742	120	0.7741935483870968	0	0.0	32	0.2064516129032258	0	0	0	1	1	0	0	2353711584	1	0	0
2655.0	0	0.0	113	0.04256120527306968	15772	5.940489642184557	3661	1.3789077212806027	2	0.0007532956685499058	13	13	80	0.8181818181818182	2	0.15384615384615385	10	0.7692307692307693	0	0.0	1	0.07692307692307693	0	0.0	12	0.9230769230769231	0	0.0	1	0.07692307692307693	2	0.025	64	0.8	0	0.0	14	0.175	0	0	0	1	0	1	0	4406413835	1	0	0
2012.0	0	0.0	144	0.07157057654075547	5322	2.6451292246520874	12897	6.4100397614314115	1	0.0004970178926441351	14	13	110	0.9	2	0.14285714285714285	11	0.7857142857142857	0	0.0	1	0.07142857142857142	2	0.15384615384615385	11	0.8461538461538461	0	0.0	0	0.0	6	0.05454545454545454	82	0.7454545454545455	0	0.0	22	0.2	1	0	0	1	1	1	0	906606599094935552	1	0	0
3422.0	1539	0.44973699590882527	2352	0.6873173582700175	7955	2.3246639392168325	199473	58.29135008766803	5356	1.5651665692577441	16	9	156	0.6363636363636364	3	0.1875	10	0.625	0	0.0	3	0.1875	2	0.2222222222222222	7	0.7777777777777778	0	0.0	0	0.0	10	0.0641025641025641	109	0.6987179487179487	0	0.0	37	0.23717948717948717	0	0	1	1	1	1	1	2167097881	0	0	0
2835.0	103	0.036331569664902995	164	0.05784832451499118	5995	2.1146384479717812	2307	0.8137566137566138	45	0.015873015873015872	11	11	110	0.8	2	0.18181818181818182	8	0.7272727272727273	0	0.0	1	0.09090909090909091	0	0.0	10	0.9090909090909091	0	0.0	1	0.09090909090909091	3	0.02727272727272727	89	0.8090909090909091	0	0.0	18	0.16363636363636364	0	0	1	1	1	0	0	3317221923	1	0	0
4216.0	494	0.11717267552182163	931	0.22082542694497154	5600	1.3282732447817838	27005	6.405360531309298	618	0.14658444022770398	18	11	141	0.5833333333333334	3	0.16666666666666666	12	0.6666666666666666	0	0.0	3	0.16666666666666666	2	0.18181818181818182	9	0.8181818181818182	0	0.0	0	0.0	20	0.14184397163120568	90	0.6382978723404256	1	0.0070921985815602835	30	0.2127659574468085	1	0	1	0	0	1	1	364415553	0	0	0
1724.0	0	0.0	20	0.01160092807424594	41253	23.92865429234339	249	0.14443155452436196	1	0.000580046403712297	16	14	77	0.8888888888888888	3	0.1875	11	0.6875	0	0.0	2	0.125	3	0.21428571428571427	11	0.7857142857142857	0	0.0	0	0.0	4	0.05194805194805195	54	0.7012987012987013	2	0.025974025974025976	17	0.22077922077922077	0	0	1	0	0	1	0	1011253362929651712	1	0	0
1799.0	0	0.0	56	0.0311284046692607	6573	3.6536964980544746	3293	1.830461367426348	1	0.0005558643690939411	23	15	118	0.8	3	0.13043478260869565	18	0.782608695652174	0	0.0	2	0.08695652173913043	4	0.26666666666666666	11	0.7333333333333333	0	0.0	0	0.0	2	0.01694915254237288	93	0.788135593220339	0	0.0	23	0.19491525423728814	0	0	0	1	1	0	0	983833196092674048	1	0	0
4427.0	108	0.024395753331827422	13	0.0029365258640162636	2097	0.47368421052631576	191	0.043144341540546645	129	0.02913937203523831	20	15	130	0.3125	3	0.15	16	0.8	0	0.0	1	0.05	0	0.0	15	1.0	0	0.0	0	0.0	11	0.08461538461538462	92	0.7076923076923077	0	0.0	27	0.2076923076923077	0	0	1	1	0	1	0	244714086	1	0	0
2254.0	3531	1.5665483584738242	6079	2.69698314108252	10806	4.794143744454304	2274633	1009.1539485359361	735	0.32608695652173914	15	12	118	0.8	3	0.2	9	0.6	0	0.0	3	0.2	3	0.25	9	0.75	0	0.0	0	0.0	9	0.07627118644067797	90	0.7627118644067796	0	0.0	19	0.16101694915254236	1	0	1	0	0	1	1	818948638890217473	0	0	0
3793.0	21	0.005536514632217242	573	0.15106775639335618	672	0.17716846823095175	24594	6.484049564988136	1	0.0002636435539151068	11	11	85	1.0	1	0.09090909090909091	10	0.9090909090909091	0	0.0	0	0.0	0	0.0	11	1.0	0	0.0	0	0.0	6	0.07058823529411765	53	0.6235294117647059	8	0.09411764705882353	18	0.21176470588235294	0	0	0	1	0	1	0	904137332	1	0	1
4782.0	80	0.016729401923881223	1029	0.21518193224592222	2559	0.5351317440401505	19110	3.9962358845671266	760	0.1589293182768716	22	10	143	0.5333333333333333	4	0.18181818181818182	13	0.5909090909090909	0	0.0	5	0.22727272727272727	3	0.3	7	0.7	0	0.0	0	0.0	15	0.1048951048951049	96	0.6713286713286714	0	0.0	32	0.22377622377622378	1	0	1	1	0	1	1	112740986	0	0	0
2083.0	1	0.00048007681228996637	4	0.0019203072491598655	677	0.32501200192030727	3	0.0014402304368698992	1	0.00048007681228996637	18	13	149	0.75	4	0.2222222222222222	9	0.5	0	0.0	5	0.2777777777777778	0	0.0	13	1.0	0	0.0	0	0.0	21	0.14093959731543623	83	0.5570469798657718	4	0.026845637583892617	41	0.2751677852348993	0	0	1	0	0	0	0	881141249876643840	1	0	1
1613.0	0	0.0	13	0.008059516429014259	6642	4.117792932424055	48	0.029758214507129573	2	0.0012399256044637321	24	15	145	0.7692307692307693	2	0.08333333333333333	21	0.875	0	0.0	1	0.041666666666666664	2	0.13333333333333333	13	0.8666666666666667	0	0.0	0	0.0	7	0.04827586206896552	106	0.7310344827586207	3	0.020689655172413793	29	0.2	0	0	1	0	0	1	0	1051506601088208896	1	0	0
1860.0	15	0.008064516129032258	11	0.005913978494623656	11411	6.13494623655914	453	0.2435483870967742	9	0.004838709677419355	28	12	137	0.5625	0	0.0	25	0.8928571428571429	0	0.0	3	0.10714285714285714	0	0.0	12	1.0	0	0.0	0	0.0	0	0.0	39	0.2846715328467153	80	0.583941605839416	18	0.13138686131386862	0	0	0	0	0	0	0	961966497039077376	1	0	1
2314.0	695	0.3003457216940363	315	0.13612791702679344	6590	2.8478824546240276	32783	14.16724286949006	627	0.27095937770095074	19	9	151	0.42857142857142855	3	0.15789473684210525	13	0.6842105263157895	0	0.0	3	0.15789473684210525	2	0.2222222222222222	7	0.7777777777777778	0	0.0	0	0.0	20	0.13245033112582782	100	0.6622516556291391	3	0.019867549668874173	28	0.18543046357615894	1	0	1	1	1	1	1	797201048490430465	0	0	0
2003.0	0	0.0	6	0.0029955067398901645	9322	4.654018971542686	2	0.000998502246630055	2	0.000998502246630055	15	14	50	0.8181818181818182	2	0.13333333333333333	10	0.6666666666666666	0	0.0	3	0.2	0	0.0	14	1.0	0	0.0	0	0.0	8	0.16	31	0.62	0	0.0	11	0.22	0	0	1	1	1	1	0	909995616109023233	1	0	1
3710.0	1487	0.40080862533692724	1856	0.5002695417789758	4419	1.1911051212938006	117506	31.67277628032345	450	0.12129380053908356	9	12	22	0.38461538461538464	2	0.2222222222222222	6	0.6666666666666666	0	0.0	1	0.1111111111111111	2	0.16666666666666666	10	0.8333333333333334	0	0.0	0	0.0	4	0.18181818181818182	13	0.5909090909090909	0	0.0	5	0.22727272727272727	0	0	1	1	0	1	1	1096059529	0	0	0
1725.0	0	0.0	2	0.0011594202898550724	6400	3.710144927536232	16	0.00927536231884058	1	0.0005797101449275362	14	13	59	0.8181818181818182	3	0.21428571428571427	9	0.6428571428571429	0	0.0	2	0.14285714285714285	0	0.0	12	0.9230769230769231	0	0.0	1	0.07692307692307693	3	0.05084745762711865	41	0.6949152542372882	0	0.0	15	0.2542372881355932	0	0	1	1	1	0	0	1010932644765454337	1	0	0
2126.0	1071	0.5037629350893698	4	0.0018814675446848542	1419	0.6674506114769521	6	0.0028222013170272815	8	0.0037629350893697085	12	11	76	0.9	2	0.16666666666666666	9	0.75	0	0.0	1	0.08333333333333333	0	0.0	11	1.0	0	0.0	0	0.0	2	0.02631578947368421	57	0.75	0	0.0	17	0.2236842105263158	0	0	0	0	0	1	0	865566989087100930	1	0	0
2989.0	463	0.15490130478420877	1318	0.4409501505520241	5529	1.8497825359652058	115406	38.61023753763801	866	0.289729006356641	14	13	112	0.9	3	0.21428571428571427	10	0.7142857142857143	0	0.0	1	0.07142857142857142	3	0.23076923076923078	10	0.7692307692307693	0	0.0	0	0.0	9	0.08035714285714286	83	0.7410714285714286	0	0.0	20	0.17857142857142858	1	0	1	0	0	0	0	2964949642	0	0	0
2089.0	11	0.005265677357587362	6	0.0028721876495931067	25000	11.967448539971278	81	0.038774533269506944	0	0.0	13	7	44	0.3076923076923077	3	0.23076923076923078	7	0.5384615384615384	0	0.0	3	0.23076923076923078	2	0.2857142857142857	5	0.7142857142857143	0	0.0	0	0.0	5	0.11363636363636363	27	0.6136363636363636	0	0.0	12	0.2727272727272727	0	0	0	0	0	0	0	879035984758919171	1	0	1
2322.0	3	0.0012919896640826874	6	0.002583979328165375	9538	4.107665805340224	34	0.014642549526270457	0	0.0	17	14	60	0.9090909090909091	5	0.29411764705882354	9	0.5294117647058824	0	0.0	3	0.17647058823529413	0	0.0	14	1.0	0	0.0	0	0.0	4	0.06666666666666667	36	0.6	4	0.06666666666666667	16	0.26666666666666666	0	0	0	1	1	1	0	794312623932264453	1	0	0
1702.0	2	0.0011750881316098707	16	0.009400705052878966	43449	25.52820211515864	275	0.16157461809635723	0	0.0	10	8	87	0.0	2	0.2	7	0.7	0	0.0	1	0.1	0	0.0	6	0.75	1	0.125	1	0.125	1	0.011494252873563218	64	0.735632183908046	0	0.0	22	0.25287356321839083	0	0	0	1	1	1	0	1018985936988885000	1	0	1
4907.0	12202	2.4866517220297535	2023	0.4122681883024251	13814	2.8151620134501734	119072	24.265742816384755	2432	0.4956185041777053	18	14	148	0.5625	3	0.16666666666666666	13	0.7222222222222222	0	0.0	2	0.1111111111111111	4	0.2857142857142857	8	0.5714285714285714	2	0.14285714285714285	0	0.0	14	0.0945945945945946	109	0.7364864864864865	2	0.013513513513513514	23	0.1554054054054054	1	0	1	1	0	1	1	80612021	0	0	0
4794.0	2762	0.576136837713809	3114	0.6495619524405507	14703	3.066958698372966	260043	54.24342928660826	3465	0.7227784730913642	18	13	86	0.8333333333333334	3	0.16666666666666666	13	0.7222222222222222	0	0.0	2	0.1111111111111111	2	0.15384615384615385	11	0.8461538461538461	0	0.0	0	0.0	17	0.19767441860465115	48	0.5581395348837209	2	0.023255813953488372	19	0.22093023255813954	1	0	1	1	0	1	1	109071031	0	0	0
5110.0	215	0.04207436399217221	1299	0.2542074363992172	1550	0.30332681017612523	33580	6.571428571428571	997	0.19510763209393348	10	13	83	0.6666666666666666	2	0.2	7	0.7	0	0.0	1	0.1	0	0.0	13	1.0	0	0.0	0	0.0	5	0.060240963855421686	65	0.7831325301204819	1	0.012048192771084338	12	0.14457831325301204	0	0	1	0	0	1	1	25086658	0	0	0
5076.0	45	0.008865248226950355	731	0.14401103230890466	12809	2.52344365642238	16772	3.3041765169424746	1586	0.3124507486209614	11	13	105	0.7777777777777778	2	0.18181818181818182	8	0.7272727272727273	0	0.0	1	0.09090909090909091	5	0.38461538461538464	8	0.6153846153846154	0	0.0	0	0.0	12	0.11428571428571428	72	0.6857142857142857	3	0.02857142857142857	18	0.17142857142857143	1	0	1	1	0	0	0	33655490	0	0	0
5145.0	613	0.11914480077745383	3168	0.6157434402332361	2111	0.41030126336248784	362528	70.46219630709426	75	0.014577259475218658	11	13	23	0.875	2	0.18181818181818182	8	0.7272727272727273	0	0.0	1	0.09090909090909091	3	0.23076923076923078	10	0.7692307692307693	0	0.0	0	0.0	5	0.21739130434782608	14	0.6086956521739131	2	0.08695652173913043	2	0.08695652173913043	1	0	1	1	0	1	1	20597460	0	0	0
4475.0	1673	0.37385474860335194	2145	0.4793296089385475	11002	2.4585474860335195	129022	28.83173184357542	765	0.17094972067039105	19	15	121	0.6666666666666666	3	0.15789473684210525	13	0.6842105263157895	0	0.0	3	0.15789473684210525	2	0.13333333333333333	13	0.8666666666666667	0	0.0	0	0.0	8	0.06611570247933884	90	0.743801652892562	0	0.0	23	0.19008264462809918	1	0	1	0	0	1	1	225921757	0	0	0
5175.0	3540	0.6840579710144927	1056	0.20405797101449274	15228	2.942608695652174	29539	5.708019323671498	4542	0.8776811594202899	12	11	58	0.9	2	0.16666666666666666	9	0.75	0	0.0	1	0.08333333333333333	2	0.18181818181818182	9	0.8181818181818182	0	0.0	0	0.0	8	0.13793103448275862	40	0.6896551724137931	0	0.0	10	0.1724137931034483	1	0	1	1	1	0	1	18909919	0	0	0
3057.0	21286	6.96303565587177	563	0.18416748446189074	10197	3.335623159960746	23758	7.771671573438011	1071	0.35034347399411186	14	14	141	0.9	2	0.14285714285714285	11	0.7857142857142857	0	0.0	1	0.07142857142857142	0	0.0	14	1.0	0	0.0	0	0.0	18	0.1276595744680851	93	0.6595744680851063	1	0.0070921985815602835	29	0.20567375886524822	1	0	0	1	1	0	1	2853309155	0	0	0
2103.0	11	0.005230622919638612	5	0.0023775558725630053	1225	0.5825011887779363	18	0.008559201141226819	51	0.024251069900142655	17	15	141	0.9166666666666666	3	0.17647058823529413	12	0.7058823529411765	0	0.0	2	0.11764705882352941	3	0.2	12	0.8	0	0.0	0	0.0	7	0.04964539007092199	100	0.7092198581560284	0	0.0	34	0.24113475177304963	0	0	1	0	0	0	0	873757532258394112	1	0	1
2035.0	572	0.2810810810810811	18	0.008845208845208846	6727	3.3056511056511058	1990	0.9778869778869779	2	0.0009828009828009828	27	10	65	0.42857142857142855	3	0.1111111111111111	19	0.7037037037037037	0	0.0	5	0.18518518518518517	0	0.0	10	1.0	0	0.0	0	0.0	6	0.09230769230769231	44	0.676923076923077	0	0.0	15	0.23076923076923078	0	0	1	1	1	1	0	898583494779035648	1	0	0
2144.0	6	0.002798507462686567	3	0.0013992537313432835	3429	1.5993470149253732	20	0.009328358208955223	0	0.0	20	12	47	0.6923076923076923	3	0.15	12	0.6	0	0.0	5	0.25	0	0.0	12	1.0	0	0.0	0	0.0	1	0.02127659574468085	30	0.6382978723404256	0	0.0	16	0.3404255319148936	0	0	1	0	0	0	0	859012626487009280	1	0	1
1997.0	0	0.0	5	0.0025037556334501754	8027	4.019529293940911	72	0.03605408112168253	12	0.006009013520280421	13	13	159	0.8	3	0.23076923076923078	8	0.6153846153846154	0	0.0	2	0.15384615384615385	0	0.0	11	0.8461538461538461	0	0.0	2	0.15384615384615385	6	0.03773584905660377	118	0.7421383647798742	2	0.012578616352201259	33	0.20754716981132076	0	0	1	0	0	0	0	912104726770049025	1	0	1
2105.0	1	0.00047505938242280285	71	0.033729216152019	7369	3.5007125890736344	4006	1.9030878859857483	1	0.00047505938242280285	5	9	145	0.5555555555555556	1	0.2	4	0.8	0	0.0	0	0.0	0	0.0	7	0.7777777777777778	2	0.2222222222222222	0	0.0	17	0.11724137931034483	96	0.6620689655172414	5	0.034482758620689655	27	0.18620689655172415	0	0	0	1	1	1	0	873057024740777985	1	0	1
3789.0	959	0.2531010820797044	407	0.1074162048033782	3671	0.968857218263394	12939	3.414885193982581	660	0.17418844022169439	10	9	54	0.875	2	0.2	7	0.7	0	0.0	1	0.1	2	0.2222222222222222	7	0.7777777777777778	0	0.0	0	0.0	15	0.2777777777777778	25	0.46296296296296297	0	0.0	14	0.25925925925925924	0	0	0	1	0	0	1	912608010	0	0	0
4789.0	594	0.12403424514512425	851	0.17769889329713928	5907	1.233451660054291	26338	5.4996867822092295	1932	0.4034245145124243	11	13	135	0.75	2	0.18181818181818182	8	0.7272727272727273	0	0.0	1	0.09090909090909091	3	0.23076923076923078	10	0.7692307692307693	0	0.0	0	0.0	13	0.0962962962962963	90	0.6666666666666666	3	0.022222222222222223	29	0.21481481481481482	1	0	1	1	0	1	1	110545675	0	0	0
3720.0	689	0.18521505376344086	864	0.23225806451612904	6529	1.7551075268817204	24026	6.458602150537635	674	0.18118279569892473	15	11	49	0.6923076923076923	2	0.13333333333333333	12	0.8	0	0.0	1	0.06666666666666667	2	0.18181818181818182	9	0.8181818181818182	0	0.0	0	0.0	4	0.08163265306122448	39	0.7959183673469388	1	0.02040816326530612	5	0.10204081632653061	0	0	0	0	0	1	1	1065995022	0	0	0
3830.0	1	0.0002610966057441253	22	0.005744125326370757	14102	3.6819843342036553	1355	0.3537859007832898	1	0.0002610966057441253	17	15	20	0.9090909090909091	3	0.17647058823529413	12	0.7058823529411765	0	0.0	2	0.11764705882352941	0	0.0	15	1.0	0	0.0	0	0.0	2	0.1	14	0.7	0	0.0	4	0.2	0	0	1	0	0	1	0	830638884	1	0	0
2283.0	5	0.002190100744634253	6	0.002628120893561104	14224	6.2303985983355235	68	0.029785370127025843	312	0.1366622864651774	8	12	129	0.5555555555555556	2	0.25	5	0.625	0	0.0	1	0.125	3	0.25	9	0.75	0	0.0	0	0.0	7	0.05426356589147287	88	0.6821705426356589	0	0.0	34	0.26356589147286824	0	0	1	0	0	1	0	808592198170243072	1	0	1
4888.0	734	0.15016366612111293	1174	0.24018003273322422	9286	1.8997545008183305	27058	5.535597381342062	2239	0.4580605564648118	17	14	120	0.8333333333333334	3	0.17647058823529413	11	0.6470588235294118	0	0.0	3	0.17647058823529413	3	0.21428571428571427	11	0.7857142857142857	0	0.0	0	0.0	11	0.09166666666666666	87	0.725	1	0.008333333333333333	21	0.175	1	0	1	1	1	1	1	85396297	0	0	0
4300.0	4787	1.1132558139534883	1260	0.2930232558139535	8264	1.9218604651162792	48230	11.216279069767442	2497	0.5806976744186046	18	15	102	0.8	3	0.16666666666666666	12	0.6666666666666666	0	0.0	3	0.16666666666666666	3	0.2	12	0.8	0	0.0	0	0.0	10	0.09803921568627451	59	0.5784313725490197	2	0.0196078431372549	31	0.30392156862745096	1	0	1	0	0	1	1	312134473	0	0	0
5346.0	172	0.032173587729143284	1222	0.22858211747100635	10411	1.9474373363262252	28081	5.2527123082678635	1060	0.19827908716797607	26	10	115	0.5	4	0.15384615384615385	17	0.6538461538461539	0	0.0	5	0.19230769230769232	2	0.2	8	0.8	0	0.0	0	0.0	8	0.06956521739130435	75	0.6521739130434783	8	0.06956521739130435	24	0.20869565217391303	1	0	1	1	0	1	0	15600527	0	0	0
3719.0	478	0.1285291745092767	838	0.22532938962086582	2436	0.6550147889217531	27488	7.391234202742673	1019	0.27399838666308146	17	10	154	0.5384615384615384	4	0.23529411764705882	10	0.5882352941176471	0	0.0	3	0.17647058823529413	3	0.3	7	0.7	0	0.0	0	0.0	16	0.1038961038961039	110	0.7142857142857143	0	0.0	28	0.18181818181818182	0	0	1	1	1	1	1	1069124515	0	0	0
3121.0	0	0.0	77	0.024671579621916052	10760	3.447612944569048	948	0.3037487984620314	1	0.0003204101249599487	14	12	160	0.9	5	0.35714285714285715	7	0.5	0	0.0	2	0.14285714285714285	5	0.4166666666666667	7	0.5833333333333334	0	0.0	0	0.0	9	0.05625	117	0.73125	0	0.0	34	0.2125	0	0	0	0	0	1	0	2774502312	1	0	0
3663.0	1553	0.42396942396942394	744	0.2031122031122031	7983	2.1793611793611793	47573	12.987441987441988	1370	0.374010374010374	18	15	66	0.8333333333333334	3	0.16666666666666666	12	0.6666666666666666	0	0.0	3	0.16666666666666666	4	0.26666666666666666	11	0.7333333333333333	0	0.0	0	0.0	5	0.07575757575757576	46	0.696969696969697	0	0.0	15	0.22727272727272727	1	0	1	0	0	0	1	1240107944	0	0	0
2856.0	94	0.032913165266106444	37	0.012955182072829132	93098	32.59733893557423	2294	0.8032212885154062	92	0.03221288515406162	18	11	138	0.1875	3	0.16666666666666666	13	0.7222222222222222	0	0.0	2	0.1111111111111111	0	0.0	11	1.0	0	0.0	0	0.0	7	0.050724637681159424	94	0.6811594202898551	8	0.057971014492753624	29	0.21014492753623187	1	0	1	1	0	1	0	3291286474	1	0	0
3052.0	486	0.15923984272608127	788	0.2581913499344692	3715	1.2172346002621233	24293	7.959698558322412	956	0.3132372214941022	11	15	151	0.7272727272727273	2	0.18181818181818182	8	0.7272727272727273	0	0.0	1	0.09090909090909091	5	0.3333333333333333	10	0.6666666666666666	0	0.0	0	0.0	16	0.10596026490066225	109	0.7218543046357616	1	0.006622516556291391	25	0.16556291390728478	1	0	0	0	0	1	1	2861616083	0	0	0
2984.0	10467	3.5077077747989276	1100	0.36863270777479895	7426	2.4886058981233243	92566	31.02077747989276	4329	1.4507372654155497	14	15	128	0.35294117647058826	3	0.21428571428571427	8	0.5714285714285714	0	0.0	3	0.21428571428571427	2	0.13333333333333333	13	0.8666666666666667	0	0.0	0	0.0	12	0.09375	96	0.75	2	0.015625	18	0.140625	1	0	1	1	1	1	1	2975091705	0	0	0
2711.0	0	0.0	14	0.005164146071560309	24860	9.17004795278495	32	0.011803762449280709	1	0.00036886757654002215	18	10	130	0.375	3	0.16666666666666666	12	0.6666666666666666	0	0.0	3	0.16666666666666666	0	0.0	10	1.0	0	0.0	0	0.0	7	0.05384615384615385	87	0.6692307692307692	4	0.03076923076923077	32	0.24615384615384617	0	0	0	1	0	0	0	3931671555	1	0	0
4866.0	4513	0.927455815865187	799	0.1642005754212906	36066	7.411837237977805	20759	4.2661323468968355	3538	0.7270859021783806	24	14	127	0.7058823529411765	3	0.125	19	0.7916666666666666	0	0.0	2	0.08333333333333333	3	0.21428571428571427	11	0.7857142857142857	0	0.0	0	0.0	12	0.09448818897637795	82	0.6456692913385826	10	0.07874015748031496	23	0.18110236220472442	0	0	1	1	1	1	1	90639372	0	0	0
3765.0	486	0.12908366533864543	4145	1.100929614873838	5674	1.5070385126162018	1086588	288.602390438247	1009	0.26799468791500664	12	11	110	0.9	2	0.16666666666666666	9	0.75	0	0.0	1	0.08333333333333333	2	0.18181818181818182	9	0.8181818181818182	0	0.0	0	0.0	23	0.20909090909090908	59	0.5363636363636364	5	0.045454545454545456	23	0.20909090909090908	1	0	1	1	0	1	1	963480595	0	0	0
4426.0	554	0.12516945323090828	988	0.22322638951649346	5521	1.2474017171260732	29421	6.647311342069589	883	0.19950293718933573	14	11	101	0.8461538461538461	3	0.21428571428571427	8	0.5714285714285714	0	0.0	3	0.21428571428571427	3	0.2727272727272727	8	0.7272727272727273	0	0.0	0	0.0	5	0.04950495049504951	79	0.7821782178217822	2	0.019801980198019802	15	0.1485148514851485	1	0	0	1	0	1	1	245451804	0	0	0
1913.0	0	0.0	2	0.0010454783063251437	43604	22.793518034500785	12	0.006272869837950863	0	0.0	19	12	78	0.6923076923076923	0	0.0	17	0.8947368421052632	0	0.0	2	0.10526315789473684	0	0.0	12	1.0	0	0.0	0	0.0	3	0.038461538461538464	59	0.7564102564102564	1	0.01282051282051282	15	0.19230769230769232	0	0	0	0	0	1	0	942816613480435712	1	0	0
2051.0	0	0.0	5	0.0024378352023403218	1129	0.5504631886884447	35	0.017064846416382253	0	0.0	15	15	116	0.8	1	0.06666666666666667	12	0.8	0	0.0	2	0.13333333333333333	0	0.0	13	0.8666666666666667	0	0.0	2	0.13333333333333333	10	0.08620689655172414	82	0.7068965517241379	2	0.017241379310344827	22	0.1896551724137931	0	0	0	1	1	0	0	892636269641175040	1	0	1
2060.0	0	0.0	9	0.004368932038834952	9356	4.541747572815534	95	0.04611650485436893	0	0.0	18	10	116	0.4666666666666667	0	0.0	16	0.8888888888888888	0	0.0	2	0.1111111111111111	0	0.0	10	1.0	0	0.0	0	0.0	1	0.008620689655172414	77	0.6637931034482759	0	0.0	38	0.3275862068965517	0	0	0	1	1	0	0	889229094273126400	1	0	0
2121.0	189	0.0891089108910891	29	0.013672795851013672	16154	7.616218764733616	972	0.4582743988684583	74	0.03488920320603489	20	8	122	0.26666666666666666	3	0.15	15	0.75	0	0.0	2	0.1	0	0.0	8	1.0	0	0.0	0	0.0	1	0.00819672131147541	96	0.7868852459016393	0	0.0	25	0.20491803278688525	0	0	1	0	0	1	0	867112375408889856	1	0	1
1769.0	0	0.0	8	0.0045223289994347085	17750	10.03391746749576	53	0.029960429621254947	0	0.0	12	13	159	0.875	1	0.08333333333333333	11	0.9166666666666666	0	0.0	0	0.0	0	0.0	12	0.9230769230769231	0	0.0	1	0.07692307692307693	3	0.018867924528301886	128	0.8050314465408805	0	0.0	28	0.1761006289308176	0	0	1	0	0	0	0	995026002089840641	1	0	0
1702.0	324	0.19036427732079905	19	0.011163337250293772	734	0.4312573443008226	1513	0.8889541715628673	8	0.004700352526439483	23	15	158	0.6875	3	0.13043478260869565	18	0.782608695652174	0	0.0	2	0.08695652173913043	14	0.9333333333333333	0	0.0	0	0.0	1	0.06666666666666667	5	0.03164556962025317	115	0.7278481012658228	4	0.02531645569620253	34	0.21518987341772153	0	0	1	0	0	1	0	1019024168984219649	1	0	0
1697.0	0	0.0	6	0.0035356511490866236	309	0.1820860341779611	7	0.0041249263406010605	0	0.0	18	14	44	0.6923076923076923	3	0.16666666666666666	13	0.7222222222222222	0	0.0	2	0.1111111111111111	2	0.14285714285714285	11	0.7857142857142857	1	0.07142857142857142	0	0.0	1	0.022727272727272728	37	0.8409090909090909	0	0.0	6	0.13636363636363635	0	0	1	1	1	0	0	1021082022771658753	1	0	0
2028.0	3	0.0014792899408284023	11	0.005424063116370809	22707	11.196745562130177	46	0.022682445759368838	1	0.0004930966469428008	20	15	124	0.6428571428571429	19	0.95	1	0.05	0	0.0	0	0.0	13	0.8666666666666667	2	0.13333333333333333	0	0.0	0	0.0	1	0.008064516129032258	103	0.8306451612903226	0	0.0	20	0.16129032258064516	0	0	0	1	1	1	0	901140630990196738	1	0	0
2239.0	0	0.0	22	0.00982581509602501	809	0.3613220187583743	91	0.04064314426083073	3	0.0013398838767306833	10	9	100	0.2857142857142857	1	0.1	5	0.5	3	0.3	1	0.1	0	0.0	6	0.6666666666666666	3	0.3333333333333333	0	0.0	4	0.04	70	0.7	0	0.0	26	0.26	0	0	0	1	1	1	0	824443952983977984	1	0	0
2718.0	0	0.0	37	0.013612950699043414	43162	15.880058866813833	264	0.09713024282560706	0	0.0	13	12	68	0.9090909090909091	2	0.15384615384615385	10	0.7692307692307693	0	0.0	1	0.07692307692307693	0	0.0	12	1.0	0	0.0	0	0.0	7	0.10294117647058823	43	0.6323529411764706	2	0.029411764705882353	16	0.23529411764705882	0	0	1	1	1	1	0	3871378581	1	0	0
5333.0	11	0.0020626289143071443	25983	4.872117007312957	14280	2.677667354209638	8136666	1525.7202325145322	467	0.0875679729983124	12	13	149	0.5384615384615384	2	0.16666666666666666	9	0.75	0	0.0	1	0.08333333333333333	2	0.15384615384615385	11	0.8461538461538461	0	0.0	0	0.0	8	0.053691275167785234	109	0.7315436241610739	4	0.026845637583892617	28	0.18791946308724833	1	0	1	1	0	1	1	15764644	0	0	0
3722.0	1212	0.32563138097796884	929	0.24959699086512627	8049	2.1625470177324018	31242	8.39387426114992	486	0.1305749596990865	17	14	155	0.8	3	0.17647058823529413	11	0.6470588235294118	0	0.0	3	0.17647058823529413	3	0.21428571428571427	11	0.7857142857142857	0	0.0	0	0.0	19	0.12258064516129032	107	0.6903225806451613	1	0.0064516129032258064	28	0.18064516129032257	1	0	0	0	0	1	1	1058917562	0	0	0
3834.0	0	0.0	24	0.006259780907668232	1925	0.5020865936358894	360	0.09389671361502347	63	0.01643192488262911	12	6	45	0.6	5	0.4166666666666667	6	0.5	0	0.0	1	0.08333333333333333	0	0.0	6	1.0	0	0.0	0	0.0	2	0.044444444444444446	32	0.7111111111111111	0	0.0	11	0.24444444444444444	0	0	1	1	0	1	0	823217342	1	0	0
2663.0	28413	10.669545625234697	2	0.0007510326699211416	0	0.0	55	0.020653398422831395	46	0.017273751408186256	15	14	154	0.9	2	0.13333333333333333	12	0.8	0	0.0	1	0.06666666666666667	0	0.0	14	1.0	0	0.0	0	0.0	4	0.025974025974025976	110	0.7142857142857143	2	0.012987012987012988	38	0.24675324675324675	0	0	1	1	1	1	0	4320431295	1	0	1
2862.0	0	0.0	218	0.07617051013277429	21887	7.647449336128582	3862	1.3494060097833682	1	0.00034940600978336826	14	14	78	1.0	0	0.0	13	0.9285714285714286	0	0.0	1	0.07142857142857142	0	0.0	13	0.9285714285714286	0	0.0	1	0.07142857142857142	0	0.0	58	0.7435897435897436	2	0.02564102564102564	18	0.23076923076923078	0	0	0	0	0	1	0	3254373616	1	0	0
2923.0	1	0.00034211426616489907	45	0.015395141977420458	69507	23.77933629832364	1174	0.4016421484775915	4	0.0013684570646595963	14	13	120	0.38461538461538464	0	0.0	12	0.8571428571428571	0	0.0	2	0.14285714285714285	0	0.0	13	1.0	0	0.0	0	0.0	8	0.06666666666666667	87	0.725	2	0.016666666666666666	23	0.19166666666666668	0	0	0	1	1	1	0	3091533046	1	0	0
3711.0	2531	0.6820264079762867	1118	0.3012665049851792	8384	2.259229318243061	33782	9.103206682834815	4298	1.1581783885745083	26	8	145	0.375	4	0.15384615384615385	17	0.6538461538461539	0	0.0	5	0.19230769230769232	2	0.25	6	0.75	0	0.0	0	0.0	12	0.08275862068965517	96	0.6620689655172414	10	0.06896551724137931	27	0.18620689655172415	1	0	1	1	0	1	1	1092979962	0	0	0
1807.0	9328	5.162147205312673	1	0.0005534034311012728	66	0.036524626452684006	20	0.011068068622025456	22	0.012174875484228001	1	15	3	0.0	0	0.0	0	0.0	0	0.0	1	1.0	0	0.0	15	1.0	0	0.0	0	0.0	0	0.0	0	0.0	2	0.6666666666666666	1	0.3333333333333333	0	0	1	0	0	0	0	981034300643581952	1	0	1
2174.0	0	0.0	130	0.05979760809567617	50981	23.450321987120514	13996	6.437902483900644	0	0.0	17	15	155	0.6923076923076923	3	0.17647058823529413	12	0.7058823529411765	0	0.0	2	0.11764705882352941	3	0.2	12	0.8	0	0.0	0	0.0	25	0.16129032258064516	103	0.6645161290322581	0	0.0	27	0.17419354838709677	0	0	0	1	1	0	0	848131286526959617	1	0	0
2163.0	0	0.0	5	0.002311604253351826	8759	4.049468331021729	30	0.013869625520110958	2	0.0009246417013407304	14	13	70	0.9090909090909091	2	0.14285714285714285	11	0.7857142857142857	0	0.0	1	0.07142857142857142	0	0.0	13	1.0	0	0.0	0	0.0	6	0.08571428571428572	48	0.6857142857142857	0	0.0	16	0.22857142857142856	0	0	1	0	0	1	0	852039978569801729	1	0	0
1963.0	6	0.003056546102903719	3	0.0015282730514518594	713	0.3632195618950586	5	0.0025471217524197657	16	0.00815078960774325	14	11	53	0.5384615384615384	2	0.14285714285714285	11	0.7857142857142857	0	0.0	1	0.07142857142857142	2	0.18181818181818182	9	0.8181818181818182	0	0.0	0	0.0	2	0.03773584905660377	35	0.660377358490566	0	0.0	16	0.3018867924528302	0	0	1	0	0	1	0	924445192513495041	1	0	1
3449.0	30	0.008698173383589447	14	0.004059147579008408	6201	1.7979124383879386	854	0.2476080023195129	1141	0.3308205276891853	12	8	114	0.7142857142857143	2	0.16666666666666666	9	0.75	0	0.0	1	0.08333333333333333	0	0.0	8	1.0	0	0.0	0	0.0	4	0.03508771929824561	79	0.6929824561403509	0	0.0	31	0.2719298245614035	0	0	1	1	0	1	0	1932168457	1	0	1
1969.0	11	0.00558659217877095	3	0.0015236160487557136	255	0.12950736414423566	20	0.01015744032503809	0	0.0	20	12	124	0.6	2	0.1	17	0.85	0	0.0	1	0.05	0	0.0	12	1.0	0	0.0	0	0.0	4	0.03225806451612903	91	0.7338709677419355	1	0.008064516129032258	28	0.22580645161290322	0	0	0	1	1	0	0	922501717823954945	1	0	0
2035.0	40	0.019656019656019656	41	0.020147420147420148	17459	8.579361179361179	3490	1.714987714987715	12	0.005896805896805897	19	14	160	0.4666666666666667	5	0.2631578947368421	12	0.631578947368421	0	0.0	2	0.10526315789473684	2	0.14285714285714285	12	0.8571428571428571	0	0.0	0	0.0	6	0.0375	129	0.80625	0	0.0	25	0.15625	0	0	1	0	0	1	0	898575243308015618	1	0	0
2043.0	0	0.0	14	0.006852667645619187	15397	7.536465981399902	128	0.06265296133137543	0	0.0	11	11	110	0.7272727272727273	2	0.18181818181818182	8	0.7272727272727273	0	0.0	1	0.09090909090909091	2	0.18181818181818182	8	0.7272727272727273	0	0.0	1	0.09090909090909091	4	0.03636363636363636	83	0.7545454545454545	0	0.0	23	0.20909090909090908	0	0	1	0	0	0	0	895699896661024770	1	0	0
5297.0	1215	0.22937511799131585	1524	0.2877100245421937	6335	1.1959599773456673	32959	6.222201245988296	780	0.1472531621672645	13	12	87	0.9	2	0.15384615384615385	10	0.7692307692307693	0	0.0	1	0.07692307692307693	0	0.0	12	1.0	0	0.0	0	0.0	8	0.09195402298850575	68	0.7816091954022989	0	0.0	11	0.12643678160919541	1	0	1	1	0	1	1	16256269	0	0	0
4328.0	242	0.05591497227356747	775	0.17906654343807762	1181	0.2728743068391867	22639	5.230822550831793	1393	0.3218576709796673	12	11	124	0.42857142857142855	2	0.16666666666666666	9	0.75	0	0.0	1	0.08333333333333333	3	0.2727272727272727	6	0.5454545454545454	2	0.18181818181818182	0	0.0	21	0.1693548387096774	77	0.6209677419354839	2	0.016129032258064516	24	0.1935483870967742	1	0	0	0	0	1	0	295685416	0	0	0
3057.0	2207	0.7219496238141969	661	0.21622505724566568	7123	2.33006215243703	14370	4.700686947988224	347	0.11350997710173373	20	12	104	0.6428571428571429	3	0.15	14	0.7	0	0.0	3	0.15	2	0.16666666666666666	10	0.8333333333333334	0	0.0	0	0.0	9	0.08653846153846154	73	0.7019230769230769	2	0.019230769230769232	20	0.19230769230769232	1	0	1	0	0	1	1	2852998461	0	0	0
3396.0	130094	38.30800942285041	272	0.0800942285041225	90018	26.507067137809187	5735	1.688751472320377	4653	1.3701413427561837	13	12	7	0.9	0	0.0	12	0.9230769230769231	0	0.0	1	0.07692307692307693	0	0.0	12	1.0	0	0.0	0	0.0	0	0.0	6	0.8571428571428571	0	0.0	1	0.14285714285714285	0	0	0	1	1	0	0	2216299843	1	0	0
2155.0	0	0.0	26	0.012064965197215777	11471	5.322969837587007	141	0.0654292343387471	1	0.0004640371229698376	12	14	104	0.8181818181818182	2	0.16666666666666666	9	0.75	0	0.0	1	0.08333333333333333	3	0.21428571428571427	11	0.7857142857142857	0	0.0	0	0.0	3	0.028846153846153848	81	0.7788461538461539	0	0.0	20	0.19230769230769232	0	0	1	1	1	0	0	854803551247269888	1	0	0
2709.0	367	0.13547434477667036	522	0.19269102990033224	518637	191.4496124031008	64371	23.761904761904763	1	0.00036913990402362494	44	15	144	0.45	0	0.0	35	0.7954545454545454	0	0.0	9	0.20454545454545456	0	0.0	14	0.9333333333333333	0	0.0	1	0.06666666666666667	2	0.013888888888888888	116	0.8055555555555556	0	0.0	26	0.18055555555555555	0	0	1	1	1	1	0	3887467873	1	0	0
3725.0	313	0.08402684563758389	946	0.25395973154362417	4938	1.3256375838926175	29248	7.851812080536913	2357	0.632751677852349	10	12	143	0.75	2	0.2	7	0.7	0	0.0	1	0.1	3	0.25	9	0.75	0	0.0	0	0.0	14	0.0979020979020979	105	0.7342657342657343	2	0.013986013986013986	22	0.15384615384615385	1	0	1	1	0	1	1	1051446626	0	0	0
5169.0	80	0.015476881408396209	1189	0.23002514993228865	13106	2.535500096730509	32532	6.293673824724318	189	0.03656413232733604	16	15	159	0.9	2	0.125	13	0.8125	0	0.0	1	0.0625	2	0.13333333333333333	13	0.8666666666666667	0	0.0	0	0.0	14	0.0880503144654088	108	0.6792452830188679	2	0.012578616352201259	35	0.22012578616352202	0	0	1	1	0	1	1	19139963	0	0	0
2766.0	1	0.00036153289949385393	3	0.0010845986984815619	136	0.049168474331164135	9	0.0032537960954446853	144	0.052060737527114966	8	7	92	0.8571428571428571	2	0.25	5	0.625	0	0.0	1	0.125	0	0.0	7	1.0	0	0.0	0	0.0	6	0.06521739130434782	66	0.717391304347826	1	0.010869565217391304	19	0.20652173913043478	0	0	1	0	0	1	0	3429060010	1	0	1
5137.0	366	0.07124781000583999	3517	0.6846408409577575	15688	3.0539225228732723	128746	25.06248783336578	6456	1.2567646486276036	17	8	43	0.6666666666666666	3	0.17647058823529413	12	0.7058823529411765	0	0.0	2	0.11764705882352941	2	0.25	6	0.75	0	0.0	0	0.0	6	0.13953488372093023	28	0.6511627906976745	0	0.0	9	0.20930232558139536	0	0	1	1	0	0	1	21269970	0	0	0
3784.0	0	0.0	3	0.0007928118393234672	474	0.12526427061310783	4	0.0010570824524312897	0	0.0	13	12	0	0.7692307692307693	2	0.15384615384615385	9	0.6923076923076923	0	0.0	2	0.15384615384615385	0	0.0	11	0.9166666666666666	0	0.0	1	0.08333333333333333	0	0	0	0	0	0	0	0	0	0	1	1	1	0	0	922095066	1	0	1
5146.0	1305	0.2535950252623397	1423	0.27652545666537115	4293	0.8342401865526623	32002	6.21881072677808	7363	1.430820054411193	18	12	45	0.75	3	0.16666666666666666	12	0.6666666666666666	0	0.0	3	0.16666666666666666	2	0.16666666666666666	10	0.8333333333333334	0	0.0	0	0.0	4	0.08888888888888889	34	0.7555555555555555	2	0.044444444444444446	5	0.1111111111111111	1	0	1	1	0	1	1	20467163	0	0	0
3108.0	31	0.009974259974259974	23	0.0074002574002574005	11105	3.573037323037323	822	0.2644787644787645	3	0.0009652509652509653	10	9	77	0.875	2	0.2	7	0.7	0	0.0	1	0.1	2	0.2222222222222222	7	0.7777777777777778	0	0.0	0	0.0	5	0.06493506493506493	54	0.7012987012987013	0	0.0	18	0.23376623376623376	0	0	1	1	0	0	0	2800569835	1	0	0
4633.0	372	0.08029354629829484	1144	0.24692423915389597	5883	1.2698035829915821	51116	11.03302395855817	1018	0.21972803798834448	11	13	128	0.7	2	0.18181818181818182	8	0.7272727272727273	0	0.0	1	0.09090909090909091	3	0.23076923076923078	10	0.7692307692307693	0	0.0	0	0.0	12	0.09375	96	0.75	2	0.015625	18	0.140625	1	0	0	1	0	0	1	164007407	0	0	0
2872.0	537	0.18697771587743733	1515	0.5275069637883009	885	0.3081476323119777	691901	240.9126044568245	1	0.00034818941504178273	13	13	111	0.8	2	0.15384615384615385	10	0.7692307692307693	0	0.0	1	0.07692307692307693	0	0.0	12	0.9230769230769231	0	0.0	1	0.07692307692307693	3	0.02702702702702703	84	0.7567567567567568	0	0.0	24	0.21621621621621623	0	0	1	0	0	1	0	3233484298	1	0	0
3717.0	3017	0.8116760828625236	1288	0.3465160075329567	8563	2.3037395749260154	128483	34.56631692224913	2168	0.5832660747914985	20	14	57	0.6666666666666666	3	0.15	15	0.75	0	0.0	2	0.1	3	0.21428571428571427	11	0.7857142857142857	0	0.0	0	0.0	1	0.017543859649122806	40	0.7017543859649122	0	0.0	16	0.2807017543859649	1	0	1	1	1	1	1	1072467470	0	0	0
2693.0	4	0.0014853323431117712	98	0.0363906424062384	4459	1.6557742294838471	1321	0.49053100631266244	1	0.0003713330857779428	13	12	27	0.875	0	0.0	12	0.9230769230769231	0	0.0	1	0.07692307692307693	0	0.0	12	1.0	0	0.0	0	0.0	0	0.0	24	0.8888888888888888	0	0.0	3	0.1111111111111111	0	0	1	1	0	1	0	4071214642	1	0	1
3717.0	557	0.14985203120796342	971	0.2612321764864138	5266	1.4167339252085014	44854	12.067258541834812	475	0.12779122948614474	18	15	142	0.8333333333333334	3	0.16666666666666666	12	0.6666666666666666	0	0.0	3	0.16666666666666666	3	0.2	12	0.8	0	0.0	0	0.0	15	0.1056338028169014	94	0.6619718309859155	4	0.028169014084507043	29	0.20422535211267606	1	0	1	0	0	1	1	1072008757	0	0	0
3718.0	380	0.10220548682087144	1904	0.5121032813340506	8149	2.1917697686928457	103809	27.920656266810113	211	0.05675094136632598	19	14	34	0.7857142857142857	3	0.15789473684210525	14	0.7368421052631579	0	0.0	2	0.10526315789473684	2	0.14285714285714285	12	0.8571428571428571	0	0.0	0	0.0	4	0.11764705882352941	26	0.7647058823529411	0	0.0	4	0.11764705882352941	1	0	0	1	0	1	1	1071402577	0	0	0
5209.0	2465	0.47321942791322713	1910	0.36667306584757153	13692	2.6285275484737953	52674	10.11211364945287	4806	0.9226339028604339	20	13	154	0.7692307692307693	4	0.2	16	0.8	0	0.0	0	0.0	0	0.0	13	1.0	0	0.0	0	0.0	14	0.09090909090909091	112	0.7272727272727273	1	0.006493506493506494	27	0.17532467532467533	1	0	1	0	0	1	1	17976923	0	0	0
2691.0	3	0.0011148272017837235	21	0.007803790412486065	728	0.27053140096618356	71	0.026384243775548124	1	0.0003716090672612412	7	7	141	1.0	4	0.5714285714285714	3	0.42857142857142855	0	0.0	0	0.0	4	0.5714285714285714	3	0.42857142857142855	0	0.0	0	0.0	12	0.0851063829787234	95	0.6737588652482269	1	0.0070921985815602835	33	0.23404255319148937	0	0	1	0	0	1	0	4091727471	1	0	1
1840.0	2	0.0010869565217391304	25	0.01358695652173913	3297	1.7918478260869566	121	0.06576086956521739	5	0.002717391304347826	13	8	131	0.8	2	0.15384615384615385	10	0.7692307692307693	0	0.0	1	0.07692307692307693	0	0.0	8	1.0	0	0.0	0	0.0	14	0.10687022900763359	89	0.6793893129770993	0	0.0	28	0.21374045801526717	0	0	1	1	1	1	0	969125020269268992	1	0	0
4453.0	826	0.18549292611722434	3811	0.8558275320008982	7824	1.7570177408488659	510626	114.67011003817652	1028	0.23085560296429372	19	13	44	0.7	3	0.15789473684210525	14	0.7368421052631579	0	0.0	2	0.10526315789473684	3	0.23076923076923078	10	0.7692307692307693	0	0.0	0	0.0	5	0.11363636363636363	29	0.6590909090909091	0	0.0	10	0.22727272727272727	1	0	1	1	0	1	1	233737858	0	0	0
1828.0	283	0.1548140043763676	6	0.0032822757111597373	22471	12.292669584245077	185	0.1012035010940919	126	0.06892778993435449	11	11	120	0.4166666666666667	1	0.09090909090909091	10	0.9090909090909091	0	0.0	0	0.0	0	0.0	11	1.0	0	0.0	0	0.0	24	0.2	68	0.5666666666666667	0	0.0	28	0.23333333333333334	0	0	1	0	0	1	0	973647568398962688	1	0	0
1734.0	3	0.0017301038062283738	20	0.011534025374855825	12783	7.3719723183391	84	0.04844290657439446	2	0.0011534025374855825	27	13	84	0.5625	0	0.0	24	0.8888888888888888	0	0.0	3	0.1111111111111111	0	0.0	13	1.0	0	0.0	0	0.0	8	0.09523809523809523	57	0.6785714285714286	1	0.011904761904761904	18	0.21428571428571427	0	0	0	0	0	1	0	1007691669842677760	1	0	0
1703.0	0	0.0	2	0.0011743981209630064	42	0.024662360540223135	8	0.004697592483852026	0	0.0	14	14	118	1.0	2	0.14285714285714285	12	0.8571428571428571	0	0.0	0	0.0	2	0.14285714285714285	12	0.8571428571428571	0	0.0	0	0.0	12	0.1016949152542373	86	0.7288135593220338	0	0.0	20	0.1694915254237288	0	0	1	0	0	0	0	1018857925534797824	1	0	1
1962.0	0	0.0	7	0.003567787971457696	2237	1.1401630988786953	21	0.010703363914373088	31	0.01580020387359837	19	10	65	0.6153846153846154	3	0.15789473684210525	16	0.8421052631578947	0	0.0	0	0.0	0	0.0	10	1.0	0	0.0	0	0.0	5	0.07692307692307693	50	0.7692307692307693	0	0.0	10	0.15384615384615385	0	0	0	0	0	0	0	924991637041958912	1	0	0
1993.0	0	0.0	8	0.004014049172102358	766	0.3843452082288008	163	0.08178625188158554	1	0.0005017561465127947	13	13	43	0.8333333333333334	4	0.3076923076923077	8	0.6153846153846154	0	0.0	1	0.07692307692307693	0	0.0	12	0.9230769230769231	0	0.0	1	0.07692307692307693	5	0.11627906976744186	30	0.6976744186046512	0	0.0	8	0.18604651162790697	0	0	1	0	0	1	0	913501325622759425	1	0	0
1941.0	12	0.0061823802163833074	6	0.0030911901081916537	14524	7.482740855229263	44	0.02266872746007213	23	0.01184956208140134	26	15	80	0.7142857142857143	0	0.0	13	0.5	0	0.0	13	0.5	0	0.0	13	0.8666666666666667	0	0.0	2	0.13333333333333333	10	0.125	44	0.55	3	0.0375	23	0.2875	0	0	0	0	0	0	0	932610451283890177	1	0	1
1989.0	63	0.03167420814479638	58	0.029160382101558573	43136	21.687280040221218	2510	1.2619406737053795	3	0.0015082956259426848	15	10	132	0.7272727272727273	3	0.2	10	0.6666666666666666	0	0.0	2	0.13333333333333333	2	0.2	8	0.8	0	0.0	0	0.0	1	0.007575757575757576	100	0.7575757575757576	6	0.045454545454545456	25	0.1893939393939394	0	0	0	1	1	0	0	915284281311875074	1	0	0
1995.0	44	0.02205513784461153	32	0.016040100250626566	2168570	1087.0025062656641	11	0.005513784461152882	2	0.0010025062656641604	7	10	96	0.7777777777777778	0	0.0	5	0.7142857142857143	2	0.2857142857142857	0	0.0	0	0.0	8	0.8	2	0.2	0	0.0	0	0.0	76	0.7916666666666666	2	0.020833333333333332	18	0.1875	0	0	1	0	0	1	0	913064403989417985	1	0	1
1646.0	2	0.001215066828675577	7	0.00425273390036452	62040	37.691373025516405	138	0.08383961117861483	0	0.0	19	15	60	0.6470588235294118	1	0.05263157894736842	11	0.5789473684210527	4	0.21052631578947367	3	0.15789473684210525	0	0.0	12	0.8	2	0.13333333333333333	1	0.06666666666666667	7	0.11666666666666667	35	0.5833333333333334	5	0.08333333333333333	13	0.21666666666666667	0	0	1	1	1	0	0	1039245931634479106	1	0	1
1628.0	0	0.0	17	0.010442260442260442	1512	0.9287469287469288	104	0.06388206388206388	8	0.004914004914004914	11	8	130	0.7	0	0.0	10	0.9090909090909091	0	0.0	1	0.09090909090909091	2	0.25	6	0.75	0	0.0	0	0.0	1	0.007692307692307693	107	0.823076923076923	0	0.0	22	0.16923076923076924	0	0	1	1	1	0	0	1046048297008484353	1	0	0
5154.0	3589	0.6963523476911136	1603	0.31102056655025223	16398	3.181606519208382	57552	11.166472642607683	869	0.1686069072564998	11	13	152	0.8333333333333334	2	0.18181818181818182	8	0.7272727272727273	0	0.0	1	0.09090909090909091	3	0.23076923076923078	10	0.7692307692307693	0	0.0	0	0.0	19	0.125	101	0.6644736842105263	0	0.0	32	0.21052631578947367	1	0	0	1	0	0	1	19926675	0	0	0
1872.0	1	0.0005341880341880342	4	0.002136752136752137	73	0.038995726495726496	29	0.015491452991452992	1	0.0005341880341880342	15	15	100	0.8333333333333334	3	0.2	11	0.7333333333333333	0	0.0	1	0.06666666666666667	3	0.2	11	0.7333333333333333	0	0.0	1	0.06666666666666667	9	0.09	68	0.68	0	0.0	23	0.23	0	0	1	1	1	1	0	957621204688556038	1	0	1
1966.0	2	0.001017293997965412	3	0.001525940996948118	45569	23.17853509664293	87	0.04425228891149542	0	0.0	20	13	134	0.8333333333333334	3	0.15	15	0.75	0	0.0	2	0.1	0	0.0	13	1.0	0	0.0	0	0.0	4	0.029850746268656716	112	0.835820895522388	0	0.0	18	0.13432835820895522	0	0	0	0	0	1	0	923366953007435782	1	0	0
3660.0	10	0.00273224043715847	142	0.03879781420765027	5317	1.4527322404371585	4464	1.219672131147541	4	0.001092896174863388	14	13	133	0.8888888888888888	2	0.14285714285714285	11	0.7857142857142857	0	0.0	1	0.07142857142857142	2	0.15384615384615385	11	0.8461538461538461	0	0.0	0	0.0	9	0.06766917293233082	94	0.706766917293233	0	0.0	30	0.22556390977443608	0	0	1	1	0	1	0	1249693405	1	0	0
3465.0	8119	2.343145743145743	1027	0.2963924963924964	12902	3.7235209235209235	25277	7.294949494949495	5540	1.5988455988455987	19	12	115	0.7692307692307693	5	0.2631578947368421	11	0.5789473684210527	0	0.0	3	0.15789473684210525	5	0.4166666666666667	7	0.5833333333333334	0	0.0	0	0.0	12	0.10434782608695652	69	0.6	1	0.008695652173913044	33	0.28695652173913044	1	0	0	1	1	1	1	1880674038	0	0	0
2849.0	0	0.0	11	0.003861003861003861	6095	2.1393471393471395	36	0.012636012636012635	1	0.000351000351000351	15	13	100	0.9090909090909091	4	0.26666666666666666	9	0.6	0	0.0	2	0.13333333333333333	0	0.0	13	1.0	0	0.0	0	0.0	1	0.01	75	0.75	2	0.02	22	0.22	0	0	0	0	0	1	0	3300364029	1	0	0
5184.0	153	0.029513888888888888	791	0.15258487654320987	1074	0.20717592592592593	21039	4.058449074074074	0	0.0	28	13	145	0.5882352941176471	4	0.14285714285714285	19	0.6785714285714286	0	0.0	5	0.17857142857142858	2	0.15384615384615385	11	0.8461538461538461	0	0.0	0	0.0	10	0.06896551724137931	93	0.6413793103448275	17	0.11724137931034483	25	0.1724137931034483	1	0	1	0	0	0	1	18566912	0	0	0
1775.0	41	0.023098591549295774	18	0.010140845070422535	12278	6.91718309859155	67	0.03774647887323944	2	0.0011267605633802818	11	11	117	1.0	2	0.18181818181818182	9	0.8181818181818182	0	0.0	0	0.0	2	0.18181818181818182	9	0.8181818181818182	0	0.0	0	0.0	6	0.05128205128205128	79	0.6752136752136753	1	0.008547008547008548	31	0.26495726495726496	0	0	1	0	0	0	0	992820451524075520	1	0	1
1729.0	1	0.000578368999421631	1	0.000578368999421631	40	0.02313475997686524	3	0.001735106998264893	0	0.0	8	6	62	0.6666666666666666	4	0.5	0	0.0	0	0.0	4	0.5	0	0.0	4	0.6666666666666666	0	0.0	2	0.3333333333333333	8	0.12903225806451613	43	0.6935483870967742	0	0.0	11	0.1774193548387097	0	0	0	1	1	0	0	1009394895923044352	1	0	1
2180.0	0	0.0	5	0.0022935779816513763	37	0.016972477064220184	14	0.006422018348623854	3	0.0013761467889908258	13	11	139	0.875	3	0.23076923076923078	8	0.6153846153846154	0	0.0	2	0.15384615384615385	0	0.0	11	1.0	0	0.0	0	0.0	5	0.03597122302158273	104	0.7482014388489209	0	0.0	30	0.2158273381294964	1	0	1	0	0	1	0	845774082205409280	1	0	1
2015.0	6	0.002977667493796526	3	0.001488833746898263	287	0.1424317617866005	118	0.058560794044665014	0	0.0	15	13	158	0.9090909090909091	3	0.2	10	0.6666666666666666	0	0.0	2	0.13333333333333333	0	0.0	13	1.0	0	0.0	0	0.0	3	0.0189873417721519	117	0.740506329113924	0	0.0	38	0.24050632911392406	0	0	1	0	0	0	0	905824104334352384	1	0	1
1961.0	0	0.0	7	0.0035696073431922487	81608	41.61550229474758	118	0.06017338092809791	0	0.0	16	13	0	0.8888888888888888	4	0.25	9	0.5625	0	0.0	3	0.1875	4	0.3076923076923077	9	0.6923076923076923	0	0.0	0	0.0	0	0	0	0	0	0	0	0	0	0	0	1	1	0	0	925409091115147264	1	0	0
1935.0	1	0.0005167958656330749	7	0.0036175710594315244	6674	3.449095607235142	65	0.03359173126614987	2	0.0010335917312661498	19	11	138	0.6153846153846154	3	0.15789473684210525	14	0.7368421052631579	0	0.0	2	0.10526315789473684	0	0.0	10	0.9090909090909091	0	0.0	1	0.09090909090909091	11	0.07971014492753623	103	0.7463768115942029	0	0.0	24	0.17391304347826086	1	0	1	1	1	1	0	934575930277748736	1	0	1
2182.0	2	0.0009165902841429881	15	0.0068744271310724105	8082	3.703941338221815	112	0.051329055912007336	0	0.0	14	14	82	1.0	0	0.0	14	1.0	0	0.0	0	0.0	0	0.0	14	1.0	0	0.0	0	0.0	0	0.0	65	0.7926829268292683	1	0.012195121951219513	16	0.1951219512195122	0	0	0	0	0	0	0	845125396714610690	1	0	1
4893.0	4364	0.891886368281218	1102	0.2252197016145514	14274	2.9172286940527283	27527	5.6257919476803595	1998	0.4083384426732066	10	12	147	0.7272727272727273	2	0.2	7	0.7	0	0.0	1	0.1	3	0.25	9	0.75	0	0.0	0	0.0	14	0.09523809523809523	100	0.6802721088435374	2	0.013605442176870748	31	0.2108843537414966	1	0	0	0	0	1	1	84119348	0	0	0
2150.0	0	0.0	4	0.0018604651162790699	51702	24.047441860465117	23	0.010697674418604652	1	0.00046511627906976747	9	9	51	1.0	3	0.3333333333333333	6	0.6666666666666666	0	0.0	0	0.0	3	0.3333333333333333	6	0.6666666666666666	0	0.0	0	0.0	5	0.09803921568627451	36	0.7058823529411765	0	0.0	10	0.19607843137254902	0	0	0	1	1	0	0	856940210705362944	1	0	0
1662.0	1	0.0006016847172081829	5	0.0030084235860409147	6909	4.157039711191335	142	0.08543922984356198	3	0.0018050541516245488	15	15	160	0.7	2	0.13333333333333333	12	0.8	0	0.0	1	0.06666666666666667	8	0.5333333333333333	7	0.4666666666666667	0	0.0	0	0.0	10	0.0625	120	0.75	0	0.0	30	0.1875	0	0	0	0	0	1	0	1033697430276108288	1	0	1
3222.0	1333	0.4137181874612042	38	0.011793916821849782	49769	15.446617008069522	358	0.1111111111111111	198	0.061452513966480445	20	13	34	0.3181818181818182	4	0.2	6	0.3	0	0.0	10	0.5	0	0.0	13	1.0	0	0.0	0	0.0	0	0.0	27	0.7941176470588235	0	0.0	7	0.20588235294117646	0	0	1	1	1	0	0	2507624306	1	0	0
2134.0	0	0.0	6	0.0028116213683223993	2002	0.9381443298969072	32	0.01499531396438613	0	0.0	14	11	46	0.9090909090909091	0	0.0	9	0.6428571428571429	2	0.14285714285714285	3	0.21428571428571427	0	0.0	9	0.8181818181818182	2	0.18181818181818182	0	0.0	0	0.0	34	0.7391304347826086	3	0.06521739130434782	9	0.1956521739130435	0	0	0	1	1	0	0	862664931174477825	1	0	0
4180.0	442	0.10574162679425837	1135	0.2715311004784689	5654	1.3526315789473684	54035	12.927033492822966	603	0.1442583732057416	12	11	70	0.9090909090909091	2	0.16666666666666666	9	0.75	0	0.0	1	0.08333333333333333	2	0.18181818181818182	9	0.8181818181818182	0	0.0	0	0.0	5	0.07142857142857142	56	0.8	1	0.014285714285714285	8	0.11428571428571428	0	0	1	1	1	0	1	384913290	0	0	0
3124.0	0	0.0	91	0.02912932138284251	12239	3.917733674775928	1170	0.37451984635083224	1	0.0003201024327784891	15	14	141	0.9166666666666666	2	0.13333333333333333	12	0.8	0	0.0	1	0.06666666666666667	3	0.21428571428571427	11	0.7857142857142857	0	0.0	0	0.0	3	0.02127659574468085	110	0.7801418439716312	0	0.0	28	0.19858156028368795	0	0	0	0	0	1	0	2764050380	1	0	0
5182.0	1253	0.2417985333847935	2365	0.4563874951756079	7626	1.4716325742956387	119895	23.13681976071015	3060	0.5905055962948669	19	10	94	0.7272727272727273	3	0.15789473684210525	14	0.7368421052631579	0	0.0	2	0.10526315789473684	2	0.2	8	0.8	0	0.0	0	0.0	11	0.11702127659574468	63	0.6702127659574468	0	0.0	20	0.2127659574468085	1	0	1	0	0	1	1	18632666	0	0	0
3771.0	806	0.2137364094404667	1150	0.30495889684433836	6535	1.7329620790241316	45987	12.194908512330947	2219	0.5884380800848581	14	7	86	0.36363636363636365	4	0.2857142857142857	5	0.35714285714285715	0	0.0	5	0.35714285714285715	2	0.2857142857142857	5	0.7142857142857143	0	0.0	0	0.0	9	0.10465116279069768	60	0.6976744186046512	2	0.023255813953488372	15	0.1744186046511628	1	0	1	1	1	1	1	950783972	0	0	0
3751.0	666	0.1775526526259664	926	0.2468675019994668	8883	2.3681684884030925	28204	7.519061583577713	1284	0.3423087176752866	12	11	85	0.9090909090909091	2	0.16666666666666666	9	0.75	0	0.0	1	0.08333333333333333	2	0.18181818181818182	9	0.8181818181818182	0	0.0	0	0.0	10	0.11764705882352941	44	0.5176470588235295	11	0.12941176470588237	20	0.23529411764705882	1	0	1	0	0	0	1	993153006	0	0	0
2730.0	1	0.0003663003663003663	10	0.003663003663003663	59409	21.76153846153846	49	0.017948717948717947	0	0.0	16	15	99	0.9090909090909091	2	0.125	13	0.8125	0	0.0	1	0.0625	2	0.13333333333333333	13	0.8666666666666667	0	0.0	0	0.0	12	0.12121212121212122	58	0.5858585858585859	5	0.050505050505050504	24	0.24242424242424243	0	0	0	0	0	0	0	3747663856	1	0	0
5140.0	0	0.0	32	0.0062256809338521405	176707	34.378793774319064	2234	0.43463035019455254	3292	0.6404669260700389	19	13	101	0.6153846153846154	2	0.10526315789473684	16	0.8421052631578947	0	0.0	1	0.05263157894736842	2	0.15384615384615385	11	0.8461538461538461	0	0.0	0	0.0	9	0.0891089108910891	62	0.6138613861386139	2	0.019801980198019802	28	0.27722772277227725	0	0	0	1	1	1	0	20959226	1	0	1
2466.0	0	0.0	95	0.03852392538523925	18787	7.618410381184104	3396	1.3771289537712896	14	0.0056772100567721	14	9	150	0.75	6	0.42857142857142855	6	0.42857142857142855	0	0.0	2	0.14285714285714285	5	0.5555555555555556	4	0.4444444444444444	0	0.0	0	0.0	19	0.12666666666666668	91	0.6066666666666667	1	0.006666666666666667	39	0.26	0	0	0	0	0	1	0	742447712105336832	1	0	1
2262.0	884	0.39080459770114945	649	0.28691423519009723	6232	2.755083996463307	16728	7.395225464190982	1048	0.46330680813439434	19	11	159	0.6153846153846154	3	0.15789473684210525	13	0.6842105263157895	0	0.0	3	0.15789473684210525	2	0.18181818181818182	9	0.8181818181818182	0	0.0	0	0.0	4	0.025157232704402517	127	0.7987421383647799	2	0.012578616352201259	26	0.16352201257861634	1	0	0	0	0	1	1	816157667882373120	0	0	0
2432.0	2	0.0008223684210526315	4	0.001644736842105263	1859	0.764391447368421	16	0.006578947368421052	5	0.002055921052631579	14	14	145	1.0	3	0.21428571428571427	11	0.7857142857142857	0	0.0	0	0.0	0	0.0	14	1.0	0	0.0	0	0.0	9	0.06206896551724138	98	0.6758620689655173	0	0.0	38	0.2620689655172414	0	0	1	1	1	1	0	754746745372938240	1	0	1
2558.0	17	0.006645817044566067	18	0.007036747458952306	58765	22.97302580140735	304	0.11884284597341674	1	0.00039093041438623924	10	10	56	1.0	0	0.0	10	1.0	0	0.0	0	0.0	0	0.0	10	1.0	0	0.0	0	0.0	0	0.0	44	0.7857142857142857	0	0.0	12	0.21428571428571427	0	0	0	1	1	0	0	708938088018481152	1	0	0
2457.0	0	0.0	7	0.002849002849002849	2325	0.9462759462759462	24	0.009768009768009768	0	0.0	15	11	156	0.8181818181818182	3	0.2	7	0.4666666666666667	1	0.06666666666666667	4	0.26666666666666666	0	0.0	10	0.9090909090909091	1	0.09090909090909091	0	0.0	5	0.03205128205128205	119	0.7628205128205128	0	0.0	32	0.20512820512820512	0	0	0	0	0	1	0	745349445471047680	1	0	1
2386.0	259	0.10854987426655491	892	0.3738474434199497	181152	75.92288348700754	83874	35.152556580050295	395	0.1655490360435876	12	11	68	0.8888888888888888	0	0.0	11	0.9166666666666666	0	0.0	1	0.08333333333333333	0	0.0	11	1.0	0	0.0	0	0.0	0	0.0	52	0.7647058823529411	0	0.0	16	0.23529411764705882	0	0	1	0	0	0	0	771097812855558144	1	0	0
2316.0	1673	0.7223661485319517	648	0.27979274611398963	7390	3.190846286701209	17077	7.373488773747841	620	0.26770293609671847	18	15	108	0.8333333333333334	3	0.16666666666666666	12	0.6666666666666666	0	0.0	3	0.16666666666666666	3	0.2	12	0.8	0	0.0	0	0.0	6	0.05555555555555555	81	0.75	2	0.018518518518518517	19	0.17592592592592593	0	0	0	1	1	1	1	796736612554117120	0	0	0
2262.0	2654	1.1732979664014147	1480	0.654288240495137	13068	5.777188328912467	120485	53.264809902740936	2033	0.898762157382847	14	11	144	0.8	3	0.21428571428571427	8	0.5714285714285714	0	0.0	3	0.21428571428571427	3	0.2727272727272727	8	0.7272727272727273	0	0.0	0	0.0	14	0.09722222222222222	98	0.6805555555555556	2	0.013888888888888888	30	0.20833333333333334	1	0	1	0	0	1	1	816298918468259841	0	0	0
2567.0	2	0.0007791195948578107	37	0.014413712504869497	120812	47.06349824698091	4728	1.8418387222438644	2	0.0007791195948578107	18	13	130	0.4375	0	0.0	15	0.8333333333333334	0	0.0	3	0.16666666666666666	0	0.0	13	1.0	0	0.0	0	0.0	4	0.03076923076923077	93	0.7153846153846154	0	0.0	33	0.25384615384615383	0	0	0	0	0	0	0	705785693155495937	1	0	0
2568.0	13	0.0050623052959501555	543	0.21144859813084113	59313	23.09696261682243	17056	6.641744548286605	4	0.001557632398753894	14	14	142	0.75	0	0.0	13	0.9285714285714286	0	0.0	1	0.07142857142857142	0	0.0	14	1.0	0	0.0	0	0.0	7	0.04929577464788732	100	0.704225352112676	1	0.007042253521126761	34	0.23943661971830985	0	0	1	0	0	0	0	705215650986332162	1	0	0
1887.0	0	0.0	4	0.0021197668256491787	13802	7.314255431902491	70	0.03709591944886063	11	0.005829358770535241	11	11	52	0.9090909090909091	2	0.18181818181818182	9	0.8181818181818182	0	0.0	0	0.0	2	0.18181818181818182	9	0.8181818181818182	0	0.0	0	0.0	2	0.038461538461538464	39	0.75	0	0.0	11	0.21153846153846154	0	0	0	1	1	0	0	952035808063688709	1	0	1
1857.0	2	0.0010770059235325794	136	0.0732364028002154	1179	0.6348949919224556	35253	18.98384491114701	0	0.0	20	14	159	0.8461538461538461	4	0.2	13	0.65	0	0.0	3	0.15	2	0.14285714285714285	12	0.8571428571428571	0	0.0	0	0.0	9	0.05660377358490566	117	0.7358490566037735	1	0.006289308176100629	32	0.20125786163522014	0	0	0	1	1	1	0	962786546503028741	1	0	0
1878.0	0	0.0	448	0.23855165069222578	28032	14.926517571884984	40130	21.368477103301384	1	0.0005324813631522897	29	15	124	0.6	3	0.10344827586206896	23	0.7931034482758621	0	0.0	3	0.10344827586206896	3	0.2	12	0.8	0	0.0	0	0.0	15	0.12096774193548387	84	0.6774193548387096	1	0.008064516129032258	24	0.1935483870967742	0	0	1	0	0	1	0	955523229875081221	1	0	0
1847.0	0	0.0	40	0.02165674066053059	3275	1.7731456415809421	2049	1.1093665403356794	1	0.0005414185165132648	24	7	85	0.29411764705882354	2	0.08333333333333333	17	0.7083333333333334	2	0.08333333333333333	3	0.125	0	0.0	6	0.8571428571428571	0	0.0	1	0.14285714285714285	3	0.03529411764705882	61	0.7176470588235294	2	0.023529411764705882	19	0.2235294117647059	0	0	0	1	1	1	0	966460140424712199	1	0	0
2874.0	4	0.0013917884481558804	8	0.0027835768963117608	15566	5.416144745998608	98	0.03409881697981907	0	0.0	14	13	130	0.875	2	0.14285714285714285	11	0.7857142857142857	0	0.0	1	0.07142857142857142	2	0.15384615384615385	11	0.8461538461538461	0	0.0	0	0.0	9	0.06923076923076923	95	0.7307692307692307	1	0.007692307692307693	25	0.19230769230769232	0	0	1	0	0	1	0	3227013130	1	0	0
2955.0	1	0.00033840947546531303	33	0.01116751269035533	15583	5.273434856175973	306	0.10355329949238579	10	0.00338409475465313	10	10	124	1.0	2	0.2	8	0.8	0	0.0	0	0.0	2	0.2	8	0.8	0	0.0	0	0.0	12	0.0967741935483871	84	0.6774193548387096	0	0.0	28	0.22580645161290322	0	0	1	0	0	1	0	3015987217	1	0	0
5801.0	4538	0.7822789174280297	2574	0.44371660058610585	9792	1.6879848302016893	107962	18.610929150146525	802	0.1382520255128426	20	11	150	0.6153846153846154	3	0.15	15	0.75	0	0.0	2	0.1	2	0.18181818181818182	9	0.8181818181818182	0	0.0	0	0.0	22	0.14666666666666667	89	0.5933333333333334	10	0.06666666666666667	29	0.19333333333333333	1	0	1	1	0	1	1	5558312	0	0	0
4314.0	286	0.06629578117756142	1002	0.23226703755215578	15945	3.696105702364395	41281	9.56907742234585	420	0.09735744089012517	18	11	81	0.6923076923076923	3	0.16666666666666666	12	0.6666666666666666	0	0.0	3	0.16666666666666666	2	0.18181818181818182	9	0.8181818181818182	0	0.0	0	0.0	9	0.1111111111111111	59	0.7283950617283951	1	0.012345679012345678	12	0.14814814814814814	0	0	1	1	1	1	1	303861808	0	0	0
4460.0	16224	3.6376681614349775	2611	0.5854260089686099	26000	5.829596412556054	275668	61.808968609865474	3713	0.8325112107623318	14	15	149	0.8461538461538461	2	0.14285714285714285	11	0.7857142857142857	0	0.0	1	0.07142857142857142	2	0.13333333333333333	13	0.8666666666666667	0	0.0	0	0.0	11	0.0738255033557047	115	0.7718120805369127	0	0.0	23	0.15436241610738255	1	0	1	1	0	1	1	231510077	0	0	0
2191.0	0	0.0	4	0.0018256503879507074	1571	0.7170241898676404	14	0.006389776357827476	1	0.00045641259698767686	19	14	74	0.8125	2	0.10526315789473684	11	0.5789473684210527	4	0.21052631578947367	2	0.10526315789473684	1	0.07142857142857142	9	0.6428571428571429	4	0.2857142857142857	0	0.0	4	0.05405405405405406	58	0.7837837837837838	0	0.0	12	0.16216216216216217	0	0	1	0	0	0	0	841920663678029824	1	0	0
3426.0	1	0.0002918855808523059	26	0.007589025102159953	149749	43.709573847051956	51	0.0148861646234676	0	0.0	12	15	113	0.5	2	0.16666666666666666	9	0.75	0	0.0	1	0.08333333333333333	2	0.13333333333333333	13	0.8666666666666667	0	0.0	0	0.0	1	0.008849557522123894	91	0.8053097345132744	0	0.0	21	0.18584070796460178	0	0	0	1	1	0	0	2158121076	1	0	0
3005.0	0	0.0	114	0.03793677204658902	91422	30.423294509151415	2315	0.7703826955074875	2779	0.9247920133111481	12	12	117	0.5384615384615384	1	0.08333333333333333	11	0.9166666666666666	0	0.0	0	0.0	0	0.0	10	0.8333333333333334	0	0.0	2	0.16666666666666666	13	0.1111111111111111	75	0.6410256410256411	3	0.02564102564102564	26	0.2222222222222222	0	0	0	1	1	1	0	2935804025	1	0	1
2689.0	19	0.007065823726292302	7	0.0026031982149497955	5928	2.2045370026031983	24	0.008925251022685012	2	0.0007437709185570844	14	15	153	0.8	2	0.14285714285714285	12	0.8571428571428571	0	0.0	0	0.0	5	0.3333333333333333	10	0.6666666666666666	0	0.0	0	0.0	5	0.032679738562091505	111	0.7254901960784313	0	0.0	37	0.24183006535947713	0	0	0	1	1	0	0	4099756155	1	0	1
2789.0	0	0.0	16	0.005736823234134099	150438	53.939763356041595	42	0.015059160989602008	4	0.0014342058085335247	13	12	88	0.2	0	0.0	11	0.8461538461538461	0	0.0	2	0.15384615384615385	0	0.0	9	0.75	0	0.0	3	0.25	4	0.045454545454545456	64	0.7272727272727273	0	0.0	20	0.22727272727272727	0	0	0	0	0	0	0	3293810833	1	0	0
5098.0	362	0.07100823852491173	1478	0.2899176147508827	6134	1.2032169478226755	38691	7.589446841898784	3248	0.6371125931737937	15	14	89	0.9230769230769231	3	0.2	11	0.7333333333333333	0	0.0	1	0.06666666666666667	3	0.21428571428571427	11	0.7857142857142857	0	0.0	0	0.0	7	0.07865168539325842	65	0.7303370786516854	2	0.02247191011235955	15	0.16853932584269662	0	0	1	1	0	1	1	27676828	0	0	0
2357.0	5944	2.521849809079338	26	0.01103097157403479	68765	29.174798472634706	1155	0.4900296987696224	1049	0.4450572761985575	26	14	121	0.5	4	0.15384615384615385	19	0.7307692307692307	0	0.0	3	0.11538461538461539	0	0.0	13	0.9285714285714286	1	0.07142857142857142	0	0.0	7	0.05785123966942149	91	0.7520661157024794	0	0.0	23	0.19008264462809918	0	0	1	0	0	1	0	781941661848875008	1	0	0
2265.0	1091	0.4816777041942605	501	0.22119205298013245	1466	0.6472406181015452	14724	6.500662251655629	688	0.30375275938189844	17	14	130	0.8461538461538461	3	0.17647058823529413	11	0.6470588235294118	0	0.0	3	0.17647058823529413	3	0.21428571428571427	11	0.7857142857142857	0	0.0	0	0.0	21	0.16153846153846155	72	0.5538461538461539	2	0.015384615384615385	35	0.2692307692307692	1	0	1	1	1	1	1	815241612154417152	0	0	0
4446.0	503	0.11313540260908682	670	0.15069725596041386	4475	1.0065227170490327	27638	6.216374269005848	887	0.1995051731893837	16	13	34	0.8181818181818182	3	0.1875	10	0.625	0	0.0	3	0.1875	3	0.23076923076923078	10	0.7692307692307693	0	0.0	0	0.0	3	0.08823529411764706	24	0.7058823529411765	2	0.058823529411764705	5	0.14705882352941177	1	0	0	1	0	1	1	236916916	0	0	0
2667.0	11	0.004124484439445069	7	0.0026246719160104987	62018	23.2538432695913	40	0.014998125234345707	9	0.003374578177727784	12	12	22	0.8461538461538461	2	0.16666666666666666	9	0.75	0	0.0	1	0.08333333333333333	0	0.0	11	0.9166666666666666	0	0.0	1	0.08333333333333333	1	0.045454545454545456	16	0.7272727272727273	0	0.0	5	0.22727272727272727	0	0	0	1	1	0	0	4350824652	1	0	0
3673.0	8406	2.288592431255105	1468	0.3996732915872584	12335	3.358290225973319	110315	30.034032126327254	6074	1.6536890824938741	15	12	137	0.8181818181818182	3	0.2	9	0.6	0	0.0	3	0.2	3	0.25	9	0.75	0	0.0	0	0.0	16	0.11678832116788321	91	0.6642335766423357	1	0.0072992700729927005	29	0.2116788321167883	1	0	1	1	0	1	1	1206227149	0	0	0
2893.0	0	0.0	7	0.0024196335983408227	740	0.25578983753888695	16	0.00553059108192188	1	0.0003456619426201175	10	9	101	0.8333333333333334	2	0.2	7	0.7	0	0.0	1	0.1	2	0.2222222222222222	7	0.7777777777777778	0	0.0	0	0.0	4	0.039603960396039604	77	0.7623762376237624	1	0.009900990099009901	19	0.18811881188118812	0	0	1	0	0	1	0	3151876308	1	0	0
2373.0	0	0.0	139	0.05857564264643911	109480	46.13569321533923	2376	1.0012642225031605	0	0.0	12	12	105	1.0	2	0.16666666666666666	10	0.8333333333333334	0	0.0	0	0.0	2	0.16666666666666666	10	0.8333333333333334	0	0.0	0	0.0	5	0.047619047619047616	81	0.7714285714285715	0	0.0	19	0.18095238095238095	0	0	0	1	1	1	0	775870976441589760	1	0	0
2574.0	0	0.0	722	0.2804972804972805	10291	3.998057498057498	22840	8.873348873348874	1	0.0003885003885003885	15	14	49	0.9166666666666666	0	0.0	14	0.9333333333333333	0	0.0	1	0.06666666666666667	0	0.0	14	1.0	0	0.0	0	0.0	5	0.10204081632653061	24	0.4897959183673469	5	0.10204081632653061	15	0.30612244897959184	0	0	0	0	0	1	0	703005412610678784	1	0	0
2543.0	1	0.00039323633503735744	17	0.006685017695635077	10104	3.9732599292174595	179	0.07038930397168698	3	0.0011797090051120724	17	15	150	0.8461538461538461	3	0.17647058823529413	12	0.7058823529411765	0	0.0	2	0.11764705882352941	3	0.2	12	0.8	0	0.0	0	0.0	37	0.24666666666666667	78	0.52	3	0.02	32	0.21333333333333335	0	0	0	0	0	1	0	714541415942987776	1	0	1
2283.0	0	0.0	481	0.21068769163381515	218089	95.52737625930793	83559	36.600525624178715	2	0.0008760402978537013	16	11	26	0.75	2	0.125	13	0.8125	0	0.0	1	0.0625	0	0.0	11	1.0	0	0.0	0	0.0	4	0.15384615384615385	16	0.6153846153846154	0	0.0	6	0.23076923076923078	0	0	0	0	0	1	0	808595043560857600	1	0	0
2514.0	0	0.0	71	0.028241845664280032	3667	1.458631662688942	56870	22.621320604614162	1	0.0003977724741447892	16	15	130	0.9285714285714286	2	0.125	13	0.8125	0	0.0	1	0.0625	0	0.0	15	1.0	0	0.0	0	0.0	4	0.03076923076923077	97	0.7461538461538462	4	0.03076923076923077	25	0.19230769230769232	0	0	1	1	1	0	0	724804317748797440	1	0	0
2577.0	0	0.0	497	0.19285991462941404	53238	20.658905704307333	14453	5.608459448971672	1	0.00038804811796662784	15	14	58	0.9166666666666666	2	0.13333333333333333	12	0.8	0	0.0	1	0.06666666666666667	0	0.0	14	1.0	0	0.0	0	0.0	1	0.017241379310344827	43	0.7413793103448276	2	0.034482758620689655	12	0.20689655172413793	0	0	0	1	1	1	0	702210829966516225	1	0	0
2531.0	48	0.018964836033188465	39	0.015408929276965626	17449	6.894112998814697	160	0.06321612011062822	0	0.0	16	15	64	0.9166666666666666	2	0.125	13	0.8125	0	0.0	1	0.0625	2	0.13333333333333333	13	0.8666666666666667	0	0.0	0	0.0	8	0.125	42	0.65625	1	0.015625	13	0.203125	0	0	0	1	1	1	0	718832664300625921	1	0	1
2212.0	0	0.0	5	0.0022603978300180833	9233	4.174050632911392	7	0.0031645569620253164	0	0.0	20	13	109	0.6428571428571429	0	0.0	14	0.7	0	0.0	6	0.3	0	0.0	13	1.0	0	0.0	0	0.0	6	0.05504587155963303	74	0.6788990825688074	0	0.0	29	0.26605504587155965	0	0	0	1	1	1	0	834162521699393537	1	0	0
2335.0	2	0.0008565310492505353	9	0.003854389721627409	4766	2.0411134903640256	36	0.015417558886509636	106	0.045396145610278375	11	11	59	1.0	1	0.09090909090909091	10	0.9090909090909091	0	0.0	0	0.0	1	0.09090909090909091	10	0.9090909090909091	0	0.0	0	0.0	1	0.01694915254237288	45	0.7627118644067796	0	0.0	13	0.22033898305084745	0	0	0	0	0	0	0	789905066769653761	1	0	1
2256.0	714	0.31648936170212766	1055	0.4676418439716312	10828	4.799645390070922	49230	21.8218085106383	818	0.3625886524822695	19	13	159	0.8333333333333334	3	0.15789473684210525	14	0.7368421052631579	0	0.0	2	0.10526315789473684	3	0.23076923076923078	10	0.7692307692307693	0	0.0	0	0.0	7	0.0440251572327044	124	0.779874213836478	0	0.0	28	0.1761006289308176	1	0	1	1	1	1	1	818554054309715969	0	0	0
2999.0	1	0.00033344448149383126	20	0.006668889629876626	11604	3.869289763254418	216	0.07202400800266756	251	0.08369456485495165	9	9	62	1.0	0	0.0	9	1.0	0	0.0	0	0.0	0	0.0	9	1.0	0	0.0	0	0.0	4	0.06451612903225806	37	0.5967741935483871	4	0.06451612903225806	17	0.27419354838709675	0	0	0	1	0	0	0	2946240832	1	0	1
5087.0	169	0.033221938274031845	1405	0.27619422056221743	4416	0.8680951444859446	97312	19.129545901317083	1092	0.21466483192451347	24	11	154	0.6923076923076923	3	0.125	19	0.7916666666666666	0	0.0	2	0.08333333333333333	2	0.18181818181818182	9	0.8181818181818182	0	0.0	0	0.0	10	0.06493506493506493	111	0.7207792207792207	2	0.012987012987012988	31	0.2012987012987013	0	0	1	0	0	1	1	30216513	0	0	0
1996.0	0	0.0	2	0.001002004008016032	5	0.00250501002004008	0	0.0	0	0.0	7	12	0	0.23076923076923078	7	1.0	0	0.0	0	0.0	0	0.0	3	0.25	9	0.75	0	0.0	0	0.0	0	0	0	0	0	0	0	0	0	0	0	1	1	0	0	912450019076255745	1	0	0
2177.0	0	0.0	4	0.0018373909049150207	851	0.39090491502067065	4	0.0018373909049150207	0	0.0	16	10	60	0.6363636363636364	1	0.0625	13	0.8125	0	0.0	2	0.125	0	0.0	10	1.0	0	0.0	0	0.0	4	0.06666666666666667	40	0.6666666666666666	4	0.06666666666666667	12	0.2	0	0	0	1	1	1	0	846833319123791873	1	0	0
1883.0	333	0.17684545937334042	14	0.007434944237918215	32973	17.510886882634093	233	0.12373871481678173	94	0.04992033988316516	30	14	51	0.75	0	0.0	25	0.8333333333333334	0	0.0	5	0.16666666666666666	2	0.14285714285714285	12	0.8571428571428571	0	0.0	0	0.0	1	0.0196078431372549	41	0.803921568627451	0	0.0	9	0.17647058823529413	0	0	1	1	1	0	0	953374918791573505	1	0	1
4557.0	977	0.21439543559359228	1868	0.4099188062321703	13508	2.964230853631775	93636	20.547728768926927	1088	0.23875356594250605	20	9	159	0.5333333333333333	3	0.15	15	0.75	0	0.0	2	0.1	2	0.2222222222222222	7	0.7777777777777778	0	0.0	0	0.0	21	0.1320754716981132	93	0.5849056603773585	4	0.025157232704402517	41	0.2578616352201258	1	0	0	1	0	1	1	193794406	0	0	0
2727.0	80	0.029336266960029337	44	0.016134946828016136	25554	9.370737073707371	1154	0.4231756508984232	1	0.0003667033370003667	11	10	110	0.8888888888888888	2	0.18181818181818182	8	0.7272727272727273	0	0.0	1	0.09090909090909091	2	0.2	8	0.8	0	0.0	0	0.0	5	0.045454545454545456	80	0.7272727272727273	0	0.0	25	0.22727272727272727	0	0	1	1	1	1	0	3783512423	1	0	0
4150.0	6293	1.5163855421686747	942	0.22698795180722892	15962	3.846265060240964	23271	5.607469879518073	6300	1.5180722891566265	16	13	122	0.8333333333333334	3	0.1875	10	0.625	0	0.0	3	0.1875	3	0.23076923076923078	10	0.7692307692307693	0	0.0	0	0.0	13	0.10655737704918032	87	0.7131147540983607	1	0.00819672131147541	21	0.1721311475409836	1	0	1	1	1	1	1	404132211	0	0	0
2559.0	412	0.16100039077764752	24	0.009378663540445486	741	0.2895662368112544	594	0.2321219226260258	2712	1.05978898007034	12	10	105	0.8888888888888888	5	0.4166666666666667	5	0.4166666666666667	0	0.0	2	0.16666666666666666	0	0.0	10	1.0	0	0.0	0	0.0	12	0.11428571428571428	69	0.6571428571428571	2	0.01904761904761905	22	0.20952380952380953	0	0	1	0	0	1	0	708538857940070400	1	0	0
2414.0	1	0.00041425020712510354	8	0.0033140016570008283	5608	2.3231151615575807	32	0.013256006628003313	1	0.00041425020712510354	10	9	160	0.9	1	0.1	8	0.8	0	0.0	1	0.1	1	0.1111111111111111	8	0.8888888888888888	0	0.0	0	0.0	12	0.075	94	0.5875	3	0.01875	51	0.31875	0	0	1	0	0	1	0	761179709228986368	1	0	1
2115.0	0	0.0	2	0.0009456264775413711	2758	1.304018912529551	13	0.006146572104018913	0	0.0	14	14	159	1.0	0	0.0	13	0.9285714285714286	0	0.0	1	0.07142857142857142	0	0.0	13	0.9285714285714286	0	0.0	1	0.07142857142857142	4	0.025157232704402517	126	0.7924528301886793	0	0.0	29	0.18238993710691823	0	0	0	1	1	1	0	869420811068649472	1	0	0
2100.0	1	0.0004761904761904762	7	0.0033333333333333335	1264	0.6019047619047619	62	0.029523809523809525	24	0.011428571428571429	8	11	123	0.5454545454545454	1	0.125	7	0.875	0	0.0	0	0.0	0	0.0	11	1.0	0	0.0	0	0.0	2	0.016260162601626018	96	0.7804878048780488	0	0.0	25	0.2032520325203252	0	0	1	0	0	1	0	875053862398210048	1	0	1
2121.0	4	0.001885902876001886	8	0.003771805752003772	5561	2.6218764733616218	153	0.07213578500707214	1	0.0004714757190004715	12	11	109	0.9	2	0.16666666666666666	9	0.75	0	0.0	1	0.08333333333333333	2	0.18181818181818182	9	0.8181818181818182	0	0.0	0	0.0	2	0.01834862385321101	88	0.8073394495412844	0	0.0	19	0.1743119266055046	0	0	1	1	1	1	0	867295236904464384	1	0	1
2007.0	0	0.0	3	0.0014947683109118087	381	0.1898355754857997	17	0.008470353761833582	275	0.13702042850024912	16	14	0	0.6666666666666666	2	0.125	12	0.75	0	0.0	2	0.125	0	0.0	13	0.9285714285714286	0	0.0	1	0.07142857142857142	0	0	0	0	0	0	0	0	0	0	0	0	0	1	0	908692479431421953	1	0	1
1941.0	19	0.009788768675940238	3	0.0015455950540958269	931	0.4796496651210716	18	0.00927357032457496	2	0.0010303967027305513	16	13	90	0.7692307692307693	3	0.1875	11	0.6875	0	0.0	2	0.125	3	0.23076923076923078	10	0.7692307692307693	0	0.0	0	0.0	7	0.07777777777777778	58	0.6444444444444445	0	0.0	25	0.2777777777777778	0	0	1	1	1	0	0	932686855740338177	1	0	1
2049.0	0	0.0	4	0.0019521717911176184	265	0.12933138116154222	17	0.008296730112249878	0	0.0	15	14	148	0.9090909090909091	2	0.13333333333333333	12	0.8	0	0.0	1	0.06666666666666667	0	0.0	14	1.0	0	0.0	0	0.0	0	0.0	118	0.7972972972972973	0	0.0	30	0.20270270270270271	0	0	0	0	0	1	0	893256702249676801	1	0	0
2346.0	1	0.00042625745950554135	4	0.0017050298380221654	17778	7.578005115089514	22	0.00937766410912191	5	0.002131287297527707	9	9	97	1.0	2	0.2222222222222222	7	0.7777777777777778	0	0.0	0	0.0	2	0.2222222222222222	7	0.7777777777777778	0	0.0	0	0.0	7	0.07216494845360824	62	0.6391752577319587	4	0.041237113402061855	24	0.24742268041237114	0	0	0	1	1	0	0	785939475775893504	1	0	1
5117.0	676	0.13210865741645494	763	0.1491108071135431	3310	0.6468633965213992	25014	4.8884111784248585	437	0.08540160250146571	12	11	56	0.8571428571428571	2	0.16666666666666666	9	0.75	0	0.0	1	0.08333333333333333	2	0.18181818181818182	9	0.8181818181818182	0	0.0	0	0.0	3	0.05357142857142857	45	0.8035714285714286	0	0.0	8	0.14285714285714285	1	0	1	1	0	1	0	23712174	0	0	0
2850.0	0	0.0	27	0.009473684210526316	20900	7.333333333333333	101	0.03543859649122807	1	0.0003508771929824561	16	12	50	0.25	0	0.0	10	0.625	0	0.0	6	0.375	0	0.0	12	1.0	0	0.0	0	0.0	4	0.08	32	0.64	0	0.0	14	0.28	0	0	0	0	0	1	0	3299611091	1	0	0
3120.0	0	0.0	33	0.010576923076923078	5524	1.7705128205128204	167	0.05352564102564102	47	0.015064102564102564	11	10	149	0.8888888888888888	2	0.18181818181818182	8	0.7272727272727273	0	0.0	1	0.09090909090909091	2	0.2	8	0.8	0	0.0	0	0.0	8	0.053691275167785234	110	0.738255033557047	0	0.0	31	0.2080536912751678	1	0	1	1	0	1	0	2778190296	1	0	0
4705.0	1204	0.2558979808714134	1670	0.35494155154091395	12760	2.712008501594049	70661	15.0182784272051	2905	0.6174282678002125	10	12	140	0.6666666666666666	2	0.2	7	0.7	0	0.0	1	0.1	3	0.25	9	0.75	0	0.0	0	0.0	16	0.11428571428571428	94	0.6714285714285714	0	0.0	30	0.21428571428571427	1	0	1	1	0	1	1	137794015	0	0	0
5363.0	658	0.12269252284169309	1392	0.25955621853440236	7638	1.4242028715271304	30997	5.779787432407235	6423	1.197650568711542	16	10	152	0.6923076923076923	3	0.1875	10	0.625	0	0.0	3	0.1875	2	0.2	8	0.8	0	0.0	0	0.0	9	0.05921052631578947	116	0.7631578947368421	2	0.013157894736842105	25	0.16447368421052633	1	0	1	1	0	1	1	15356407	0	0	0
4995.0	171	0.03423423423423423	1604	0.3211211211211211	7484	1.4982982982982982	46921	9.393593593593593	1266	0.25345345345345344	18	11	79	0.6666666666666666	4	0.2222222222222222	9	0.5	0	0.0	5	0.2777777777777778	2	0.18181818181818182	9	0.8181818181818182	0	0.0	0	0.0	5	0.06329113924050633	62	0.7848101265822784	0	0.0	12	0.1518987341772152	1	0	1	0	0	1	1	55677432	0	0	0
4480.0	241	0.05379464285714286	3134	0.6995535714285714	8120	1.8125	305924	68.28660714285714	401	0.08950892857142857	14	13	25	0.35714285714285715	2	0.14285714285714285	11	0.7857142857142857	0	0.0	1	0.07142857142857142	2	0.15384615384615385	11	0.8461538461538461	0	0.0	0	0.0	4	0.16	16	0.64	0	0.0	5	0.2	1	0	1	0	0	1	1	224285242	0	0	0
2811.0	1	0.0003557452863749555	22	0.007826396300249021	4235	1.5065812877979368	181	0.06438989683386695	0	0.0	14	13	64	0.75	1	0.07142857142857142	10	0.7142857142857143	0	0.0	3	0.21428571428571427	0	0.0	11	0.8461538461538461	0	0.0	2	0.15384615384615385	2	0.03125	48	0.75	0	0.0	14	0.21875	0	0	0	0	0	1	0	3357708868	1	0	0
2592.0	1	0.00038580246913580245	3	0.0011574074074074073	9014	3.4776234567901234	31	0.011959876543209876	3	0.0011574074074074073	7	7	66	1.0	1	0.14285714285714285	6	0.8571428571428571	0	0.0	0	0.0	0	0.0	7	1.0	0	0.0	0	0.0	6	0.09090909090909091	44	0.6666666666666666	1	0.015151515151515152	15	0.22727272727272727	0	0	0	0	0	0	0	4886794823	1	0	0
2995.0	1752	0.584974958263773	668	0.22303839732888148	5838	1.9492487479131886	24106	8.048747913188647	1387	0.4631051752921536	11	13	146	0.8	2	0.18181818181818182	8	0.7272727272727273	0	0.0	1	0.09090909090909091	3	0.23076923076923078	10	0.7692307692307693	0	0.0	0	0.0	14	0.0958904109589041	105	0.7191780821917808	3	0.02054794520547945	24	0.1643835616438356	1	0	1	1	0	1	1	2953974395	0	0	0
4027.0	601	0.14924261236652595	1662	0.41271417928979387	8035	1.995281847529178	165004	40.97442264713186	991	0.24608889992550287	18	13	130	0.7777777777777778	3	0.16666666666666666	13	0.7222222222222222	0	0.0	2	0.1111111111111111	2	0.15384615384615385	11	0.8461538461538461	0	0.0	0	0.0	8	0.06153846153846154	100	0.7692307692307693	0	0.0	22	0.16923076923076924	1	0	1	1	0	1	1	515822213	0	0	0
2779.0	0	0.0	3	0.0010795250089960418	103	0.03706369197553076	6	0.0021590500179920835	0	0.0	12	12	19	1.0	2	0.16666666666666666	10	0.8333333333333334	0	0.0	0	0.0	2	0.16666666666666666	10	0.8333333333333334	0	0.0	0	0.0	1	0.05263157894736842	15	0.7894736842105263	0	0.0	3	0.15789473684210525	0	0	0	0	0	1	0	3403420294	1	0	1
5091.0	2497	0.4904733844038499	4582	0.9000196425063838	17690	3.474759379296798	496613	97.54724022785308	1092	0.21449616971125515	20	14	67	0.7142857142857143	3	0.15	15	0.75	0	0.0	2	0.1	3	0.21428571428571427	11	0.7857142857142857	0	0.0	0	0.0	8	0.11940298507462686	45	0.6716417910447762	0	0.0	14	0.208955223880597	1	0	1	0	0	1	1	29201047	0	0	0
2198.0	0	0.0	9	0.004094631483166515	954	0.4340309372156506	35	0.01592356687898089	1	0.00045495905368516835	19	9	78	0.4	0	0.0	17	0.8947368421052632	0	0.0	2	0.10526315789473684	0	0.0	9	1.0	0	0.0	0	0.0	0	0.0	61	0.782051282051282	0	0.0	17	0.21794871794871795	0	0	1	0	0	0	0	839510308368547840	1	0	0
5213.0	97	0.018607327834260504	688	0.1319777479378477	6457	1.2386341837713408	14239	2.73144062919624	998	0.1914444657586802	16	10	51	0.7692307692307693	2	0.125	13	0.8125	0	0.0	1	0.0625	0	0.0	10	1.0	0	0.0	0	0.0	6	0.11764705882352941	39	0.7647058823529411	0	0.0	6	0.11764705882352941	1	0	1	1	0	0	1	17896154	0	0	0
5461.0	57	0.010437648782274309	1790	0.32777879509247393	33454	6.125984251968504	130592	23.913568943416955	3873	0.7092107672587438	19	11	116	0.75	3	0.15789473684210525	14	0.7368421052631579	0	0.0	2	0.10526315789473684	2	0.18181818181818182	9	0.8181818181818182	0	0.0	0	0.0	9	0.07758620689655173	72	0.6206896551724138	8	0.06896551724137931	27	0.23275862068965517	1	0	1	0	0	1	1	14275291	0	0	0
2668.0	0	0.0	6	0.0022488755622188904	3245	1.2162668665667167	5	0.0018740629685157421	0	0.0	12	11	40	0.8888888888888888	2	0.16666666666666666	9	0.75	0	0.0	1	0.08333333333333333	2	0.18181818181818182	9	0.8181818181818182	0	0.0	0	0.0	2	0.05	30	0.75	0	0.0	8	0.2	0	0	1	1	1	0	0	4267315936	1	0	0
2238.0	2142	0.9571045576407506	7	0.003127792672028597	20019	8.945040214477212	19	0.008489722966934763	0	0.0	10	10	107	1.0	0	0.0	10	1.0	0	0.0	0	0.0	0	0.0	10	1.0	0	0.0	0	0.0	24	0.22429906542056074	50	0.4672897196261682	6	0.056074766355140186	27	0.2523364485981308	0	0	0	0	0	0	0	824908797273595904	1	0	1
2377.0	0	0.0	64	0.026924694993689526	112887	47.491375683634836	1809	0.7610433319310055	1	0.00042069835927639884	14	12	85	0.2857142857142857	3	0.21428571428571427	6	0.42857142857142855	0	0.0	5	0.35714285714285715	0	0.0	12	1.0	0	0.0	0	0.0	4	0.047058823529411764	65	0.7647058823529411	0	0.0	16	0.18823529411764706	1	0	1	0	0	0	0	774694926135222272	1	0	0
2484.0	4	0.001610305958132045	17	0.006843800322061192	59611	23.997987117552334	68	0.027375201288244767	1	0.00040257648953301127	13	13	14	1.0	1	0.07692307692307693	12	0.9230769230769231	0	0.0	0	0.0	0	0.0	13	1.0	0	0.0	0	0.0	1	0.07142857142857142	10	0.7142857142857143	0	0.0	3	0.21428571428571427	0	0	1	0	0	1	0	735851945865404416	1	0	0
2456.0	1	0.00040716612377850165	33	0.013436482084690555	67863	27.631514657980457	1253	0.5101791530944625	1	0.00040716612377850165	11	11	19	1.0	0	0.0	11	1.0	0	0.0	0	0.0	0	0.0	11	1.0	0	0.0	0	0.0	0	0.0	10	0.5263157894736842	0	0.0	9	0.47368421052631576	1	0	1	0	0	0	0	746015690507837441	1	0	0
2413.0	126	0.052217157065893076	15	0.006216328222130129	2340	0.9697472026523001	67	0.027766266058847907	92	0.03812681309573145	10	10	34	1.0	0	0.0	10	1.0	0	0.0	0	0.0	0	0.0	10	1.0	0	0.0	0	0.0	0	0.0	31	0.9117647058823529	0	0.0	3	0.08823529411764706	0	0	1	0	0	1	0	761310873088581633	1	0	1
2515.0	10	0.003976143141153081	28	0.011133200795228629	5494	2.1844930417495028	626	0.2489065606361829	1	0.00039761431411530816	13	12	152	0.875	2	0.15384615384615385	10	0.7692307692307693	0	0.0	1	0.07692307692307693	2	0.16666666666666666	10	0.8333333333333334	0	0.0	0	0.0	13	0.08552631578947369	100	0.6578947368421053	3	0.019736842105263157	36	0.23684210526315788	0	0	1	1	1	1	0	724677428669472769	1	0	1
2220.0	16	0.007207207207207207	78	0.03513513513513514	8800	3.963963963963964	728	0.3279279279279279	23	0.01036036036036036	15	10	97	0.09090909090909091	0	0.0	0	0.0	0	0.0	15	1.0	3	0.3	5	0.5	0	0.0	2	0.2	5	0.05154639175257732	74	0.7628865979381443	0	0.0	18	0.18556701030927836	0	0	1	0	0	1	0	831578789654192129	1	0	1
2607.0	0	0.0	7	0.002685078634445723	1152	0.44188722669735325	12	0.004602991944764097	1	0.0003835826620636747	8	12	0	0.8	0	0.0	8	1.0	0	0.0	0	0.0	8	0.6666666666666666	0	0.0	4	0.3333333333333333	0	0.0	0	0	0	0	0	0	0	0	0	0	0	1	1	0	0	4842591009	1	0	0
3231.0	2	0.0006190034045187249	15	0.004642525533890436	6097	1.8870318786753326	745	0.230578768183225	18	0.005571030640668524	20	14	93	0.6428571428571429	3	0.15	13	0.65	0	0.0	4	0.2	0	0.0	13	0.9285714285714286	0	0.0	1	0.07142857142857142	0	0.0	72	0.7741935483870968	0	0.0	21	0.22580645161290322	0	0	0	1	0	0	0	2486522684	1	0	0
2845.0	2332	0.8196836555360281	111	0.03901581722319859	122620	43.10017574692443	2474	0.8695957820738137	2534	0.8906854130052724	15	10	104	0.5	0	0.0	10	0.6666666666666666	0	0.0	5	0.3333333333333333	0	0.0	10	1.0	0	0.0	0	0.0	2	0.019230769230769232	84	0.8076923076923077	0	0.0	18	0.17307692307692307	0	0	0	0	0	1	0	3231781692	1	0	1
3046.0	0	0.0	45	0.014773473407747865	166499	54.661523309258044	640	0.21011162179908077	1	0.00032829940906106366	15	13	117	0.9090909090909091	2	0.13333333333333333	11	0.7333333333333333	0	0.0	2	0.13333333333333333	0	0.0	13	1.0	0	0.0	0	0.0	5	0.042735042735042736	87	0.7435897435897436	1	0.008547008547008548	24	0.20512820512820512	0	0	0	0	0	1	0	2871186250	1	0	1
2746.0	2	0.0007283321194464676	18	0.0065549890750182084	1121	0.4082301529497451	131	0.047705753823743625	51	0.018572469045884922	17	10	158	0.5833333333333334	2	0.11764705882352941	14	0.8235294117647058	0	0.0	1	0.058823529411764705	3	0.3	7	0.7	0	0.0	0	0.0	7	0.04430379746835443	119	0.7531645569620253	2	0.012658227848101266	30	0.189873417721519	1	0	1	1	0	1	0	3575042897	1	0	1
4310.0	44	0.010208816705336427	21	0.004872389791183295	13310	3.0881670533642693	575	0.1334106728538283	10	0.002320185614849188	10	10	56	1.0	2	0.2	8	0.8	0	0.0	0	0.0	0	0.0	10	1.0	0	0.0	0	0.0	4	0.07142857142857142	43	0.7678571428571429	0	0.0	9	0.16071428571428573	0	0	1	0	0	0	0	306238322	1	0	0
2242.0	14	0.006244424620874219	12	0.0053523639607493305	1577	0.7033898305084746	213	0.09500446030330062	29	0.012934879571810883	18	12	36	0.6428571428571429	5	0.2777777777777778	10	0.5555555555555556	0	0.0	3	0.16666666666666666	3	0.25	9	0.75	0	0.0	0	0.0	8	0.2222222222222222	18	0.5	2	0.05555555555555555	8	0.2222222222222222	0	0	1	1	1	1	0	823346733367193600	1	0	1
1744.0	10	0.005733944954128441	6	0.0034403669724770644	98	0.05619266055045872	16	0.009174311926605505	1	0.0005733944954128441	16	11	69	0.2857142857142857	0	0.0	16	1.0	0	0.0	0	0.0	3	0.2727272727272727	6	0.5454545454545454	0	0.0	2	0.18181818181818182	6	0.08695652173913043	41	0.5942028985507246	0	0.0	22	0.3188405797101449	0	0	1	1	1	1	0	1004063438899802112	1	0	0
1716.0	362	0.21095571095571095	4	0.002331002331002331	253	0.14743589743589744	592	0.34498834498834496	5	0.002913752913752914	20	15	122	0.6	3	0.15	15	0.75	0	0.0	2	0.1	0	0.0	13	0.8666666666666667	0	0.0	2	0.13333333333333333	5	0.040983606557377046	88	0.7213114754098361	0	0.0	29	0.23770491803278687	0	0	1	0	0	0	0	1013991168483291136	1	0	1
2612.0	0	0.0	16	0.006125574272588055	12609	4.827335375191424	113	0.04326186830015314	0	0.0	8	9	87	0.875	0	0.0	8	1.0	0	0.0	0	0.0	0	0.0	8	0.8888888888888888	0	0.0	1	0.1111111111111111	1	0.011494252873563218	73	0.8390804597701149	0	0.0	13	0.14942528735632185	0	0	0	0	0	1	0	4825633672	1	0	0
4633.0	1099	0.237211310166199	1604	0.3462119576947982	11885	2.565292467083963	79991	17.265486725663717	6065	1.3090869846751565	20	14	115	0.7333333333333333	3	0.15	14	0.7	0	0.0	3	0.15	2	0.14285714285714285	12	0.8571428571428571	0	0.0	0	0.0	16	0.1391304347826087	77	0.6695652173913044	1	0.008695652173913044	21	0.1826086956521739	1	0	1	1	1	1	1	164369297	0	0	0
3716.0	1528	0.41119483315392896	1069	0.2876749192680301	11777	3.1692680301399356	32756	8.814854682454252	1661	0.44698600645855757	17	14	135	0.8461538461538461	3	0.17647058823529413	11	0.6470588235294118	0	0.0	3	0.17647058823529413	3	0.21428571428571427	11	0.7857142857142857	0	0.0	0	0.0	14	0.1037037037037037	97	0.7185185185185186	2	0.014814814814814815	22	0.16296296296296298	1	0	0	1	1	1	1	1077121945	0	0	0
2226.0	0	0.0	502	0.22551662174303683	17792	7.992812219227313	32117	14.428122192273136	7	0.0031446540880503146	14	13	122	0.9	2	0.14285714285714285	11	0.7857142857142857	0	0.0	1	0.07142857142857142	2	0.15384615384615385	11	0.8461538461538461	0	0.0	0	0.0	5	0.040983606557377046	94	0.7704918032786885	0	0.0	23	0.1885245901639344	0	0	1	1	1	1	0	829095470873997317	1	0	0
4921.0	532	0.10810810810810811	1249	0.25381020117862224	2905	0.5903271692745377	32633	6.631375736638894	506	0.10282462914041861	15	15	135	0.8181818181818182	2	0.13333333333333333	12	0.8	0	0.0	1	0.06666666666666667	2	0.13333333333333333	12	0.8	0	0.0	1	0.06666666666666667	15	0.1111111111111111	98	0.725925925925926	1	0.007407407407407408	21	0.15555555555555556	1	0	1	1	0	1	1	76452765	0	0	0
4416.0	91	0.020606884057971016	4200	0.9510869565217391	13048	2.954710144927536	512830	116.12998188405797	621	0.140625	9	8	140	0.875	2	0.2222222222222222	6	0.6666666666666666	0	0.0	1	0.1111111111111111	2	0.25	6	0.75	0	0.0	0	0.0	18	0.12857142857142856	89	0.6357142857142857	2	0.014285714285714285	31	0.22142857142857142	1	0	1	1	0	1	1	250188760	0	0	0
3050.0	12	0.003934426229508197	298	0.09770491803278689	534127	175.12360655737706	4610	1.5114754098360657	54	0.017704918032786884	11	10	146	0.875	2	0.18181818181818182	8	0.7272727272727273	0	0.0	1	0.09090909090909091	1	0.1	9	0.9	0	0.0	0	0.0	8	0.0547945205479452	107	0.7328767123287672	3	0.02054794520547945	28	0.1917808219178082	0	0	1	1	0	1	0	2865812463	1	0	0
3373.0	1364	0.40438778535428405	709	0.21019863622887638	16198	4.802253187073822	26885	7.970649273643641	3658	1.0844945152683072	27	8	66	0.375	4	0.14814814814814814	18	0.6666666666666666	0	0.0	5	0.18518518518518517	2	0.25	6	0.75	0	0.0	0	0.0	5	0.07575757575757576	44	0.6666666666666666	8	0.12121212121212122	9	0.13636363636363635	1	0	1	1	0	0	0	2253968388	0	0	0
2712.0	12	0.004424778761061947	155	0.05715339233038348	23613	8.706858407079647	1469	0.5416666666666666	0	0.0	12	12	61	0.7777777777777778	2	0.16666666666666666	9	0.75	0	0.0	1	0.08333333333333333	0	0.0	11	0.9166666666666666	0	0.0	1	0.08333333333333333	1	0.01639344262295082	48	0.7868852459016393	0	0.0	12	0.19672131147540983	0	0	0	0	0	1	0	3922351113	1	0	0
3351.0	12914	3.8537749925395404	39	0.011638316920322292	38695	11.54729931363772	4669	1.393315428230379	10	0.0029841838257236644	6	6	159	1.0	0	0.0	6	1.0	0	0.0	0	0.0	0	0.0	6	1.0	0	0.0	0	0.0	13	0.08176100628930817	115	0.7232704402515723	0	0.0	31	0.1949685534591195	0	0	1	0	0	1	0	2284344372	1	0	0
3953.0	2777	0.7025044270174551	1063	0.26890968884391603	7019	1.7756134581330636	34875	8.822413356944093	1311	0.33164685049329623	17	11	138	0.7142857142857143	3	0.17647058823529413	11	0.6470588235294118	0	0.0	3	0.17647058823529413	3	0.2727272727272727	8	0.7272727272727273	0	0.0	0	0.0	16	0.11594202898550725	91	0.6594202898550725	4	0.028985507246376812	27	0.1956521739130435	1	0	1	1	1	1	1	584012853	0	0	0
2652.0	0	0.0	121	0.04562594268476621	59829	22.559954751131222	3201	1.2070135746606334	2	0.0007541478129713424	10	9	88	0.8888888888888888	6	0.6	3	0.3	0	0.0	1	0.1	6	0.6666666666666666	3	0.3333333333333333	0	0.0	0	0.0	9	0.10227272727272728	63	0.7159090909090909	1	0.011363636363636364	15	0.17045454545454544	0	0	1	0	0	1	0	4438807636	1	0	0
1847.0	1	0.0005414185165132648	6	0.0032485110990795887	13809	7.476448294531673	8	0.004331348132106118	0	0.0	7	10	160	0.7142857142857143	1	0.14285714285714285	6	0.8571428571428571	0	0.0	0	0.0	1	0.1	9	0.9	0	0.0	0	0.0	6	0.0375	128	0.8	0	0.0	26	0.1625	0	0	1	0	0	0	0	966639350581792768	1	0	1
2132.0	0	0.0	3	0.0014071294559099437	10459	4.9057223264540335	12	0.005628517823639775	0	0.0	20	10	123	0.6428571428571429	2	0.1	18	0.9	0	0.0	0	0.0	2	0.2	8	0.8	0	0.0	0	0.0	10	0.08130081300813008	92	0.7479674796747967	0	0.0	21	0.17073170731707318	0	0	1	1	1	0	0	863159091681792000	1	0	0
1977.0	0	0.0	5	0.0025290844714213456	3473	1.7567020738492665	99	0.05007587253414264	0	0.0	18	15	140	0.6666666666666666	2	0.1111111111111111	14	0.7777777777777778	0	0.0	2	0.1111111111111111	2	0.13333333333333333	13	0.8666666666666667	0	0.0	0	0.0	4	0.02857142857142857	116	0.8285714285714286	0	0.0	20	0.14285714285714285	0	0	1	1	1	0	0	919407758134448128	1	0	0
1803.0	2	0.0011092623405435386	4	0.0022185246810870773	11507	6.382140876317249	84	0.04658901830282862	12	0.0066555740432612314	8	9	159	0.75	1	0.125	7	0.875	0	0.0	0	0.0	2	0.2222222222222222	7	0.7777777777777778	0	0.0	0	0.0	9	0.05660377358490566	102	0.6415094339622641	0	0.0	48	0.3018867924528302	0	0	1	0	0	0	0	982660255489429504	1	0	1
2156.0	28	0.012987012987012988	46	0.021335807050092765	8537	3.9596474953617813	258	0.11966604823747681	2	0.0009276437847866419	10	9	140	0.875	0	0.0	9	0.9	0	0.0	1	0.1	0	0.0	9	1.0	0	0.0	0	0.0	4	0.02857142857142857	104	0.7428571428571429	2	0.014285714285714285	30	0.21428571428571427	0	0	1	1	1	1	0	854666940375339008	1	0	1
1845.0	6	0.0032520325203252032	75	0.04065040650406504	45963	24.91219512195122	52033	28.202168021680215	1	0.0005420054200542005	10	8	118	0.875	1	0.1	7	0.7	0	0.0	2	0.2	3	0.375	5	0.625	0	0.0	0	0.0	4	0.03389830508474576	88	0.7457627118644068	0	0.0	26	0.22033898305084745	0	0	1	1	1	1	0	967357425660694528	1	0	0
2756.0	1864	0.6763425253991292	146	0.05297532656023222	42882	15.559506531204644	5126	1.8599419448476053	4	0.001451378809869376	15	10	140	0.7	3	0.2	10	0.6666666666666666	0	0.0	2	0.13333333333333333	2	0.2	8	0.8	0	0.0	0	0.0	7	0.05	107	0.7642857142857142	0	0.0	26	0.18571428571428572	0	0	1	0	0	1	0	3472594037	1	0	0
1982.0	371	0.18718466195761857	32	0.016145307769929364	18659	9.41422805247225	3146	1.5872855701311805	16	0.008072653884964682	12	11	160	0.9	2	0.16666666666666666	9	0.75	0	0.0	1	0.08333333333333333	0	0.0	11	1.0	0	0.0	0	0.0	2	0.0125	128	0.8	0	0.0	30	0.1875	0	0	1	0	0	1	0	917831724817682433	1	0	0
3723.0	136	0.0365296803652968	598	0.1606231533709374	1019	0.27370400214880475	16920	4.544721998388397	557	0.1496105291431641	26	10	160	0.7142857142857143	4	0.15384615384615385	18	0.6923076923076923	0	0.0	4	0.15384615384615385	2	0.2	8	0.8	0	0.0	0	0.0	14	0.0875	91	0.56875	19	0.11875	36	0.225	0	0	0	1	0	1	0	1058460818	0	0	0
2624.0	11	0.004192073170731708	44	0.01676829268292683	20204	7.699695121951219	676	0.2576219512195122	1	0.00038109756097560977	15	14	47	0.9230769230769231	2	0.13333333333333333	12	0.8	0	0.0	1	0.06666666666666667	2	0.14285714285714285	12	0.8571428571428571	0	0.0	0	0.0	2	0.0425531914893617	36	0.7659574468085106	0	0.0	9	0.19148936170212766	0	0	0	1	1	0	0	4733801655	1	0	0
3047.0	0	0.0	34	0.011158516573679028	131929	43.29799803085002	92	0.030193633081719726	0	0.0	14	14	15	0.8181818181818182	3	0.21428571428571427	9	0.6428571428571429	0	0.0	2	0.14285714285714285	0	0.0	12	0.8571428571428571	0	0.0	2	0.14285714285714285	4	0.26666666666666666	7	0.4666666666666667	0	0.0	4	0.26666666666666666	0	0	1	1	1	1	0	2869564619	1	0	0
2721.0	1	0.0003675119441381845	16	0.005880191106210952	4260	1.565600882028666	127	0.04667401690554943	2	0.000735023888276369	7	6	64	0.8571428571428571	4	0.5714285714285714	2	0.2857142857142857	0	0.0	1	0.14285714285714285	0	0.0	6	1.0	0	0.0	0	0.0	5	0.078125	51	0.796875	0	0.0	8	0.125	0	0	0	1	1	0	0	3836777681	1	0	0
4921.0	774	0.15728510465352571	2418	0.49136354399512294	8576	1.742735216419427	126933	25.794147530989637	531	0.10790489737858158	15	12	114	0.7	2	0.13333333333333333	12	0.8	0	0.0	1	0.06666666666666667	2	0.16666666666666666	10	0.8333333333333334	0	0.0	0	0.0	8	0.07017543859649122	88	0.7719298245614035	1	0.008771929824561403	17	0.14912280701754385	1	0	1	1	0	1	1	76649729	0	0	0
2574.0	0	0.0	119	0.04623154623154623	58588	22.76146076146076	1379	0.5357420357420357	2	0.000777000777000777	11	10	58	0.9	2	0.18181818181818182	8	0.7272727272727273	0	0.0	1	0.09090909090909091	0	0.0	10	1.0	0	0.0	0	0.0	1	0.017241379310344827	44	0.7586206896551724	1	0.017241379310344827	12	0.20689655172413793	0	0	0	1	1	1	0	703220164305788928	1	0	0
1607.0	0	0.0	27	0.016801493466085875	32751	20.380211574362164	136	0.08462974486621033	6	0.00373366521468575	15	12	62	0.75	4	0.26666666666666666	11	0.7333333333333333	0	0.0	0	0.0	2	0.16666666666666666	10	0.8333333333333334	0	0.0	0	0.0	3	0.04838709677419355	52	0.8387096774193549	0	0.0	7	0.11290322580645161	0	0	1	0	0	0	0	1053406647417217024	1	0	0
2560.0	79	0.030859375	355	0.138671875	19420	7.5859375	8654	3.38046875	8	0.003125	42	11	132	0.2777777777777778	0	0.0	35	0.8333333333333334	0	0.0	7	0.16666666666666666	0	0.0	11	1.0	0	0.0	0	0.0	4	0.030303030303030304	104	0.7878787878787878	0	0.0	24	0.18181818181818182	0	0	1	1	1	0	0	708102355477069824	1	0	0
1563.0	17	0.010876519513755598	6	0.003838771593090211	25933	16.591810620601407	20	0.012795905310300703	9	0.005758157389635317	9	10	109	0.2	2	0.2222222222222222	6	0.6666666666666666	0	0.0	1	0.1111111111111111	2	0.2	6	0.6	1	0.1	1	0.1	5	0.045871559633027525	77	0.7064220183486238	0	0.0	27	0.24770642201834864	0	0	0	1	1	0	0	1069376294633250819	1	0	1
3564.0	145	0.04068462401795735	376	0.10549943883277217	2475	0.6944444444444444	10594	2.972502805836139	659	0.18490460157126823	23	12	110	0.5	3	0.13043478260869565	16	0.6956521739130435	0	0.0	4	0.17391304347826086	4	0.3333333333333333	8	0.6666666666666666	0	0.0	0	0.0	8	0.07272727272727272	67	0.6090909090909091	16	0.14545454545454545	19	0.17272727272727273	1	0	1	1	0	0	1	1499993378	0	0	0
2703.0	15	0.005549389567147614	116	0.04291527931927488	24896	9.210506844247133	1035	0.38290788013318533	0	0.0	12	11	28	0.875	2	0.16666666666666666	9	0.75	0	0.0	1	0.08333333333333333	2	0.18181818181818182	9	0.8181818181818182	0	0.0	0	0.0	4	0.14285714285714285	17	0.6071428571428571	0	0.0	7	0.25	0	0	1	0	0	0	0	3997848915	1	0	0
2989.0	341	0.11408497825359652	368	0.12311809969889595	2617	0.8755436600869856	11545	3.862495817999331	2140	0.7159585145533623	8	10	76	0.7	2	0.25	5	0.625	0	0.0	1	0.125	3	0.3	7	0.7	0	0.0	0	0.0	8	0.10526315789473684	55	0.7236842105263158	0	0.0	13	0.17105263157894737	1	0	1	1	1	1	1	2965083477	0	0	0
4873.0	2648	0.543402421506259	1378	0.28278268007387647	16728	3.4327929406936177	33178	6.808536835624872	6527	1.3394213010465832	14	12	152	0.6153846153846154	2	0.14285714285714285	11	0.7857142857142857	0	0.0	1	0.07142857142857142	2	0.16666666666666666	10	0.8333333333333334	0	0.0	0	0.0	11	0.07236842105263158	120	0.7894736842105263	1	0.006578947368421052	20	0.13157894736842105	1	0	1	1	0	1	1	88806753	0	0	0
4439.0	2087	0.4701509348952467	2265	0.5102500563189908	6789	1.5293985131786438	183449	41.32665014642937	2595	0.5845911241270556	19	12	117	0.46153846153846156	2	0.10526315789473684	16	0.8421052631578947	0	0.0	1	0.05263157894736842	3	0.25	9	0.75	0	0.0	0	0.0	14	0.11965811965811966	74	0.6324786324786325	5	0.042735042735042736	24	0.20512820512820512	1	0	1	0	0	1	1	239949176	0	0	0
2559.0	0	0.0	60	0.023446658851113716	2454	0.958968347010551	368	0.1438061742868308	0	0.0	7	10	54	0.625	0	0.0	6	0.8571428571428571	0	0.0	1	0.14285714285714285	0	0.0	10	1.0	0	0.0	0	0.0	6	0.1111111111111111	34	0.6296296296296297	0	0.0	14	0.25925925925925924	0	0	0	1	1	0	0	708394182595883008	1	0	0
2390.0	0	0.0	36	0.01506276150627615	9486	3.9690376569037658	499	0.2087866108786611	1	0.00041841004184100416	9	8	148	0.875	6	0.6666666666666666	2	0.2222222222222222	0	0.0	1	0.1111111111111111	5	0.625	3	0.375	0	0.0	0	0.0	12	0.08108108108108109	105	0.7094594594594594	0	0.0	31	0.20945945945945946	0	0	0	1	1	1	0	769777732213321729	1	0	0
2371.0	1	0.00042176296921130323	83	0.03500632644453817	227030	95.75284690004217	2353	0.9924082665541966	0	0.0	3	9	0	0.0	1	0.3333333333333333	2	0.6666666666666666	0	0.0	0	0.0	0	0.0	9	1.0	0	0.0	0	0.0	0	0	0	0	0	0	0	0	0	0	0	1	1	0	0	776560781198405632	1	0	0
2207.0	10	0.004531037607612143	14	0.006343452650657001	27987	12.681014952424105	799	0.36202990484821024	9	0.0040779338468509285	18	14	44	0.5	2	0.1111111111111111	15	0.8333333333333334	0	0.0	1	0.05555555555555555	0	0.0	13	0.9285714285714286	0	0.0	1	0.07142857142857142	1	0.022727272727272728	37	0.8409090909090909	0	0.0	6	0.13636363636363635	0	0	0	1	1	0	0	836240683811778560	1	0	0
2141.0	0	0.0	7	0.003269500233535731	38281	17.879962634283046	5	0.002335357309668379	2	0.0009341429238673517	12	15	27	0.9	1	0.08333333333333333	11	0.9166666666666666	0	0.0	0	0.0	1	0.06666666666666667	14	0.9333333333333333	0	0.0	0	0.0	1	0.037037037037037035	20	0.7407407407407407	0	0.0	6	0.2222222222222222	0	0	0	0	0	1	0	859938636271321088	1	0	0
1818.0	0	0.0	2	0.0011001100110011	1815	0.9983498349834984	8	0.0044004400440044	0	0.0	26	12	141	0.7333333333333333	4	0.15384615384615385	17	0.6538461538461539	0	0.0	5	0.19230769230769232	2	0.16666666666666666	10	0.8333333333333334	0	0.0	0	0.0	4	0.028368794326241134	102	0.723404255319149	0	0.0	35	0.24822695035460993	0	0	1	0	0	0	0	977195233610956800	1	0	1
2009.0	0	0.0	14	0.006968641114982578	37176	18.504728720756596	610	0.30363364858138375	1	0.0004977600796416127	14	13	14	0.9166666666666666	2	0.14285714285714285	11	0.7857142857142857	0	0.0	1	0.07142857142857142	2	0.15384615384615385	11	0.8461538461538461	0	0.0	0	0.0	0	0.0	11	0.7857142857142857	0	0.0	3	0.21428571428571427	0	0	0	1	1	1	0	907841910852681728	1	0	0
1920.0	40	0.020833333333333332	8	0.004166666666666667	8146	4.242708333333334	1328	0.6916666666666667	0	0.0	27	12	160	0.4117647058823529	17	0.6296296296296297	4	0.14814814814814814	0	0.0	6	0.2222222222222222	0	0.0	12	1.0	0	0.0	0	0.0	14	0.0875	99	0.61875	9	0.05625	38	0.2375	0	0	0	0	0	1	0	940176812692340736	1	0	0
2291.0	2	0.0008729812309035355	105	0.04583151462243562	51353	22.415102575294632	13873	6.055434308162375	0	0.0	13	12	99	0.8333333333333334	3	0.23076923076923078	8	0.6153846153846154	0	0.0	2	0.15384615384615385	0	0.0	11	0.9166666666666666	0	0.0	1	0.08333333333333333	8	0.08080808080808081	71	0.7171717171717171	0	0.0	20	0.20202020202020202	0	0	0	0	0	0	0	805673251837882369	1	0	0
2292.0	0	0.0	13	0.005671902268760907	9095	3.968150087260035	68	0.029668411867364748	3	0.0013089005235602095	9	7	60	0.5	2	0.2222222222222222	6	0.6666666666666666	0	0.0	1	0.1111111111111111	0	0.0	5	0.7142857142857143	0	0.0	2	0.2857142857142857	4	0.06666666666666667	43	0.7166666666666667	0	0.0	13	0.21666666666666667	0	0	1	0	0	1	0	805362305777053698	1	0	0
2345.0	0	0.0	16	0.006823027718550106	2284	0.9739872068230278	47	0.020042643923240937	1	0.00042643923240938164	1	9	64	0.0	0	0.0	0	0.0	0	0.0	1	1.0	0	0.0	9	1.0	0	0.0	0	0.0	2	0.03125	50	0.78125	0	0.0	12	0.1875	0	0	0	0	0	1	0	786284811212075010	1	0	0
2574.0	2	0.000777000777000777	23	0.008935508935508936	9755	3.78982128982129	184	0.07148407148407149	36	0.013986013986013986	11	10	159	0.875	2	0.18181818181818182	8	0.7272727272727273	0	0.0	1	0.09090909090909091	0	0.0	10	1.0	0	0.0	0	0.0	8	0.050314465408805034	109	0.6855345911949685	6	0.03773584905660377	36	0.22641509433962265	0	0	1	1	0	1	0	703135557707149316	1	0	1
2046.0	2	0.0009775171065493646	7	0.003421309872922776	1205	0.5889540566959922	24	0.011730205278592375	19	0.009286412512218964	10	10	83	1.0	2	0.2	8	0.8	0	0.0	0	0.0	2	0.2	8	0.8	0	0.0	0	0.0	4	0.04819277108433735	54	0.6506024096385542	0	0.0	25	0.30120481927710846	0	0	0	0	0	1	0	894623975455719425	1	0	1
2020.0	71	0.03514851485148515	4	0.0019801980198019802	15	0.007425742574257425	36	0.01782178217821782	121	0.0599009900990099	20	10	101	0.46153846153846156	3	0.15	15	0.75	0	0.0	2	0.1	0	0.0	8	0.8	0	0.0	2	0.2	0	0.0	87	0.8613861386138614	0	0.0	14	0.13861386138613863	0	0	1	0	0	0	0	903742553010339841	1	0	0
2730.0	0	0.0	11	0.00402930402930403	1898	0.6952380952380952	23	0.008424908424908424	1	0.0003663003663003663	11	10	96	0.7	4	0.36363636363636365	5	0.45454545454545453	0	0.0	2	0.18181818181818182	0	0.0	9	0.9	0	0.0	1	0.1	9	0.09375	62	0.6458333333333334	2	0.020833333333333332	23	0.23958333333333334	0	0	1	1	1	1	0	3748550069	1	0	0
4447.0	5474	1.2309422082302677	973	0.21879919046548235	13540	3.044749269170227	80908	18.193838542837867	1105	0.24848212277940185	17	12	79	0.6666666666666666	3	0.17647058823529413	11	0.6470588235294118	0	0.0	3	0.17647058823529413	3	0.25	9	0.75	0	0.0	0	0.0	10	0.12658227848101267	53	0.6708860759493671	2	0.02531645569620253	14	0.17721518987341772	1	0	0	1	0	1	1	236279233	0	0	0
3722.0	1233	0.331273508866201	583	0.15663621708758732	6872	1.84631918323482	18912	5.08113917248791	1356	0.3643202579258463	14	14	101	0.8333333333333334	2	0.14285714285714285	11	0.7857142857142857	0	0.0	1	0.07142857142857142	2	0.14285714285714285	11	0.7857142857142857	0	0.0	1	0.07142857142857142	7	0.06930693069306931	76	0.7524752475247525	1	0.009900990099009901	17	0.16831683168316833	1	0	1	1	1	1	0	1060984272	0	0	0
3184.0	0	0.0	13	0.004082914572864322	37335	11.725816582914574	60	0.018844221105527637	1	0.000314070351758794	14	14	76	1.0	4	0.2857142857142857	10	0.7142857142857143	0	0.0	0	0.0	4	0.2857142857142857	10	0.7142857142857143	0	0.0	0	0.0	2	0.02631578947368421	59	0.7763157894736842	0	0.0	15	0.19736842105263158	0	0	1	1	1	1	0	2590168531	1	0	0
2990.0	879	0.2939799331103679	689	0.23043478260869565	3937	1.3167224080267559	22796	7.624080267558528	659	0.22040133779264215	16	13	124	0.8333333333333334	3	0.1875	10	0.625	0	0.0	3	0.1875	3	0.23076923076923078	10	0.7692307692307693	0	0.0	0	0.0	9	0.07258064516129033	92	0.7419354838709677	3	0.024193548387096774	20	0.16129032258064516	1	0	1	0	0	1	1	2964526557	0	0	0
2795.0	0	0.0	8	0.0028622540250447226	63	0.02254025044722719	26	0.009302325581395349	0	0.0	12	12	25	1.0	0	0.0	12	1.0	0	0.0	0	0.0	0	0.0	12	1.0	0	0.0	0	0.0	0	0.0	21	0.84	0	0.0	4	0.16	0	0	0	0	0	1	0	3384759783	1	0	0
2881.0	0	0.0	9	0.0031239153071850054	19	0.006594932315168344	83	0.028809441166261714	112	0.0388753904894134	14	12	68	0.9	5	0.35714285714285715	7	0.5	0	0.0	2	0.14285714285714285	5	0.4166666666666667	7	0.5833333333333334	0	0.0	0	0.0	9	0.1323529411764706	40	0.5882352941176471	0	0.0	19	0.27941176470588236	0	0	0	0	0	1	0	3206731269	1	0	1
4418.0	16	0.0036215482118605704	465	0.10525124490719782	1230	0.27840651878678135	10547	2.3872793119058398	133	0.03010411951109099	11	13	61	0.45454545454545453	2	0.18181818181818182	8	0.7272727272727273	0	0.0	1	0.09090909090909091	3	0.23076923076923078	10	0.7692307692307693	0	0.0	0	0.0	5	0.08196721311475409	48	0.7868852459016393	0	0.0	8	0.13114754098360656	0	0	1	0	0	1	0	249288197	0	0	0
4361.0	1372	0.3146067415730337	4327	0.9922036230222426	18680	4.283421233662004	711506	163.15202935106626	984	0.22563632194450814	18	13	107	0.6	2	0.1111111111111111	15	0.8333333333333334	0	0.0	1	0.05555555555555555	2	0.15384615384615385	11	0.8461538461538461	0	0.0	0	0.0	8	0.07476635514018691	81	0.7570093457943925	0	0.0	18	0.16822429906542055	0	0	1	1	0	1	1	278124059	0	0	0
4333.0	308	0.07108239095315025	3919	0.9044541887837526	23819	5.497115162704824	491476	113.42626355873529	2403	0.5545811216247404	20	11	142	0.5833333333333334	3	0.15	15	0.75	0	0.0	2	0.1	2	0.18181818181818182	9	0.8181818181818182	0	0.0	0	0.0	12	0.08450704225352113	98	0.6901408450704225	0	0.0	32	0.22535211267605634	1	0	1	1	0	1	1	293131808	0	0	0
5077.0	941	0.18534567658065787	1188	0.23399645459917273	19103	3.762655111286193	28739	5.6606263541461495	3752	0.7390191057711247	13	15	143	0.7272727272727273	2	0.15384615384615385	10	0.7692307692307693	0	0.0	1	0.07692307692307693	3	0.2	12	0.8	0	0.0	0	0.0	14	0.0979020979020979	99	0.6923076923076923	4	0.027972027972027972	26	0.18181818181818182	1	0	1	1	0	1	1	33576489	0	0	0
1945.0	0	0.0	10	0.005141388174807198	5483	2.819023136246787	67	0.03444730077120823	1	0.0005141388174807198	14	9	107	0.7777777777777778	2	0.14285714285714285	7	0.5	0	0.0	5	0.35714285714285715	2	0.2222222222222222	7	0.7777777777777778	0	0.0	0	0.0	6	0.056074766355140186	73	0.6822429906542056	2	0.018691588785046728	26	0.24299065420560748	0	0	1	0	0	1	0	931192872283590656	1	0	0
1941.0	26	0.013395157135497167	3	0.0015455950540958269	216	0.11128284389489954	19	0.009788768675940238	119	0.0613086038124678	11	11	154	0.75	2	0.18181818181818182	8	0.7272727272727273	0	0.0	1	0.09090909090909091	2	0.18181818181818182	8	0.7272727272727273	1	0.09090909090909091	0	0.0	8	0.05194805194805195	93	0.6038961038961039	0	0.0	53	0.34415584415584416	0	0	1	1	1	1	0	932357103985020928	1	0	0
1815.0	1	0.0005509641873278236	10	0.005509641873278237	1984	1.0931129476584023	34	0.018732782369146005	2	0.0011019283746556473	15	15	27	0.6923076923076923	0	0.0	13	0.8666666666666667	0	0.0	2	0.13333333333333333	0	0.0	14	0.9333333333333333	0	0.0	1	0.06666666666666667	1	0.037037037037037035	20	0.7407407407407407	0	0.0	6	0.2222222222222222	0	0	0	0	0	0	0	978056573284175872	1	0	0
1917.0	0	0.0	9	0.004694835680751174	6017	3.138758476786646	69	0.03599374021909233	1	0.0005216484089723526	15	13	88	0.9166666666666666	3	0.2	10	0.6666666666666666	0	0.0	2	0.13333333333333333	3	0.23076923076923078	10	0.7692307692307693	0	0.0	0	0.0	5	0.056818181818181816	63	0.7159090909090909	0	0.0	20	0.22727272727272727	0	0	1	1	1	0	0	941291900862124032	1	0	0
2518.0	0	0.0	1	0.0003971405877680699	13	0.005162827640984908	0	0.0	0	0.0	14	9	0	0.36363636363636365	12	0.8571428571428571	0	0.0	0	0.0	2	0.14285714285714285	0	0.0	6	0.6666666666666666	0	0.0	3	0.3333333333333333	0	0	0	0	0	0	0	0	0	0	0	1	1	1	0	723513455861485568	1	0	0
4449.0	4447	0.9995504607777028	996	0.22387053270397841	6346	1.4263879523488425	23203	5.2153292874803325	1972	0.44324567318498537	16	14	103	0.6	3	0.1875	12	0.75	0	0.0	1	0.0625	4	0.2857142857142857	8	0.5714285714285714	2	0.14285714285714285	0	0.0	10	0.0970873786407767	76	0.7378640776699029	1	0.009708737864077669	16	0.1553398058252427	0	0	0	1	0	0	1	235312723	0	0	0
2728.0	0	0.0	412	0.15102639296187684	29512	10.818181818181818	19800	7.258064516129032	0	0.0	11	11	124	1.0	0	0.0	10	0.9090909090909091	0	0.0	1	0.09090909090909091	0	0.0	10	0.9090909090909091	0	0.0	1	0.09090909090909091	8	0.06451612903225806	89	0.717741935483871	2	0.016129032258064516	25	0.20161290322580644	0	0	1	1	1	1	0	3772896857	1	0	0
5155.0	483	0.09369544131910766	633	0.12279340446168768	9113	1.7677982541222115	22758	4.4147429679922405	522	0.10126091173617847	14	7	103	0.5833333333333334	2	0.14285714285714285	11	0.7857142857142857	0	0.0	1	0.07142857142857142	0	0.0	7	1.0	0	0.0	0	0.0	6	0.05825242718446602	79	0.7669902912621359	0	0.0	18	0.17475728155339806	1	0	1	1	0	1	0	19863141	1	0	0
3387.0	12	0.00354295837023915	36	0.010628875110717449	36117	10.66341895482728	67	0.019781517567168585	1	0.0002952465308532625	9	9	128	1.0	1	0.1111111111111111	8	0.8888888888888888	0	0.0	0	0.0	0	0.0	9	1.0	0	0.0	0	0.0	2	0.015625	94	0.734375	1	0.0078125	31	0.2421875	0	0	1	0	0	0	0	2231129701	1	0	0
2682.0	0	0.0	29	0.01081282624906786	3481	1.2979120059656972	426	0.15883668903803133	1	0.0003728560775540641	8	7	143	0.875	5	0.625	2	0.25	0	0.0	1	0.125	4	0.5714285714285714	3	0.42857142857142855	0	0.0	0	0.0	9	0.06293706293706294	104	0.7272727272727273	0	0.0	30	0.2097902097902098	0	0	1	0	0	1	0	4156954215	1	0	1
3208.0	1	0.0003117206982543641	37	0.011533665835411471	86127	26.847568578553616	1445	0.4504364089775561	8	0.0024937655860349127	16	14	83	0.8888888888888888	0	0.0	14	0.875	0	0.0	2	0.125	0	0.0	14	1.0	0	0.0	0	0.0	2	0.024096385542168676	59	0.7108433734939759	8	0.0963855421686747	14	0.1686746987951807	0	0	0	0	0	0	0	2540754536	1	0	0
2677.0	60	0.022413149047441166	23	0.008591707134852447	62282	23.265595816212176	739	0.27605528576765037	346	0.1292491595069107	19	15	39	0.8571428571428571	4	0.21052631578947367	11	0.5789473684210527	0	0.0	4	0.21052631578947367	0	0.0	15	1.0	0	0.0	0	0.0	2	0.05128205128205128	27	0.6923076923076923	0	0.0	10	0.2564102564102564	0	0	1	0	0	1	0	4190852728	1	0	1
4501.0	3	0.0006665185514330149	1368	0.30393245945345476	6130	1.361919573428127	94161	20.92001777382804	212	0.047100644301266384	29	11	114	0.4117647058823529	4	0.13793103448275862	21	0.7241379310344828	0	0.0	4	0.13793103448275862	2	0.18181818181818182	9	0.8181818181818182	0	0.0	0	0.0	8	0.07017543859649122	70	0.6140350877192983	8	0.07017543859649122	28	0.24561403508771928	1	0	0	1	0	1	1	216503958	0	0	0
3723.0	1299	0.34891216760676874	830	0.22293849046467903	4436	1.191512221326887	24423	6.560032232070911	870	0.233682514101531	11	9	112	0.38461538461538464	2	0.18181818181818182	8	0.7272727272727273	0	0.0	1	0.09090909090909091	3	0.3333333333333333	4	0.4444444444444444	2	0.2222222222222222	0	0.0	9	0.08035714285714286	75	0.6696428571428571	4	0.03571428571428571	24	0.21428571428571427	1	0	1	1	1	1	1	1058051748	0	0	0
3779.0	2325	0.61524212754697	907	0.2400105848107965	4123	1.0910293728499603	28928	7.654935168033871	1407	0.37232071976713416	15	11	154	0.6363636363636364	3	0.2	9	0.6	0	0.0	3	0.2	4	0.36363636363636365	7	0.6363636363636364	0	0.0	0	0.0	13	0.08441558441558442	101	0.6558441558441559	4	0.025974025974025976	36	0.23376623376623376	1	0	1	0	0	1	1	935368364	0	0	0
5366.0	964	0.17964964591874766	2988	0.5568393589265748	17465	3.2547521431233695	218099	40.64461423779351	4132	0.7700335445396944	19	10	43	0.6363636363636364	3	0.15789473684210525	14	0.7368421052631579	0	0.0	2	0.10526315789473684	2	0.2	8	0.8	0	0.0	0	0.0	5	0.11627906976744186	29	0.6744186046511628	0	0.0	9	0.20930232558139536	1	0	1	1	0	1	1	15324851	0	0	0
2689.0	0	0.0	15	0.005578281889178133	814	0.3027147638527334	60	0.022313127556712532	0	0.0	13	13	97	1.0	2	0.15384615384615385	11	0.8461538461538461	0	0.0	0	0.0	2	0.15384615384615385	11	0.8461538461538461	0	0.0	0	0.0	2	0.020618556701030927	77	0.7938144329896907	0	0.0	18	0.18556701030927836	0	0	0	1	0	1	0	4104738495	1	0	0
2830.0	0	0.0	347	0.12261484098939929	66171	23.381978798586573	13591	4.802473498233216	0	0.0	15	15	71	1.0	1	0.06666666666666667	14	0.9333333333333333	0	0.0	0	0.0	1	0.06666666666666667	14	0.9333333333333333	0	0.0	0	0.0	5	0.07042253521126761	48	0.676056338028169	3	0.04225352112676056	15	0.2112676056338028	0	0	0	0	0	0	0	3327104705	1	0	0
5011.0	954	0.1903811614448214	1137	0.22690081819996008	7840	1.5645579724605867	28692	5.725803232887647	924	0.18439433246856915	16	13	66	0.8333333333333334	3	0.1875	10	0.625	0	0.0	3	0.1875	3	0.23076923076923078	10	0.7692307692307693	0	0.0	0	0.0	5	0.07575757575757576	52	0.7878787878787878	0	0.0	9	0.13636363636363635	0	0	1	1	0	1	1	50452197	0	0	0
4915.0	832	0.16927772126144455	1755	0.3570701932858596	6683	1.3597151576805697	64858	13.195930824008139	458	0.09318413021363174	14	14	131	0.46153846153846156	2	0.14285714285714285	11	0.7857142857142857	0	0.0	1	0.07142857142857142	2	0.14285714285714285	12	0.8571428571428571	0	0.0	0	0.0	12	0.0916030534351145	77	0.5877862595419847	16	0.12213740458015267	26	0.1984732824427481	1	0	1	1	0	0	1	78403308	0	0	0
1903.0	2	0.0010509721492380452	14	0.007356805044666317	12462	6.548607461902259	126	0.06621124540199684	1	0.0005254860746190226	11	9	67	0.2857142857142857	0	0.0	10	0.9090909090909091	0	0.0	1	0.09090909090909091	0	0.0	8	0.8888888888888888	0	0.0	1	0.1111111111111111	6	0.08955223880597014	37	0.5522388059701493	4	0.05970149253731343	20	0.29850746268656714	0	0	0	0	0	0	0	946236238608130048	1	0	0
1957.0	4	0.002043944813490036	8	0.004087889626980072	2482	1.2682677567705671	41	0.020950434338272865	8	0.004087889626980072	19	12	152	0.6923076923076923	3	0.15789473684210525	16	0.8421052631578947	0	0.0	0	0.0	2	0.16666666666666666	10	0.8333333333333334	0	0.0	0	0.0	4	0.02631578947368421	120	0.7894736842105263	4	0.02631578947368421	24	0.15789473684210525	0	0	0	0	0	1	0	926650951129292800	1	0	1
1642.0	13	0.007917174177831911	11	0.006699147381242387	13053	7.949451887941534	172	0.10475030450669914	4	0.00243605359317905	14	14	40	1.0	0	0.0	14	1.0	0	0.0	0	0.0	0	0.0	14	1.0	0	0.0	0	0.0	0	0.0	34	0.85	0	0.0	6	0.15	0	0	0	1	1	0	0	1040956752580239360	1	0	0
1999.0	28	0.014007003501750876	23	0.01150575287643822	1952	0.976488244122061	211	0.1055527763881941	3	0.0015007503751875938	22	12	137	0.7692307692307693	16	0.7272727272727273	4	0.18181818181818182	0	0.0	2	0.09090909090909091	5	0.4166666666666667	7	0.5833333333333334	0	0.0	0	0.0	54	0.39416058394160586	50	0.36496350364963503	0	0.0	33	0.24087591240875914	0	0	0	0	0	0	0	911664210614083584	1	0	1
1813.0	6	0.003309431880860452	72	0.039713182570325425	26761	14.76061776061776	1220	0.6729178157749587	0	0.0	16	14	138	0.9	3	0.1875	11	0.6875	0	0.0	2	0.125	3	0.21428571428571427	11	0.7857142857142857	0	0.0	0	0.0	3	0.021739130434782608	104	0.7536231884057971	1	0.007246376811594203	30	0.21739130434782608	0	0	0	1	1	1	0	978879850856505345	1	0	0
1843.0	3	0.0016277807921866521	4	0.002170374389582203	6856	3.7200217037438956	29	0.015735214324470972	3	0.0016277807921866521	26	12	143	0.6153846153846154	3	0.11538461538461539	19	0.7307692307692307	0	0.0	4	0.15384615384615385	2	0.16666666666666666	10	0.8333333333333334	0	0.0	0	0.0	6	0.04195804195804196	104	0.7272727272727273	1	0.006993006993006993	32	0.22377622377622378	0	0	1	0	0	0	0	968220410797023233	1	0	0
1843.0	0	0.0	6	0.0032555615843733042	46679	25.32772653282691	6	0.0032555615843733042	0	0.0	25	10	33	0.21052631578947367	0	0.0	18	0.72	0	0.0	7	0.28	0	0.0	9	0.9	0	0.0	1	0.1	5	0.15151515151515152	20	0.6060606060606061	1	0.030303030303030304	7	0.21212121212121213	0	0	0	1	1	0	0	967883106270240770	1	0	0
1940.0	2	0.0010309278350515464	4	0.002061855670103093	82	0.042268041237113405	14	0.007216494845360825	2	0.0010309278350515464	17	13	75	0.5	2	0.11764705882352941	14	0.8235294117647058	0	0.0	1	0.058823529411764705	3	0.23076923076923078	10	0.7692307692307693	0	0.0	0	0.0	2	0.02666666666666667	61	0.8133333333333334	0	0.0	12	0.16	0	0	0	1	1	0	0	933023585463099397	1	0	1
4874.0	6	0.0012310217480508822	11	0.0022568732047599507	41325	8.478662289700452	41	0.008411981945014363	6	0.0012310217480508822	11	11	117	0.7777777777777778	2	0.18181818181818182	8	0.7272727272727273	0	0.0	1	0.09090909090909091	2	0.18181818181818182	8	0.7272727272727273	0	0.0	1	0.09090909090909091	12	0.10256410256410256	75	0.6410256410256411	3	0.02564102564102564	27	0.23076923076923078	0	0	1	1	1	0	0	88741673	1	0	1
4327.0	174	0.0402126184423388	777	0.17957014097527155	5065	1.1705569678761267	18365	4.244280101687081	629	0.14536630459902936	17	14	135	0.8461538461538461	3	0.17647058823529413	11	0.6470588235294118	0	0.0	3	0.17647058823529413	3	0.21428571428571427	11	0.7857142857142857	0	0.0	0	0.0	15	0.1111111111111111	96	0.7111111111111111	1	0.007407407407407408	23	0.17037037037037037	0	0	1	1	0	1	1	296245061	0	0	0
1772.0	55	0.031038374717832957	2	0.001128668171557562	1175	0.6630925507900677	50	0.028216704288939052	0	0.0	10	14	73	0.4166666666666667	1	0.1	6	0.6	1	0.1	2	0.2	3	0.21428571428571427	11	0.7857142857142857	0	0.0	0	0.0	2	0.0273972602739726	56	0.7671232876712328	1	0.0136986301369863	14	0.1917808219178082	0	0	0	1	1	1	0	993674729830612992	1	0	1
2705.0	0	0.0	12	0.0044362292051756	23	0.008502772643253234	23	0.008502772643253234	0	0.0	14	12	0	0.13333333333333333	0	0.0	10	0.7142857142857143	0	0.0	4	0.2857142857142857	0	0.0	10	0.8333333333333334	0	0.0	2	0.16666666666666666	0	0	0	0	0	0	0	0	0	0	0	1	1	0	0	3989624675	1	0	0
1583.0	525	0.33164876816171823	43	0.027163613392293114	708	0.4472520530638029	2193	1.385344283006949	14	0.008843967150979154	14	14	159	1.0	7	0.5	7	0.5	0	0.0	0	0.0	7	0.5	7	0.5	0	0.0	0	0.0	11	0.06918238993710692	110	0.6918238993710691	2	0.012578616352201259	36	0.22641509433962265	0	0	1	0	0	1	0	1062175730576977920	1	0	0
1655.0	1	0.0006042296072507553	8	0.004833836858006042	37455	22.63141993957704	241	0.14561933534743202	1	0.0006042296072507553	13	14	142	0.6153846153846154	2	0.15384615384615385	10	0.7692307692307693	0	0.0	1	0.07692307692307693	2	0.14285714285714285	12	0.8571428571428571	0	0.0	0	0.0	11	0.07746478873239436	101	0.7112676056338029	2	0.014084507042253521	28	0.19718309859154928	0	0	1	1	1	1	0	1036049576271081472	1	0	1
2195.0	4	0.0018223234624145787	5	0.002277904328018223	12788	5.825968109339407	69	0.03143507972665148	111	0.05056947608200456	11	11	138	1.0	2	0.18181818181818182	8	0.7272727272727273	1	0.09090909090909091	0	0.0	0	0.0	10	0.9090909090909091	1	0.09090909090909091	0	0.0	21	0.15217391304347827	88	0.6376811594202898	2	0.014492753623188406	27	0.1956521739130435	0	0	1	0	0	1	0	840582068631302145	1	0	0
4079.0	429	0.1051728364795293	548	0.13434665359156656	2866	0.7026231919588134	14286	3.502329002206423	947	0.23216474626133857	23	13	154	0.7142857142857143	4	0.17391304347826086	15	0.6521739130434783	0	0.0	4	0.17391304347826086	3	0.23076923076923078	10	0.7692307692307693	0	0.0	0	0.0	13	0.08441558441558442	99	0.6428571428571429	10	0.06493506493506493	32	0.2077922077922078	1	0	1	0	0	0	1	463132556	0	0	0
1758.0	0	0.0	3	0.0017064846416382253	13163	7.487485779294653	5	0.002844141069397042	0	0.0	14	8	86	0.7	2	0.14285714285714285	12	0.8571428571428571	0	0.0	0	0.0	2	0.25	6	0.75	0	0.0	0	0.0	4	0.046511627906976744	66	0.7674418604651163	0	0.0	16	0.18604651162790697	0	0	1	1	1	0	0	998703686086881283	1	0	0
2004.0	119	0.0593812375249501	10	0.00499001996007984	1288	0.6427145708582834	38	0.018962075848303395	4	0.001996007984031936	18	12	160	0.5	3	0.16666666666666666	13	0.7222222222222222	0	0.0	2	0.1111111111111111	0	0.0	12	1.0	0	0.0	0	0.0	6	0.0375	93	0.58125	0	0.0	61	0.38125	0	0	1	1	1	0	0	909624431273635843	1	0	1
5334.0	946	0.177352830896138	1524	0.2857142857142857	10348	1.9400074990626173	34371	6.443757030371204	2545	0.4771278590176228	19	15	69	0.8	4	0.21052631578947367	12	0.631578947368421	0	0.0	3	0.15789473684210525	0	0.0	15	1.0	0	0.0	0	0.0	7	0.10144927536231885	43	0.6231884057971014	2	0.028985507246376812	17	0.2463768115942029	1	0	1	1	0	1	1	15751083	0	0	0
2990.0	7680	2.568561872909699	1190	0.3979933110367893	7355	2.459866220735786	77832	26.03076923076923	1230	0.411371237458194	9	8	140	0.875	2	0.2222222222222222	6	0.6666666666666666	0	0.0	1	0.1111111111111111	2	0.25	6	0.75	0	0.0	0	0.0	11	0.07857142857142857	104	0.7428571428571429	0	0.0	25	0.17857142857142858	1	0	1	1	1	1	1	2963445730	0	0	0
5112.0	3207	0.6273474178403756	1564	0.3059467918622848	8846	1.7304381846635368	55476	10.852112676056338	1618	0.316510172143975	17	14	108	0.8333333333333334	3	0.17647058823529413	11	0.6470588235294118	0	0.0	3	0.17647058823529413	3	0.21428571428571427	11	0.7857142857142857	0	0.0	0	0.0	10	0.09259259259259259	76	0.7037037037037037	0	0.0	22	0.2037037037037037	1	0	1	1	0	1	1	24745957	0	0	0
2616.0	0	0.0	113	0.04319571865443425	10635	4.065366972477064	7450	2.8478593272171255	0	0.0	17	10	137	0.6363636363636364	0	0.0	16	0.9411764705882353	0	0.0	1	0.058823529411764705	0	0.0	10	1.0	0	0.0	0	0.0	7	0.051094890510948905	109	0.7956204379562044	0	0.0	21	0.15328467153284672	0	0	1	1	1	0	0	4809840647	1	0	0
2272.0	0	0.0	11	0.0048415492957746475	77	0.03389084507042254	34	0.014964788732394365	0	0.0	8	8	58	1.0	2	0.25	6	0.75	0	0.0	0	0.0	0	0.0	8	1.0	0	0.0	0	0.0	2	0.034482758620689655	44	0.7586206896551724	0	0.0	12	0.20689655172413793	0	0	0	1	1	0	0	812737827377123328	1	0	1
2407.0	14	0.005816368923971749	20	0.008309098462816784	13891	5.771084337349397	111	0.04611549646863315	25	0.01038637307852098	20	15	150	0.8461538461538461	1	0.05	17	0.85	0	0.0	2	0.1	2	0.13333333333333333	13	0.8666666666666667	0	0.0	0	0.0	7	0.04666666666666667	105	0.7	8	0.05333333333333334	30	0.2	0	0	1	0	0	0	0	763724066419249152	1	0	1
5138.0	59	0.011483067341377969	3399	0.661541455819385	3983	0.7752043596730245	167709	32.64091086025691	856	0.16660179057999222	12	11	32	0.2857142857142857	2	0.16666666666666666	9	0.75	0	0.0	1	0.08333333333333333	2	0.18181818181818182	9	0.8181818181818182	0	0.0	0	0.0	5	0.15625	21	0.65625	0	0.0	6	0.1875	1	0	1	1	0	1	1	21157904	0	0	0
3118.0	0	0.0	28	0.008980115458627326	5655	1.813662604233483	130	0.04169339320076972	47	0.015073765234124438	16	15	152	0.9230769230769231	2	0.125	13	0.8125	0	0.0	1	0.0625	2	0.13333333333333333	13	0.8666666666666667	0	0.0	0	0.0	7	0.046052631578947366	115	0.756578947368421	0	0.0	30	0.19736842105263158	1	0	1	1	1	1	0	2782795854	1	0	1
2956.0	167	0.05649526387009472	311	0.10520974289580515	869	0.293978349120433	4135	1.398849797023004	181	0.06123139377537212	18	8	100	0.5454545454545454	3	0.16666666666666666	10	0.5555555555555556	0	0.0	5	0.2777777777777778	2	0.25	6	0.75	0	0.0	0	0.0	9	0.09	78	0.78	0	0.0	13	0.13	0	0	1	0	0	1	1	3026622545	0	0	0
3167.0	1	0.00031575623618566466	20	0.006315124723713293	9529	3.0088411746131984	768	0.24250078939059047	2	0.0006315124723713293	14	13	104	0.9090909090909091	2	0.14285714285714285	11	0.7857142857142857	0	0.0	1	0.07142857142857142	2	0.15384615384615385	11	0.8461538461538461	0	0.0	0	0.0	4	0.038461538461538464	76	0.7307692307692307	3	0.028846153846153848	21	0.20192307692307693	0	0	0	0	0	0	0	2635257950	1	0	0
4335.0	39	0.008996539792387544	1488	0.34325259515570933	4877	1.1250288350634372	100611	23.208996539792388	591	0.13633217993079585	9	11	76	0.3333333333333333	2	0.2222222222222222	6	0.6666666666666666	0	0.0	1	0.1111111111111111	2	0.18181818181818182	9	0.8181818181818182	0	0.0	0	0.0	8	0.10526315789473684	52	0.6842105263157895	0	0.0	16	0.21052631578947367	0	0	0	1	0	1	1	291756142	0	0	0
3157.0	0	0.0	34	0.010769718086791258	102	0.03230915426037377	150	0.04751346214760849	0	0.0	10	14	156	0.38461538461538464	0	0.0	9	0.9	0	0.0	1	0.1	0	0.0	11	0.7857142857142857	3	0.21428571428571427	0	0.0	4	0.02564102564102564	113	0.7243589743589743	7	0.04487179487179487	32	0.20512820512820512	0	0	0	1	0	0	0	2671843464	1	0	1
4500.0	857	0.19044444444444444	15702	3.489333333333333	16847	3.743777777777778	4654278	1034.284	601	0.13355555555555557	9	8	123	0.875	2	0.2222222222222222	6	0.6666666666666666	0	0.0	1	0.1111111111111111	2	0.25	6	0.75	0	0.0	0	0.0	6	0.04878048780487805	93	0.7560975609756098	0	0.0	24	0.1951219512195122	1	0	1	1	0	1	1	216881337	0	0	0
3934.0	2166	0.5505846466700559	2032	0.5165226232841891	9817	2.4954245043213015	129433	32.90111845449924	772	0.1962379257752923	18	9	51	0.6923076923076923	3	0.16666666666666666	13	0.7222222222222222	0	0.0	2	0.1111111111111111	2	0.2222222222222222	7	0.7777777777777778	0	0.0	0	0.0	4	0.0784313725490196	38	0.7450980392156863	0	0.0	9	0.17647058823529413	1	0	1	1	0	1	1	600463589	0	0	0
3014.0	0	0.0	135	0.044790975447909755	13384	4.440610484406105	1059	0.35136031851360316	11	0.0036496350364963502	19	13	102	0.4375	0	0.0	16	0.8421052631578947	0	0.0	3	0.15789473684210525	0	0.0	12	0.9230769230769231	0	0.0	1	0.07692307692307693	2	0.0196078431372549	74	0.7254901960784313	1	0.00980392156862745	25	0.24509803921568626	0	0	0	1	1	0	0	2928957673	1	0	0
5154.0	45	0.008731082654249126	1116	0.21653084982537835	2078	0.40318199456732634	23461	4.551998447807528	318	0.06169965075669383	10	12	98	0.8	2	0.2	7	0.7	0	0.0	1	0.1	3	0.25	9	0.75	0	0.0	0	0.0	4	0.04081632653061224	74	0.7551020408163265	1	0.01020408163265306	19	0.19387755102040816	0	0	1	1	1	1	0	19929362	0	0	0
4390.0	1307	0.29772209567198177	1620	0.3690205011389522	12657	2.8831435079726653	110141	25.089066059225512	400	0.09111617312072894	20	13	153	0.8333333333333334	3	0.15	15	0.75	0	0.0	2	0.1	0	0.0	13	1.0	0	0.0	0	0.0	8	0.05228758169934641	101	0.6601307189542484	6	0.0392156862745098	38	0.24836601307189543	1	0	1	1	0	1	1	262756641	0	0	0
4794.0	509	0.10617438464747601	2461	0.5133500208594076	15716	3.278264497288277	129865	27.08906967042136	2833	0.5909470171047142	19	14	155	0.45454545454545453	3	0.15789473684210525	13	0.6842105263157895	0	0.0	3	0.15789473684210525	2	0.14285714285714285	12	0.8571428571428571	0	0.0	0	0.0	19	0.12258064516129032	105	0.6774193548387096	0	0.0	31	0.2	1	0	1	1	0	1	1	109287731	0	0	0
2722.0	0	0.0	4	0.0014695077149155032	99	0.03637031594415871	9	0.0033063923585598823	2	0.0007347538574577516	19	12	99	0.5714285714285714	1	0.05263157894736842	14	0.7368421052631579	0	0.0	4	0.21052631578947367	0	0.0	11	0.9166666666666666	0	0.0	1	0.08333333333333333	7	0.0707070707070707	70	0.7070707070707071	2	0.020202020202020204	20	0.20202020202020202	0	0	0	0	0	1	0	3835517273	1	0	0
5145.0	2726	0.5298347910592809	1399	0.2719144800777454	8776	1.7057337220602526	37513	7.291156462585034	4717	0.9168124392614189	13	13	66	0.7777777777777778	2	0.15384615384615385	10	0.7692307692307693	0	0.0	1	0.07692307692307693	2	0.15384615384615385	11	0.8461538461538461	0	0.0	0	0.0	11	0.16666666666666666	38	0.5757575757575758	2	0.030303030303030304	15	0.22727272727272727	0	0	1	1	0	0	1	20552026	0	0	0
2697.0	322	0.11939191694475343	12	0.004449388209121246	727	0.26955876900259546	64	0.023730070448646643	57	0.021134593993325918	20	14	160	0.7142857142857143	0	0.0	14	0.7	0	0.0	6	0.3	0	0.0	14	1.0	0	0.0	0	0.0	4	0.025	114	0.7125	0	0.0	42	0.2625	0	0	0	1	1	1	0	4019149154	1	0	0
2654.0	44	0.016578749058025623	31	0.011680482290881688	79509	29.958176337603618	970	0.3654860587792012	20	0.007535795026375283	17	14	157	0.08333333333333333	0	0.0	0	0.0	13	0.7647058823529411	4	0.23529411764705882	0	0.0	12	0.8571428571428571	2	0.14285714285714285	0	0.0	10	0.06369426751592357	101	0.643312101910828	8	0.050955414012738856	38	0.24203821656050956	0	0	1	0	0	1	0	4419492197	1	0	0
5206.0	599	0.11505954667691126	3967	0.7620053784095274	13365	2.5672301190933537	330146	63.41644256626969	600	0.1152516327314637	19	13	141	0.7142857142857143	3	0.15789473684210525	13	0.6842105263157895	0	0.0	3	0.15789473684210525	0	0.0	13	1.0	0	0.0	0	0.0	10	0.07092198581560284	104	0.7375886524822695	0	0.0	27	0.19148936170212766	1	0	1	0	0	1	1	18061669	0	0	0
5116.0	69	0.013487099296325255	1144	0.22361219702892884	5170	1.0105551211884285	23957	4.682759968725567	1929	0.37705238467552776	26	14	115	0.6666666666666666	4	0.15384615384615385	18	0.6923076923076923	0	0.0	4	0.15384615384615385	3	0.21428571428571427	11	0.7857142857142857	0	0.0	0	0.0	9	0.0782608695652174	74	0.6434782608695652	10	0.08695652173913043	22	0.19130434782608696	0	0	1	1	0	0	0	23976316	0	0	0
2324.0	1	0.0004302925989672978	20	0.008605851979345954	11969	5.150172117039587	80	0.03442340791738382	0	0.0	15	15	27	1.0	0	0.0	15	1.0	0	0.0	0	0.0	0	0.0	15	1.0	0	0.0	0	0.0	1	0.037037037037037035	22	0.8148148148148148	0	0.0	4	0.14814814814814814	0	0	0	1	1	1	0	793718418759299072	1	0	0
2219.0	0	0.0	20	0.009013068949977467	5731	2.5826949076160433	1854	0.8355114916629113	8	0.003605227579990987	12	12	130	1.0	3	0.25	9	0.75	0	0.0	0	0.0	3	0.25	9	0.75	0	0.0	0	0.0	6	0.046153846153846156	100	0.7692307692307693	0	0.0	24	0.18461538461538463	0	0	1	1	1	1	0	831720146091716608	1	0	1
1872.0	1	0.0005341880341880342	21	0.011217948717948718	13957	7.4556623931623935	185	0.09882478632478632	1	0.0005341880341880342	14	14	86	0.75	0	0.0	13	0.9285714285714286	0	0.0	1	0.07142857142857142	0	0.0	13	0.9285714285714286	0	0.0	1	0.07142857142857142	2	0.023255813953488372	70	0.813953488372093	0	0.0	14	0.16279069767441862	0	0	1	0	0	0	0	957391562043895808	1	0	0
5081.0	229	0.04506986813619366	1899	0.37374532572328284	13142	2.5864987207242667	110092	21.667388309387917	423	0.08325132847864594	14	7	93	0.5454545454545454	2	0.14285714285714285	6	0.42857142857142855	0	0.0	6	0.42857142857142855	0	0.0	7	1.0	0	0.0	0	0.0	9	0.0967741935483871	65	0.6989247311827957	0	0.0	19	0.20430107526881722	1	0	1	1	1	0	1	31611298	0	0	0
2770.0	4196	1.5148014440433213	14	0.005054151624548736	5959	2.151263537906137	183	0.06606498194945848	941	0.33971119133574007	20	9	85	0.7272727272727273	6	0.3	14	0.7	0	0.0	0	0.0	2	0.2222222222222222	7	0.7777777777777778	0	0.0	0	0.0	36	0.4235294117647059	24	0.2823529411764706	4	0.047058823529411764	21	0.24705882352941178	0	0	0	1	1	0	0	3314653662	1	0	0
3047.0	46	0.015096816540859863	251	0.08237610764686577	631	0.2070889399409255	12345	4.051526091237283	204	0.06695109944207417	10	11	107	0.7	2	0.2	7	0.7	0	0.0	1	0.1	4	0.36363636363636365	7	0.6363636363636364	0	0.0	0	0.0	7	0.06542056074766354	81	0.7570093457943925	2	0.018691588785046728	17	0.1588785046728972	1	0	0	1	0	0	0	2869746172	0	0	0
5102.0	469	0.09192473539788318	1013	0.19854958839670717	2763	0.5415523324186593	20167	3.952763622108977	858	0.16816934535476283	17	14	64	0.8461538461538461	3	0.17647058823529413	11	0.6470588235294118	0	0.0	3	0.17647058823529413	3	0.21428571428571427	11	0.7857142857142857	0	0.0	0	0.0	6	0.09375	46	0.71875	2	0.03125	10	0.15625	0	0	1	1	1	1	0	26778110	0	0	0
2723.0	11	0.004039662137348513	12	0.0044069041498347415	9254	3.398457583547558	74	0.027175908923980904	4	0.0014689680499449136	16	14	19	0.9230769230769231	0	0.0	14	0.875	0	0.0	2	0.125	0	0.0	14	1.0	0	0.0	0	0.0	0	0.0	17	0.8947368421052632	0	0.0	2	0.10526315789473684	0	0	1	0	0	1	0	3730020912	1	0	0
3061.0	0	0.0	42	0.013721006207121855	5329	1.7409343351845803	198	0.06468474354786018	1	0.0003266906239790918	14	13	155	0.9090909090909091	2	0.14285714285714285	11	0.7857142857142857	0	0.0	1	0.07142857142857142	2	0.15384615384615385	11	0.8461538461538461	0	0.0	0	0.0	6	0.03870967741935484	115	0.7419354838709677	0	0.0	34	0.21935483870967742	0	0	0	1	1	1	0	2878888502	1	0	0
2186.0	4	0.0018298261665141812	177	0.08096980786825252	323	0.14775846294602013	22807	10.433211344922233	32	0.01463860933211345	17	15	48	0.9090909090909091	3	0.17647058823529413	12	0.7058823529411765	0	0.0	2	0.11764705882352941	0	0.0	15	1.0	0	0.0	0	0.0	2	0.041666666666666664	39	0.8125	0	0.0	7	0.14583333333333334	0	0	0	1	1	0	0	843771913231093760	1	0	0
1996.0	1943	0.9734468937875751	38	0.01903807615230461	3330	1.6683366733466933	3385	1.6958917835671343	312	0.156312625250501	18	15	75	0.9285714285714286	2	0.1111111111111111	15	0.8333333333333334	0	0.0	1	0.05555555555555555	0	0.0	15	1.0	0	0.0	0	0.0	1	0.013333333333333334	62	0.8266666666666667	0	0.0	12	0.16	0	0	1	0	0	1	0	912631752853770240	1	0	1
2025.0	98	0.04839506172839506	28	0.013827160493827161	15017	7.415802469135802	1126	0.5560493827160494	1	0.0004938271604938272	18	10	153	0.6666666666666666	2	0.1111111111111111	15	0.8333333333333334	0	0.0	1	0.05555555555555555	0	0.0	10	1.0	0	0.0	0	0.0	4	0.026143790849673203	114	0.7450980392156863	1	0.006535947712418301	34	0.2222222222222222	0	0	0	1	1	0	0	902228795075284992	1	0	0
2262.0	1264	0.5587975243147657	600	0.26525198938992045	4494	1.986737400530504	21138	9.344827586206897	1686	0.7453580901856764	20	12	139	0.6428571428571429	3	0.15	14	0.7	0	0.0	3	0.15	2	0.16666666666666666	10	0.8333333333333334	0	0.0	0	0.0	19	0.1366906474820144	93	0.6690647482014388	1	0.007194244604316547	26	0.18705035971223022	1	0	1	0	0	1	1	816284664658874368	0	0	0
2838.0	5	0.0017618040873854828	96	0.03382663847780127	5546	1.9541930937279774	920	0.32417195207892885	25	0.008809020436927413	9	8	97	0.8888888888888888	2	0.2222222222222222	6	0.6666666666666666	0	0.0	1	0.1111111111111111	2	0.25	6	0.75	0	0.0	0	0.0	6	0.061855670103092786	61	0.6288659793814433	4	0.041237113402061855	26	0.26804123711340205	0	0	0	1	0	0	0	3312196192	1	0	1
3118.0	0	0.0	30	0.009621552277100705	5706	1.830019243104554	181	0.058050032071840924	46	0.014753046824887749	10	9	160	0.8888888888888888	2	0.2	7	0.7	0	0.0	1	0.1	2	0.2222222222222222	7	0.7777777777777778	0	0.0	0	0.0	6	0.0375	122	0.7625	0	0.0	32	0.2	1	0	1	1	0	1	0	2782796420	1	0	0
2301.0	2	0.000869187309865276	12	0.005215123859191656	17489	7.600608431116906	41	0.017818339852238158	0	0.0	11	10	53	0.9	2	0.18181818181818182	8	0.7272727272727273	0	0.0	1	0.09090909090909091	2	0.2	8	0.8	0	0.0	0	0.0	5	0.09433962264150944	38	0.7169811320754716	0	0.0	10	0.18867924528301888	0	0	0	1	1	1	0	802014959106400256	1	0	0
2558.0	2	0.0007818608287724785	14	0.00547302580140735	21721	8.491399530883502	39	0.01524628616106333	4	0.001563721657544957	16	11	68	0.8333333333333334	4	0.25	9	0.5625	1	0.0625	2	0.125	3	0.2727272727272727	7	0.6363636363636364	1	0.09090909090909091	0	0.0	3	0.04411764705882353	52	0.7647058823529411	0	0.0	13	0.19117647058823528	0	0	1	1	1	0	0	708848745367085056	1	0	0
2317.0	989	0.42684505826499786	963	0.4156236512731981	6300	2.719033232628399	57882	24.98144151920587	1209	0.5217954251186879	35	14	154	0.5294117647058824	6	0.17142857142857143	21	0.6	0	0.0	8	0.22857142857142856	3	0.21428571428571427	11	0.7857142857142857	0	0.0	0	0.0	10	0.06493506493506493	111	0.7207792207792207	8	0.05194805194805195	25	0.16233766233766234	1	0	1	0	0	1	1	796183515998068736	0	0	0
2673.0	0	0.0	7	0.002618780396558174	1524	0.5701459034792368	49	0.01833146277590722	51	0.019079685746352413	13	12	160	0.8888888888888888	2	0.15384615384615385	10	0.7692307692307693	0	0.0	1	0.07692307692307693	2	0.16666666666666666	10	0.8333333333333334	0	0.0	0	0.0	10	0.0625	116	0.725	0	0.0	34	0.2125	0	0	1	0	0	1	0	4293630612	1	0	1
5121.0	401	0.07830501855106424	997	0.19468853739504002	3143	0.6137473149775434	30315	5.919742237844171	283	0.05526264401484085	13	11	148	0.46153846153846156	3	0.23076923076923078	7	0.5384615384615384	0	0.0	3	0.23076923076923078	4	0.36363636363636365	5	0.45454545454545453	2	0.18181818181818182	0	0.0	20	0.13513513513513514	93	0.6283783783783784	2	0.013513513513513514	33	0.22297297297297297	0	0	1	0	0	1	1	23124635	0	0	0
4064.0	316	0.07775590551181102	6932	1.705708661417323	14408	3.545275590551181	1450066	356.80757874015745	261	0.06422244094488189	24	12	78	0.5454545454545454	3	0.125	19	0.7916666666666666	0	0.0	2	0.08333333333333333	2	0.16666666666666666	10	0.8333333333333334	0	0.0	0	0.0	14	0.1794871794871795	48	0.6153846153846154	1	0.01282051282051282	15	0.19230769230769232	0	0	1	1	0	1	1	476256944	0	0	0
3431.0	3	0.0008743806470416788	171	0.04983969688137569	34618	10.089769746429612	3780	1.1017196152725153	1	0.0002914602156805596	18	12	32	0.75	3	0.16666666666666666	13	0.7222222222222222	0	0.0	2	0.1111111111111111	0	0.0	12	1.0	0	0.0	0	0.0	1	0.03125	27	0.84375	0	0.0	4	0.125	0	0	0	0	0	1	0	2148047569	1	0	0
3717.0	777	0.20903954802259886	2575	0.6927629808985741	18662	5.020715630885123	149626	40.25450632230293	2688	0.7231638418079096	18	14	117	0.625	3	0.16666666666666666	12	0.6666666666666666	0	0.0	3	0.16666666666666666	2	0.14285714285714285	12	0.8571428571428571	0	0.0	0	0.0	9	0.07692307692307693	89	0.7606837606837606	0	0.0	19	0.1623931623931624	1	0	1	1	0	1	1	1074518754	0	0	0
2073.0	222	0.10709117221418235	9	0.004341534008683068	27139	13.091654606849977	1934	0.9329474191992282	573	0.276410998552822	15	11	37	0.7272727272727273	2	0.13333333333333333	12	0.8	0	0.0	1	0.06666666666666667	0	0.0	11	1.0	0	0.0	0	0.0	1	0.02702702702702703	27	0.7297297297297297	0	0.0	9	0.24324324324324326	1	0	0	0	0	1	0	884702335552937984	1	0	1
2329.0	0	0.0	9	0.0038643194504079004	4556	1.9562043795620438	55	0.0236152855302705	197	0.0845856590811507	18	13	154	0.4117647058823529	1	0.05555555555555555	14	0.7777777777777778	2	0.1111111111111111	1	0.05555555555555555	0	0.0	13	1.0	0	0.0	0	0.0	11	0.07142857142857142	113	0.7337662337662337	4	0.025974025974025976	26	0.16883116883116883	0	0	1	0	0	1	0	792036071819403264	1	0	1
2448.0	0	0.0	16	0.006535947712418301	11508	4.700980392156863	319	0.13031045751633988	3	0.0012254901960784314	16	15	126	0.8333333333333334	2	0.125	13	0.8125	0	0.0	1	0.0625	0	0.0	14	0.9333333333333333	0	0.0	1	0.06666666666666667	5	0.03968253968253968	94	0.746031746031746	1	0.007936507936507936	26	0.20634920634920634	0	0	1	1	1	1	0	748917167006113792	1	0	0
3112.0	1	0.00032133676092544985	7	0.002249357326478149	53853	17.30494858611825	30	0.009640102827763496	1	0.00032133676092544985	18	11	131	0.6923076923076923	3	0.16666666666666666	13	0.7222222222222222	0	0.0	2	0.1111111111111111	2	0.18181818181818182	9	0.8181818181818182	0	0.0	0	0.0	4	0.030534351145038167	94	0.7175572519083969	5	0.03816793893129771	28	0.21374045801526717	0	0	1	1	1	0	0	2793773827	1	0	0
2166.0	0	0.0	18	0.008310249307479225	1039	0.47968605724838415	63	0.029085872576177285	0	0.0	8	9	78	0.5454545454545454	2	0.25	5	0.625	0	0.0	1	0.125	0	0.0	9	1.0	0	0.0	0	0.0	15	0.19230769230769232	45	0.5769230769230769	0	0.0	18	0.23076923076923078	0	0	0	0	0	1	0	851137611787886592	1	0	0
2039.0	145	0.07111329082883766	5	0.0024521824423737125	8077	3.9612555174104953	29	0.014222658165767533	2	0.000980872976949485	11	10	38	0.8888888888888888	2	0.18181818181818182	8	0.7272727272727273	0	0.0	1	0.09090909090909091	0	0.0	10	1.0	0	0.0	0	0.0	2	0.05263157894736842	27	0.7105263157894737	0	0.0	9	0.23684210526315788	0	0	1	1	1	1	0	896898553985064961	1	0	1
2116.0	36	0.017013232514177693	12	0.005671077504725898	46337	21.898393194706994	47	0.0222117202268431	4	0.001890359168241966	12	11	43	0.6363636363636364	2	0.16666666666666666	9	0.75	0	0.0	1	0.08333333333333333	0	0.0	11	1.0	0	0.0	0	0.0	0	0.0	35	0.813953488372093	1	0.023255813953488372	7	0.16279069767441862	0	0	0	0	0	0	0	868946203421138945	1	0	1
2086.0	0	0.0	6	0.0028763183125599234	4037	1.9352828379674016	24	0.011505273250239693	0	0.0	20	12	80	0.5333333333333333	1	0.05	14	0.7	1	0.05	4	0.2	0	0.0	12	1.0	0	0.0	0	0.0	2	0.025	54	0.675	1	0.0125	23	0.2875	0	0	1	0	0	0	0	880076428603252737	1	0	0
2174.0	0	0.0	4	0.0018399264029438822	122	0.05611775528978841	7	0.003219871205151794	1	0.00045998160073597056	14	15	140	0.8333333333333334	0	0.0	12	0.8571428571428571	0	0.0	2	0.14285714285714285	0	0.0	15	1.0	0	0.0	0	0.0	11	0.07857142857142857	91	0.65	1	0.007142857142857143	37	0.2642857142857143	0	0	0	1	1	1	0	847960705932419073	1	0	0
3772.0	235	0.06230116648992577	432	0.11452810180275716	8423	2.233032873806999	14054	3.7258748674443267	1084	0.2873806998939555	28	12	114	0.5	3	0.10714285714285714	23	0.8214285714285714	0	0.0	2	0.07142857142857142	2	0.16666666666666666	10	0.8333333333333334	0	0.0	0	0.0	12	0.10526315789473684	85	0.7456140350877193	0	0.0	17	0.14912280701754385	1	0	0	1	0	1	1	950328072	0	0	0
2637.0	6	0.0022753128555176336	15	0.005688282138794084	996	0.37770193401592717	73	0.027682973075464544	1	0.0003792188092529389	7	7	42	1.0	5	0.7142857142857143	0	0.0	0	0.0	2	0.2857142857142857	0	0.0	5	0.7142857142857143	0	0.0	2	0.2857142857142857	0	0.0	19	0.4523809523809524	4	0.09523809523809523	19	0.4523809523809524	0	0	0	0	0	0	0	4599110415	1	0	0
3240.0	0	0.0	7	0.0021604938271604936	4	0.0012345679012345679	389	0.12006172839506173	0	0.0	16	15	32	0.9166666666666666	2	0.125	13	0.8125	0	0.0	1	0.0625	2	0.13333333333333333	13	0.8666666666666667	0	0.0	0	0.0	1	0.03125	25	0.78125	0	0.0	6	0.1875	0	0	1	1	1	0	0	2471582485	1	0	1
3655.0	127	0.0347469220246238	1296	0.3545827633378933	2482	0.6790697674418604	55810	15.269493844049247	1205	0.32968536251709984	20	14	93	0.8461538461538461	3	0.15	15	0.75	0	0.0	2	0.1	3	0.21428571428571427	11	0.7857142857142857	0	0.0	0	0.0	8	0.08602150537634409	66	0.7096774193548387	0	0.0	19	0.20430107526881722	1	0	0	1	0	1	1	1262099252	0	0	0
3017.0	589	0.1952270467351674	725	0.24030493868080874	4074	1.3503480278422273	33367	11.059661915810407	1597	0.5293337752734505	21	13	136	0.6666666666666666	3	0.14285714285714285	15	0.7142857142857143	0	0.0	3	0.14285714285714285	2	0.15384615384615385	11	0.8461538461538461	0	0.0	0	0.0	8	0.058823529411764705	105	0.7720588235294118	2	0.014705882352941176	21	0.15441176470588236	1	0	0	0	0	1	1	2914163523	0	0	0
2705.0	4	0.0014787430683918669	304	0.11238447319778189	62862	23.239186691312383	6778	2.5057301293900185	3	0.0011090573012939	17	14	137	0.6153846153846154	2	0.11764705882352941	14	0.8235294117647058	0	0.0	1	0.058823529411764705	0	0.0	14	1.0	0	0.0	0	0.0	8	0.058394160583941604	101	0.7372262773722628	0	0.0	28	0.20437956204379562	0	0	1	0	0	1	0	3983629163	1	0	0
2694.0	0	0.0	8	0.002969561989606533	743	0.2757980697847068	37	0.013734224201930215	0	0.0	14	10	84	0.46153846153846156	2	0.14285714285714285	11	0.7857142857142857	0	0.0	1	0.07142857142857142	0	0.0	10	1.0	0	0.0	0	0.0	11	0.13095238095238096	57	0.6785714285714286	0	0.0	16	0.19047619047619047	0	0	1	0	0	1	0	4063239021	1	0	0
2679.0	11	0.004106009705113848	33	0.012318029115341545	35414	13.219111608809257	221	0.08249346771183277	41	0.01530421799178798	15	12	155	0.9	3	0.2	9	0.6	0	0.0	3	0.2	0	0.0	12	1.0	0	0.0	0	0.0	11	0.07096774193548387	99	0.6387096774193548	15	0.0967741935483871	30	0.1935483870967742	0	0	0	1	0	1	0	4180417402	1	0	1
2695.0	0	0.0	40	0.014842300556586271	1031	0.3825602968460111	123	0.04564007421150278	0	0.0	14	13	143	0.9090909090909091	2	0.14285714285714285	11	0.7857142857142857	0	0.0	1	0.07142857142857142	0	0.0	13	1.0	0	0.0	0	0.0	1	0.006993006993006993	103	0.7202797202797203	1	0.006993006993006993	38	0.26573426573426573	0	0	0	1	1	0	0	4048395140	1	0	0
2233.0	7005	3.137035378414689	56	0.025078369905956112	69106	30.947604120017914	780	0.3493058665472459	836	0.37438423645320196	16	15	121	0.8181818181818182	3	0.1875	13	0.8125	0	0.0	0	0.0	2	0.13333333333333333	13	0.8666666666666667	0	0.0	0	0.0	3	0.024793388429752067	93	0.768595041322314	0	0.0	25	0.2066115702479339	0	0	0	0	0	1	0	826653423076470785	1	0	1
2835.0	115	0.04056437389770723	486	0.17142857142857143	2425	0.855379188712522	13909	4.906172839506173	3871	1.365432098765432	11	13	125	0.7777777777777778	2	0.18181818181818182	8	0.7272727272727273	0	0.0	1	0.09090909090909091	3	0.23076923076923078	10	0.7692307692307693	0	0.0	0	0.0	11	0.088	90	0.72	0	0.0	24	0.192	0	0	0	1	1	1	1	3317799825	0	0	0
2734.0	0	0.0	11	0.004023408924652524	199	0.07278712509144111	144	0.05267008046817849	0	0.0	16	7	93	0.5	0	0.0	11	0.6875	0	0.0	5	0.3125	0	0.0	7	1.0	0	0.0	0	0.0	4	0.043010752688172046	62	0.6666666666666666	0	0.0	27	0.2903225806451613	0	0	1	0	0	0	0	3616988064	1	0	1
2620.0	1	0.0003816793893129771	5	0.0019083969465648854	1619	0.6179389312977099	118	0.0450381679389313	1	0.0003816793893129771	18	14	151	0.7142857142857143	3	0.16666666666666666	13	0.7222222222222222	0	0.0	2	0.1111111111111111	3	0.21428571428571427	11	0.7857142857142857	0	0.0	0	0.0	12	0.07947019867549669	112	0.7417218543046358	0	0.0	27	0.17880794701986755	0	0	1	1	1	0	0	4742568924	1	0	1
5725.0	3358	0.5865502183406114	4846	0.8464628820960699	13562	2.3689082969432316	498971	87.15650655021834	22517	3.9331004366812228	11	10	62	0.875	2	0.18181818181818182	8	0.7272727272727273	0	0.0	1	0.09090909090909091	2	0.2	8	0.8	0	0.0	0	0.0	8	0.12903225806451613	41	0.6612903225806451	0	0.0	13	0.20967741935483872	1	0	1	1	0	1	1	7429102	0	0	0
5216.0	9871	1.8924463190184049	3287	0.6301763803680982	16572	3.1771472392638036	561892	107.72469325153374	1615	0.30962423312883436	14	15	156	0.5714285714285714	2	0.14285714285714285	11	0.7857142857142857	0	0.0	1	0.07142857142857142	0	0.0	15	1.0	0	0.0	0	0.0	26	0.16666666666666666	92	0.5897435897435898	0	0.0	38	0.24358974358974358	0	0	1	1	0	1	1	17800215	0	0	0
1868.0	0	0.0	3	0.0016059957173447537	13990	7.489293361884369	51	0.027301927194860815	0	0.0	16	15	107	1.0	0	0.0	16	1.0	0	0.0	0	0.0	0	0.0	15	1.0	0	0.0	0	0.0	4	0.037383177570093455	82	0.7663551401869159	0	0.0	21	0.19626168224299065	0	0	0	0	0	1	0	959045975821160448	1	0	0
2870.0	20	0.006968641114982578	33	0.011498257839721254	996	0.3470383275261324	4506	1.5700348432055748	1	0.0003484320557491289	19	8	159	0.46153846153846156	3	0.15789473684210525	14	0.7368421052631579	0	0.0	2	0.10526315789473684	3	0.375	5	0.625	0	0.0	0	0.0	11	0.06918238993710692	120	0.7547169811320755	1	0.006289308176100629	27	0.16981132075471697	1	0	1	0	0	1	0	3237862444	1	0	0
4247.0	1	0.0002354603249352484	604	0.14221803626089005	218	0.05133035083588415	47150	11.101954320696963	17	0.004002825523899223	16	13	0	0.8181818181818182	3	0.1875	10	0.625	0	0.0	3	0.1875	3	0.23076923076923078	10	0.7692307692307693	0	0.0	0	0.0	0	0	0	0	0	0	0	0	0	0	1	1	1	1	0	344972339	0	0	0
2675.0	1	0.00037383177570093456	23	0.008598130841121496	19686	7.359252336448598	123	0.045981308411214956	33	0.012336448598130842	14	9	64	0.35714285714285715	1	0.07142857142857142	9	0.6428571428571429	2	0.14285714285714285	2	0.14285714285714285	2	0.2222222222222222	6	0.6666666666666666	1	0.1111111111111111	0	0.0	4	0.0625	42	0.65625	3	0.046875	15	0.234375	0	0	0	1	1	1	0	4204895289	1	0	1
4432.0	1076	0.2427797833935018	4297	0.9695397111913358	21257	4.796254512635379	585560	132.12093862815885	2025	0.4569043321299639	18	13	75	0.75	2	0.1111111111111111	15	0.8333333333333334	0	0.0	1	0.05555555555555555	2	0.15384615384615385	11	0.8461538461538461	0	0.0	0	0.0	10	0.13333333333333333	49	0.6533333333333333	0	0.0	16	0.21333333333333335	0	0	1	1	0	1	1	242555999	0	0	0
5507.0	3047	0.5532958053386599	2271	0.41238423824223713	11154	2.0254221899400764	145120	26.351915743599054	2632	0.4779371708734338	29	10	76	0.47058823529411764	4	0.13793103448275862	21	0.7241379310344828	0	0.0	4	0.13793103448275862	3	0.3	7	0.7	0	0.0	0	0.0	5	0.06578947368421052	56	0.7368421052631579	2	0.02631578947368421	13	0.17105263157894737	1	0	1	1	0	1	1	13491312	0	0	0
4327.0	142	0.032817194360989135	2574	0.5948694245435636	7993	1.847238271319621	139806	32.310145597411605	341	0.07880748786688237	18	12	156	0.7272727272727273	3	0.16666666666666666	13	0.7222222222222222	0	0.0	2	0.1111111111111111	3	0.25	9	0.75	0	0.0	0	0.0	20	0.1282051282051282	106	0.6794871794871795	1	0.00641025641025641	29	0.1858974358974359	1	0	0	1	0	1	1	296361085	0	0	0
2938.0	39	0.01327433628318584	696	0.23689584751531653	70911	24.1358066712049	91655	31.196392103471748	0	0.0	12	12	137	0.8888888888888888	0	0.0	12	1.0	0	0.0	0	0.0	0	0.0	12	1.0	0	0.0	0	0.0	4	0.029197080291970802	98	0.7153284671532847	0	0.0	35	0.25547445255474455	0	0	1	0	0	0	0	3045203078	1	0	0
5118.0	10215	1.995896834701055	1669	0.32610394685423993	9138	1.7854630715123094	71638	13.99726455646737	48083	9.394880812817506	34	13	58	0.5	6	0.17647058823529413	24	0.7058823529411765	0	0.0	4	0.11764705882352941	2	0.15384615384615385	11	0.8461538461538461	0	0.0	0	0.0	4	0.06896551724137931	45	0.7758620689655172	0	0.0	9	0.15517241379310345	1	0	1	1	0	1	1	23600262	0	0	0
2849.0	0	0.0	166	0.05826605826605827	5567	1.954018954018954	1700	0.5967005967005967	3	0.001053001053001053	12	12	117	1.0	0	0.0	12	1.0	0	0.0	0	0.0	0	0.0	12	1.0	0	0.0	0	0.0	2	0.017094017094017096	84	0.717948717948718	2	0.017094017094017096	29	0.24786324786324787	0	0	0	0	0	1	0	3300777107	1	0	0
3129.0	50	0.01597954618088846	1999	0.6388622563119207	5713	1.8258229466283158	507848	162.30361137743688	2147	0.6861617130073506	10	10	165	0.75	2	0.2	7	0.7	0	0.0	1	0.1	3	0.3	7	0.7	0	0.0	0	0.0	30	0.18181818181818182	96	0.5818181818181818	1	0.006060606060606061	38	0.23030303030303031	0	0	0	1	1	0	0	2750127259	0	0	0
3021.0	9091	3.0092684541542534	11425	3.7818603111552465	408736	135.2982456140351	2996395	991.8553459119497	1	0.00033101621979476995	10	10	65	1.0	1	0.1	9	0.9	0	0.0	0	0.0	0	0.0	10	1.0	0	0.0	0	0.0	5	0.07692307692307693	44	0.676923076923077	2	0.03076923076923077	14	0.2153846153846154	0	0	1	0	0	1	0	2907774137	1	0	0
2172.0	20	0.009208103130755065	19	0.008747697974217311	8493	3.910220994475138	500	0.2302025782688766	2	0.0009208103130755065	15	10	126	0.75	0	0.0	14	0.9333333333333333	0	0.0	1	0.06666666666666667	0	0.0	10	1.0	0	0.0	0	0.0	3	0.023809523809523808	91	0.7222222222222222	3	0.023809523809523808	29	0.23015873015873015	0	0	1	1	1	1	0	848869231382978560	1	0	0
4053.0	225	0.05551443375277572	1976	0.48754009375771035	8010	1.9763138415988157	111339	27.47076239822354	53	0.01307673328398717	17	11	112	0.75	3	0.17647058823529413	12	0.7058823529411765	0	0.0	2	0.11764705882352941	3	0.2727272727272727	8	0.7272727272727273	0	0.0	0	0.0	14	0.125	77	0.6875	0	0.0	21	0.1875	0	0	1	1	0	1	1	486694111	0	0	0
2076.0	0	0.0	5	0.0024084778420038534	14160	6.820809248554913	24	0.011560693641618497	1	0.0004816955684007707	12	12	79	1.0	3	0.25	9	0.75	0	0.0	0	0.0	3	0.25	9	0.75	0	0.0	0	0.0	4	0.05063291139240506	51	0.6455696202531646	0	0.0	24	0.3037974683544304	0	0	1	0	0	1	0	883696210200190976	1	0	0
4031.0	267	0.066236665839742	605	0.15008682709005208	1517	0.37633341602580006	9483	2.352517985611511	569	0.14115604068469362	39	12	99	0.5	7	0.1794871794871795	24	0.6153846153846154	0	0.0	8	0.20512820512820512	0	0.0	12	1.0	0	0.0	0	0.0	8	0.08080808080808081	72	0.7272727272727273	0	0.0	19	0.1919191919191919	1	0	1	1	0	0	0	510516465	0	0	0
2091.0	19	0.009086561453849833	33	0.015781922525107604	25058	11.983739837398375	2427	1.1606886657101865	1	0.00047824007651841227	12	12	122	1.0	2	0.16666666666666666	10	0.8333333333333334	0	0.0	0	0.0	0	0.0	12	1.0	0	0.0	0	0.0	12	0.09836065573770492	81	0.6639344262295082	2	0.01639344262295082	27	0.22131147540983606	0	0	1	0	0	0	0	878028362589118464	1	0	1
3728.0	177	0.04747854077253219	1204	0.3229613733905579	9776	2.6223175965665235	51297	13.759924892703863	1277	0.3425429184549356	15	12	107	0.8181818181818182	3	0.2	9	0.6	0	0.0	3	0.2	3	0.25	9	0.75	0	0.0	0	0.0	6	0.056074766355140186	79	0.7383177570093458	0	0.0	22	0.205607476635514	1	0	1	1	0	1	1	1045110018	0	0	0
2083.0	8	0.003840614498319731	17	0.00816130580892943	58986	28.31781084973596	48	0.023043686989918388	0	0.0	14	12	24	0.9090909090909091	1	0.07142857142857142	11	0.7857142857142857	0	0.0	2	0.14285714285714285	0	0.0	12	1.0	0	0.0	0	0.0	1	0.041666666666666664	18	0.75	0	0.0	5	0.20833333333333334	0	0	0	1	1	0	0	881194824346607616	1	0	0
2104.0	36	0.017110266159695818	5	0.002376425855513308	1758	0.8355513307984791	30	0.014258555133079848	18	0.008555133079847909	14	15	112	0.5833333333333334	2	0.14285714285714285	11	0.7857142857142857	0	0.0	1	0.07142857142857142	2	0.13333333333333333	13	0.8666666666666667	0	0.0	0	0.0	9	0.08035714285714286	80	0.7142857142857143	0	0.0	23	0.20535714285714285	0	0	1	0	0	1	0	873611080639160320	1	0	1
2016.0	2	0.000992063492063492	19	0.009424603174603174	2682	1.3303571428571428	541	0.2683531746031746	2	0.000992063492063492	12	9	122	0.6666666666666666	1	0.08333333333333333	8	0.6666666666666666	0	0.0	3	0.25	1	0.1111111111111111	8	0.8888888888888888	0	0.0	0	0.0	5	0.040983606557377046	94	0.7704918032786885	0	0.0	23	0.1885245901639344	0	0	0	0	0	1	0	905443664935231488	1	0	1
2141.0	0	0.0	31	0.014479215319943952	36459	17.02895843063989	833	0.38907052779075196	1	0.00046707146193367583	13	11	69	0.9090909090909091	0	0.0	11	0.8461538461538461	0	0.0	2	0.15384615384615385	0	0.0	11	1.0	0	0.0	0	0.0	3	0.043478260869565216	50	0.7246376811594203	0	0.0	16	0.2318840579710145	0	0	1	1	1	0	0	860246681320923137	1	0	0
2050.0	4	0.001951219512195122	7	0.0034146341463414634	96511	47.07853658536585	25	0.012195121951219513	0	0.0	12	12	71	1.0	2	0.16666666666666666	9	0.75	0	0.0	1	0.08333333333333333	2	0.16666666666666666	9	0.75	0	0.0	1	0.08333333333333333	3	0.04225352112676056	53	0.7464788732394366	2	0.028169014084507043	13	0.18309859154929578	0	0	0	1	1	0	0	893031888734101504	1	0	1
2134.0	1108	0.5192127460168697	21	0.009840674789128397	15288	7.164011246485473	117	0.054826616682286784	167	0.07825679475164012	18	13	137	0.6923076923076923	2	0.1111111111111111	15	0.8333333333333334	0	0.0	1	0.05555555555555555	1	0.07692307692307693	12	0.9230769230769231	0	0.0	0	0.0	5	0.0364963503649635	103	0.7518248175182481	1	0.0072992700729927005	28	0.20437956204379562	0	0	0	1	1	0	0	862610528711188480	1	0	1
1670.0	0	0.0	8	0.004790419161676647	2242	1.3425149700598802	35	0.020958083832335328	0	0.0	13	12	92	0.38461538461538464	2	0.15384615384615385	10	0.7692307692307693	0	0.0	1	0.07692307692307693	0	0.0	12	1.0	0	0.0	0	0.0	1	0.010869565217391304	74	0.8043478260869565	0	0.0	17	0.18478260869565216	0	0	0	0	0	0	0	1030875249691303938	1	0	0
3052.0	495	0.16218872870249018	1356	0.4442988204456094	4553	1.4918086500655308	64699	21.198885976408913	720	0.23591087811271297	17	14	93	0.8181818181818182	3	0.17647058823529413	11	0.6470588235294118	0	0.0	3	0.17647058823529413	3	0.21428571428571427	11	0.7857142857142857	0	0.0	0	0.0	8	0.08602150537634409	67	0.7204301075268817	0	0.0	18	0.1935483870967742	1	0	0	1	1	1	1	2891210047	0	0	0
2690.0	1592	0.59182156133829	25	0.00929368029739777	6550	2.4349442379182156	50	0.01858736059479554	0	0.0	15	13	24	0.9090909090909091	3	0.2	10	0.6666666666666666	0	0.0	2	0.13333333333333333	0	0.0	13	1.0	0	0.0	0	0.0	0	0.0	20	0.8333333333333334	0	0.0	4	0.16666666666666666	0	0	0	1	1	0	0	4097400133	1	0	0
1618.0	0	0.0	1	0.0006180469715698393	299	0.18479604449938195	12	0.007416563658838072	0	0.0	12	10	139	0.8333333333333334	0	0.0	10	0.8333333333333334	0	0.0	2	0.16666666666666666	3	0.3	7	0.7	0	0.0	0	0.0	3	0.02158273381294964	107	0.7697841726618705	0	0.0	29	0.20863309352517986	0	0	1	1	1	0	0	1049728241248874496	1	0	0
2191.0	134	0.0611592879963487	222	0.10132359653126426	147116	67.14559561843907	9124	4.1643085349155635	7	0.003194888178913738	11	10	151	0.8888888888888888	2	0.18181818181818182	8	0.7272727272727273	0	0.0	1	0.09090909090909091	2	0.2	8	0.8	0	0.0	0	0.0	12	0.07947019867549669	102	0.6754966887417219	6	0.039735099337748346	31	0.2052980132450331	0	0	1	1	1	1	0	842095599100997636	1	0	0
2703.0	1	0.0003699593044765076	16	0.0059193488716241215	5276	1.951905290418054	81	0.029966703662597113	2	0.0007399186089530152	5	9	78	0.0	0	0.0	0	0.0	0	0.0	5	1.0	0	0.0	3	0.3333333333333333	4	0.4444444444444444	2	0.2222222222222222	4	0.05128205128205128	54	0.6923076923076923	0	0.0	20	0.2564102564102564	0	0	1	1	1	1	0	4002930083	1	0	0
4321.0	2223	0.5144642443878732	715	0.16547095579726914	6177	1.429530201342282	18253	4.224253644989585	1977	0.45753297847720437	20	11	151	0.5714285714285714	3	0.15	14	0.7	0	0.0	3	0.15	2	0.18181818181818182	9	0.8181818181818182	0	0.0	0	0.0	10	0.06622516556291391	113	0.7483443708609272	2	0.013245033112582781	26	0.17218543046357615	1	0	1	1	0	1	1	299883942	0	0	0
2809.0	34	0.012103951584193664	20	0.00711997152011392	529	0.18832324670701317	518	0.1844072623709505	443	0.15770736917052333	16	9	160	0.8	3	0.1875	11	0.6875	0	0.0	2	0.125	0	0.0	9	1.0	0	0.0	0	0.0	15	0.09375	115	0.71875	0	0.0	30	0.1875	1	0	1	1	1	1	0	3362856371	1	0	1
2627.0	0	0.0	13	0.0049486105824134	55297	21.049486105824133	13	0.0049486105824134	0	0.0	10	9	0	0.8571428571428571	0	0.0	9	0.9	0	0.0	1	0.1	0	0.0	9	1.0	0	0.0	0	0.0	0	0	0	0	0	0	0	0	0	0	0	0	0	1	0	4706049494	1	0	0
3612.0	921	0.2549833887043189	298	0.08250276854928018	2797	0.7743632336655593	9615	2.6619601328903655	925	0.2560908084163898	16	10	123	0.3333333333333333	3	0.1875	10	0.625	0	0.0	3	0.1875	3	0.3	7	0.7	0	0.0	0	0.0	9	0.07317073170731707	91	0.7398373983739838	0	0.0	23	0.18699186991869918	1	0	1	0	0	1	1	1378000346	0	0	0
3851.0	64	0.01661905998441963	2783	0.7226694365099974	6894	1.7901843676967022	469276	121.85821864450791	1551	0.4027525318099195	18	11	159	0.5	3	0.16666666666666666	12	0.6666666666666666	0	0.0	3	0.16666666666666666	2	0.18181818181818182	9	0.8181818181818182	0	0.0	0	0.0	9	0.05660377358490566	119	0.7484276729559748	1	0.006289308176100629	30	0.18867924528301888	1	0	1	0	0	1	1	787373558	0	0	0
4114.0	2069	0.5029168692270296	934	0.22702965483714146	6990	1.699076324744774	22906	5.56781720952844	1106	0.26883811375789984	17	13	65	0.8461538461538461	3	0.17647058823529413	10	0.5882352941176471	0	0.0	4	0.23529411764705882	3	0.23076923076923078	10	0.7692307692307693	0	0.0	0	0.0	7	0.1076923076923077	41	0.6307692307692307	2	0.03076923076923077	15	0.23076923076923078	1	0	0	0	0	0	1	432676344	0	0	0
2991.0	2	0.0006686726847208291	2036	0.6807087930458041	934	0.3122701437646272	169167	56.55867602808425	1	0.00033433634236041456	17	8	124	0.4444444444444444	3	0.17647058823529413	12	0.7058823529411765	0	0.0	2	0.11764705882352941	2	0.25	6	0.75	0	0.0	0	0.0	8	0.06451612903225806	90	0.7258064516129032	0	0.0	26	0.20967741935483872	0	0	0	1	1	0	1	2962923040	0	0	0
2584.0	0	0.0	16	0.006191950464396285	913	0.35332817337461303	34	0.013157894736842105	0	0.0	14	14	95	0.8181818181818182	2	0.14285714285714285	11	0.7857142857142857	0	0.0	1	0.07142857142857142	0	0.0	13	0.9285714285714286	0	0.0	1	0.07142857142857142	5	0.05263157894736842	66	0.6947368421052632	3	0.031578947368421054	21	0.22105263157894736	1	0	1	1	1	1	0	4920352317	1	0	0
3714.0	298	0.08023694130317717	795	0.21405492730210016	2610	0.7027463651050081	18206	4.901992460958535	501	0.13489499192245558	20	14	87	0.7333333333333333	5	0.25	11	0.55	0	0.0	4	0.2	3	0.21428571428571427	11	0.7857142857142857	0	0.0	0	0.0	8	0.09195402298850575	60	0.6896551724137931	2	0.022988505747126436	17	0.19540229885057472	1	0	1	1	0	1	1	1083448909	0	0	0
4557.0	1101	0.24160631994733378	1738	0.3813912661838929	8103	1.7781435154707044	84845	18.618608733816107	46812	10.272547728768927	8	10	141	0.6	2	0.25	5	0.625	0	0.0	1	0.125	3	0.3	7	0.7	0	0.0	0	0.0	19	0.1347517730496454	89	0.6312056737588653	4	0.028368794326241134	29	0.20567375886524822	0	0	1	1	0	1	1	193732179	0	0	0
4384.0	1	0.0002281021897810219	1482	0.3380474452554745	7021	1.6015054744525548	95659	21.820027372262775	11118	2.5360401459854014	11	13	70	0.7777777777777778	2	0.18181818181818182	8	0.7272727272727273	0	0.0	1	0.09090909090909091	3	0.23076923076923078	10	0.7692307692307693	0	0.0	0	0.0	11	0.15714285714285714	47	0.6714285714285714	0	0.0	12	0.17142857142857143	1	0	1	1	0	1	1	266133081	0	0	0
2606.0	21	0.008058326937835763	6	0.0023023791250959325	4266	1.636991557943208	28	0.010744435917114352	0	0.0	14	12	69	0.9	3	0.21428571428571427	9	0.6428571428571429	0	0.0	2	0.14285714285714285	3	0.25	9	0.75	0	0.0	0	0.0	2	0.028985507246376812	52	0.7536231884057971	0	0.0	15	0.21739130434782608	0	0	1	1	1	0	0	4810350176	1	0	1
3649.0	0	0.0	18	0.004932858317347218	4600	1.2606193477665113	134	0.03672238969580707	1	0.0002740476842970677	11	12	73	0.3	10	0.9090909090909091	0	0.0	0	0.0	1	0.09090909090909091	0	0.0	12	1.0	0	0.0	0	0.0	2	0.0273972602739726	59	0.8082191780821918	0	0.0	12	0.1643835616438356	0	0	1	1	1	1	0	1276550754	1	0	0
3759.0	2636	0.7012503325352487	732	0.19473264166001597	6355	1.690609204575685	24098	6.41074753923916	2646	0.7039106145251397	10	12	65	0.7272727272727273	2	0.2	7	0.7	0	0.0	1	0.1	3	0.25	9	0.75	0	0.0	0	0.0	3	0.046153846153846156	50	0.7692307692307693	2	0.03076923076923077	10	0.15384615384615385	1	0	1	0	0	1	1	976969338	0	0	0
2699.0	764	0.28306780288995925	7	0.002593553167839941	309	0.1144868469803631	14	0.005187106335679882	0	0.0	19	13	146	0.7857142857142857	15	0.7894736842105263	0	0.0	0	0.0	4	0.21052631578947367	3	0.23076923076923078	10	0.7692307692307693	0	0.0	0	0.0	3	0.02054794520547945	110	0.7534246575342466	0	0.0	33	0.22602739726027396	0	0	0	1	1	0	0	4003569312	1	0	1
3985.0	0	0.0	1117	0.28030112923462985	2075	0.520702634880803	66236	16.62132998745295	549	0.13776662484316185	20	14	51	0.9090909090909091	3	0.15	15	0.75	0	0.0	2	0.1	3	0.21428571428571427	11	0.7857142857142857	0	0.0	0	0.0	7	0.13725490196078433	34	0.6666666666666666	0	0.0	10	0.19607843137254902	0	0	0	1	0	1	1	555474658	0	0	0
4438.0	3067	0.6910770617395223	1393	0.3138801261829653	13410	3.021631365479946	65305	14.714961694456962	13745	3.0971158179360074	16	13	153	0.8333333333333334	3	0.1875	10	0.625	0	0.0	3	0.1875	3	0.23076923076923078	10	0.7692307692307693	0	0.0	0	0.0	10	0.06535947712418301	110	0.7189542483660131	2	0.013071895424836602	31	0.20261437908496732	1	0	1	1	0	1	1	240393970	0	0	0
1648.0	20	0.012135922330097087	9	0.0054611650485436895	5095	3.091626213592233	435	0.26395631067961167	3	0.0018203883495145632	21	14	140	0.6666666666666666	3	0.14285714285714285	16	0.7619047619047619	0	0.0	2	0.09523809523809523	0	0.0	13	0.9285714285714286	0	0.0	1	0.07142857142857142	4	0.02857142857142857	106	0.7571428571428571	4	0.02857142857142857	26	0.18571428571428572	1	0	1	0	0	1	0	1038811495549886464	1	0	1
1723.0	0	0.0	15	0.008705745792222866	13837	8.030760301799187	252	0.14625652930934416	0	0.0	10	10	160	1.0	1	0.1	9	0.9	0	0.0	0	0.0	0	0.0	10	1.0	0	0.0	0	0.0	3	0.01875	127	0.79375	0	0.0	30	0.1875	0	0	1	0	0	0	0	1011692391961714688	1	0	1
1843.0	0	0.0	4	0.002170374389582203	415	0.22517634291915356	15	0.008138903960933261	0	0.0	19	15	116	0.8571428571428571	3	0.15789473684210525	14	0.7368421052631579	0	0.0	2	0.10526315789473684	3	0.2	12	0.8	0	0.0	0	0.0	5	0.04310344827586207	87	0.75	2	0.017241379310344827	22	0.1896551724137931	0	0	0	1	1	1	0	968152918229770240	1	0	0
1858.0	1	0.0005382131324004305	4	0.002152852529601722	765	0.4117330462863294	13	0.006996770721205597	1	0.0005382131324004305	13	11	119	0.9166666666666666	3	0.23076923076923078	8	0.6153846153846154	0	0.0	2	0.15384615384615385	0	0.0	11	1.0	0	0.0	0	0.0	9	0.07563025210084033	81	0.680672268907563	7	0.058823529411764705	22	0.18487394957983194	0	0	1	1	1	1	0	962614275343900673	1	0	0
1809.0	3	0.001658374792703151	11	0.006080707573244887	5642	3.118850193477059	61	0.033720287451630734	2	0.001105583195135434	16	14	111	0.9230769230769231	3	0.1875	11	0.6875	0	0.0	2	0.125	3	0.21428571428571427	11	0.7857142857142857	0	0.0	0	0.0	11	0.0990990990990991	71	0.6396396396396397	4	0.036036036036036036	25	0.22522522522522523	0	0	0	1	1	1	0	980236476695961601	1	0	1
1951.0	0	0.0	5	0.0025627883136852894	14595	7.4807790876473605	24	0.01230138390568939	0	0.0	9	11	133	0.3	2	0.2222222222222222	6	0.6666666666666666	0	0.0	1	0.1111111111111111	2	0.18181818181818182	9	0.8181818181818182	0	0.0	0	0.0	25	0.18796992481203006	81	0.6090225563909775	0	0.0	27	0.20300751879699247	0	0	1	0	0	1	0	929038210902253569	1	0	0
1591.0	1	0.0006285355122564425	10	0.006285355122564425	75547	47.48397234443746	223	0.14016341923318668	0	0.0	20	11	72	0.6923076923076923	3	0.15	14	0.7	0	0.0	3	0.15	0	0.0	11	1.0	0	0.0	0	0.0	1	0.013888888888888888	57	0.7916666666666666	0	0.0	14	0.19444444444444445	0	0	1	1	1	0	0	1059567421894418433	1	0	0
1932.0	1	0.0005175983436853002	13	0.006728778467908903	27574	14.272256728778467	99	0.05124223602484472	2	0.0010351966873706005	22	15	53	0.5	0	0.0	19	0.8636363636363636	0	0.0	3	0.13636363636363635	0	0.0	15	1.0	0	0.0	0	0.0	1	0.018867924528301886	45	0.8490566037735849	0	0.0	7	0.1320754716981132	0	0	1	0	0	0	0	935932808815697922	1	0	0
1697.0	0	0.0	29	0.01708898055391868	9485	5.589275191514437	281	0.16558632881555688	0	0.0	14	14	92	0.0	3	0.21428571428571427	9	0.6428571428571429	0	0.0	2	0.14285714285714285	0	0.0	12	0.8571428571428571	0	0.0	2	0.14285714285714285	5	0.05434782608695652	71	0.7717391304347826	0	0.0	16	0.17391304347826086	0	0	0	1	1	0	0	1020970182582460418	1	0	0
1742.0	0	0.0	1	0.000574052812858783	131	0.07520091848450057	33	0.01894374282433984	65	0.03731343283582089	9	9	82	1.0	0	0.0	9	1.0	0	0.0	0	0.0	0	0.0	9	1.0	0	0.0	0	0.0	2	0.024390243902439025	63	0.7682926829268293	3	0.036585365853658534	14	0.17073170731707318	0	0	1	0	0	1	0	1004526221429039110	1	0	1
3767.0	605	0.16060525617202018	938	0.2490045128749668	3866	1.026280860100876	28463	7.555880010618529	751	0.19936288823997877	20	15	141	0.7857142857142857	5	0.25	10	0.5	0	0.0	5	0.25	5	0.3333333333333333	10	0.6666666666666666	0	0.0	0	0.0	21	0.14893617021276595	88	0.624113475177305	2	0.014184397163120567	30	0.2127659574468085	1	0	1	1	0	1	1	960962340	0	0	0
3724.0	269	0.07223415682062298	2837	0.7618152524167562	7208	1.9355531686358753	738621	198.3407626208378	747	0.2005907626208378	15	10	157	0.7777777777777778	5	0.3333333333333333	8	0.5333333333333333	0	0.0	2	0.13333333333333333	0	0.0	10	1.0	0	0.0	0	0.0	18	0.11464968152866242	109	0.6942675159235668	0	0.0	30	0.1910828025477707	1	0	1	1	0	1	1	1055907624	0	0	0
3055.0	572	0.18723404255319148	1916	0.6271685761047463	9794	3.2058919803600654	157865	51.67430441898527	169	0.05531914893617021	10	12	134	0.8888888888888888	2	0.2	7	0.7	0	0.0	1	0.1	3	0.25	9	0.75	0	0.0	0	0.0	6	0.04477611940298507	99	0.7388059701492538	0	0.0	29	0.21641791044776118	1	0	1	0	0	1	1	2856787757	0	0	0
5175.0	467	0.09024154589371981	3168	0.6121739130434782	23608	4.561932367149758	170962	33.03613526570048	5006	0.9673429951690822	11	13	51	0.7272727272727273	2	0.18181818181818182	8	0.7272727272727273	0	0.0	1	0.09090909090909091	0	0.0	13	1.0	0	0.0	0	0.0	6	0.11764705882352941	38	0.7450980392156863	0	0.0	7	0.13725490196078433	1	0	1	0	0	1	1	18915145	0	0	0
5208.0	1116	0.21428571428571427	1134	0.21774193548387097	8761	1.6822196620583718	19571	3.757872503840246	976	0.18740399385560677	12	11	151	0.9	2	0.16666666666666666	9	0.75	0	0.0	1	0.08333333333333333	2	0.18181818181818182	9	0.8181818181818182	0	0.0	0	0.0	17	0.11258278145695365	104	0.6887417218543046	2	0.013245033112582781	28	0.18543046357615894	1	0	1	1	0	1	1	18030431	0	0	0
2286.0	57	0.024934383202099737	9	0.003937007874015748	23382	10.228346456692913	64	0.02799650043744532	153	0.06692913385826772	17	12	135	0.42857142857142855	2	0.11764705882352941	8	0.47058823529411764	0	0.0	7	0.4117647058823529	3	0.25	9	0.75	0	0.0	0	0.0	3	0.022222222222222223	95	0.7037037037037037	0	0.0	37	0.2740740740740741	0	0	1	0	0	1	0	807562414380249088	1	0	1
1949.0	0	0.0	4	0.002052334530528476	69	0.03540277065161621	1	0.000513083632632119	0	0.0	17	12	33	0.0	7	0.4117647058823529	0	0.0	0	0.0	10	0.5882352941176471	0	0.0	11	0.9166666666666666	0	0.0	1	0.08333333333333333	23	0.696969696969697	0	0.0	0	0.0	10	0.30303030303030304	0	0	0	0	0	0	0	929819203082874880	1	0	0
1698.0	3	0.0017667844522968198	4	0.002355712603062426	13274	7.8174322732626615	10	0.005889281507656066	2	0.001177856301531213	32	10	84	0.47058823529411764	1	0.03125	23	0.71875	0	0.0	8	0.25	1	0.1	7	0.7	0	0.0	2	0.2	10	0.11904761904761904	55	0.6547619047619048	0	0.0	19	0.2261904761904762	0	0	1	0	0	0	0	1020733774580117504	1	0	1
2599.0	0	0.0	4	0.0015390534821085034	225	0.08657175836860331	6	0.002308580223162755	0	0.0	11	10	74	0.875	2	0.18181818181818182	8	0.7272727272727273	0	0.0	1	0.09090909090909091	2	0.2	8	0.8	0	0.0	0	0.0	2	0.02702702702702703	58	0.7837837837837838	0	0.0	14	0.1891891891891892	0	0	0	0	0	0	0	4869775209	1	0	0
3208.0	0	0.0	14	0.004364089775561097	59083	18.417394014962593	1235	0.38497506234413964	1118	0.3485037406483791	5	14	158	0.36363636363636365	1	0.2	4	0.8	0	0.0	0	0.0	2	0.14285714285714285	12	0.8571428571428571	0	0.0	0	0.0	6	0.0379746835443038	114	0.7215189873417721	0	0.0	38	0.24050632911392406	0	0	0	1	1	1	0	2541903745	1	0	0
2987.0	1269	0.4248409775694677	1219	0.4081017743555407	8095	2.7100770003347843	103535	34.661868095078674	2591	0.867425510545698	19	13	117	0.8181818181818182	3	0.15789473684210525	13	0.6842105263157895	0	0.0	3	0.15789473684210525	3	0.23076923076923078	10	0.7692307692307693	0	0.0	0	0.0	14	0.11965811965811966	76	0.6495726495726496	4	0.03418803418803419	23	0.19658119658119658	1	0	1	1	1	1	1	2970279814	0	0	0
3116.0	0	0.0	12	0.0038510911424903724	258955	83.10494223363287	23	0.007381258023106547	0	0.0	7	9	118	1.0	0	0.0	6	0.8571428571428571	0	0.0	1	0.14285714285714285	0	0.0	6	0.6666666666666666	0	0.0	3	0.3333333333333333	10	0.0847457627118644	79	0.6694915254237288	2	0.01694915254237288	27	0.2288135593220339	0	0	1	1	1	1	0	2784894884	1	0	0
2995.0	323	0.10784641068447412	1295	0.4323873121869783	4984	1.6641068447412355	44454	14.842737896494157	574	0.19165275459098496	19	13	29	0.6923076923076923	3	0.15789473684210525	14	0.7368421052631579	0	0.0	2	0.10526315789473684	2	0.15384615384615385	11	0.8461538461538461	0	0.0	0	0.0	5	0.1724137931034483	18	0.6206896551724138	0	0.0	6	0.20689655172413793	1	0	1	0	0	1	1	2955485182	0	0	0
1942.0	735	0.378475798146241	155	0.07981462409886715	11738	6.044284243048404	14322	7.374871266735324	2	0.0010298661174047373	39	11	143	0.42105263157894735	5	0.1282051282051282	24	0.6153846153846154	0	0.0	10	0.2564102564102564	0	0.0	11	1.0	0	0.0	0	0.0	18	0.1258741258741259	94	0.6573426573426573	0	0.0	31	0.21678321678321677	0	0	1	1	1	1	0	932049341862240256	1	0	0
2193.0	0	0.0	1	0.00045599635202918376	766	0.3492932056543548	22	0.010031919744642043	4	0.001823985408116735	14	13	94	0.9090909090909091	13	0.9285714285714286	0	0.0	0	0.0	1	0.07142857142857142	5	0.38461538461538464	8	0.6153846153846154	0	0.0	0	0.0	5	0.05319148936170213	71	0.7553191489361702	2	0.02127659574468085	16	0.1702127659574468	0	0	0	0	0	1	0	841390100537843713	1	0	0
1774.0	0	0.0	9	0.005073280721533258	638	0.3596392333709132	34	0.019165727170236752	0	0.0	16	14	87	0.9230769230769231	5	0.3125	9	0.5625	0	0.0	2	0.125	0	0.0	14	1.0	0	0.0	0	0.0	7	0.08045977011494253	59	0.6781609195402298	2	0.022988505747126436	19	0.21839080459770116	0	0	1	0	0	0	0	993195429897625601	1	0	0
1965.0	2	0.0010178117048346056	6	0.0030534351145038168	24491	12.463613231552163	87	0.044274809160305344	2	0.0010178117048346056	16	13	79	0.8888888888888888	5	0.3125	8	0.5	0	0.0	3	0.1875	6	0.46153846153846156	7	0.5384615384615384	0	0.0	0	0.0	4	0.05063291139240506	61	0.7721518987341772	0	0.0	14	0.17721518987341772	0	0	1	1	1	1	0	923966671827755008	1	0	0
2264.0	0	0.0	26	0.011484098939929329	4583	2.0242932862190814	24	0.01060070671378092	1	0.00044169611307420494	19	10	60	0.6428571428571429	3	0.15789473684210525	14	0.7368421052631579	0	0.0	2	0.10526315789473684	0	0.0	10	1.0	0	0.0	0	0.0	0	0.0	50	0.8333333333333334	0	0.0	10	0.16666666666666666	0	0	0	0	0	0	0	815575797461295108	1	0	0
2261.0	14631	6.471030517470146	2726	1.2056612118531622	22823	10.09420610349403	693666	306.79610791685093	1782	0.7881468376824414	14	14	38	0.8461538461538461	3	0.21428571428571427	9	0.6428571428571429	0	0.0	2	0.14285714285714285	5	0.35714285714285715	9	0.6428571428571429	0	0.0	0	0.0	4	0.10526315789473684	29	0.7631578947368421	0	0.0	5	0.13157894736842105	0	0	1	1	1	1	1	816652616625168388	0	0	0
2078.0	1	0.00048123195380173246	56	0.026948989412897015	405	0.19489894128970164	5310	2.5553416746871993	6410	3.084696823869105	15	12	157	0.8333333333333334	2	0.13333333333333333	10	0.6666666666666666	0	0.0	3	0.2	2	0.16666666666666666	10	0.8333333333333334	0	0.0	0	0.0	8	0.050955414012738856	117	0.7452229299363057	0	0.0	32	0.20382165605095542	0	0	0	1	1	0	0	883079678906572806	1	0	1
2081.0	6	0.0028832292167227293	4	0.0019221528111484864	840	0.4036520903411821	17	0.008169149447381067	63	0.03027390677558866	15	14	53	0.75	2	0.13333333333333333	11	0.7333333333333333	0	0.0	2	0.13333333333333333	0	0.0	12	0.8571428571428571	0	0.0	2	0.14285714285714285	3	0.05660377358490566	40	0.7547169811320755	0	0.0	10	0.18867924528301888	0	0	0	1	1	0	0	881688089164259328	1	0	0
3164.0	0	0.0	24	0.007585335018963337	2497	0.7891908975979772	140	0.04424778761061947	0	0.0	15	15	60	0.8181818181818182	0	0.0	14	0.9333333333333333	0	0.0	1	0.06666666666666667	0	0.0	14	0.9333333333333333	0	0.0	1	0.06666666666666667	0	0.0	47	0.7833333333333333	0	0.0	13	0.21666666666666667	0	0	0	1	0	0	0	2651152393	1	0	0
2037.0	53	0.026018654884634267	5	0.002454590083456063	830	0.4074619538537064	139	0.06823760432007854	2	0.0009818360333824251	8	15	114	0.5454545454545454	1	0.125	6	0.75	0	0.0	1	0.125	4	0.26666666666666666	11	0.7333333333333333	0	0.0	0	0.0	1	0.008771929824561403	91	0.7982456140350878	1	0.008771929824561403	21	0.18421052631578946	0	0	1	1	1	0	0	897666750640029697	1	0	1
2294.0	0	0.0	9	0.003923278116826504	1728	0.7532693984306887	140	0.06102877070619006	4	0.0017436791630340018	7	8	40	0.5555555555555556	0	0.0	7	1.0	0	0.0	0	0.0	0	0.0	8	1.0	0	0.0	0	0.0	0	0.0	31	0.775	0	0.0	9	0.225	0	0	0	0	0	1	0	804825537671593985	1	0	0
4433.0	855	0.19287164448454772	596	0.13444619896232798	2833	0.6390706068125422	20823	4.697270471464019	630	0.14211594856756146	12	14	69	0.8333333333333334	2	0.16666666666666666	9	0.75	0	0.0	1	0.08333333333333333	3	0.21428571428571427	11	0.7857142857142857	0	0.0	0	0.0	11	0.15942028985507245	42	0.6086956521739131	2	0.028985507246376812	14	0.2028985507246377	1	0	1	1	0	0	1	242376736	0	0	0
3007.0	516	0.1715996009311606	368	0.12238111074160293	3739	1.2434319920186232	14330	4.76554705686731	647	0.2151646158962421	16	11	88	0.5833333333333334	2	0.125	13	0.8125	0	0.0	1	0.0625	2	0.18181818181818182	9	0.8181818181818182	0	0.0	0	0.0	9	0.10227272727272728	62	0.7045454545454546	2	0.022727272727272728	15	0.17045454545454544	1	0	1	1	1	1	1	2933760046	0	0	0
4454.0	2865	0.643242029636282	1028	0.23080377189043558	7694	1.7274360125729682	27320	6.133812303547373	1096	0.24607094746295466	18	15	147	0.8461538461538461	3	0.16666666666666666	12	0.6666666666666666	0	0.0	3	0.16666666666666666	3	0.2	12	0.8	0	0.0	0	0.0	22	0.14965986394557823	81	0.5510204081632653	12	0.08163265306122448	32	0.21768707482993196	1	0	1	1	0	1	1	233693291	0	0	0
3126.0	0	0.0	111	0.03550863723608445	11566	3.6999360204734484	1812	0.5796545105566219	1	0.0003198976327575176	8	7	130	0.8333333333333334	2	0.25	5	0.625	0	0.0	1	0.125	2	0.2857142857142857	5	0.7142857142857143	0	0.0	0	0.0	4	0.03076923076923077	97	0.7461538461538462	0	0.0	29	0.2230769230769231	0	0	0	0	0	1	0	2759909491	1	0	0
4424.0	58	0.013110307414104882	752	0.16998191681735986	2272	0.5135623869801085	20511	4.63630198915009	675	0.1525768535262206	16	13	159	0.5454545454545454	3	0.1875	10	0.625	0	0.0	3	0.1875	2	0.15384615384615385	10	0.7692307692307693	0	0.0	1	0.07692307692307693	16	0.10062893081761007	103	0.6477987421383647	9	0.05660377358490566	31	0.1949685534591195	1	0	1	1	0	1	1	246341769	0	0	0
2671.0	0	0.0	6	0.0022463496817671283	3	0.0011231748408835642	29	0.010857356795207787	2	0.0007487832272557095	17	15	107	0.9	0	0.0	15	0.8823529411764706	0	0.0	2	0.11764705882352941	0	0.0	15	1.0	0	0.0	0	0.0	5	0.04672897196261682	76	0.7102803738317757	2	0.018691588785046728	24	0.22429906542056074	0	0	0	1	0	1	0	4243972239	1	0	1
5130.0	344	0.06705653021442495	2951	0.5752436647173489	25723	5.014230019493177	157354	30.673294346978558	6693	1.3046783625730993	11	13	78	0.8	2	0.18181818181818182	8	0.7272727272727273	0	0.0	1	0.09090909090909091	3	0.23076923076923078	10	0.7692307692307693	0	0.0	0	0.0	8	0.10256410256410256	57	0.7307692307692307	0	0.0	13	0.16666666666666666	1	0	1	1	0	1	1	22012091	0	0	0
5062.0	1203	0.23765310154089292	1225	0.24199920979849862	6238	1.2323192414065587	99750	19.705649940734887	576	0.11378901619913077	13	12	135	0.6363636363636364	2	0.15384615384615385	10	0.7692307692307693	0	0.0	1	0.07692307692307693	2	0.16666666666666666	10	0.8333333333333334	0	0.0	0	0.0	14	0.1037037037037037	96	0.7111111111111111	2	0.014814814814814815	23	0.17037037037037037	1	0	1	1	0	1	1	37920978	0	0	0
2630.0	1	0.00038022813688212925	14	0.00532319391634981	488	0.18555133079847907	44	0.016730038022813688	0	0.0	19	11	55	0.4375	3	0.15789473684210525	14	0.7368421052631579	0	0.0	2	0.10526315789473684	0	0.0	8	0.7272727272727273	3	0.2727272727272727	0	0.0	1	0.01818181818181818	45	0.8181818181818182	0	0.0	9	0.16363636363636364	0	0	1	0	0	0	0	4690010330	1	0	0
3759.0	98776	26.277201383346636	3750	0.9976057462090981	16569	4.407821229050279	614573	163.49374833732375	9930	2.641660015961692	13	15	155	0.7272727272727273	2	0.15384615384615385	10	0.7692307692307693	0	0.0	1	0.07692307692307693	3	0.2	12	0.8	0	0.0	0	0.0	21	0.13548387096774195	97	0.6258064516129033	6	0.03870967741935484	31	0.2	1	0	1	1	0	1	1	975200486	0	0	0
3336.0	0	0.0	30	0.008992805755395683	7031	2.1076139088729016	193	0.0578537170263789	1	0.00029976019184652276	11	10	64	0.9	2	0.18181818181818182	8	0.7272727272727273	0	0.0	1	0.09090909090909091	2	0.2	8	0.8	0	0.0	0	0.0	5	0.078125	50	0.78125	0	0.0	9	0.140625	0	0	1	1	0	1	0	2310283526	1	0	1
2584.0	2	0.0007739938080495357	8	0.0030959752321981426	17491	6.768962848297214	146	0.0565015479876161	3	0.0011609907120743034	18	12	84	0.6666666666666666	1	0.05555555555555555	10	0.5555555555555556	0	0.0	7	0.3888888888888889	0	0.0	12	1.0	0	0.0	0	0.0	10	0.11904761904761904	51	0.6071428571428571	0	0.0	23	0.27380952380952384	0	0	0	0	0	0	0	4919025952	1	0	0
4433.0	4059	0.9156327543424317	1788	0.403338596886984	15789	3.561696368147981	109608	24.72546808030679	710	0.16016241822693436	17	11	154	0.6923076923076923	4	0.23529411764705882	10	0.5882352941176471	0	0.0	3	0.17647058823529413	3	0.2727272727272727	8	0.7272727272727273	0	0.0	0	0.0	21	0.13636363636363635	93	0.6038961038961039	2	0.012987012987012988	38	0.24675324675324675	1	0	1	0	0	1	1	242426145	0	0	0
3052.0	567	0.18577981651376146	1486	0.48689384010484926	4781	1.56651376146789	120281	39.4105504587156	1012	0.3315858453473132	12	14	66	0.7272727272727273	2	0.16666666666666666	9	0.75	0	0.0	1	0.08333333333333333	0	0.0	14	1.0	0	0.0	0	0.0	8	0.12121212121212122	46	0.696969696969697	0	0.0	12	0.18181818181818182	1	0	1	1	1	1	0	2863210809	0	0	0
5139.0	371	0.07219303366413699	2313	0.4500875656742557	3303	0.6427320490367776	98114	19.092041253162094	548	0.10663553220470909	14	9	73	0.46153846153846156	2	0.14285714285714285	11	0.7857142857142857	0	0.0	1	0.07142857142857142	2	0.2222222222222222	7	0.7777777777777778	0	0.0	0	0.0	9	0.1232876712328767	48	0.6575342465753424	0	0.0	16	0.2191780821917808	1	0	1	0	0	1	1	21111098	0	0	0
4922.0	168	0.03413246647704185	2627	0.5337261275904104	7812	1.5871596911824462	153390	31.164160910199104	2230	0.45306785859406745	20	11	84	0.6666666666666666	3	0.15	14	0.7	0	0.0	3	0.15	2	0.18181818181818182	9	0.8181818181818182	0	0.0	0	0.0	7	0.08333333333333333	64	0.7619047619047619	0	0.0	13	0.15476190476190477	1	0	1	1	0	1	1	76456274	0	0	0
4447.0	491	0.1104115133798066	1971	0.44322014841466156	9814	2.206881043400045	150135	33.76096244659321	1282	0.2882842365639757	19	13	145	0.8181818181818182	3	0.15789473684210525	14	0.7368421052631579	0	0.0	2	0.10526315789473684	3	0.23076923076923078	10	0.7692307692307693	0	0.0	0	0.0	10	0.06896551724137931	101	0.696551724137931	0	0.0	34	0.23448275862068965	1	0	0	0	0	1	1	236511574	0	0	0
2605.0	0	0.0	8	0.003071017274472169	1344	0.5159309021113244	67	0.025719769673704415	334	0.12821497120921305	15	13	70	0.9	3	0.2	10	0.6666666666666666	0	0.0	2	0.13333333333333333	0	0.0	13	1.0	0	0.0	0	0.0	5	0.07142857142857142	53	0.7571428571428571	0	0.0	12	0.17142857142857143	0	0	0	1	1	0	0	4850590065	1	0	1
2597.0	0	0.0	29	0.011166730843280709	1648	0.634578359645745	118	0.04543704274162495	2	0.0007701193685021178	16	15	111	0.9090909090909091	2	0.125	13	0.8125	0	0.0	1	0.0625	0	0.0	15	1.0	0	0.0	0	0.0	9	0.08108108108108109	82	0.7387387387387387	0	0.0	20	0.18018018018018017	0	0	0	1	1	0	0	4874838393	1	0	1
2199.0	4	0.0018190086402910413	2	0.0009095043201455207	346	0.15734424738517508	60	0.027285129604365622	15	0.0068212824010914054	17	15	116	0.9166666666666666	3	0.17647058823529413	12	0.7058823529411765	0	0.0	2	0.11764705882352941	3	0.2	12	0.8	0	0.0	0	0.0	4	0.034482758620689655	87	0.75	0	0.0	25	0.21551724137931033	0	0	1	0	0	1	0	838982695770271744	1	0	0
3142.0	0	0.0	50	0.015913430935709738	161578	51.42520687460217	929	0.29567154678548696	1105	0.35168682367918525	15	13	153	0.8888888888888888	3	0.2	10	0.6666666666666666	0	0.0	2	0.13333333333333333	3	0.23076923076923078	10	0.7692307692307693	0	0.0	0	0.0	19	0.12418300653594772	99	0.6470588235294118	1	0.006535947712418301	34	0.2222222222222222	1	0	1	1	1	1	0	2714673572	1	0	1
2847.0	98	0.03442219880576045	11	0.003863716192483316	767	0.2694063926940639	31	0.010888654724271163	6	0.002107481559536354	18	15	67	0.9	4	0.2222222222222222	11	0.6111111111111112	0	0.0	3	0.16666666666666666	4	0.26666666666666666	11	0.7333333333333333	0	0.0	0	0.0	4	0.05970149253731343	54	0.8059701492537313	0	0.0	9	0.13432835820895522	0	0	0	0	0	0	0	3302891944	1	0	1
1626.0	1	0.0006150061500615006	4	0.0024600246002460025	3425	2.1063960639606396	593	0.36469864698646987	0	0.0	25	15	149	0.5	1	0.04	20	0.8	0	0.0	4	0.16	0	0.0	14	0.9333333333333333	1	0.06666666666666667	0	0.0	12	0.08053691275167785	100	0.6711409395973155	1	0.006711409395973154	36	0.24161073825503357	0	0	1	0	0	1	0	1046612911039414272	1	0	1
2098.0	0	0.0	6	0.002859866539561487	15438	7.358436606291707	47	0.022402287893231648	2	0.0009532888465204957	9	12	128	0.7777777777777778	2	0.2222222222222222	7	0.7777777777777778	0	0.0	0	0.0	0	0.0	12	1.0	0	0.0	0	0.0	3	0.0234375	102	0.796875	0	0.0	23	0.1796875	0	0	0	0	0	0	0	875778680563400704	1	0	1
2111.0	7	0.0033159639981051635	4	0.0018948365703458077	289	0.1369019422074846	9	0.004263382283278067	0	0.0	18	15	155	0.8125	2	0.1111111111111111	12	0.6666666666666666	0	0.0	4	0.2222222222222222	2	0.13333333333333333	12	0.8	0	0.0	1	0.06666666666666667	15	0.0967741935483871	107	0.6903225806451613	0	0.0	33	0.2129032258064516	0	0	1	0	0	1	0	871055928686247936	1	0	0
3715.0	29	0.007806191117092867	2261	0.6086137281292059	16432	4.423149394347241	200321	53.92220726783311	720	0.19380888290713325	14	13	70	0.6666666666666666	2	0.14285714285714285	11	0.7857142857142857	0	0.0	1	0.07142857142857142	2	0.15384615384615385	11	0.8461538461538461	0	0.0	0	0.0	8	0.11428571428571428	49	0.7	0	0.0	13	0.18571428571428572	1	0	0	1	0	1	1	1080844782	0	0	0
4024.0	1677	0.41674950298210733	820	0.20377733598409542	7438	1.8484095427435387	33444	8.31113320079523	1037	0.2577037773359841	18	15	104	0.8461538461538461	3	0.16666666666666666	12	0.6666666666666666	0	0.0	3	0.16666666666666666	3	0.2	12	0.8	0	0.0	0	0.0	11	0.10576923076923077	73	0.7019230769230769	1	0.009615384615384616	19	0.18269230769230768	1	0	0	1	0	1	1	518644221	0	0	0
2260.0	1	0.0004424778761061947	6	0.002654867256637168	4201	1.858849557522124	6	0.002654867256637168	2	0.0008849557522123894	13	13	52	1.0	1	0.07692307692307693	12	0.9230769230769231	0	0.0	0	0.0	0	0.0	13	1.0	0	0.0	0	0.0	2	0.038461538461538464	40	0.7692307692307693	0	0.0	10	0.19230769230769232	0	0	1	0	0	1	0	817082622824169472	1	0	0
2118.0	1051	0.4962228517469311	15	0.007082152974504249	10849	5.122285174693107	655	0.3092540132200189	2591	1.2233238904627006	14	13	156	0.9166666666666666	2	0.14285714285714285	11	0.7857142857142857	0	0.0	1	0.07142857142857142	0	0.0	13	1.0	0	0.0	0	0.0	11	0.07051282051282051	112	0.717948717948718	0	0.0	33	0.21153846153846154	0	0	1	0	0	1	0	868614565604376576	1	0	1
2301.0	0	0.0	30	0.01303780964797914	5096	2.214689265536723	24	0.010430247718383311	1	0.000434593654932638	16	13	89	0.8	2	0.125	13	0.8125	0	0.0	1	0.0625	3	0.23076923076923078	10	0.7692307692307693	0	0.0	0	0.0	2	0.02247191011235955	72	0.8089887640449438	0	0.0	15	0.16853932584269662	0	0	1	0	0	1	0	802292461754138624	1	0	1
2289.0	0	0.0	25	0.010921799912625601	17323	7.567933595456531	108	0.047182175622542594	1	0.00043687199650502403	10	15	66	0.5833333333333334	2	0.2	7	0.7	0	0.0	1	0.1	2	0.13333333333333333	13	0.8666666666666667	0	0.0	0	0.0	6	0.09090909090909091	48	0.7272727272727273	0	0.0	12	0.18181818181818182	0	0	0	1	1	1	0	806442253585498112	1	0	0
1871.0	1	0.0005344735435595938	18	0.009620523784072688	1200	0.6413682522715125	413	0.22073757349011225	1	0.0005344735435595938	7	12	98	1.0	0	0.0	7	1.0	0	0.0	0	0.0	0	0.0	12	1.0	0	0.0	0	0.0	1	0.01020408163265306	74	0.7551020408163265	6	0.061224489795918366	17	0.17346938775510204	0	0	0	1	1	1	0	958090218921279488	1	0	1
1810.0	0	0.0	10	0.0055248618784530384	1649	0.9110497237569061	82	0.045303867403314914	1	0.0005524861878453039	14	11	48	0.7	6	0.42857142857142855	7	0.5	0	0.0	1	0.07142857142857142	6	0.5454545454545454	5	0.45454545454545453	0	0.0	0	0.0	13	0.2708333333333333	22	0.4583333333333333	1	0.020833333333333332	12	0.25	0	0	0	0	0	0	0	980223140574806017	1	0	0
1845.0	251	0.13604336043360435	22	0.011924119241192412	671	0.36368563685636857	1479	0.8016260162601626	11	0.005962059620596206	23	13	153	0.6875	0	0.0	17	0.7391304347826086	0	0.0	6	0.2608695652173913	3	0.23076923076923078	10	0.7692307692307693	0	0.0	0	0.0	6	0.0392156862745098	117	0.7647058823529411	0	0.0	30	0.19607843137254902	0	0	1	0	0	1	0	967502824333393920	1	0	1
1775.0	0	0.0	28	0.015774647887323943	5158	2.9059154929577464	444	0.25014084507042256	0	0.0	15	13	121	0.9	3	0.2	10	0.6666666666666666	0	0.0	2	0.13333333333333333	3	0.23076923076923078	10	0.7692307692307693	0	0.0	0	0.0	7	0.05785123966942149	89	0.7355371900826446	0	0.0	25	0.2066115702479339	0	0	0	1	1	1	0	992629592232837120	1	0	1
1915.0	9	0.004699738903394256	20	0.010443864229765013	6793	3.5472584856396865	120	0.06266318537859007	1	0.0005221932114882506	15	15	151	0.8333333333333334	0	0.0	14	0.9333333333333333	0	0.0	1	0.06666666666666667	0	0.0	14	0.9333333333333333	0	0.0	1	0.06666666666666667	4	0.026490066225165563	117	0.7748344370860927	2	0.013245033112582781	28	0.18543046357615894	0	0	0	0	0	0	0	941913881437290497	1	0	1
3456.0	0	0.0	13	0.003761574074074074	250	0.07233796296296297	79	0.022858796296296297	1	0.00028935185185185184	7	7	68	1.0	0	0.0	7	1.0	0	0.0	0	0.0	0	0.0	7	1.0	0	0.0	0	0.0	4	0.058823529411764705	42	0.6176470588235294	0	0.0	22	0.3235294117647059	0	0	0	0	0	1	0	1912463894	1	0	0
5077.0	1424	0.2804805987788064	1021	0.20110301359070318	5513	1.085877486704747	31813	6.26610202875714	1508	0.29702580263935396	19	14	110	0.8	4	0.21052631578947367	11	0.5789473684210527	0	0.0	4	0.21052631578947367	3	0.21428571428571427	11	0.7857142857142857	0	0.0	0	0.0	13	0.11818181818181818	57	0.5181818181818182	16	0.14545454545454545	24	0.21818181818181817	0	0	1	1	0	0	1	33563161	0	0	0
3303.0	0	0.0	47	0.014229488343929762	11806	3.574326369966697	2429	0.735392067817136	222	0.06721162579473206	11	11	147	1.0	3	0.2727272727272727	8	0.7272727272727273	0	0.0	0	0.0	3	0.2727272727272727	8	0.7272727272727273	0	0.0	0	0.0	9	0.061224489795918366	112	0.7619047619047619	0	0.0	26	0.17687074829931973	0	0	0	1	1	1	0	2363777570	1	0	0
3148.0	4	0.0012706480304955528	20	0.0063532401524777635	9460	3.0050825921219824	290	0.09212198221092757	1	0.0003176620076238882	5	9	76	0.3	4	0.8	0	0.0	0	0.0	1	0.2	0	0.0	8	0.8888888888888888	0	0.0	1	0.1111111111111111	5	0.06578947368421052	56	0.7368421052631579	2	0.02631578947368421	13	0.17105263157894737	0	0	1	0	0	1	0	2697486960	1	0	0
2728.0	1	0.00036656891495601173	9	0.0032991202346041057	2314	0.8482404692082112	31	0.011363636363636364	0	0.0	12	12	102	1.0	2	0.16666666666666666	10	0.8333333333333334	0	0.0	0	0.0	2	0.16666666666666666	10	0.8333333333333334	0	0.0	0	0.0	9	0.08823529411764706	70	0.6862745098039216	3	0.029411764705882353	20	0.19607843137254902	0	0	0	1	1	1	0	3773981297	1	0	0
4450.0	114	0.025617977528089888	1991	0.44741573033707865	5995	1.347191011235955	136943	30.77370786516854	280	0.06292134831460675	12	14	110	0.8181818181818182	2	0.16666666666666666	9	0.75	0	0.0	1	0.08333333333333333	3	0.21428571428571427	11	0.7857142857142857	0	0.0	0	0.0	8	0.07272727272727272	83	0.7545454545454545	0	0.0	19	0.17272727272727273	1	0	1	1	0	0	1	235217558	0	0	0
2899.0	49	0.016902380131079683	43	0.01483270093135564	5834	2.0124180751983443	1041	0.35908934115212143	3884	1.3397723352880304	15	13	145	0.9166666666666666	2	0.13333333333333333	11	0.7333333333333333	0	0.0	2	0.13333333333333333	0	0.0	13	1.0	0	0.0	0	0.0	8	0.05517241379310345	106	0.7310344827586207	1	0.006896551724137931	30	0.20689655172413793	0	0	1	1	0	1	0	3143230134	1	0	1
5090.0	1922	0.37760314341846757	5177	1.0170923379174852	2006	0.3941060903732809	1110006	218.07583497053045	144	0.028290766208251474	10	12	51	0.75	2	0.2	7	0.7	0	0.0	1	0.1	0	0.0	12	1.0	0	0.0	0	0.0	5	0.09803921568627451	40	0.7843137254901961	0	0.0	6	0.11764705882352941	1	0	1	0	0	1	0	29450962	0	0	0
2989.0	77	0.02576112412177986	242	0.08096353295416528	644	0.2154566744730679	8670	2.9006356641017064	500	0.16728002676480427	18	10	125	0.6	3	0.16666666666666666	12	0.6666666666666666	0	0.0	3	0.16666666666666666	2	0.2	8	0.8	0	0.0	0	0.0	10	0.08	94	0.752	0	0.0	21	0.168	0	0	1	0	0	1	1	2966758114	0	0	0
2658.0	14	0.005267118133935289	24	0.009029345372460496	54957	20.67607223476298	393	0.14785553047404063	24	0.009029345372460496	9	8	129	0.8888888888888888	2	0.2222222222222222	6	0.6666666666666666	0	0.0	1	0.1111111111111111	2	0.25	6	0.75	0	0.0	0	0.0	7	0.05426356589147287	96	0.7441860465116279	0	0.0	26	0.20155038759689922	0	0	1	0	0	1	0	4450509553	1	0	1
2720.0	0	0.0	6	0.0022058823529411764	4663	1.7143382352941177	13	0.004779411764705883	0	0.0	14	13	45	0.9166666666666666	2	0.14285714285714285	11	0.7857142857142857	0	0.0	1	0.07142857142857142	0	0.0	13	1.0	0	0.0	0	0.0	3	0.06666666666666667	32	0.7111111111111111	0	0.0	10	0.2222222222222222	0	0	0	0	0	1	0	3774669559	1	0	0
2991.0	189	0.06318956870611836	546	0.18254764292878636	1257	0.4202607823470411	24261	8.111334002006018	135	0.04513540621865597	18	10	146	0.7	3	0.16666666666666666	12	0.6666666666666666	0	0.0	3	0.16666666666666666	2	0.2	8	0.8	0	0.0	0	0.0	4	0.0273972602739726	115	0.7876712328767124	1	0.00684931506849315	26	0.1780821917808219	0	0	0	1	1	0	0	2962891515	0	0	0
4868.0	0	0.0	93	0.019104354971240755	260881	53.59100246507806	9656	1.9835661462612983	0	0.0	12	12	85	0.38461538461538464	2	0.16666666666666666	9	0.75	0	0.0	1	0.08333333333333333	1	0.08333333333333333	9	0.75	1	0.08333333333333333	1	0.08333333333333333	7	0.08235294117647059	58	0.6823529411764706	0	0.0	20	0.23529411764705882	0	0	1	1	1	1	0	90055464	1	0	0
4438.0	1022	0.2302839116719243	877	0.19761153672825596	8666	1.9526813880126184	32892	7.411446597566472	1123	0.2530419107706174	17	11	151	0.5	4	0.23529411764705882	10	0.5882352941176471	0	0.0	3	0.17647058823529413	3	0.2727272727272727	8	0.7272727272727273	0	0.0	0	0.0	14	0.09271523178807947	109	0.7218543046357616	0	0.0	28	0.18543046357615894	1	0	0	0	0	1	1	240427862	0	0	0
4970.0	107	0.021529175050301812	873	0.17565392354124748	3397	0.6835010060362173	21174	4.26036217303823	1382	0.27806841046277664	16	15	147	0.9166666666666666	2	0.125	13	0.8125	0	0.0	1	0.0625	0	0.0	15	1.0	0	0.0	0	0.0	13	0.08843537414965986	108	0.7346938775510204	0	0.0	26	0.17687074829931973	1	0	1	1	0	1	0	63169388	0	0	0
3292.0	249	0.07563791008505467	436	0.1324422843256379	1459	0.4431956257594168	16762	5.091737545565006	712	0.21628189550425272	11	13	62	0.7	2	0.18181818181818182	8	0.7272727272727273	0	0.0	1	0.09090909090909091	3	0.23076923076923078	10	0.7692307692307693	0	0.0	0	0.0	7	0.11290322580645161	45	0.7258064516129032	0	0.0	10	0.16129032258064516	1	0	1	1	1	0	0	2382685057	0	0	0
2235.0	190	0.08501118568232663	48	0.021476510067114093	2687	1.2022371364653244	6924	3.097986577181208	0	0.0	13	13	144	0.8461538461538461	4	0.3076923076923077	8	0.6153846153846154	0	0.0	1	0.07692307692307693	0	0.0	12	0.9230769230769231	0	0.0	1	0.07692307692307693	6	0.041666666666666664	110	0.7638888888888888	0	0.0	28	0.19444444444444445	0	0	1	0	0	1	0	825905650291077120	1	0	1
2370.0	25	0.010548523206751054	14	0.00590717299578059	1291	0.5447257383966245	230	0.0970464135021097	0	0.0	15	12	52	0.8888888888888888	11	0.7333333333333333	0	0.0	1	0.06666666666666667	3	0.2	3	0.25	8	0.6666666666666666	1	0.08333333333333333	0	0.0	1	0.019230769230769232	39	0.75	0	0.0	12	0.23076923076923078	0	0	0	1	1	0	0	777125888018247680	1	0	1
2356.0	751	0.3187606112054329	5	0.0021222410865874364	109386	46.42869269949066	21	0.008913412563667233	4	0.001697792869269949	13	13	30	1.0	1	0.07692307692307693	12	0.9230769230769231	0	0.0	0	0.0	1	0.07692307692307693	12	0.9230769230769231	0	0.0	0	0.0	0	0.0	23	0.7666666666666667	0	0.0	7	0.23333333333333334	0	0	1	1	1	0	0	782264299238617088	1	0	0
2386.0	0	0.0	7	0.002933780385582565	15331	6.4253981559094715	128	0.053646269907795474	1	0.00041911148365465214	15	14	109	0.9090909090909091	4	0.26666666666666666	10	0.6666666666666666	0	0.0	1	0.06666666666666667	2	0.14285714285714285	12	0.8571428571428571	0	0.0	0	0.0	2	0.01834862385321101	87	0.7981651376146789	0	0.0	20	0.1834862385321101	0	0	1	0	0	1	0	771413200210391040	1	0	0
2231.0	10	0.0044822949350067235	758	0.3397579560735096	25595	11.472433886149709	51377	23.02868668758404	5	0.0022411474675033617	13	9	149	0.6363636363636364	3	0.23076923076923078	8	0.6153846153846154	0	0.0	2	0.15384615384615385	0	0.0	8	0.8888888888888888	0	0.0	1	0.1111111111111111	5	0.03355704697986577	112	0.7516778523489933	0	0.0	32	0.21476510067114093	0	0	1	0	0	1	0	827523329527541761	1	0	0
4614.0	1356	0.293888166449935	3204	0.694408322496749	15855	3.4362808842652797	439174	95.18292154312961	807	0.17490247074122237	17	11	153	0.7272727272727273	3	0.17647058823529413	12	0.7058823529411765	0	0.0	2	0.11764705882352941	3	0.2727272727272727	8	0.7272727272727273	0	0.0	0	0.0	13	0.08496732026143791	109	0.7124183006535948	0	0.0	31	0.20261437908496732	1	0	1	0	0	1	1	171598736	0	0	0
5106.0	390	0.07638072855464159	938	0.18370544457500979	3242	0.6349392871132001	23204	4.54445750097924	15454	3.026635330983157	16	13	155	0.8461538461538461	3	0.1875	10	0.625	0	0.0	3	0.1875	0	0.0	13	1.0	0	0.0	0	0.0	13	0.08387096774193549	110	0.7096774193548387	0	0.0	32	0.2064516129032258	1	0	1	0	0	0	1	25781141	0	0	0
3689.0	3560	0.9650311737598265	376	0.10192464082407156	11702	3.172133369476823	10597	2.8725941989699106	1009	0.2735158579560857	13	12	134	0.9090909090909091	2	0.15384615384615385	10	0.7692307692307693	0	0.0	1	0.07692307692307693	2	0.16666666666666666	10	0.8333333333333334	0	0.0	0	0.0	8	0.05970149253731343	85	0.6343283582089553	14	0.1044776119402985	27	0.20149253731343283	1	0	1	1	1	0	1	1155212191	0	0	0
4900.0	1040	0.21224489795918366	1145	0.2336734693877551	4530	0.9244897959183673	96151	19.62265306122449	562	0.11469387755102041	18	15	153	0.8461538461538461	3	0.16666666666666666	12	0.6666666666666666	0	0.0	3	0.16666666666666666	3	0.2	12	0.8	0	0.0	0	0.0	14	0.0915032679738562	105	0.6862745098039216	2	0.013071895424836602	32	0.20915032679738563	1	0	1	1	1	1	1	82453460	0	0	0
5164.0	760	0.14717273431448488	1282	0.2482571649883811	3660	0.7087529047250194	36039	6.978892331525949	1788	0.34624322230828813	12	14	37	0.75	2	0.16666666666666666	9	0.75	0	0.0	1	0.08333333333333333	3	0.21428571428571427	11	0.7857142857142857	0	0.0	0	0.0	11	0.2972972972972973	18	0.4864864864864865	0	0.0	8	0.21621621621621623	1	0	1	1	0	1	1	19407835	0	0	0
2453.0	1	0.00040766408479412964	17	0.006930289441500204	19241	7.8438646555238485	51	0.02079086832450061	0	0.0	20	15	59	0.6666666666666666	3	0.15	15	0.75	0	0.0	2	0.1	0	0.0	13	0.8666666666666667	0	0.0	2	0.13333333333333333	3	0.05084745762711865	48	0.8135593220338984	0	0.0	8	0.13559322033898305	0	0	0	0	0	0	0	747051374404206592	1	0	0
2498.0	0	0.0	11	0.004403522818254604	550	0.2201761409127302	12	0.004803843074459567	0	0.0	7	7	77	1.0	2	0.2857142857142857	5	0.7142857142857143	0	0.0	0	0.0	0	0.0	7	1.0	0	0.0	0	0.0	6	0.07792207792207792	53	0.6883116883116883	0	0.0	18	0.23376623376623376	0	0	0	0	0	0	0	730670109824417792	1	0	0
4381.0	1623	0.3704633645286464	1015	0.23168226432321387	2828	0.645514722666058	45223	10.322529102944534	944	0.2154759187400137	19	11	145	0.9090909090909091	3	0.15789473684210525	14	0.7368421052631579	0	0.0	2	0.10526315789473684	2	0.18181818181818182	9	0.8181818181818182	0	0.0	0	0.0	16	0.1103448275862069	97	0.6689655172413793	5	0.034482758620689655	27	0.18620689655172415	0	0	0	1	0	1	1	267854863	0	0	0
4635.0	278	0.059978425026968714	1217	0.2625674217907228	11627	2.508522114347357	50250	10.841423948220065	1195	0.25782092772384035	20	10	109	0.5833333333333334	3	0.15	14	0.7	0	0.0	3	0.15	0	0.0	10	1.0	0	0.0	0	0.0	10	0.09174311926605505	81	0.7431192660550459	0	0.0	18	0.1651376146788991	1	0	0	1	0	1	1	163570705	0	0	0
3275.0	0	0.0	24	0.00732824427480916	10403	3.1764885496183206	415	0.1267175572519084	1	0.0003053435114503817	10	9	106	0.8888888888888888	2	0.2	7	0.7	0	0.0	1	0.1	2	0.2222222222222222	7	0.7777777777777778	0	0.0	0	0.0	7	0.0660377358490566	79	0.7452830188679245	1	0.009433962264150943	19	0.1792452830188679	0	0	1	0	0	0	0	2414191657	1	0	1
4432.0	183	0.04129061371841155	3044	0.6868231046931408	19100	4.30956678700361	227574	51.34792418772563	2697	0.608528880866426	18	12	82	0.5625	3	0.16666666666666666	12	0.6666666666666666	0	0.0	3	0.16666666666666666	2	0.16666666666666666	10	0.8333333333333334	0	0.0	0	0.0	7	0.08536585365853659	62	0.7560975609756098	0	0.0	13	0.15853658536585366	0	0	1	1	0	1	1	242836537	0	0	0
3200.0	0	0.0	7	0.0021875	5422	1.694375	22	0.006875	3	0.0009375	12	15	152	0.16666666666666666	2	0.16666666666666666	9	0.75	0	0.0	1	0.08333333333333333	0	0.0	10	0.6666666666666666	4	0.26666666666666666	1	0.06666666666666667	13	0.08552631578947369	100	0.6578947368421053	6	0.039473684210526314	33	0.21710526315789475	0	0	0	1	1	1	0	2558895162	1	0	0
3041.0	2	0.0006576783952647156	12	0.003946070371588293	418	0.13745478461032556	86	0.02828017099638277	3	0.0009865175928970734	17	14	113	0.9166666666666666	2	0.11764705882352941	12	0.7058823529411765	0	0.0	3	0.17647058823529413	0	0.0	14	1.0	0	0.0	0	0.0	7	0.061946902654867256	85	0.7522123893805309	0	0.0	21	0.18584070796460178	0	0	0	0	0	0	0	2900960322	1	0	1
5175.0	477	0.09217391304347826	11184	2.161159420289855	14681	2.8369082125603864	3411465	659.2202898550725	239	0.04618357487922705	9	11	51	0.45454545454545453	2	0.2222222222222222	6	0.6666666666666666	0	0.0	1	0.1111111111111111	2	0.18181818181818182	9	0.8181818181818182	0	0.0	0	0.0	5	0.09803921568627451	33	0.6470588235294118	2	0.0392156862745098	11	0.21568627450980393	0	0	1	1	1	1	1	18916432	0	0	0
1740.0	541	0.31091954022988505	15	0.008620689655172414	7511	4.316666666666666	502	0.2885057471264368	21	0.01206896551724138	12	12	138	1.0	0	0.0	12	1.0	0	0.0	0	0.0	0	0.0	12	1.0	0	0.0	0	0.0	3	0.021739130434782608	99	0.717391304347826	0	0.0	36	0.2608695652173913	0	0	1	0	0	1	0	1005241624161652736	1	0	0
1723.0	0	0.0	5	0.002901915264074289	13484	7.8258850841555425	3	0.0017411491584445734	0	0.0	21	15	47	0.6923076923076923	0	0.0	17	0.8095238095238095	0	0.0	4	0.19047619047619047	4	0.26666666666666666	10	0.6666666666666666	0	0.0	1	0.06666666666666667	7	0.14893617021276595	34	0.723404255319149	0	0.0	6	0.1276595744680851	0	0	1	1	1	1	0	1011651387804061696	1	0	0
5136.0	1113	0.2167056074766355	3816	0.7429906542056075	19855	3.8658489096573208	263298	51.26518691588785	1824	0.35514018691588783	9	9	158	0.6	2	0.2222222222222222	6	0.6666666666666666	0	0.0	1	0.1111111111111111	2	0.2222222222222222	7	0.7777777777777778	0	0.0	0	0.0	16	0.10126582278481013	113	0.7151898734177216	0	0.0	29	0.18354430379746836	1	0	1	0	0	1	1	21406834	0	0	0
2847.0	34	0.01194239550403934	20	0.007024938531787847	68601	24.095890410958905	195	0.0684931506849315	2	0.0007024938531787847	18	9	30	0.25	2	0.1111111111111111	15	0.8333333333333334	0	0.0	1	0.05555555555555555	0	0.0	9	1.0	0	0.0	0	0.0	4	0.13333333333333333	21	0.7	0	0.0	5	0.16666666666666666	0	0	1	0	0	0	0	3229361280	1	0	0
2674.0	0	0.0	9	0.0033657442034405387	4385	1.6398653702318624	82	0.030665669409124907	219	0.0818997756170531	16	14	136	0.9	2	0.125	12	0.75	0	0.0	2	0.125	0	0.0	14	1.0	0	0.0	0	0.0	5	0.03676470588235294	99	0.7279411764705882	2	0.014705882352941176	30	0.22058823529411764	0	0	0	0	0	1	0	4219364481	1	0	0
2075.0	9	0.004337349397590362	27	0.013012048192771084	8231	3.966746987951807	234	0.11277108433734939	2	0.0009638554216867469	12	12	118	0.9	1	0.08333333333333333	11	0.9166666666666666	0	0.0	0	0.0	1	0.08333333333333333	11	0.9166666666666666	0	0.0	0	0.0	2	0.01694915254237288	81	0.6864406779661016	0	0.0	35	0.2966101694915254	0	0	0	0	0	1	0	884041170351001601	1	0	1
5111.0	772	0.15104676188612795	2295	0.44903150068479747	9032	1.7671688514967716	192131	37.59166503619644	2564	0.5016630796321659	13	9	159	0.5	2	0.15384615384615385	10	0.7692307692307693	0	0.0	1	0.07692307692307693	2	0.2222222222222222	7	0.7777777777777778	0	0.0	0	0.0	19	0.11949685534591195	105	0.660377358490566	1	0.006289308176100629	34	0.2138364779874214	1	0	0	1	1	1	1	24913074	0	0	0
5006.0	228	0.045545345585297645	869	0.17359168997203356	3740	0.7471034758290052	19618	3.9188973232121453	293	0.058529764282860566	12	9	52	0.8	3	0.25	6	0.5	0	0.0	3	0.25	3	0.3333333333333333	6	0.6666666666666666	0	0.0	0	0.0	7	0.1346153846153846	36	0.6923076923076923	0	0.0	9	0.17307692307692307	0	0	1	0	0	1	0	52503751	0	0	0
3175.0	0	0.0	21	0.006614173228346456	53187	16.751811023622047	1450	0.4566929133858268	1	0.00031496062992125983	9	9	153	1.0	0	0.0	9	1.0	0	0.0	0	0.0	0	0.0	9	1.0	0	0.0	0	0.0	9	0.058823529411764705	95	0.6209150326797386	9	0.058823529411764705	40	0.26143790849673204	0	0	1	0	0	0	0	2605376724	1	0	0
2805.0	0	0.0	82	0.02923351158645276	24199	8.627094474153298	903	0.32192513368983955	2	0.00071301247771836	15	13	136	0.9090909090909091	3	0.2	10	0.6666666666666666	0	0.0	2	0.13333333333333333	3	0.23076923076923078	10	0.7692307692307693	0	0.0	0	0.0	13	0.09558823529411764	88	0.6470588235294118	0	0.0	35	0.25735294117647056	0	0	1	1	1	1	0	3369559252	1	0	0
2851.0	92	0.03226937916520519	475	0.16660820764643985	14435	5.063135741844967	13388	4.695896176780077	99	0.03472465801473167	20	15	82	0.7272727272727273	0	0.0	16	0.8	0	0.0	4	0.2	0	0.0	15	1.0	0	0.0	0	0.0	0	0.0	66	0.8048780487804879	0	0.0	16	0.1951219512195122	0	0	1	0	0	1	0	3226543356	1	0	0
2110.0	1	0.00047393364928909954	4	0.0018957345971563982	2015	0.9549763033175356	2	0.0009478672985781991	1	0.00047393364928909954	17	14	145	0.8461538461538461	4	0.23529411764705882	2	0.11764705882352941	8	0.47058823529411764	3	0.17647058823529413	4	0.2857142857142857	2	0.14285714285714285	8	0.5714285714285714	0	0.0	9	0.06206896551724138	89	0.6137931034482759	17	0.11724137931034483	30	0.20689655172413793	0	0	1	0	0	1	0	871431225029689344	1	0	0
2555.0	5	0.0019569471624266144	76	0.02974559686888454	9793	3.8328767123287673	431	0.16868884540117418	1	0.0003913894324853229	16	12	132	0.75	3	0.1875	11	0.6875	0	0.0	2	0.125	2	0.16666666666666666	10	0.8333333333333334	0	0.0	0	0.0	6	0.045454545454545456	96	0.7272727272727273	0	0.0	30	0.22727272727272727	0	0	0	1	1	0	0	709947590268157952	1	0	0
5197.0	149	0.02867038676159323	1465	0.28189340003848373	3365	0.6474889359245719	35419	6.815278045025977	93	0.017894939388108523	9	11	69	0.7777777777777778	2	0.2222222222222222	6	0.6666666666666666	0	0.0	1	0.1111111111111111	3	0.2727272727272727	8	0.7272727272727273	0	0.0	0	0.0	11	0.15942028985507245	41	0.5942028985507246	0	0.0	17	0.2463768115942029	1	0	1	1	1	0	1	18277655	0	0	0
2858.0	267	0.0934219734079776	459	0.16060181945416374	21214	7.422673198040588	23859	8.3481455563331	4	0.0013995801259622112	46	11	148	0.36363636363636365	0	0.0	38	0.8260869565217391	0	0.0	8	0.17391304347826086	0	0.0	11	1.0	0	0.0	0	0.0	0	0.0	121	0.8175675675675675	0	0.0	27	0.18243243243243243	0	0	0	1	1	1	0	3219645732	1	0	0
4453.0	1388	0.31169997754322926	958	0.21513586346283403	7346	1.6496743768246127	63632	14.289692342241185	2624	0.5892656635975747	10	11	158	0.7272727272727273	2	0.2	7	0.7	0	0.0	1	0.1	4	0.36363636363636365	7	0.6363636363636364	0	0.0	0	0.0	20	0.12658227848101267	102	0.6455696202531646	1	0.006329113924050633	35	0.22151898734177214	0	0	0	1	0	0	0	234022257	0	0	0
2814.0	89	0.031627576403695803	93	0.03304904051172708	11314	4.020611229566454	1217	0.43248045486851455	47	0.016702203269367447	17	13	124	0.4375	3	0.17647058823529413	12	0.7058823529411765	0	0.0	2	0.11764705882352941	0	0.0	12	0.9230769230769231	0	0.0	1	0.07692307692307693	7	0.056451612903225805	89	0.717741935483871	2	0.016129032258064516	26	0.20967741935483872	0	0	1	1	1	0	0	3352995195	1	0	1
2000.0	432	0.216	58	0.029	3328	1.664	2037	1.0185	169	0.0845	19	12	155	0.6428571428571429	3	0.15789473684210525	12	0.631578947368421	0	0.0	4	0.21052631578947367	0	0.0	12	1.0	0	0.0	0	0.0	4	0.025806451612903226	118	0.7612903225806451	0	0.0	33	0.2129032258064516	1	0	1	0	0	1	0	911171572626534400	1	0	0
2044.0	0	0.0	266	0.13013698630136986	3	0.0014677103718199608	28587	13.985812133072407	0	0.0	18	14	137	0.5	2	0.1111111111111111	10	0.5555555555555556	4	0.2222222222222222	2	0.1111111111111111	1	0.07142857142857142	9	0.6428571428571429	4	0.2857142857142857	0	0.0	5	0.0364963503649635	95	0.6934306569343066	13	0.0948905109489051	24	0.17518248175182483	0	0	1	1	1	1	0	895426242345873408	1	0	0
1855.0	4	0.00215633423180593	29	0.015633423180592992	8726	4.7040431266846365	996	0.5369272237196766	2	0.001078167115902965	24	10	60	0.5333333333333333	0	0.0	19	0.7916666666666666	0	0.0	5	0.20833333333333334	0	0.0	8	0.8	0	0.0	2	0.2	5	0.08333333333333333	41	0.6833333333333333	2	0.03333333333333333	12	0.2	0	0	1	0	0	1	0	963881800283107328	1	0	0
1836.0	90	0.049019607843137254	18	0.00980392156862745	5717	3.113834422657952	480	0.26143790849673204	1379	0.7510893246187363	17	15	143	0.9090909090909091	3	0.17647058823529413	12	0.7058823529411765	0	0.0	2	0.11764705882352941	0	0.0	15	1.0	0	0.0	0	0.0	4	0.027972027972027972	107	0.7482517482517482	0	0.0	32	0.22377622377622378	0	0	1	1	1	0	0	970509550909566976	1	0	1
1776.0	0	0.0	6	0.0033783783783783786	241	0.1356981981981982	43	0.02421171171171171	0	0.0	8	6	130	0.75	1	0.125	2	0.25	3	0.375	2	0.25	1	0.16666666666666666	2	0.3333333333333333	3	0.5	0	0.0	12	0.09230769230769231	81	0.6230769230769231	7	0.05384615384615385	30	0.23076923076923078	0	0	1	1	1	0	0	992461966378708992	1	0	1
1991.0	2	0.0010045203415369162	3	0.0015067805123053742	6702	3.3661476644902057	96	0.048216976393771975	2	0.0010045203415369162	11	10	65	0.9	4	0.36363636363636365	6	0.5454545454545454	0	0.0	1	0.09090909090909091	4	0.4	6	0.6	0	0.0	0	0.0	1	0.015384615384615385	50	0.7692307692307693	0	0.0	14	0.2153846153846154	0	0	0	0	0	0	0	914635608382943233	1	0	0
2534.0	41	0.01617995264404104	73	0.028808208366219414	1420	0.5603788476716653	2060	0.8129439621152328	0	0.0	9	9	109	0.07692307692307693	0	0.0	6	0.6666666666666666	0	0.0	3	0.3333333333333333	0	0.0	8	0.8888888888888888	0	0.0	1	0.1111111111111111	0	0.0	83	0.7614678899082569	4	0.03669724770642202	22	0.2018348623853211	0	0	1	0	0	1	0	717519847928803328	1	0	1
1680.0	0	0.0	2	0.0011904761904761906	1744	1.0380952380952382	24	0.014285714285714285	11	0.006547619047619048	24	13	142	0.7272727272727273	3	0.125	19	0.7916666666666666	0	0.0	2	0.08333333333333333	2	0.15384615384615385	11	0.8461538461538461	0	0.0	0	0.0	7	0.04929577464788732	106	0.7464788732394366	0	0.0	29	0.20422535211267606	0	0	1	0	0	1	0	1027173948285431808	1	0	0
1713.0	0	0.0	31	0.018096906012842966	6842	3.9941622883829537	160	0.09340338587273789	0	0.0	10	15	160	0.8181818181818182	2	0.2	7	0.7	0	0.0	1	0.1	0	0.0	15	1.0	0	0.0	0	0.0	10	0.0625	103	0.64375	9	0.05625	38	0.2375	0	0	0	0	0	1	0	1015186749755142144	1	0	1
2526.0	44	0.01741884402216944	31	0.01227236737925574	10770	4.263657957244655	186	0.07363420427553444	4	0.001583531274742676	19	11	130	0.07142857142857142	0	0.0	7	0.3684210526315789	0	0.0	12	0.631578947368421	0	0.0	11	1.0	0	0.0	0	0.0	5	0.038461538461538464	98	0.7538461538461538	1	0.007692307692307693	26	0.2	0	0	1	0	0	1	0	720558462959267841	1	0	1
2077.0	0	0.0	2	0.0009629272989889263	3918	1.8863745787193067	4	0.0019258545979778526	1	0.00048146364949446316	11	11	158	0.8181818181818182	2	0.18181818181818182	8	0.7272727272727273	0	0.0	1	0.09090909090909091	0	0.0	10	0.9090909090909091	0	0.0	1	0.09090909090909091	8	0.05063291139240506	116	0.7341772151898734	1	0.006329113924050633	33	0.2088607594936709	0	0	1	1	1	0	0	883314307492130817	1	0	1
2179.0	0	0.0	4	0.0018357044515832951	249	0.11427260211106012	5	0.002294630564479119	0	0.0	14	13	96	0.9090909090909091	2	0.14285714285714285	11	0.7857142857142857	0	0.0	1	0.07142857142857142	0	0.0	13	1.0	0	0.0	0	0.0	4	0.041666666666666664	74	0.7708333333333334	0	0.0	18	0.1875	0	0	1	0	0	1	0	846415105122283521	1	0	1
2493.0	1	0.00040112314480545525	13	0.005214600882470918	57485	23.058563979141596	50	0.020056157240272765	2	0.0008022462896109105	19	13	116	0.8181818181818182	4	0.21052631578947367	15	0.7894736842105263	0	0.0	0	0.0	0	0.0	13	1.0	0	0.0	0	0.0	13	0.11206896551724138	73	0.6293103448275862	2	0.017241379310344827	28	0.2413793103448276	0	0	1	0	0	1	0	732691852319698945	1	0	0
2170.0	4	0.0018433179723502304	5	0.002304147465437788	368	0.1695852534562212	67	0.03087557603686636	0	0.0	10	11	95	0.7272727272727273	2	0.2	7	0.7	0	0.0	1	0.1	3	0.2727272727272727	8	0.7272727272727273	0	0.0	0	0.0	7	0.07368421052631578	64	0.6736842105263158	2	0.021052631578947368	22	0.23157894736842105	0	0	0	0	0	0	0	849515282121011201	1	0	0
1990.0	0	0.0	4	0.0020100502512562816	2884	1.449246231155779	5	0.002512562814070352	0	0.0	14	6	11	0.5454545454545454	4	0.2857142857142857	8	0.5714285714285714	0	0.0	2	0.14285714285714285	3	0.5	3	0.5	0	0.0	0	0.0	0	0.0	9	0.8181818181818182	0	0.0	2	0.18181818181818182	0	0	0	0	0	0	0	914959961414873090	1	0	0
2132.0	0	0.0	110	0.051594746716697934	485	0.2274859287054409	5951	2.791275797373358	0	0.0	13	13	131	0.8333333333333334	0	0.0	12	0.9230769230769231	0	0.0	1	0.07692307692307693	0	0.0	12	0.9230769230769231	0	0.0	1	0.07692307692307693	7	0.05343511450381679	99	0.7557251908396947	0	0.0	25	0.19083969465648856	0	0	1	1	1	0	0	863475585095479298	1	0	1
1840.0	0	0.0	7	0.0038043478260869567	6036	3.2804347826086957	120	0.06521739130434782	2	0.0010869565217391304	7	8	27	0.8571428571428571	0	0.0	7	1.0	0	0.0	0	0.0	0	0.0	7	0.875	1	0.125	0	0.0	1	0.037037037037037035	18	0.6666666666666666	0	0.0	8	0.2962962962962963	0	0	0	1	1	0	0	969284050178453506	1	0	0
1812.0	1	0.0005518763796909492	8	0.004415011037527594	2439	1.346026490066225	70	0.03863134657836645	2	0.0011037527593818985	15	15	125	0.8333333333333334	2	0.13333333333333333	12	0.8	0	0.0	1	0.06666666666666667	2	0.13333333333333333	12	0.8	0	0.0	1	0.06666666666666667	8	0.064	79	0.632	6	0.048	32	0.256	0	0	1	1	1	1	0	979332714779291650	1	0	1
5056.0	74	0.014636075949367089	1145	0.22646360759493672	4354	0.8611550632911392	22856	4.5205696202531644	115	0.022745253164556962	10	14	25	0.6153846153846154	2	0.2	7	0.7	0	0.0	1	0.1	5	0.35714285714285715	9	0.6428571428571429	0	0.0	0	0.0	3	0.12	19	0.76	0	0.0	3	0.12	0	0	1	0	0	0	1	39249305	0	0	0
5399.0	2066	0.3826634561955918	1516	0.2807927393961845	8226	1.5236154843489536	32654	6.048157066123356	1485	0.2750509353583997	35	14	126	0.5	3	0.08571428571428572	24	0.6857142857142857	0	0.0	8	0.22857142857142856	0	0.0	14	1.0	0	0.0	0	0.0	13	0.10317460317460317	81	0.6428571428571429	2	0.015873015873015872	30	0.23809523809523808	1	0	1	1	1	1	1	14984637	0	0	0
3718.0	286	0.07692307692307693	925	0.24878967186659495	2093	0.5629370629370629	41519	11.167025282409897	339	0.09117805271651426	8	10	159	0.6666666666666666	2	0.25	5	0.625	0	0.0	1	0.125	3	0.3	7	0.7	0	0.0	0	0.0	16	0.10062893081761007	118	0.7421383647798742	1	0.006289308176100629	24	0.1509433962264151	0	0	0	1	0	1	0	1071900114	0	0	0
2638.0	0	0.0	348	0.13191811978771797	10480	3.9727065959059895	8444	3.200909780136467	1	0.0003790750568612585	12	12	140	0.8333333333333334	0	0.0	11	0.9166666666666666	0	0.0	1	0.08333333333333333	0	0.0	11	0.9166666666666666	0	0.0	1	0.08333333333333333	4	0.02857142857142857	97	0.6928571428571428	5	0.03571428571428571	34	0.24285714285714285	0	0	1	1	1	0	0	4584564195	1	0	0
3981.0	1774	0.44561667922632503	1114	0.2798291886460688	12158	3.054006531022356	35469	8.909570459683497	1311	0.32931424265259984	16	11	156	0.5714285714285714	2	0.125	13	0.8125	0	0.0	1	0.0625	2	0.18181818181818182	9	0.8181818181818182	0	0.0	0	0.0	13	0.08333333333333333	112	0.717948717948718	1	0.00641025641025641	30	0.19230769230769232	1	0	0	1	0	1	1	558769636	0	0	0
4622.0	1936	0.418866291648637	1293	0.2797490263954998	9858	2.132842925140632	37963	8.213543920380788	1524	0.3297273907399394	26	6	152	0.35714285714285715	4	0.15384615384615385	18	0.6923076923076923	0	0.0	4	0.15384615384615385	4	0.6666666666666666	2	0.3333333333333333	0	0.0	0	0.0	14	0.09210526315789473	112	0.7368421052631579	2	0.013157894736842105	24	0.15789473684210525	1	0	1	1	0	1	1	168502762	0	0	0
4423.0	320	0.07234908433190143	885	0.20009043635541487	4273	0.9660863667194212	25257	5.710377571783857	1020	0.2306127063079358	8	10	114	0.75	2	0.25	5	0.625	0	0.0	1	0.125	3	0.3	7	0.7	0	0.0	0	0.0	11	0.09649122807017543	80	0.7017543859649122	4	0.03508771929824561	19	0.16666666666666666	1	0	1	1	0	1	1	246769138	0	0	0
2201.0	18	0.00817810086324398	997	0.4529759200363471	21002	9.542026351658338	216842	98.51976374375283	11	0.004997728305315766	18	14	119	0.375	4	0.2222222222222222	11	0.6111111111111112	0	0.0	3	0.16666666666666666	3	0.21428571428571427	9	0.6428571428571429	0	0.0	2	0.14285714285714285	6	0.05042016806722689	87	0.7310924369747899	0	0.0	26	0.2184873949579832	0	0	0	1	1	1	0	838207103852396544	1	0	0
1739.0	1	0.0005750431282346176	138	0.07935595169637723	6012	3.457159286946521	9133	5.2518688901667625	0	0.0	33	13	23	0.3333333333333333	0	0.0	30	0.9090909090909091	0	0.0	3	0.09090909090909091	0	0.0	13	1.0	0	0.0	0	0.0	1	0.043478260869565216	18	0.782608695652174	0	0.0	4	0.17391304347826086	0	0	0	0	0	1	0	1005667025862049792	1	0	0
1760.0	4	0.0022727272727272726	11	0.00625	13191	7.494886363636364	447	0.2539772727272727	21	0.011931818181818182	21	15	79	0.6470588235294118	3	0.14285714285714285	17	0.8095238095238095	0	0.0	1	0.047619047619047616	2	0.13333333333333333	12	0.8	0	0.0	1	0.06666666666666667	4	0.05063291139240506	58	0.7341772151898734	0	0.0	17	0.21518987341772153	0	0	0	0	0	1	0	998140589420888064	1	0	1
1632.0	1	0.0006127450980392157	5	0.0030637254901960784	17142	10.503676470588236	12	0.007352941176470588	24	0.014705882352941176	18	14	120	0.75	3	0.16666666666666666	13	0.7222222222222222	0	0.0	2	0.1111111111111111	4	0.2857142857142857	10	0.7142857142857143	0	0.0	0	0.0	8	0.06666666666666667	81	0.675	0	0.0	31	0.25833333333333336	0	0	1	0	0	1	0	1044725409953136640	1	0	1
1640.0	0	0.0	6	0.003658536585365854	3285	2.0030487804878048	13	0.007926829268292683	0	0.0	21	6	155	0.3333333333333333	1	0.047619047619047616	14	0.6666666666666666	3	0.14285714285714285	3	0.14285714285714285	1	0.16666666666666666	2	0.3333333333333333	3	0.5	0	0.0	3	0.01935483870967742	117	0.7548387096774194	0	0.0	35	0.22580645161290322	0	0	0	0	0	0	0	1041656941536133120	1	0	1
2196.0	0	0.0	3	0.001366120218579235	462	0.2103825136612022	7	0.0031876138433515485	0	0.0	20	15	62	0.4444444444444444	2	0.1	17	0.85	0	0.0	1	0.05	0	0.0	14	0.9333333333333333	0	0.0	1	0.06666666666666667	2	0.03225806451612903	45	0.7258064516129032	0	0.0	15	0.24193548387096775	0	0	1	1	1	1	0	840085304690130944	1	0	0
2026.0	3	0.0014807502467917078	7	0.0034550839091806516	16235	8.013326752221126	42	0.02073050345508391	4	0.0019743336623889436	16	14	131	0.9	3	0.1875	11	0.6875	0	0.0	2	0.125	3	0.21428571428571427	11	0.7857142857142857	0	0.0	0	0.0	13	0.09923664122137404	86	0.6564885496183206	1	0.007633587786259542	31	0.2366412213740458	0	0	1	1	1	1	0	901945930890395648	1	0	1
2132.0	0	0.0	9	0.004221388367729831	8104	3.801125703564728	37	0.017354596622889306	0	0.0	6	11	67	0.3333333333333333	6	1.0	0	0.0	0	0.0	0	0.0	0	0.0	11	1.0	0	0.0	0	0.0	10	0.14925373134328357	46	0.6865671641791045	0	0.0	11	0.16417910447761194	0	0	0	0	0	0	0	863270435760160769	1	0	1
3073.0	8	0.0026033192320208264	21	0.00683371298405467	2069165	673.3371298405467	206	0.06703547022453628	64	0.02082655385616661	20	14	155	0.6428571428571429	3	0.15	15	0.75	0	0.0	2	0.1	3	0.21428571428571427	11	0.7857142857142857	0	0.0	0	0.0	9	0.05806451612903226	113	0.7290322580645161	2	0.012903225806451613	31	0.2	1	0	1	1	0	1	0	2831214083	1	0	1
1720.0	0	0.0	6	0.0034883720930232558	626	0.363953488372093	148	0.08604651162790698	0	0.0	13	13	134	1.0	0	0.0	13	1.0	0	0.0	0	0.0	0	0.0	13	1.0	0	0.0	0	0.0	8	0.05970149253731343	95	0.7089552238805971	2	0.014925373134328358	29	0.21641791044776118	0	0	0	0	0	1	0	1012531485096591361	1	0	1
5094.0	549	0.10777385159010601	1782	0.3498233215547703	7134	1.4004711425206124	68985	13.542402826855124	9992	1.9615233608166471	18	15	159	0.8181818181818182	4	0.2222222222222222	11	0.6111111111111112	0	0.0	3	0.16666666666666666	4	0.26666666666666666	11	0.7333333333333333	0	0.0	0	0.0	12	0.07547169811320754	114	0.7169811320754716	0	0.0	33	0.20754716981132076	1	0	1	1	0	1	1	28599820	0	0	0
3393.0	0	0.0	13	0.0038314176245210726	6517	1.9207191276156794	121	0.03566165635131152	6	0.0017683465959328027	15	14	118	0.9166666666666666	2	0.13333333333333333	12	0.8	0	0.0	1	0.06666666666666667	2	0.14285714285714285	12	0.8571428571428571	0	0.0	0	0.0	5	0.0423728813559322	87	0.7372881355932204	0	0.0	26	0.22033898305084745	0	0	0	1	1	1	0	2221811233	1	0	0
3696.0	2531	0.6847943722943723	1036	0.2803030303030303	13553	3.6669372294372296	29794	8.061147186147187	1164	0.31493506493506496	17	14	146	0.7777777777777778	3	0.17647058823529413	11	0.6470588235294118	0	0.0	3	0.17647058823529413	3	0.21428571428571427	11	0.7857142857142857	0	0.0	0	0.0	14	0.0958904109589041	100	0.684931506849315	2	0.0136986301369863	30	0.2054794520547945	0	0	1	1	0	1	1	1135486501	0	0	0
2050.0	1	0.0004878048780487805	1	0.0004878048780487805	585	0.28536585365853656	22	0.010731707317073172	10	0.004878048780487805	15	15	157	0.8461538461538461	4	0.26666666666666666	11	0.7333333333333333	0	0.0	0	0.0	0	0.0	14	0.9333333333333333	0	0.0	1	0.06666666666666667	10	0.06369426751592357	117	0.7452229299363057	0	0.0	30	0.1910828025477707	0	0	1	0	0	1	0	893195905482018818	1	0	1
2915.0	0	0.0	7	0.0024013722126929675	375561	128.83739279588337	28	0.00960548885077187	2	0.0006861063464837049	13	9	0	0.8888888888888888	2	0.15384615384615385	7	0.5384615384615384	0	0.0	4	0.3076923076923077	0	0.0	9	1.0	0	0.0	0	0.0	0	0	0	0	0	0	0	0	0	0	0	1	1	0	0	3103172267	1	0	0
2923.0	34	0.011631885049606569	36	0.012316113581936367	49309	16.869312350325007	644	0.220321587410195	82	0.028053369825521726	18	12	97	0.75	3	0.16666666666666666	13	0.7222222222222222	0	0.0	2	0.1111111111111111	2	0.16666666666666666	10	0.8333333333333334	0	0.0	0	0.0	4	0.041237113402061855	75	0.7731958762886598	0	0.0	18	0.18556701030927836	1	0	1	1	0	1	0	3091637939	1	0	1
4439.0	665	0.14980851543140347	695	0.15656679432304574	4116	0.9272358639333184	27628	6.223924307276413	1193	0.26875422392430726	12	14	85	0.8	2	0.16666666666666666	9	0.75	0	0.0	1	0.08333333333333333	3	0.21428571428571427	11	0.7857142857142857	0	0.0	0	0.0	4	0.047058823529411764	59	0.6941176470588235	2	0.023529411764705882	20	0.23529411764705882	1	0	0	1	0	1	1	239871673	0	0	0
2674.0	0	0.0	4	0.0014958863126402393	2017	0.7543006731488406	29	0.010845175766641735	1	0.00037397157816005983	19	13	55	0.7692307692307693	3	0.15789473684210525	12	0.631578947368421	0	0.0	4	0.21052631578947367	0	0.0	12	0.9230769230769231	0	0.0	1	0.07692307692307693	3	0.05454545454545454	36	0.6545454545454545	0	0.0	16	0.2909090909090909	0	0	0	1	1	0	0	4217071294	1	0	1
2838.0	17945	6.323114869626497	18	0.006342494714587738	17985	6.337209302325581	1379	0.48590556730091616	2014	0.7096546863988724	13	7	110	0.5833333333333334	2	0.15384615384615385	6	0.46153846153846156	3	0.23076923076923078	2	0.15384615384615385	1	0.14285714285714285	3	0.42857142857142855	3	0.42857142857142855	0	0.0	0	0.0	86	0.7818181818181819	3	0.02727272727272727	21	0.19090909090909092	0	0	1	0	0	0	0	3238422218	1	0	1
3138.0	5368	1.7106437221159974	1302	0.4149139579349904	5220	1.6634799235181645	252806	80.56277884002549	841	0.2680050987890376	20	14	60	0.75	3	0.15	14	0.7	0	0.0	3	0.15	2	0.14285714285714285	12	0.8571428571428571	0	0.0	0	0.0	5	0.08333333333333333	47	0.7833333333333333	0	0.0	8	0.13333333333333333	1	0	1	0	0	1	1	2724095695	0	0	0
4419.0	5186	1.1735686806969903	3738	0.8458927359131025	14886	3.3686354378818737	330319	74.74971713057253	16359	3.701968771215207	16	13	124	0.75	3	0.1875	10	0.625	0	0.0	3	0.1875	3	0.23076923076923078	10	0.7692307692307693	0	0.0	0	0.0	10	0.08064516129032258	91	0.7338709677419355	0	0.0	23	0.18548387096774194	1	0	1	1	0	1	1	248735463	0	0	0
4297.0	401	0.0933209215731906	313	0.07284151733767745	4766	1.109145915755178	11517	2.6802420293227835	719	0.16732604142424948	11	13	147	0.6923076923076923	2	0.18181818181818182	8	0.7272727272727273	0	0.0	1	0.09090909090909091	3	0.23076923076923078	10	0.7692307692307693	0	0.0	0	0.0	9	0.061224489795918366	104	0.7074829931972789	9	0.061224489795918366	25	0.17006802721088435	1	0	1	1	0	0	1	314205957	0	0	0
4453.0	830	0.1863911969458792	4471	1.0040422187289468	21478	4.82326521446216	491986	110.48416797664495	6416	1.4408264091623624	12	11	43	0.9	2	0.16666666666666666	9	0.75	0	0.0	1	0.08333333333333333	0	0.0	11	1.0	0	0.0	0	0.0	1	0.023255813953488372	26	0.6046511627906976	8	0.18604651162790697	8	0.18604651162790697	0	0	1	0	0	1	1	233842454	0	0	0
3126.0	5684	1.81829814459373	354	0.11324376199616124	18511	5.921625079974408	14320	4.580934101087652	2	0.0006397952655150352	14	15	98	0.8181818181818182	0	0.0	13	0.9285714285714286	0	0.0	1	0.07142857142857142	0	0.0	13	0.8666666666666667	0	0.0	2	0.13333333333333333	0	0.0	80	0.8163265306122449	0	0.0	18	0.1836734693877551	0	0	0	0	0	1	0	2758649640	1	0	0
3346.0	7409	2.2142857142857144	1642	0.4907352062163778	10894	3.255827854154214	143616	42.92169754931261	1904	0.5690376569037657	15	10	137	0.5384615384615384	2	0.13333333333333333	12	0.8	0	0.0	1	0.06666666666666667	3	0.3	7	0.7	0	0.0	0	0.0	12	0.08759124087591241	95	0.6934306569343066	1	0.0072992700729927005	29	0.2116788321167883	1	0	1	1	1	1	1	2293131060	0	0	0
5090.0	249	0.04891944990176817	13656	2.6829076620825147	6991	1.3734774066797641	3318621	651.9884086444008	875	0.1719056974459725	11	13	138	0.6666666666666666	2	0.18181818181818182	8	0.7272727272727273	0	0.0	1	0.09090909090909091	3	0.23076923076923078	10	0.7692307692307693	0	0.0	0	0.0	7	0.050724637681159424	107	0.7753623188405797	2	0.014492753623188406	22	0.15942028985507245	1	0	1	0	0	1	1	29501253	0	0	0
2987.0	794	0.265818547037161	784	0.26247070639437564	5178	1.7335118848342819	33155	11.099765651155005	1413	0.47304988282557753	32	15	158	0.6111111111111112	6	0.1875	19	0.59375	0	0.0	7	0.21875	3	0.2	12	0.8	0	0.0	0	0.0	10	0.06329113924050633	112	0.7088607594936709	9	0.056962025316455694	27	0.17088607594936708	1	0	1	0	0	0	1	2970462034	0	0	0
2263.0	20	0.008837825894829872	215	0.09500662836942113	985	0.4352629253203712	6054	2.675209898365002	138	0.06098099867432612	9	11	51	0.6363636363636364	2	0.2222222222222222	6	0.6666666666666666	0	0.0	1	0.1111111111111111	3	0.2727272727272727	8	0.7272727272727273	0	0.0	0	0.0	5	0.09803921568627451	38	0.7450980392156863	2	0.0392156862745098	6	0.11764705882352941	0	0	1	1	1	1	1	815931811348017152	0	0	0
2303.0	1735	0.7533651758575771	74	0.03213200173686496	591	0.2566217976552323	41327	17.944854537559706	4	0.0017368649587494573	16	14	81	0.9	3	0.1875	11	0.6875	0	0.0	2	0.125	0	0.0	14	1.0	0	0.0	0	0.0	1	0.012345679012345678	63	0.7777777777777778	0	0.0	17	0.20987654320987653	0	0	1	0	0	1	0	801481330055901184	1	0	0
2261.0	696	0.30782839451570104	2238	0.9898275099513489	4008	1.7726669615214508	714341	315.94029190623615	1297	0.5736399823087129	12	14	128	0.8	2	0.16666666666666666	9	0.75	0	0.0	1	0.08333333333333333	3	0.21428571428571427	11	0.7857142857142857	0	0.0	0	0.0	15	0.1171875	80	0.625	6	0.046875	27	0.2109375	1	0	1	1	1	1	1	816683274076614656	0	0	0
2262.0	4861	2.1489832007073386	1070	0.47303271441202477	11572	5.115826702033599	106378	47.02829354553492	1840	0.8134394341290893	9	11	66	0.6666666666666666	2	0.2222222222222222	6	0.6666666666666666	0	0.0	1	0.1111111111111111	3	0.2727272727272727	8	0.7272727272727273	0	0.0	0	0.0	9	0.13636363636363635	46	0.696969696969697	0	0.0	11	0.16666666666666666	1	0	1	1	1	1	1	816131319033950208	0	0	0
2265.0	38	0.016777041942604858	708	0.3125827814569536	11247	4.965562913907284	21071	9.302869757174394	217	0.09580573951434879	19	8	160	0.6666666666666666	3	0.15789473684210525	14	0.7368421052631579	0	0.0	2	0.10526315789473684	3	0.375	5	0.625	0	0.0	0	0.0	16	0.1	111	0.69375	1	0.00625	32	0.2	1	0	0	0	0	1	1	815310506596691968	0	0	0
2325.0	0	0.0	7	0.003010752688172043	11371	4.890752688172043	65	0.02795698924731183	0	0.0	8	9	146	0.5	1	0.125	7	0.875	0	0.0	0	0.0	0	0.0	9	1.0	0	0.0	0	0.0	12	0.0821917808219178	112	0.7671232876712328	0	0.0	22	0.1506849315068493	0	0	0	1	1	1	0	793559218087456768	1	0	0
2409.0	0	0.0	574	0.23827314238273142	113131	46.9618098796181	57512	23.873806558738064	0	0.0	19	8	126	0.35714285714285715	4	0.21052631578947367	14	0.7368421052631579	0	0.0	1	0.05263157894736842	0	0.0	7	0.875	0	0.0	1	0.125	3	0.023809523809523808	86	0.6825396825396826	1	0.007936507936507936	36	0.2857142857142857	0	0	0	1	1	1	0	763099930487615488	1	0	0
2254.0	16950	7.519964507542148	690	0.30612244897959184	17632	7.822537710736468	24816	11.009760425909494	632	0.2803904170363798	17	11	142	0.6923076923076923	3	0.17647058823529413	8	0.47058823529411764	0	0.0	6	0.35294117647058826	3	0.2727272727272727	8	0.7272727272727273	0	0.0	0	0.0	14	0.09859154929577464	85	0.5985915492957746	4	0.028169014084507043	39	0.2746478873239437	1	0	1	0	0	1	1	818975124460335106	0	0	0
2551.0	0	0.0	30	0.011760094080752646	80	0.03136025088200706	187	0.0733045864366915	0	0.0	12	15	54	0.42857142857142855	0	0.0	11	0.9166666666666666	0	0.0	1	0.08333333333333333	0	0.0	15	1.0	0	0.0	0	0.0	0	0.0	45	0.8333333333333334	0	0.0	9	0.16666666666666666	0	0	0	0	0	0	0	711429472306786305	1	0	1
2218.0	23	0.010369702434625788	28	0.012623985572587917	374	0.16862037871956717	599	0.2700631199278629	16	0.007213706041478809	11	11	87	1.0	2	0.18181818181818182	9	0.8181818181818182	0	0.0	0	0.0	0	0.0	11	1.0	0	0.0	0	0.0	4	0.04597701149425287	65	0.7471264367816092	0	0.0	18	0.20689655172413793	0	0	1	0	0	1	0	832145360281858050	1	0	1
2282.0	7	0.003067484662576687	31	0.013584574934268186	30870	13.52760736196319	382	0.16739702015775634	0	0.0	20	15	146	0.7692307692307693	17	0.85	0	0.0	0	0.0	3	0.15	0	0.0	14	0.9333333333333333	1	0.06666666666666667	0	0.0	8	0.0547945205479452	106	0.726027397260274	0	0.0	32	0.2191780821917808	0	0	0	1	1	1	0	809011227909353475	1	0	0
2781.0	198	0.07119741100323625	20	0.00719165767709457	11850	4.261057173678533	102	0.036677454153182305	1	0.0003595828838547285	14	13	154	0.9	2	0.14285714285714285	11	0.7857142857142857	0	0.0	1	0.07142857142857142	2	0.15384615384615385	11	0.8461538461538461	0	0.0	0	0.0	4	0.025974025974025976	113	0.7337662337662337	0	0.0	37	0.24025974025974026	0	0	0	1	1	1	0	3304794002	1	0	1
4445.0	5	0.0011248593925759281	4224	0.950281214848144	2310	0.5196850393700787	1380212	310.50888638920134	324	0.07289088863892014	10	8	62	0.5454545454545454	2	0.2	7	0.7	0	0.0	1	0.1	4	0.5	4	0.5	0	0.0	0	0.0	3	0.04838709677419355	48	0.7741935483870968	0	0.0	11	0.1774193548387097	0	0	1	1	0	1	1	237348797	0	0	0
4311.0	2004	0.464857341684064	884	0.20505683136163302	6283	1.457434469960566	18723	4.343075852470425	2406	0.5581071677105081	19	13	134	0.375	2	0.10526315789473684	16	0.8421052631578947	0	0.0	1	0.05263157894736842	3	0.23076923076923078	8	0.6153846153846154	0	0.0	2	0.15384615384615385	12	0.08955223880597014	92	0.6865671641791045	2	0.014925373134328358	28	0.208955223880597	1	0	1	1	0	1	1	305620929	0	0	0
3061.0	1940	0.6337798105194381	1883	0.6151584449526298	250	0.08167265599477296	511534	167.11336164652076	947	0.30937602090819993	14	13	160	0.9230769230769231	2	0.14285714285714285	11	0.7857142857142857	0	0.0	1	0.07142857142857142	2	0.15384615384615385	11	0.8461538461538461	0	0.0	0	0.0	13	0.08125	117	0.73125	1	0.00625	29	0.18125	1	0	1	0	0	1	1	2847221717	0	0	0
4929.0	7827	1.5879488740109555	1583	0.321160478798945	14924	3.027794684520187	127375	25.841955771961857	372	0.07547169811320754	23	12	102	0.5625	3	0.13043478260869565	11	0.4782608695652174	0	0.0	9	0.391304347826087	2	0.16666666666666666	10	0.8333333333333334	0	0.0	0	0.0	10	0.09803921568627451	74	0.7254901960784313	0	0.0	18	0.17647058823529413	1	0	1	1	0	1	1	74508260	0	0	0
2639.0	0	0.0	14	0.005305039787798408	9162	3.4717696097006443	6990	2.6487305797650627	3	0.0011367942402425162	14	13	160	0.35714285714285715	3	0.21428571428571427	9	0.6428571428571429	0	0.0	2	0.14285714285714285	0	0.0	12	0.9230769230769231	0	0.0	1	0.07692307692307693	9	0.05625	122	0.7625	0	0.0	29	0.18125	0	0	0	0	0	0	0	4638992359	1	0	0
2862.0	0	0.0	62	0.02166317260656883	2790	0.9748427672955975	2503	0.8745632424877708	4	0.001397624039133473	13	12	94	0.9090909090909091	2	0.15384615384615385	10	0.7692307692307693	0	0.0	1	0.07692307692307693	2	0.16666666666666666	10	0.8333333333333334	0	0.0	0	0.0	7	0.07446808510638298	63	0.6702127659574468	2	0.02127659574468085	22	0.23404255319148937	0	0	0	1	1	0	0	3254282218	1	0	0
2477.0	495	0.19983851433185304	5	0.0020185708518368995	14776	5.965280581348405	224	0.0904319741622931	369	0.14897052886556317	9	9	154	1.0	2	0.2222222222222222	7	0.7777777777777778	0	0.0	0	0.0	2	0.2222222222222222	7	0.7777777777777778	0	0.0	0	0.0	5	0.032467532467532464	115	0.7467532467532467	0	0.0	34	0.22077922077922077	0	0	1	0	0	0	0	738330734310522880	1	0	1
2464.0	1	0.00040584415584415587	5	0.002029220779220779	2208	0.8961038961038961	13	0.005275974025974026	8	0.003246753246753247	20	12	57	0.8	5	0.25	12	0.6	0	0.0	3	0.15	4	0.3333333333333333	8	0.6666666666666666	0	0.0	0	0.0	2	0.03508771929824561	42	0.7368421052631579	0	0.0	13	0.22807017543859648	0	0	0	1	1	0	0	743220881237803008	1	0	1
2532.0	2271	0.8969194312796208	62	0.02448657187993681	2669	1.0541074249605056	5302	2.093996840442338	1	0.00039494470774091627	17	15	60	0.9230769230769231	3	0.17647058823529413	12	0.7058823529411765	0	0.0	2	0.11764705882352941	3	0.2	12	0.8	0	0.0	0	0.0	5	0.08333333333333333	44	0.7333333333333333	0	0.0	11	0.18333333333333332	0	0	0	1	0	1	0	718569185194868736	1	0	0
1702.0	1817	1.0675675675675675	6	0.0035252643948296123	102	0.05992949471210341	701	0.4118683901292597	1261	0.7408930669800236	14	14	64	1.0	3	0.21428571428571427	11	0.7857142857142857	0	0.0	0	0.0	0	0.0	14	1.0	0	0.0	0	0.0	1	0.015625	54	0.84375	0	0.0	9	0.140625	0	0	0	1	1	0	0	1019361620798013440	1	0	1
2451.0	0	0.0	3	0.0012239902080783353	2248	0.9171766625866993	15	0.006119951040391677	147	0.05997552019583843	17	15	79	0.9090909090909091	3	0.17647058823529413	12	0.7058823529411765	0	0.0	2	0.11764705882352941	0	0.0	15	1.0	0	0.0	0	0.0	61	0.7721518987341772	0	0.0	0	0.0	18	0.22784810126582278	0	0	1	0	0	0	0	747833144124964864	1	0	1
1815.0	20	0.011019283746556474	17	0.009366391184573003	24368	13.425895316804407	597	0.32892561983471075	0	0.0	16	15	142	0.9090909090909091	2	0.125	13	0.8125	0	0.0	1	0.0625	2	0.13333333333333333	13	0.8666666666666667	0	0.0	0	0.0	15	0.1056338028169014	87	0.6126760563380281	5	0.035211267605633804	35	0.24647887323943662	0	0	0	1	1	0	0	978126616202117120	1	0	1
2604.0	0	0.0	8	0.0030721966205837174	63336	24.322580645161292	27	0.010368663594470046	1	0.00038402457757296467	20	14	51	0.4666666666666667	3	0.15	15	0.75	0	0.0	2	0.1	0	0.0	13	0.9285714285714286	0	0.0	1	0.07142857142857142	1	0.0196078431372549	42	0.8235294117647058	0	0.0	8	0.1568627450980392	0	0	0	1	0	0	0	4852000799	1	0	0
2983.0	344	0.11532014750251425	626	0.20985584981562186	4756	1.5943680858196447	14878	4.987596379483741	220	0.07375125712370097	19	11	130	0.7692307692307693	3	0.15789473684210525	13	0.6842105263157895	0	0.0	3	0.15789473684210525	2	0.18181818181818182	9	0.8181818181818182	0	0.0	0	0.0	20	0.15384615384615385	87	0.6692307692307692	2	0.015384615384615385	21	0.16153846153846155	0	0	1	0	0	1	1	2976606250	0	0	0
2682.0	1	0.0003728560775540641	72	0.026845637583892617	9647	3.5969425801640567	2304	0.8590604026845637	0	0.0	18	10	57	0.6153846153846154	2	0.1111111111111111	15	0.8333333333333334	0	0.0	1	0.05555555555555555	2	0.2	8	0.8	0	0.0	0	0.0	4	0.07017543859649122	38	0.6666666666666666	1	0.017543859649122806	14	0.24561403508771928	0	0	0	0	0	1	0	4187564112	1	0	0
2624.0	0	0.0	61	0.023246951219512195	10454	3.9839939024390243	886	0.33765243902439024	1	0.00038109756097560977	17	13	136	0.8461538461538461	6	0.35294117647058826	9	0.5294117647058824	0	0.0	2	0.11764705882352941	4	0.3076923076923077	9	0.6923076923076923	0	0.0	0	0.0	11	0.08088235294117647	95	0.6985294117647058	0	0.0	30	0.22058823529411764	0	0	1	1	1	0	0	4730923097	1	0	1
3145.0	36	0.011446740858505564	24	0.007631160572337043	1993	0.6337042925278219	182	0.057869634340222575	35	0.011128775834658187	16	13	58	0.8181818181818182	3	0.1875	10	0.625	0	0.0	3	0.1875	0	0.0	13	1.0	0	0.0	0	0.0	2	0.034482758620689655	41	0.7068965517241379	0	0.0	15	0.25862068965517243	0	0	1	0	0	1	0	2706729062	1	0	0
2984.0	1555	0.521112600536193	756	0.25335120643431636	4931	1.6524798927613942	35662	11.951072386058982	451	0.15113941018766755	12	14	91	0.8181818181818182	2	0.16666666666666666	9	0.75	0	0.0	1	0.08333333333333333	3	0.21428571428571427	11	0.7857142857142857	0	0.0	0	0.0	5	0.054945054945054944	62	0.6813186813186813	1	0.01098901098901099	23	0.25274725274725274	1	0	0	1	1	1	1	2973870195	0	0	0
3263.0	0	0.0	18	0.0055163959546429666	11869	3.637450199203187	1282	0.3928899785473491	0	0.0	13	12	86	0.9166666666666666	2	0.15384615384615385	10	0.7692307692307693	0	0.0	1	0.07692307692307693	0	0.0	12	1.0	0	0.0	0	0.0	1	0.011627906976744186	69	0.8023255813953488	0	0.0	16	0.18604651162790697	0	0	1	1	0	1	0	2433869952	1	0	0
5360.0	997	0.18600746268656718	1351	0.25205223880597016	9787	1.8259328358208955	38932	7.263432835820896	3057	0.5703358208955224	19	8	144	0.4166666666666667	5	0.2631578947368421	8	0.42105263157894735	0	0.0	6	0.3157894736842105	0	0.0	8	1.0	0	0.0	0	0.0	16	0.1111111111111111	96	0.6666666666666666	2	0.013888888888888888	30	0.20833333333333334	1	0	0	1	0	1	1	15394954	0	0	0
3599.0	134	0.037232564601278134	1023	0.28424562378438456	3784	1.0514031675465407	38148	10.599611003056404	1860	0.5168102250625174	19	10	97	0.6153846153846154	3	0.15789473684210525	14	0.7368421052631579	0	0.0	2	0.10526315789473684	2	0.2	8	0.8	0	0.0	0	0.0	9	0.09278350515463918	67	0.6907216494845361	0	0.0	21	0.21649484536082475	1	0	1	1	0	1	1	1410590874	0	0	0
4450.0	1051	0.23617977528089887	2116	0.4755056179775281	8952	2.011685393258427	539927	121.33191011235955	498	0.11191011235955056	20	13	79	0.9166666666666666	3	0.15	15	0.75	0	0.0	2	0.1	0	0.0	13	1.0	0	0.0	0	0.0	9	0.11392405063291139	53	0.6708860759493671	0	0.0	17	0.21518987341772153	1	0	0	1	0	1	1	235251868	0	0	0
4445.0	1360	0.3059617547806524	1955	0.4398200224971879	5118	1.15140607424072	117179	26.361979752530935	2054	0.4620922384701912	9	11	150	0.6666666666666666	2	0.2222222222222222	6	0.6666666666666666	0	0.0	1	0.1111111111111111	3	0.2727272727272727	8	0.7272727272727273	0	0.0	0	0.0	34	0.22666666666666666	90	0.6	1	0.006666666666666667	25	0.16666666666666666	1	0	1	1	0	1	1	237299871	0	0	0
4324.0	0	0.0	11	0.002543940795559667	682	0.15772432932469935	24	0.005550416281221091	1	0.00023126734505087883	12	14	27	1.0	0	0.0	11	0.9166666666666666	0	0.0	1	0.08333333333333333	0	0.0	12	0.8571428571428571	0	0.0	2	0.14285714285714285	0	0.0	24	0.8888888888888888	0	0.0	3	0.1111111111111111	0	0	0	1	0	0	0	297806001	1	0	0
4859.0	743	0.1529121218357687	3570	0.7347190779995884	8125	1.6721547643548056	504568	103.8419427865816	1601	0.3294916649516361	20	11	67	0.75	3	0.15	15	0.75	0	0.0	2	0.1	0	0.0	11	1.0	0	0.0	0	0.0	10	0.14925373134328357	42	0.6268656716417911	0	0.0	15	0.22388059701492538	1	0	1	1	0	1	1	92186819	0	0	0
2624.0	0	0.0	53	0.020198170731707318	9578	3.6501524390243905	591	0.22522865853658536	1	0.00038109756097560977	14	12	134	0.8888888888888888	6	0.42857142857142855	6	0.42857142857142855	0	0.0	2	0.14285714285714285	4	0.3333333333333333	8	0.6666666666666666	0	0.0	0	0.0	11	0.08208955223880597	92	0.6865671641791045	0	0.0	31	0.23134328358208955	0	0	1	1	1	0	0	4730693835	1	0	0
2946.0	1323	0.44908350305498984	1806	0.6130346232179226	9171	3.1130346232179225	183422	62.26137135098438	5609	1.9039375424304141	13	10	139	0.8	3	0.23076923076923078	7	0.5384615384615384	0	0.0	3	0.23076923076923078	3	0.3	7	0.7	0	0.0	0	0.0	16	0.11510791366906475	93	0.6690647482014388	2	0.014388489208633094	28	0.2014388489208633	1	0	1	0	0	1	1	3044993235	0	0	0
5125.0	2037	0.39746341463414636	1542	0.3008780487804878	10905	2.1278048780487806	44379	8.659317073170731	2959	0.5773658536585365	15	12	152	0.8	3	0.2	9	0.6	0	0.0	3	0.2	3	0.25	9	0.75	0	0.0	0	0.0	6	0.039473684210526314	119	0.7828947368421053	1	0.006578947368421052	26	0.17105263157894737	1	0	1	1	0	1	1	22669526	0	0	0
2638.0	0	0.0	315	0.11940864291129644	10475	3.970811220621683	6739	2.5545868081880214	1	0.0003790750568612585	11	15	69	0.6363636363636364	0	0.0	10	0.9090909090909091	0	0.0	1	0.09090909090909091	0	0.0	14	0.9333333333333333	0	0.0	1	0.06666666666666667	3	0.043478260869565216	43	0.6231884057971014	5	0.07246376811594203	18	0.2608695652173913	0	0	0	1	1	0	0	4590610654	1	0	0
3174.0	318	0.1001890359168242	1381	0.4350976685570258	15712	4.9502205419029615	116415	36.677693761814744	4217	1.3286074354127284	1	15	65	0.0	0	0.0	0	0.0	0	0.0	1	1.0	0	0.0	13	0.8666666666666667	0	0.0	2	0.13333333333333333	0	0.0	55	0.8461538461538461	0	0.0	10	0.15384615384615385	0	0	0	1	0	0	0	2607163646	1	0	1
2827.0	1	0.00035373187124159886	29	0.010258224266006368	21375	7.561018747789176	623	0.2203749557835161	0	0.0	11	10	143	0.8	2	0.18181818181818182	8	0.7272727272727273	0	0.0	1	0.09090909090909091	2	0.2	8	0.8	0	0.0	0	0.0	14	0.0979020979020979	90	0.6293706293706294	4	0.027972027972027972	35	0.24475524475524477	0	0	0	1	1	0	0	3249072386	1	0	0
3850.0	904	0.2348051948051948	781	0.20285714285714285	4425	1.1493506493506493	18947	4.921298701298701	438	0.11376623376623377	19	13	137	0.7692307692307693	4	0.21052631578947367	10	0.5263157894736842	0	0.0	5	0.2631578947368421	3	0.23076923076923078	10	0.7692307692307693	0	0.0	0	0.0	14	0.10218978102189781	94	0.6861313868613139	4	0.029197080291970802	25	0.18248175182481752	1	0	1	1	0	1	1	789244177	0	0	0
2949.0	0	0.0	28	0.009494743981010512	5041	1.709393014581214	604	0.20481519159036962	0	0.0	17	14	68	0.8571428571428571	3	0.17647058823529413	11	0.6470588235294118	0	0.0	3	0.17647058823529413	0	0.0	14	1.0	0	0.0	0	0.0	2	0.029411764705882353	54	0.7941176470588235	0	0.0	12	0.17647058823529413	0	0	0	1	1	1	0	3041192247	1	0	1
3776.0	33571	8.890625	7750	2.0524364406779663	19696	5.216101694915254	1485709	393.46106991525426	11818	3.1297669491525424	18	11	148	0.6363636363636364	3	0.16666666666666666	12	0.6666666666666666	0	0.0	3	0.16666666666666666	2	0.18181818181818182	9	0.8181818181818182	0	0.0	0	0.0	17	0.11486486486486487	95	0.6418918918918919	3	0.02027027027027027	33	0.22297297297297297	1	0	1	1	0	1	1	942156122	0	0	0
4697.0	1265	0.2693208430913349	1500	0.3193527783691718	10355	2.204598680008516	54339	11.568873749201618	3439	0.7321694698743879	12	11	148	0.8888888888888888	3	0.25	8	0.6666666666666666	0	0.0	1	0.08333333333333333	0	0.0	11	1.0	0	0.0	0	0.0	12	0.08108108108108109	106	0.7162162162162162	2	0.013513513513513514	28	0.1891891891891892	1	0	1	0	0	1	1	140519774	0	0	0
3711.0	224	0.06036108865534896	677	0.18243061169496091	1423	0.3834545944489356	17349	4.6750202101859335	1991	0.5365130692535705	15	15	93	0.75	2	0.13333333333333333	12	0.8	0	0.0	1	0.06666666666666667	3	0.2	12	0.8	0	0.0	0	0.0	7	0.07526881720430108	73	0.7849462365591398	0	0.0	13	0.13978494623655913	0	0	0	1	0	1	0	1092757885	0	0	0
3694.0	982	0.265836491608013	780	0.21115322144017326	7488	2.0270709258256634	20277	5.489171629669735	2391	0.647265836491608	29	12	124	0.3684210526315789	4	0.13793103448275862	21	0.7241379310344828	0	0.0	4	0.13793103448275862	4	0.3333333333333333	8	0.6666666666666666	0	0.0	0	0.0	6	0.04838709677419355	82	0.6612903225806451	12	0.0967741935483871	24	0.1935483870967742	1	0	1	1	1	1	1	1140648348	0	0	0
2864.0	66	0.023044692737430168	40	0.013966480446927373	1016	0.3547486033519553	301	0.1050977653631285	19	0.006634078212290503	17	6	121	0.46153846153846156	3	0.17647058823529413	10	0.5882352941176471	0	0.0	4	0.23529411764705882	0	0.0	6	1.0	0	0.0	0	0.0	7	0.05785123966942149	80	0.6611570247933884	2	0.01652892561983471	32	0.2644628099173554	0	0	0	0	0	1	0	3247221155	1	0	0
3039.0	0	0.0	19	0.006252056597564989	4479	1.4738400789733466	93	0.03060217176702863	2	0.0006581112207963146	18	15	105	0.6923076923076923	3	0.16666666666666666	13	0.7222222222222222	0	0.0	2	0.1111111111111111	0	0.0	15	1.0	0	0.0	0	0.0	4	0.0380952380952381	78	0.7428571428571429	0	0.0	23	0.21904761904761905	0	0	0	1	1	0	0	2882218444	1	0	0
1802.0	6	0.003329633740288568	10	0.005549389567147614	1290	0.7158712541620422	216	0.11986681465038845	2	0.0011098779134295228	15	15	82	0.8333333333333334	6	0.4	7	0.4666666666666667	0	0.0	2	0.13333333333333333	0	0.0	13	0.8666666666666667	0	0.0	2	0.13333333333333333	3	0.036585365853658534	54	0.6585365853658537	3	0.036585365853658534	22	0.2682926829268293	0	0	0	0	0	1	0	982793656452071425	1	0	1
2848.0	12	0.004213483146067416	15	0.0052668539325842695	4454	1.5639044943820224	24	0.008426966292134831	3	0.001053370786516854	11	12	106	0.875	2	0.18181818181818182	9	0.8181818181818182	0	0.0	0	0.0	0	0.0	11	0.9166666666666666	0	0.0	1	0.08333333333333333	19	0.1792452830188679	57	0.5377358490566038	0	0.0	30	0.2830188679245283	0	0	0	0	0	1	0	3301779988	1	0	0
3669.0	1737	0.473426001635323	988	0.26928318342872715	11150	3.0389751976015265	28649	7.808394657944944	3164	0.8623603161624421	18	11	150	0.5714285714285714	3	0.16666666666666666	12	0.6666666666666666	0	0.0	3	0.16666666666666666	2	0.18181818181818182	9	0.8181818181818182	0	0.0	0	0.0	15	0.1	103	0.6866666666666666	2	0.013333333333333334	30	0.2	1	0	1	1	0	1	1	1222257180	0	0	0
2948.0	0	0.0	15	0.00508819538670285	3935	1.3348032564450474	144	0.048846675712347354	2	0.0006784260515603799	13	13	122	1.0	2	0.15384615384615385	11	0.8461538461538461	0	0.0	0	0.0	2	0.15384615384615385	11	0.8461538461538461	0	0.0	0	0.0	10	0.08196721311475409	84	0.6885245901639344	3	0.02459016393442623	25	0.20491803278688525	0	0	1	0	0	1	0	3041716769	1	0	0
4361.0	2107	0.48314606741573035	3930	0.9011694565466636	17142	3.930749828021096	967223	221.7892685163953	2018	0.4627379041504242	21	15	46	0.7857142857142857	3	0.14285714285714285	15	0.7142857142857143	0	0.0	3	0.14285714285714285	2	0.13333333333333333	13	0.8666666666666667	0	0.0	0	0.0	2	0.043478260869565216	35	0.7608695652173914	0	0.0	9	0.1956521739130435	1	0	1	1	0	1	1	278145569	0	0	0
4432.0	534	0.12048736462093863	637	0.14372743682310468	2663	0.6008574007220217	23800	5.370036101083032	410	0.09250902527075812	11	13	125	0.75	2	0.18181818181818182	8	0.7272727272727273	0	0.0	1	0.09090909090909091	3	0.23076923076923078	10	0.7692307692307693	0	0.0	0	0.0	10	0.08	95	0.76	1	0.008	19	0.152	1	0	1	0	0	1	1	242772524	0	0	0
2983.0	2304	0.7723768018773047	27	0.009051290646999664	17672	5.924237344954744	169	0.056654374790479384	89	0.029835735836406304	13	13	156	1.0	3	0.23076923076923078	10	0.7692307692307693	0	0.0	0	0.0	3	0.23076923076923078	10	0.7692307692307693	0	0.0	0	0.0	2	0.01282051282051282	124	0.7948717948717948	1	0.00641025641025641	29	0.1858974358974359	0	0	1	1	1	1	0	2976541239	1	0	0
1903.0	2	0.0010509721492380452	6	0.0031529164477141357	11276	5.925380977404099	203	0.10667367314766159	0	0.0	12	12	150	1.0	0	0.0	12	1.0	0	0.0	0	0.0	0	0.0	12	1.0	0	0.0	0	0.0	15	0.1	101	0.6733333333333333	1	0.006666666666666667	33	0.22	0	0	0	1	1	1	0	946205176867803136	1	0	0
2892.0	1280	0.4426002766251729	386	0.1334716459197787	1665	0.5757261410788381	39017	13.491355463347164	515	0.1780774550484094	13	12	63	0.9090909090909091	2	0.15384615384615385	10	0.7692307692307693	0	0.0	1	0.07692307692307693	2	0.16666666666666666	10	0.8333333333333334	0	0.0	0	0.0	8	0.12698412698412698	46	0.7301587301587301	0	0.0	9	0.14285714285714285	0	0	1	1	0	1	1	3166120541	0	0	0
3556.0	3897	1.0958942632170978	1076	0.3025871766029246	14096	3.9640044994375705	76187	21.424915635545556	2418	0.6799775028121485	17	9	110	0.5833333333333334	3	0.17647058823529413	11	0.6470588235294118	0	0.0	3	0.17647058823529413	2	0.2222222222222222	7	0.7777777777777778	0	0.0	0	0.0	16	0.14545454545454545	72	0.6545454545454545	1	0.00909090909090909	21	0.19090909090909092	1	0	1	1	1	1	1	1531521632	0	0	0
2799.0	2	0.0007145409074669524	24	0.00857449088960343	13901	4.966416577349054	79	0.028224365844944622	2	0.0007145409074669524	11	14	92	0.75	2	0.18181818181818182	8	0.7272727272727273	0	0.0	1	0.09090909090909091	0	0.0	10	0.7142857142857143	4	0.2857142857142857	0	0.0	11	0.11956521739130435	58	0.6304347826086957	2	0.021739130434782608	21	0.22826086956521738	0	0	0	0	0	1	0	3378113121	1	0	0
4816.0	1	0.00020764119601328904	10	0.0020764119601328905	7316	1.5191029900332227	95	0.01972591362126246	60	0.012458471760797342	19	8	125	0.6363636363636364	4	0.21052631578947367	14	0.7368421052631579	0	0.0	1	0.05263157894736842	0	0.0	8	1.0	0	0.0	0	0.0	9	0.072	85	0.68	0	0.0	31	0.248	1	0	1	0	0	1	0	102443669	1	0	0
4937.0	822	0.1664978732023496	9678	1.9602997771926272	21472	4.349199918979137	1546348	313.21612315171154	1071	0.21693336034028762	18	13	106	0.7692307692307693	2	0.1111111111111111	15	0.8333333333333334	0	0.0	1	0.05555555555555555	2	0.15384615384615385	11	0.8461538461538461	0	0.0	0	0.0	13	0.12264150943396226	64	0.6037735849056604	0	0.0	29	0.27358490566037735	1	0	1	0	0	1	1	72198806	0	0	0
4381.0	204	0.046564711253138553	1646	0.3757133074640493	3204	0.7313398767404702	96658	22.062999315224836	218	0.049760328692079435	16	13	159	0.8181818181818182	3	0.1875	10	0.625	0	0.0	3	0.1875	3	0.23076923076923078	10	0.7692307692307693	0	0.0	0	0.0	13	0.08176100628930817	116	0.7295597484276729	2	0.012578616352201259	28	0.1761006289308176	0	0	0	1	1	1	1	267938462	0	0	0
3717.0	2034	0.5472154963680388	968	0.260425073984396	6893	1.8544525154694647	33045	8.890234059725586	3299	0.8875437180521927	16	9	150	0.6363636363636364	3	0.1875	10	0.625	0	0.0	3	0.1875	2	0.2222222222222222	7	0.7777777777777778	0	0.0	0	0.0	20	0.13333333333333333	101	0.6733333333333333	0	0.0	29	0.19333333333333333	1	0	1	1	0	1	1	1074129612	0	0	0
2759.0	0	0.0	15	0.005436752446538601	3228	1.169989126495107	68	0.02464661109097499	3	0.0010873504893077202	14	13	57	0.9	2	0.14285714285714285	11	0.7857142857142857	0	0.0	1	0.07142857142857142	2	0.15384615384615385	11	0.8461538461538461	0	0.0	0	0.0	3	0.05263157894736842	42	0.7368421052631579	0	0.0	12	0.21052631578947367	0	0	0	1	1	0	0	3439078101	1	0	0
3104.0	0	0.0	72	0.023195876288659795	10424	3.3582474226804124	869	0.27996134020618557	1	0.00032216494845360824	14	14	158	1.0	3	0.21428571428571427	11	0.7857142857142857	0	0.0	0	0.0	3	0.21428571428571427	11	0.7857142857142857	0	0.0	0	0.0	8	0.05063291139240506	118	0.7468354430379747	0	0.0	32	0.20253164556962025	0	0	0	0	0	1	0	2810112727	1	0	0
5152.0	681	0.13218167701863354	1176	0.22826086956521738	7042	1.3668478260869565	25128	4.877329192546584	4132	0.8020186335403726	12	11	81	0.9	2	0.16666666666666666	9	0.75	0	0.0	1	0.08333333333333333	2	0.18181818181818182	9	0.8181818181818182	0	0.0	0	0.0	6	0.07407407407407407	58	0.7160493827160493	1	0.012345679012345678	16	0.19753086419753085	1	0	1	1	0	0	0	20015903	0	0	0
4387.0	2615	0.5960793252792341	2127	0.4848415773877365	11075	2.524504217004787	113714	25.9206747207659	701	0.15979028949167998	20	13	98	0.8461538461538461	3	0.15	15	0.75	0	0.0	2	0.1	2	0.15384615384615385	11	0.8461538461538461	0	0.0	0	0.0	15	0.15306122448979592	64	0.6530612244897959	0	0.0	19	0.19387755102040816	1	0	1	1	0	1	1	264219447	0	0	0
2672.0	414	0.15494011976047903	434	0.1624251497005988	6391	2.3918413173652695	19600	7.335329341317365	3568	1.3353293413173652	18	9	157	0.42857142857142855	3	0.16666666666666666	12	0.6666666666666666	0	0.0	3	0.16666666666666666	2	0.2222222222222222	7	0.7777777777777778	0	0.0	0	0.0	19	0.12101910828025478	107	0.6815286624203821	2	0.012738853503184714	29	0.18471337579617833	1	0	0	1	1	1	1	4304448314	0	0	0
2570.0	0	0.0	5	0.0019455252918287938	1824	0.709727626459144	11	0.004280155642023347	1	0.0003891050583657588	12	11	116	0.6	2	0.16666666666666666	9	0.75	0	0.0	1	0.08333333333333333	1	0.09090909090909091	10	0.9090909090909091	0	0.0	0	0.0	12	0.10344827586206896	81	0.6982758620689655	0	0.0	23	0.19827586206896552	0	0	1	1	0	0	0	704718508496711680	1	0	0
2384.0	53	0.022231543624161073	18	0.007550335570469799	6247	2.6203859060402683	260	0.10906040268456375	15	0.006291946308724832	17	10	78	0.42857142857142855	2	0.11764705882352941	14	0.8235294117647058	0	0.0	1	0.058823529411764705	0	0.0	10	1.0	0	0.0	0	0.0	5	0.0641025641025641	58	0.7435897435897436	0	0.0	15	0.19230769230769232	0	0	0	0	0	1	0	772202703212703744	1	0	1
4074.0	645	0.15832106038291605	3851	0.9452626411389298	5176	1.270495827196858	872630	214.19489445262641	1063	0.2609229258713795	15	11	101	0.5	2	0.13333333333333333	12	0.8	0	0.0	1	0.06666666666666667	2	0.18181818181818182	9	0.8181818181818182	0	0.0	0	0.0	11	0.10891089108910891	73	0.7227722772277227	0	0.0	17	0.16831683168316833	1	0	1	1	0	1	1	467823431	0	0	0
2040.0	2	0.000980392156862745	7	0.003431372549019608	46645	22.86519607843137	121	0.059313725490196076	0	0.0	39	15	133	0.5263157894736842	4	0.10256410256410256	26	0.6666666666666666	1	0.02564102564102564	8	0.20512820512820512	2	0.13333333333333333	13	0.8666666666666667	0	0.0	0	0.0	1	0.007518796992481203	102	0.7669172932330827	0	0.0	30	0.22556390977443608	0	0	0	0	0	1	0	896850130275532800	1	0	1
3047.0	1	0.0003281916639317361	82	0.026911716442402363	8722	2.8624876928126026	1697	0.5569412536921562	1	0.0003281916639317361	19	11	144	0.35714285714285715	3	0.15789473684210525	14	0.7368421052631579	0	0.0	2	0.10526315789473684	3	0.2727272727272727	5	0.45454545454545453	0	0.0	3	0.2727272727272727	7	0.04861111111111111	106	0.7361111111111112	0	0.0	31	0.2152777777777778	0	0	0	0	0	1	0	2871257938	1	0	0
3522.0	2	0.0005678591709256105	65	0.01845542305508234	56027	15.907722884724588	70198	19.931289040318003	5	0.0014196479273140261	14	15	82	0.0	0	0.0	0	0.0	0	0.0	14	1.0	0	0.0	15	1.0	0	0.0	0	0.0	0	0.0	0	0.0	14	0.17073170731707318	68	0.8292682926829268	0	0	0	1	0	0	0	1616046954	1	0	0
2284.0	1449	0.6344133099824869	722	0.3161120840630473	6695	2.931260945709282	17315	7.580998248686515	4233	1.8533274956217163	29	12	113	0.4444444444444444	5	0.1724137931034483	18	0.6206896551724138	0	0.0	6	0.20689655172413793	3	0.25	9	0.75	0	0.0	0	0.0	8	0.07079646017699115	83	0.7345132743362832	2	0.017699115044247787	20	0.17699115044247787	1	0	1	0	0	1	1	808416682972770304	0	0	1
2055.0	0	0.0	15	0.0072992700729927005	1423	0.6924574209245742	118	0.05742092457420925	0	0.0	7	11	44	0.6666666666666666	0	0.0	7	1.0	0	0.0	0	0.0	0	0.0	10	0.9090909090909091	0	0.0	1	0.09090909090909091	2	0.045454545454545456	32	0.7272727272727273	0	0.0	10	0.22727272727272727	0	0	1	0	0	0	0	891182471689236480	1	0	0
2009.0	2	0.0009955201592832255	247	0.12294673967147834	40256	20.037829766052763	5027	2.502239920358387	3	0.0014932802389248383	13	13	142	1.0	1	0.07692307692307693	12	0.9230769230769231	0	0.0	0	0.0	0	0.0	13	1.0	0	0.0	0	0.0	2	0.014084507042253521	109	0.7676056338028169	2	0.014084507042253521	29	0.20422535211267606	0	0	0	0	0	1	0	908035119293886464	1	0	0
2147.0	1	0.0004657661853749418	23	0.01071262226362366	8595	4.003260363297625	138	0.06427573358174196	3	0.0013972985561248254	19	10	46	0.35714285714285715	2	0.10526315789473684	16	0.8421052631578947	0	0.0	1	0.05263157894736842	0	0.0	9	0.9	0	0.0	1	0.1	1	0.021739130434782608	39	0.8478260869565217	0	0.0	6	0.13043478260869565	0	0	1	0	0	0	0	858057559839830016	1	0	0
2283.0	1	0.0004380201489268506	4	0.0017520805957074025	52	0.022777047744196234	3	0.001314060446780552	0	0.0	17	13	0	0.6153846153846154	3	0.17647058823529413	14	0.8235294117647058	0	0.0	0	0.0	0	0.0	13	1.0	0	0.0	0	0.0	0	0	0	0	0	0	0	0	0	0	0	1	1	0	0	808635132034904065	1	0	0
2129.0	3	0.0014091122592766556	17	0.007984969469234382	6311	2.964302489431658	1021	0.47956787224048847	1	0.0004697040864255519	14	12	149	0.6363636363636364	3	0.21428571428571427	8	0.5714285714285714	0	0.0	3	0.21428571428571427	4	0.3333333333333333	8	0.6666666666666666	0	0.0	0	0.0	2	0.013422818791946308	109	0.7315436241610739	4	0.026845637583892617	34	0.22818791946308725	0	0	1	0	0	1	0	864532106336235521	1	0	1
2068.0	0	0.0	6	0.0029013539651837525	1326	0.6411992263056093	19	0.00918762088974855	0	0.0	17	9	0	0.6153846153846154	3	0.17647058823529413	12	0.7058823529411765	0	0.0	2	0.11764705882352941	0	0.0	9	1.0	0	0.0	0	0.0	0	0	0	0	0	0	0	0	0	0	0	1	1	0	0	886606631206875137	1	0	1
2245.0	1	0.00044543429844097997	3	0.0013363028953229399	50	0.022271714922048998	5	0.0022271714922048997	9	0.004008908685968819	14	13	45	0.9166666666666666	2	0.14285714285714285	11	0.7857142857142857	0	0.0	1	0.07142857142857142	2	0.15384615384615385	11	0.8461538461538461	0	0.0	0	0.0	2	0.044444444444444446	34	0.7555555555555555	3	0.06666666666666667	6	0.13333333333333333	0	0	1	1	1	0	0	822542798486466561	1	0	1
2244.0	0	0.0	40	0.017825311942959002	812	0.36185383244206776	316	0.1408199643493761	0	0.0	9	13	79	0.6363636363636364	0	0.0	8	0.8888888888888888	0	0.0	1	0.1111111111111111	0	0.0	11	0.8461538461538461	0	0.0	2	0.15384615384615385	0	0.0	62	0.7848101265822784	0	0.0	17	0.21518987341772153	0	0	1	0	0	0	0	822867823517200386	1	0	0
1765.0	139	0.07875354107648726	3	0.0016997167138810198	12058	6.831728045325779	368	0.2084985835694051	6	0.0033994334277620396	12	12	46	0.8181818181818182	0	0.0	11	0.9166666666666666	0	0.0	1	0.08333333333333333	4	0.3333333333333333	7	0.5833333333333334	0	0.0	1	0.08333333333333333	2	0.043478260869565216	36	0.782608695652174	0	0.0	8	0.17391304347826086	0	0	1	0	0	0	0	996399422601916418	1	0	1
1551.0	1	0.0006447453255963894	4	0.0025789813023855577	1548	0.9980657640232108	38	0.024500322372662798	0	0.0	18	15	31	0.9090909090909091	4	0.2222222222222222	11	0.6111111111111112	0	0.0	3	0.16666666666666666	4	0.26666666666666666	11	0.7333333333333333	0	0.0	0	0.0	0	0.0	18	0.5806451612903226	1	0.03225806451612903	12	0.3870967741935484	0	0	1	0	0	0	0	1073980236453343234	1	0	1
2134.0	1	0.00046860356138706655	20	0.00937207122774133	11972	5.610121836925961	121	0.05670103092783505	1	0.00046860356138706655	13	13	70	1.0	0	0.0	13	1.0	0	0.0	0	0.0	0	0.0	13	1.0	0	0.0	0	0.0	4	0.05714285714285714	35	0.5	0	0.0	31	0.44285714285714284	0	0	1	0	0	0	0	862811732191965185	1	0	0
2978.0	215	0.07219610476830088	89	0.029885829415715246	94886	31.862323707186032	447	0.15010073875083949	22	0.007387508394895903	9	8	126	0.8888888888888888	2	0.2222222222222222	6	0.6666666666666666	0	0.0	1	0.1111111111111111	0	0.0	8	1.0	0	0.0	0	0.0	4	0.031746031746031744	94	0.746031746031746	0	0.0	28	0.2222222222222222	0	0	0	1	1	1	0	2983553937	1	0	0
2277.0	1	0.0004391743522178305	11	0.004830917874396135	1344	0.5902503293807642	618	0.27140974967061926	3	0.0013175230566534915	15	9	70	0.5384615384615384	2	0.13333333333333333	12	0.8	0	0.0	1	0.06666666666666667	1	0.1111111111111111	8	0.8888888888888888	0	0.0	0	0.0	3	0.04285714285714286	55	0.7857142857142857	0	0.0	12	0.17142857142857143	0	0	0	1	1	0	0	810665807642587140	1	0	0
2869.0	1	0.0003485535029627048	17	0.0059254095503659815	3621	1.262112234227954	217	0.07563611014290694	206	0.07180202161031718	16	14	137	0.6363636363636364	0	0.0	14	0.875	0	0.0	2	0.125	0	0.0	14	1.0	0	0.0	0	0.0	4	0.029197080291970802	105	0.7664233576642335	0	0.0	28	0.20437956204379562	0	0	0	0	0	0	0	3187370910	1	0	0
2599.0	0	0.0	25	0.009619084263178146	2341	0.9007310504040016	102	0.039245863793766836	1	0.00038476337052712584	18	15	86	0.9230769230769231	6	0.3333333333333333	9	0.5	0	0.0	3	0.16666666666666666	6	0.4	9	0.6	0	0.0	0	0.0	7	0.08139534883720931	59	0.686046511627907	1	0.011627906976744186	19	0.22093023255813954	0	0	0	1	1	1	0	4870351817	1	0	0
5173.0	880	0.17011405374057606	1237	0.2391262323603325	8732	1.6879953605258071	24346	4.706359945872801	2947	0.5696887686062246	19	13	128	0.4666666666666667	4	0.21052631578947367	11	0.5789473684210527	0	0.0	4	0.21052631578947367	3	0.23076923076923078	10	0.7692307692307693	0	0.0	0	0.0	6	0.046875	97	0.7578125	4	0.03125	21	0.1640625	1	0	1	1	0	1	1	18967498	0	0	0
2943.0	2	0.0006795786612300374	35	0.011892626571525655	6968	2.36765205572545	529	0.17974855589534489	17	0.0057764186204553175	16	12	128	0.75	3	0.1875	11	0.6875	0	0.0	2	0.125	0	0.0	12	1.0	0	0.0	0	0.0	10	0.078125	90	0.703125	1	0.0078125	27	0.2109375	1	0	0	1	0	1	0	3052317647	1	0	1
3712.0	787	0.21201508620689655	843	0.2271012931034483	6498	1.7505387931034482	30870	8.316271551724139	1270	0.3421336206896552	14	11	93	0.8	3	0.21428571428571427	8	0.5714285714285714	0	0.0	3	0.21428571428571427	3	0.2727272727272727	8	0.7272727272727273	0	0.0	0	0.0	11	0.11827956989247312	64	0.6881720430107527	2	0.021505376344086023	16	0.17204301075268819	1	0	1	1	0	1	1	1089334250	0	0	0
2806.0	1	0.0003563791874554526	4	0.0014255167498218105	222	0.07911617961511047	56	0.019957234497505347	1	0.0003563791874554526	17	14	134	0.9090909090909091	4	0.23529411764705882	10	0.5882352941176471	0	0.0	3	0.17647058823529413	0	0.0	14	1.0	0	0.0	0	0.0	13	0.09701492537313433	93	0.6940298507462687	0	0.0	28	0.208955223880597	0	0	0	1	1	0	0	3367922674	1	0	1
4489.0	268	0.05970149253731343	3011	0.6707507239919804	6117	1.3626642904878592	190587	42.45644909779461	13	0.0028959679215860993	25	9	68	0.4666666666666667	5	0.2	12	0.48	0	0.0	8	0.32	2	0.2222222222222222	7	0.7777777777777778	0	0.0	0	0.0	8	0.11764705882352941	46	0.6764705882352942	0	0.0	14	0.20588235294117646	1	0	0	1	0	0	1	221162525	0	0	0
3724.0	749	0.20112781954887218	1019	0.27363050483351237	8553	2.2967239527389904	37900	10.177228786251343	3097	0.8316326530612245	19	12	80	0.8333333333333334	3	0.15789473684210525	13	0.6842105263157895	0	0.0	3	0.15789473684210525	2	0.16666666666666666	10	0.8333333333333334	0	0.0	0	0.0	9	0.1125	55	0.6875	3	0.0375	13	0.1625	1	0	1	1	1	1	1	1055730738	0	0	0
3170.0	44	0.0138801261829653	16	0.005047318611987382	211	0.0665615141955836	71	0.022397476340694007	24	0.007570977917981073	16	13	129	0.38461538461538464	0	0.0	14	0.875	0	0.0	2	0.125	0	0.0	13	1.0	0	0.0	0	0.0	16	0.12403100775193798	78	0.6046511627906976	0	0.0	35	0.2713178294573643	0	0	0	1	0	1	0	2614979671	1	0	0
2696.0	8	0.002967359050445104	217	0.08048961424332345	12884	4.778931750741839	4748	1.761127596439169	3	0.001112759643916914	12	12	136	1.0	0	0.0	11	0.9166666666666666	1	0.08333333333333333	0	0.0	0	0.0	11	0.9166666666666666	1	0.08333333333333333	0	0.0	18	0.1323529411764706	83	0.6102941176470589	1	0.007352941176470588	34	0.25	0	0	1	0	0	1	0	4040207472	1	0	0
3088.0	0	0.0	46	0.014896373056994818	5099	1.6512305699481866	223	0.07221502590673576	85	0.027525906735751296	11	10	93	0.9	2	0.18181818181818182	8	0.7272727272727273	0	0.0	1	0.09090909090909091	0	0.0	10	1.0	0	0.0	0	0.0	8	0.08602150537634409	65	0.6989247311827957	0	0.0	20	0.21505376344086022	0	0	0	1	1	0	0	2836032643	1	0	0
2755.0	7	0.002540834845735027	15	0.0054446460980036296	22115	8.027223230490018	71	0.025771324863883848	52	0.018874773139745917	14	12	124	0.875	6	0.42857142857142855	6	0.42857142857142855	0	0.0	2	0.14285714285714285	3	0.25	9	0.75	0	0.0	0	0.0	5	0.04032258064516129	90	0.7258064516129032	3	0.024193548387096774	26	0.20967741935483872	0	0	0	0	0	1	0	3484462221	1	0	0
4187.0	1856	0.44327680917124435	1359	0.3245760687843325	9213	2.20038213518032	53067	12.674229758777168	4375	1.0449008836876046	20	14	105	0.7272727272727273	4	0.2	11	0.55	0	0.0	5	0.25	3	0.21428571428571427	11	0.7857142857142857	0	0.0	0	0.0	12	0.11428571428571428	67	0.638095238095238	5	0.047619047619047616	21	0.2	1	0	1	1	0	1	1	381152398	0	0	0
2962.0	2	0.0006752194463200541	17	0.005739365293720459	97	0.03274814314652262	262	0.08845374746792707	47	0.01586765698852127	20	12	32	0.375	5	0.25	11	0.55	0	0.0	4	0.2	2	0.16666666666666666	10	0.8333333333333334	0	0.0	0	0.0	2	0.0625	23	0.71875	0	0.0	7	0.21875	1	0	1	1	0	1	0	3015093437	1	0	1
5126.0	2480	0.4838080374561061	1068	0.20834959032383926	6540	1.2758486149044088	36985	7.2151775263363245	1019	0.19879047990635973	10	11	38	0.7272727272727273	2	0.2	7	0.7	0	0.0	1	0.1	0	0.0	11	1.0	0	0.0	0	0.0	4	0.10526315789473684	28	0.7368421052631579	0	0.0	6	0.15789473684210525	0	0	1	0	0	0	0	22523087	0	0	0
2446.0	0	0.0	16	0.006541291905151268	55282	22.600981193785774	50	0.02044153720359771	9	0.003679476696647588	17	13	84	0.8181818181818182	4	0.23529411764705882	10	0.5882352941176471	0	0.0	3	0.17647058823529413	0	0.0	13	1.0	0	0.0	0	0.0	8	0.09523809523809523	55	0.6547619047619048	0	0.0	21	0.25	0	0	1	0	0	1	0	749664459321466880	1	0	0
2042.0	1	0.0004897159647404506	50	0.024485798237022526	5773	2.827130264446621	1263	0.618511263467189	17	0.00832517140058766	7	11	146	0.14285714285714285	2	0.2857142857142857	4	0.5714285714285714	0	0.0	1	0.14285714285714285	2	0.18181818181818182	9	0.8181818181818182	0	0.0	0	0.0	7	0.04794520547945205	105	0.7191780821917808	6	0.0410958904109589	28	0.1917808219178082	0	0	1	0	0	0	0	896063275921793024	1	0	0
3091.0	0	0.0	2	0.0006470397929472663	112	0.03623422840504691	9	0.0029116790682626984	0	0.0	13	13	0	0.8181818181818182	2	0.15384615384615385	10	0.7692307692307693	0	0.0	1	0.07692307692307693	0	0.0	12	0.9230769230769231	0	0.0	1	0.07692307692307693	0	0	0	0	0	0	0	0	0	0	0	1	1	0	0	2787339496	1	0	0
4978.0	80	0.016070711128967456	2125	0.4268782643631981	8172	1.6416231418240257	164218	32.988750502209726	341	0.06850140618722378	26	15	128	0.6470588235294118	4	0.15384615384615385	18	0.6923076923076923	0	0.0	4	0.15384615384615385	3	0.2	12	0.8	0	0.0	0	0.0	9	0.0703125	85	0.6640625	8	0.0625	26	0.203125	0	0	1	1	0	1	0	60828944	0	0	0
4455.0	57	0.012794612794612794	1001	0.22469135802469137	2368	0.5315375982042648	24489	5.496969696969697	641	0.14388327721661054	24	12	92	0.5294117647058824	3	0.125	19	0.7916666666666666	0	0.0	2	0.08333333333333333	4	0.3333333333333333	8	0.6666666666666666	0	0.0	0	0.0	6	0.06521739130434782	73	0.7934782608695652	1	0.010869565217391304	12	0.13043478260869565	1	0	1	1	1	1	1	232992031	0	0	0
2800.0	63	0.0225	5	0.0017857142857142857	6404	2.287142857142857	169	0.06035714285714286	2	0.0007142857142857143	19	13	154	0.7142857142857143	3	0.15789473684210525	14	0.7368421052631579	0	0.0	2	0.10526315789473684	3	0.23076923076923078	10	0.7692307692307693	0	0.0	0	0.0	14	0.09090909090909091	110	0.7142857142857143	0	0.0	30	0.19480519480519481	0	0	1	0	0	1	0	3280203050	1	0	1
2773.0	0	0.0	4	0.00144248106743599	173	0.062387306166606565	7	0.0025243418680129825	0	0.0	18	15	127	0.6363636363636364	2	0.1111111111111111	13	0.7222222222222222	0	0.0	3	0.16666666666666666	0	0.0	15	1.0	0	0.0	0	0.0	4	0.031496062992125984	93	0.7322834645669292	0	0.0	30	0.23622047244094488	0	0	0	1	1	0	0	3415420217	1	0	1
4930.0	943	0.19127789046653143	1008	0.20446247464503042	5589	1.1336713995943204	28627	5.8066937119675455	658	0.1334685598377282	7	11	46	0.5555555555555556	2	0.2857142857142857	4	0.5714285714285714	0	0.0	1	0.14285714285714285	3	0.2727272727272727	8	0.7272727272727273	0	0.0	0	0.0	4	0.08695652173913043	34	0.7391304347826086	0	0.0	8	0.17391304347826086	1	0	1	1	0	0	1	74198348	0	0	0
2989.0	67	0.022415523586483774	16	0.005352960856473737	8092	2.7072599531615924	85	0.02843760455001673	26	0.008698561391769822	12	11	109	0.8571428571428571	2	0.16666666666666666	9	0.75	0	0.0	1	0.08333333333333333	0	0.0	11	1.0	0	0.0	0	0.0	4	0.03669724770642202	88	0.8073394495412844	0	0.0	17	0.1559633027522936	0	0	0	0	0	1	0	2963664205	1	0	1
4991.0	676	0.13544379883790825	1726	0.3458224804648367	17709	3.548186736125025	51743	10.367261069925867	1739	0.34842716890402725	12	14	126	0.75	2	0.16666666666666666	9	0.75	0	0.0	1	0.08333333333333333	3	0.21428571428571427	11	0.7857142857142857	0	0.0	0	0.0	14	0.1111111111111111	85	0.6746031746031746	1	0.007936507936507936	26	0.20634920634920634	1	0	1	1	0	1	1	56864092	0	0	0
2850.0	82642	28.99719298245614	75	0.02631578947368421	141273	49.56947368421053	1716	0.6021052631578947	2981	1.0459649122807018	9	6	143	1.0	2	0.2222222222222222	7	0.7777777777777778	0	0.0	0	0.0	1	0.16666666666666666	5	0.8333333333333334	0	0.0	0	0.0	9	0.06293706293706294	100	0.6993006993006993	0	0.0	34	0.23776223776223776	0	0	0	1	1	1	0	3299372399	1	0	0
2095.0	1	0.00047732696897374703	5	0.002386634844868735	48291	23.050596658711218	22	0.010501193317422435	1	0.00047732696897374703	10	10	144	1.0	2	0.2	8	0.8	0	0.0	0	0.0	0	0.0	10	1.0	0	0.0	0	0.0	3	0.020833333333333332	115	0.7986111111111112	0	0.0	26	0.18055555555555555	0	0	1	0	0	0	0	876627031030738944	1	0	0
3078.0	0	0.0	17	0.005523066926575698	982	0.3190383365821962	294	0.09551656920077972	20	0.00649772579597141	18	11	41	0.8333333333333334	3	0.16666666666666666	13	0.7222222222222222	0	0.0	2	0.1111111111111111	3	0.2727272727272727	8	0.7272727272727273	0	0.0	0	0.0	3	0.07317073170731707	31	0.7560975609756098	0	0.0	7	0.17073170731707318	0	0	1	1	0	1	0	2821123457	1	0	0
2171.0	0	0.0	4	0.0018424689083371719	2566	1.1819438046982957	3	0.0013818516812528789	0	0.0	12	12	0	0.6	3	0.25	7	0.5833333333333334	0	0.0	2	0.16666666666666666	3	0.25	9	0.75	0	0.0	0	0.0	0	0	0	0	0	0	0	0	0	0	0	1	1	0	0	849373815033540608	1	0	0
3143.0	0	0.0	16	0.005090677696468342	24701	7.859051861279033	50	0.01590836780146357	0	0.0	18	14	99	0.7333333333333333	3	0.16666666666666666	13	0.7222222222222222	0	0.0	2	0.1111111111111111	2	0.14285714285714285	11	0.7857142857142857	1	0.07142857142857142	0	0.0	6	0.06060606060606061	72	0.7272727272727273	0	0.0	21	0.21212121212121213	0	0	1	1	1	1	0	2712153476	1	0	0
2149.0	0	0.0	4	0.0018613308515588647	99643	46.367147510469984	34	0.01582131223825035	3	0.0013959981386691485	14	14	21	1.0	0	0.0	13	0.9285714285714286	0	0.0	1	0.07142857142857142	0	0.0	13	0.9285714285714286	0	0.0	1	0.07142857142857142	2	0.09523809523809523	18	0.8571428571428571	0	0.0	1	0.047619047619047616	0	0	0	1	1	0	0	857148734811123713	1	0	0
2091.0	72	0.03443328550932568	8	0.003825920612147298	50	0.02391200382592061	32	0.015303682448589193	28	0.013390722142515544	39	15	149	0.5	4	0.10256410256410256	29	0.7435897435897436	0	0.0	6	0.15384615384615385	0	0.0	14	0.9333333333333333	0	0.0	1	0.06666666666666667	15	0.10067114093959731	92	0.6174496644295302	10	0.06711409395973154	32	0.21476510067114093	0	0	0	1	1	1	0	878067171653562369	1	0	1
2077.0	19	0.0091478093403948	4	0.0019258545979778526	14	0.006740491092922484	10	0.004814636494944632	18	0.008666345690900338	9	13	95	0.36363636363636365	2	0.2222222222222222	5	0.5555555555555556	0	0.0	2	0.2222222222222222	0	0.0	11	0.8461538461538461	0	0.0	2	0.15384615384615385	3	0.031578947368421054	71	0.7473684210526316	0	0.0	21	0.22105263157894736	0	0	0	1	1	1	0	883418382988718082	1	0	0
2156.0	464	0.21521335807050093	533	0.24721706864564008	2709	1.2564935064935066	10356	4.803339517625232	1777	0.8242115027829313	14	11	91	0.7777777777777778	3	0.21428571428571427	8	0.5714285714285714	0	0.0	3	0.21428571428571427	3	0.2727272727272727	8	0.7272727272727273	0	0.0	0	0.0	10	0.10989010989010989	63	0.6923076923076923	3	0.03296703296703297	15	0.16483516483516483	1	0	1	0	0	1	1	854715071116849157	0	0	0
4184.0	801	0.1914435946462715	1770	0.42304015296367115	5291	1.2645793499043978	119790	28.630497131931165	778	0.18594646271510518	19	13	116	0.6363636363636364	3	0.15789473684210525	14	0.7368421052631579	0	0.0	2	0.10526315789473684	3	0.23076923076923078	10	0.7692307692307693	0	0.0	0	0.0	11	0.09482758620689655	84	0.7241379310344828	0	0.0	21	0.1810344827586207	1	0	1	1	0	1	1	382791093	0	0	0
4453.0	167	0.03750280709633955	970	0.21783067594879857	2461	0.5526611273298899	32855	7.378172018863688	599	0.1345160565910622	15	12	98	0.5384615384615384	2	0.13333333333333333	12	0.8	0	0.0	1	0.06666666666666667	3	0.25	9	0.75	0	0.0	0	0.0	8	0.08163265306122448	73	0.7448979591836735	1	0.01020408163265306	16	0.16326530612244897	0	0	1	1	0	1	1	234057152	0	0	0
4536.0	448	0.09876543209876543	2419	0.533289241622575	7377	1.6263227513227514	161673	35.642195767195766	537	0.11838624338624339	18	15	123	0.8181818181818182	3	0.16666666666666666	12	0.6666666666666666	0	0.0	3	0.16666666666666666	3	0.2	12	0.8	0	0.0	0	0.0	17	0.13821138211382114	78	0.6341463414634146	1	0.008130081300813009	27	0.21951219512195122	0	0	0	1	0	1	1	202206694	0	0	0
3712.0	209	0.05630387931034483	865	0.2330280172413793	5561	1.498114224137931	28906	7.787176724137931	293	0.07893318965517242	27	13	98	0.5	5	0.18518518518518517	16	0.5925925925925926	0	0.0	6	0.2222222222222222	5	0.38461538461538464	8	0.6153846153846154	0	0.0	0	0.0	5	0.05102040816326531	78	0.7959183673469388	2	0.02040816326530612	13	0.1326530612244898	1	0	0	1	1	1	1	1089859058	0	0	0
2100.0	0	0.0	6	0.002857142857142857	10437	4.97	19	0.009047619047619047	2	0.0009523809523809524	16	14	21	0.05	3	0.1875	12	0.75	0	0.0	1	0.0625	0	0.0	13	0.9285714285714286	0	0.0	1	0.07142857142857142	0	0.0	17	0.8095238095238095	0	0.0	4	0.19047619047619047	0	0	0	0	0	0	0	875041798091030528	1	0	0
2007.0	0	0.0	75	0.03736920777279522	40297	20.07822620827105	897	0.4469357249626308	0	0.0	10	9	123	0.875	2	0.2	7	0.7	0	0.0	1	0.1	2	0.2222222222222222	7	0.7777777777777778	0	0.0	0	0.0	3	0.024390243902439025	96	0.7804878048780488	0	0.0	24	0.1951219512195122	0	0	0	1	1	1	0	908722710359949312	1	0	0
1968.0	0	0.0	5	0.002540650406504065	3250	1.6514227642276422	84	0.042682926829268296	0	0.0	9	9	75	1.0	1	0.1111111111111111	8	0.8888888888888888	0	0.0	0	0.0	0	0.0	9	1.0	0	0.0	0	0.0	3	0.04	55	0.7333333333333333	0	0.0	17	0.22666666666666666	0	0	0	1	1	0	0	922707045119279104	1	0	0
1920.0	0	0.0	4	0.0020833333333333333	7607	3.9619791666666666	12	0.00625	0	0.0	23	10	92	0.5	7	0.30434782608695654	10	0.43478260869565216	0	0.0	6	0.2608695652173913	0	0.0	10	1.0	0	0.0	0	0.0	4	0.043478260869565216	66	0.717391304347826	2	0.021739130434782608	20	0.21739130434782608	0	0	1	1	1	1	0	940014388970373120	1	0	0
2103.0	8	0.0038040893961008085	4	0.0019020446980504042	2458	1.1688064669519733	11	0.005230622919638612	37	0.01759391345696624	19	15	147	0.9166666666666666	5	0.2631578947368421	10	0.5263157894736842	0	0.0	4	0.21052631578947367	6	0.4	9	0.6	0	0.0	0	0.0	9	0.061224489795918366	103	0.7006802721088435	0	0.0	35	0.23809523809523808	0	0	1	0	0	0	0	873758018550218752	1	0	1
1894.0	2	0.0010559662090813093	1	0.0005279831045406547	2	0.0010559662090813093	2	0.0010559662090813093	1	0.0005279831045406547	20	15	29	0.7333333333333333	0	0.0	16	0.8	0	0.0	4	0.2	0	0.0	14	0.9333333333333333	1	0.06666666666666667	0	0.0	0	0.0	19	0.6551724137931034	0	0.0	10	0.3448275862068966	0	0	1	0	0	0	0	949499044761550849	1	0	1
4786.0	785	0.16402005850396992	910	0.19013790221479315	6815	1.4239448391140828	29494	6.162557459256163	1082	0.2260760551608859	11	12	76	0.8	2	0.18181818181818182	8	0.7272727272727273	0	0.0	1	0.09090909090909091	4	0.3333333333333333	8	0.6666666666666666	0	0.0	0	0.0	5	0.06578947368421052	56	0.7368421052631579	0	0.0	15	0.19736842105263158	1	0	0	1	1	0	1	111635980	0	0	0
3827.0	15064	3.9362424875881894	496	0.12960543506663183	7662	2.00209041024301	27865	7.28116017768487	724	0.18918212699242226	11	10	152	0.8888888888888888	2	0.18181818181818182	8	0.7272727272727273	0	0.0	1	0.09090909090909091	2	0.2	8	0.8	0	0.0	0	0.0	9	0.05921052631578947	115	0.756578947368421	0	0.0	28	0.18421052631578946	1	0	1	1	0	1	1	838462994	0	0	0
3696.0	740	0.2002164502164502	950	0.25703463203463206	4095	1.1079545454545454	217042	58.72348484848485	279	0.07548701298701299	18	14	21	0.7272727272727273	4	0.2222222222222222	10	0.5555555555555556	0	0.0	4	0.2222222222222222	4	0.2857142857142857	10	0.7142857142857143	0	0.0	0	0.0	5	0.23809523809523808	11	0.5238095238095238	0	0.0	5	0.23809523809523808	0	0	1	0	0	1	0	1134292500	0	0	0
5086.0	364	0.07156901297679906	27474	5.401887534408179	17105	3.3631537554069997	20044171	3941.048171451042	728	0.14313802595359812	13	12	80	0.8888888888888888	2	0.15384615384615385	10	0.7692307692307693	0	0.0	1	0.07692307692307693	2	0.16666666666666666	10	0.8333333333333334	0	0.0	0	0.0	8	0.1	53	0.6625	0	0.0	19	0.2375	0	0	1	0	0	1	1	30354991	0	0	0
4985.0	980	0.19658976930792377	1525	0.3059177532597793	8674	1.7400200601805416	43095	8.64493480441324	2014	0.404012036108325	15	12	120	0.8333333333333334	3	0.2	9	0.6	0	0.0	3	0.2	3	0.25	9	0.75	0	0.0	0	0.0	14	0.11666666666666667	87	0.725	1	0.008333333333333333	18	0.15	1	0	1	1	1	1	1	58928690	0	0	0
4566.0	467	0.10227770477441962	794	0.1738939991239597	4926	1.078843626806833	22628	4.955759964958388	1521	0.3331143232588699	10	12	132	0.8181818181818182	2	0.2	7	0.7	0	0.0	1	0.1	3	0.25	9	0.75	0	0.0	0	0.0	17	0.12878787878787878	78	0.5909090909090909	10	0.07575757575757576	27	0.20454545454545456	1	0	1	1	0	1	1	190328374	0	0	0
3727.0	400	0.10732492621411323	1142	0.3064126643412933	8847	2.373759055540649	33218	8.912798497451034	630	0.16903675878722835	17	14	74	0.8333333333333334	3	0.17647058823529413	11	0.6470588235294118	0	0.0	3	0.17647058823529413	3	0.21428571428571427	11	0.7857142857142857	0	0.0	0	0.0	6	0.08108108108108109	56	0.7567567567567568	0	0.0	12	0.16216216216216217	1	0	0	1	0	1	1	1048784496	0	0	0
3763.0	141	0.037470103640712196	3826	1.0167419612011692	11543	3.06749933563646	657087	174.6178580919479	365	0.09699707680042519	10	12	51	0.625	2	0.2	7	0.7	0	0.0	1	0.1	3	0.25	9	0.75	0	0.0	0	0.0	4	0.0784313725490196	37	0.7254901960784313	0	0.0	10	0.19607843137254902	1	0	0	1	0	1	1	968650362	0	0	0
5164.0	101	0.019558481797056545	16364	3.168861347792409	14397	2.787955073586367	2799256	542.0712625871417	373	0.0722308288148722	11	13	158	0.7272727272727273	3	0.2727272727272727	7	0.6363636363636364	0	0.0	1	0.09090909090909091	4	0.3076923076923077	9	0.6923076923076923	0	0.0	0	0.0	14	0.08860759493670886	105	0.6645569620253164	8	0.05063291139240506	31	0.1962025316455696	1	0	1	0	0	0	1	19394188	0	0	0
2990.0	427	0.142809364548495	646	0.21605351170568562	3468	1.159866220735786	27582	9.224749163879599	294	0.09832775919732442	13	12	58	0.6666666666666666	3	0.23076923076923078	7	0.5384615384615384	0	0.0	3	0.23076923076923078	3	0.25	9	0.75	0	0.0	0	0.0	4	0.06896551724137931	46	0.7931034482758621	2	0.034482758620689655	6	0.10344827586206896	1	0	1	0	0	1	1	2964287128	0	0	0
2932.0	0	0.0	63	0.021487039563437928	424	0.1446111869031378	1332	0.4542974079126876	2	0.0006821282401091405	13	13	16	0.8181818181818182	0	0.0	12	0.9230769230769231	0	0.0	1	0.07692307692307693	0	0.0	12	0.9230769230769231	0	0.0	1	0.07692307692307693	0	0.0	12	0.75	0	0.0	4	0.25	0	0	0	1	0	1	0	3062148770	1	0	0
2961.0	4	0.0013508949679162446	13	0.004390408645727794	20851	7.0418777440054034	813	0.2745694022289767	0	0.0	20	6	55	0.38461538461538464	6	0.3	13	0.65	0	0.0	1	0.05	0	0.0	6	1.0	0	0.0	0	0.0	2	0.03636363636363636	44	0.8	0	0.0	9	0.16363636363636364	0	0	1	1	1	0	0	3016208044	1	0	0
2638.0	0	0.0	161	0.06103108415466262	10477	3.9715693707354056	2006	0.7604245640636846	1	0.0003790750568612585	12	12	63	0.8181818181818182	0	0.0	11	0.9166666666666666	0	0.0	1	0.08333333333333333	0	0.0	11	0.9166666666666666	0	0.0	1	0.08333333333333333	3	0.047619047619047616	41	0.6507936507936508	5	0.07936507936507936	14	0.2222222222222222	0	0	1	1	1	0	0	4588875447	1	0	0
2151.0	1	0.00046490004649000463	3	0.001394700139470014	1345	0.6252905625290562	20	0.009298000929800094	5	0.0023245002324500234	17	15	99	0.9090909090909091	3	0.17647058823529413	12	0.7058823529411765	0	0.0	2	0.11764705882352941	0	0.0	15	1.0	0	0.0	0	0.0	4	0.04040404040404041	73	0.7373737373737373	4	0.04040404040404041	18	0.18181818181818182	0	0	1	0	0	0	0	856628107456937984	1	0	0
2702.0	3	0.0011102886750555144	649	0.24019245003700962	27258	10.088082901554404	36594	13.543301258327165	0	0.0	11	11	139	0.8181818181818182	10	0.9090909090909091	0	0.0	0	0.0	1	0.09090909090909091	0	0.0	10	0.9090909090909091	0	0.0	1	0.09090909090909091	19	0.1366906474820144	92	0.6618705035971223	0	0.0	28	0.2014388489208633	1	0	1	0	0	1	0	4010618585	1	0	0
5112.0	2601	0.5088028169014085	1203	0.2353286384976526	8609	1.6840766823161188	37181	7.273278560250391	1102	0.21557120500782473	13	12	62	0.875	2	0.15384615384615385	10	0.7692307692307693	0	0.0	1	0.07692307692307693	2	0.16666666666666666	10	0.8333333333333334	0	0.0	0	0.0	5	0.08064516129032258	47	0.7580645161290323	2	0.03225806451612903	8	0.12903225806451613	1	0	0	1	0	1	1	24735461	0	0	0
2798.0	0	0.0	21	0.007505360972122945	2459	0.8788420300214439	155	0.05539671193709793	1	0.00035739814152966406	13	13	126	1.0	0	0.0	12	0.9230769230769231	0	0.0	1	0.07692307692307693	0	0.0	12	0.9230769230769231	0	0.0	1	0.07692307692307693	7	0.05555555555555555	89	0.7063492063492064	3	0.023809523809523808	27	0.21428571428571427	0	0	1	1	1	1	0	3381047014	1	0	0
3057.0	5	0.0016355904481517827	220	0.07196597971867845	1208	0.39515865227347075	4050	1.324828263002944	28	0.009159306509649984	18	15	140	0.8666666666666667	3	0.16666666666666666	12	0.6666666666666666	0	0.0	3	0.16666666666666666	3	0.2	12	0.8	0	0.0	0	0.0	15	0.10714285714285714	92	0.6571428571428571	0	0.0	33	0.2357142857142857	0	0	0	0	0	1	0	2853793517	0	0	0
2255.0	11586	5.137915742793791	773	0.34279379157427936	8943	3.9658536585365853	24003	10.644345898004435	6788	3.01019955654102	16	13	152	0.8181818181818182	3	0.1875	10	0.625	0	0.0	3	0.1875	3	0.23076923076923078	10	0.7692307692307693	0	0.0	0	0.0	20	0.13157894736842105	96	0.631578947368421	1	0.006578947368421052	35	0.23026315789473684	1	0	1	1	1	1	1	818713465653051392	0	0	0
2262.0	297	0.1312997347480106	391	0.17285587975243147	1160	0.5128205128205128	12115	5.355879752431477	461	0.20380194518125552	14	9	125	0.4166666666666667	2	0.14285714285714285	11	0.7857142857142857	0	0.0	1	0.07142857142857142	2	0.2222222222222222	7	0.7777777777777778	0	0.0	0	0.0	8	0.064	86	0.688	7	0.056	24	0.192	0	0	1	1	1	0	1	816111677917851649	0	0	0
3726.0	1077	0.2890499194847021	1131	0.3035426731078905	7401	1.9863123993558776	49816	13.36983360171766	685	0.1838432635534085	10	12	154	0.7777777777777778	2	0.2	7	0.7	0	0.0	1	0.1	3	0.25	9	0.75	0	0.0	0	0.0	11	0.07142857142857142	114	0.7402597402597403	1	0.006493506493506494	28	0.18181818181818182	0	0	0	1	0	1	1	1051127714	0	0	0
5066.0	541	0.10679036715357283	1182	0.23332017370706673	3889	0.7676667982629294	26584	5.24753257007501	1774	0.3501776549545993	14	11	154	0.8181818181818182	3	0.21428571428571427	8	0.5714285714285714	0	0.0	3	0.21428571428571427	0	0.0	11	1.0	0	0.0	0	0.0	15	0.09740259740259741	103	0.6688311688311688	3	0.01948051948051948	33	0.21428571428571427	1	0	1	1	0	1	1	37007274	0	0	0
2689.0	0	0.0	10	0.003718854592785422	186	0.06917069542580885	30	0.011156563778356266	6	0.002231312755671253	11	11	90	1.0	1	0.09090909090909091	10	0.9090909090909091	0	0.0	0	0.0	2	0.18181818181818182	9	0.8181818181818182	0	0.0	0	0.0	1	0.011111111111111112	60	0.6666666666666666	0	0.0	29	0.32222222222222224	0	0	1	0	0	1	0	4105793481	1	0	0
3008.0	76	0.02526595744680851	283	0.09408244680851063	1599	0.5315824468085106	8146	2.7081117021276597	324	0.1077127659574468	19	11	53	0.6923076923076923	3	0.15789473684210525	13	0.6842105263157895	0	0.0	3	0.15789473684210525	2	0.18181818181818182	9	0.8181818181818182	0	0.0	0	0.0	6	0.11320754716981132	41	0.7735849056603774	0	0.0	6	0.11320754716981132	0	0	0	0	0	1	1	2932617195	0	0	0
2990.0	492	0.1645484949832776	645	0.2157190635451505	3616	1.2093645484949833	17517	5.858528428093646	1969	0.6585284280936455	14	7	136	0.5833333333333334	3	0.21428571428571427	8	0.5714285714285714	0	0.0	3	0.21428571428571427	2	0.2857142857142857	5	0.7142857142857143	0	0.0	0	0.0	19	0.13970588235294118	84	0.6176470588235294	5	0.03676470588235294	28	0.20588235294117646	1	0	1	0	0	1	1	2964877294	0	0	0
5229.0	1420	0.27156244023713905	15269	2.920061197169631	24147	4.617900172117039	3474358	664.4402371390323	23353	4.4660546949703575	13	10	93	0.7	2	0.15384615384615385	10	0.7692307692307693	0	0.0	1	0.07692307692307693	2	0.2	8	0.8	0	0.0	0	0.0	11	0.11827956989247312	66	0.7096774193548387	0	0.0	16	0.17204301075268819	0	0	1	1	0	1	1	17494010	0	0	0
1953.0	0	0.0	6	0.0030721966205837174	842	0.431131592421915	5	0.002560163850486431	2	0.0010240655401945725	14	13	68	0.9090909090909091	0	0.0	13	0.9285714285714286	0	0.0	1	0.07142857142857142	0	0.0	13	1.0	0	0.0	0	0.0	1	0.014705882352941176	55	0.8088235294117647	0	0.0	12	0.17647058823529413	0	0	0	0	0	1	0	928283661677539328	1	0	0
2503.0	0	0.0	53	0.02117459049141031	42014	16.78545745105873	507	0.20255693168198163	0	0.0	6	6	24	1.0	0	0.0	6	1.0	0	0.0	0	0.0	0	0.0	6	1.0	0	0.0	0	0.0	2	0.08333333333333333	17	0.7083333333333334	0	0.0	5	0.20833333333333334	0	0	0	0	0	1	0	729104184344227840	1	0	0
1816.0	3	0.0016519823788546256	59	0.03248898678414097	6728	3.7048458149779737	3609	1.9873348017621146	1	0.0005506607929515419	18	15	94	0.9090909090909091	3	0.16666666666666666	15	0.8333333333333334	0	0.0	0	0.0	2	0.13333333333333333	13	0.8666666666666667	0	0.0	0	0.0	6	0.06382978723404255	66	0.7021276595744681	4	0.0425531914893617	18	0.19148936170212766	0	0	0	0	0	0	0	977870673195479040	1	0	0
1989.0	3	0.0015082956259426848	12	0.006033182503770739	17429	8.762694821518352	773	0.3886375062845651	1	0.0005027652086475615	26	14	122	0.47619047619047616	3	0.11538461538461539	18	0.6923076923076923	4	0.15384615384615385	1	0.038461538461538464	0	0.0	14	1.0	0	0.0	0	0.0	7	0.05737704918032787	89	0.7295081967213115	4	0.03278688524590164	22	0.18032786885245902	0	0	1	0	0	1	0	915170375901818880	1	0	0
1872.0	4	0.002136752136752137	4	0.002136752136752137	1832	0.9786324786324786	34	0.018162393162393164	0	0.0	10	10	109	1.0	1	0.1	9	0.9	0	0.0	0	0.0	0	0.0	10	1.0	0	0.0	0	0.0	2	0.01834862385321101	78	0.7155963302752294	1	0.009174311926605505	28	0.25688073394495414	0	0	1	0	0	1	0	957420619494240257	1	0	0
2150.0	0	0.0	6	0.0027906976744186047	48125	22.38372093023256	91	0.04232558139534884	2	0.0009302325581395349	16	14	16	0.8181818181818182	3	0.1875	11	0.6875	0	0.0	2	0.125	2	0.14285714285714285	11	0.7857142857142857	0	0.0	1	0.07142857142857142	3	0.1875	11	0.6875	0	0.0	2	0.125	0	0	0	1	1	0	0	856984747473547265	1	0	0
2039.0	164	0.08043158410985778	3	0.0014713094654242277	8214	4.028445316331535	4	0.00196174595389897	34	0.016674840608141245	12	11	23	0.875	2	0.16666666666666666	9	0.75	0	0.0	1	0.08333333333333333	0	0.0	11	1.0	0	0.0	0	0.0	1	0.043478260869565216	17	0.7391304347826086	0	0.0	5	0.21739130434782608	0	0	1	1	1	1	0	897126449307627521	1	0	1
2006.0	0	0.0	10	0.004985044865403789	3917	1.952642073778664	18	0.00897308075772682	0	0.0	12	10	136	0.35714285714285715	2	0.16666666666666666	6	0.5	0	0.0	4	0.3333333333333333	0	0.0	10	1.0	0	0.0	0	0.0	13	0.09558823529411764	87	0.6397058823529411	2	0.014705882352941176	34	0.25	0	0	0	1	1	0	0	908900120934133761	1	0	0
2077.0	3201	1.5411651420317767	5	0.002407318247472316	4170	2.0077034183919116	17	0.008184882041405874	83	0.03996148290804044	14	12	117	0.8888888888888888	2	0.14285714285714285	10	0.7142857142857143	0	0.0	2	0.14285714285714285	3	0.25	9	0.75	0	0.0	0	0.0	3	0.02564102564102564	86	0.7350427350427351	0	0.0	28	0.23931623931623933	0	0	0	1	1	1	0	883335166202130433	1	0	1
2039.0	1	0.0004904364884747426	6	0.0029426189308484553	8254	4.048062775870525	175	0.08582638548307994	1	0.0004904364884747426	20	14	78	0.8571428571428571	4	0.2	14	0.7	0	0.0	2	0.1	4	0.2857142857142857	10	0.7142857142857143	0	0.0	0	0.0	2	0.02564102564102564	56	0.717948717948718	1	0.01282051282051282	19	0.24358974358974358	0	0	0	1	1	1	0	897157404760125444	1	0	0
2495.0	1	0.0004008016032064128	27	0.010821643286573146	11578	4.640480961923847	162	0.06492985971943888	47	0.018837675350701404	13	12	128	0.9	0	0.0	11	0.8461538461538461	0	0.0	2	0.15384615384615385	0	0.0	11	0.9166666666666666	0	0.0	1	0.08333333333333333	12	0.09375	86	0.671875	2	0.015625	28	0.21875	0	0	0	1	1	1	0	731842769724026885	1	0	0
2000.0	0	0.0	10	0.005	3749	1.8745	18	0.009	0	0.0	9	14	97	0.7777777777777778	1	0.1111111111111111	8	0.8888888888888888	0	0.0	0	0.0	1	0.07142857142857142	13	0.9285714285714286	0	0.0	0	0.0	3	0.030927835051546393	74	0.7628865979381443	0	0.0	20	0.20618556701030927	0	0	1	0	0	0	0	911169818224623617	1	0	0
4641.0	653	0.14070243482008188	1267	0.2730015082956259	4379	0.9435466494290023	41230	8.883861236802414	673	0.14501185089420385	20	15	94	0.8461538461538461	3	0.15	15	0.75	0	0.0	2	0.1	0	0.0	15	1.0	0	0.0	0	0.0	8	0.0851063829787234	72	0.7659574468085106	2	0.02127659574468085	12	0.1276595744680851	1	0	1	0	0	1	1	161411080	0	0	0
2205.0	38	0.017233560090702947	14	0.006349206349206349	16410	7.442176870748299	1538	0.6975056689342404	11	0.004988662131519274	15	14	19	0.9090909090909091	2	0.13333333333333333	12	0.8	0	0.0	1	0.06666666666666667	2	0.14285714285714285	12	0.8571428571428571	0	0.0	0	0.0	1	0.05263157894736842	16	0.8421052631578947	0	0.0	2	0.10526315789473684	0	0	0	0	0	0	0	837053322616008713	1	0	0
2068.0	3	0.0014506769825918763	14	0.006769825918762089	2314	1.118955512572534	86	0.041586073500967116	20	0.009671179883945842	10	10	122	1.0	1	0.1	8	0.8	1	0.1	0	0.0	0	0.0	9	0.9	1	0.1	0	0.0	7	0.05737704918032787	88	0.7213114754098361	2	0.01639344262295082	25	0.20491803278688525	0	0	1	0	0	1	0	886439353450364930	1	0	1
4179.0	622	0.14883943527159607	927	0.22182340272792533	2890	0.691553003110792	32230	7.71237138071309	775	0.18545106484804977	14	11	125	0.6666666666666666	3	0.21428571428571427	10	0.7142857142857143	0	0.0	1	0.07142857142857142	3	0.2727272727272727	8	0.7272727272727273	0	0.0	0	0.0	8	0.064	94	0.752	2	0.016	21	0.168	0	0	1	0	0	1	1	385429543	0	0	0
4766.0	1144	0.2400335711288292	2666	0.5593789341166596	10674	2.239613932018464	255329	53.57301720520353	2220	0.4657994125052455	19	15	127	0.6428571428571429	3	0.15789473684210525	13	0.6842105263157895	0	0.0	3	0.15789473684210525	2	0.13333333333333333	13	0.8666666666666667	0	0.0	0	0.0	15	0.11811023622047244	77	0.6062992125984252	2	0.015748031496062992	33	0.25984251968503935	0	0	1	1	0	1	1	117501995	0	0	0
2978.0	0	0.0	25	0.0083948959032908	21141	7.0990597716588315	260	0.08730691739422432	1	0.000335795836131632	14	15	124	0.75	2	0.14285714285714285	11	0.7857142857142857	0	0.0	1	0.07142857142857142	0	0.0	15	1.0	0	0.0	0	0.0	5	0.04032258064516129	92	0.7419354838709677	4	0.03225806451612903	23	0.18548387096774194	0	0	1	1	1	1	0	2983882805	1	0	1
2871.0	0	0.0	6	0.0020898641588296763	36140	12.587948450017416	23	0.008011145942180425	2	0.0006966213862765587	16	11	79	0.6666666666666666	7	0.4375	8	0.5	0	0.0	1	0.0625	0	0.0	11	1.0	0	0.0	0	0.0	2	0.02531645569620253	59	0.7468354430379747	0	0.0	18	0.22784810126582278	0	0	0	0	0	0	0	3234967611	1	0	0
2729.0	0	0.0	6	0.0021986075485525836	162	0.05936240381091975	28	0.010260168559912056	18	0.00659582264565775	16	15	0	0.8	0	0.0	14	0.875	0	0.0	2	0.125	2	0.13333333333333333	13	0.8666666666666667	0	0.0	0	0.0	0	0	0	0	0	0	0	0	0	0	0	1	1	0	0	3671994433	1	0	0
3762.0	25	0.006645401382243487	20218	5.374269005847953	10701	2.8444976076555024	7032830	1869.4391281233386	509	0.1353003721424774	16	9	67	0.38461538461538464	2	0.125	13	0.8125	0	0.0	1	0.0625	2	0.2222222222222222	7	0.7777777777777778	0	0.0	0	0.0	7	0.1044776119402985	46	0.6865671641791045	0	0.0	14	0.208955223880597	1	0	0	1	1	1	1	970207298	0	0	0
2281.0	0	0.0	119	0.052170100832968	9020	3.954405962297238	4760	2.0868040333187197	1	0.00043840420868040335	11	9	113	0.8	2	0.18181818181818182	7	0.6363636363636364	0	0.0	2	0.18181818181818182	2	0.2222222222222222	7	0.7777777777777778	0	0.0	0	0.0	6	0.05309734513274336	80	0.7079646017699115	3	0.02654867256637168	24	0.21238938053097345	0	0	1	1	1	0	0	809439447796355072	1	0	0
2262.0	475	0.20999115826702033	710	0.3138815207780725	4386	1.9389920424403182	24932	11.02210433244916	372	0.16445623342175067	25	12	150	0.625	3	0.12	16	0.64	0	0.0	6	0.24	3	0.25	9	0.75	0	0.0	0	0.0	23	0.15333333333333332	86	0.5733333333333334	2	0.013333333333333334	39	0.26	1	0	1	0	0	1	1	816303263586914304	0	0	0
5481.0	3105	0.5665024630541872	4533	0.8270388615216201	30414	5.548987411056377	343091	62.59642401021711	6868	1.2530560116767013	13	12	98	0.9	2	0.15384615384615385	10	0.7692307692307693	0	0.0	1	0.07692307692307693	0	0.0	12	1.0	0	0.0	0	0.0	5	0.05102040816326531	78	0.7959183673469388	0	0.0	15	0.15306122448979592	1	0	1	1	0	1	1	14135426	0	0	0
2716.0	12	0.004418262150220913	109	0.04013254786450663	41506	15.282032400589102	3181	1.1712076583210604	0	0.0	7	8	75	0.8571428571428571	1	0.14285714285714285	6	0.8571428571428571	0	0.0	0	0.0	0	0.0	7	0.875	1	0.125	0	0.0	2	0.02666666666666667	62	0.8266666666666667	1	0.013333333333333334	10	0.13333333333333333	0	0	1	0	0	1	0	3818713218	1	0	0
2358.0	0	0.0	16	0.006785411365564037	1391	0.5899067005937235	65	0.0275657336726039	0	0.0	16	15	75	0.9166666666666666	0	0.0	15	0.9375	0	0.0	1	0.0625	0	0.0	15	1.0	0	0.0	0	0.0	3	0.04	55	0.7333333333333333	0	0.0	17	0.22666666666666666	0	0	1	1	1	1	0	781568006451105792	1	0	0
2217.0	133	0.05999097880018042	11	0.004961659900766802	24846	11.207036535859269	125	0.05638249887235002	236	0.10645015787099685	32	7	119	0.35714285714285715	5	0.15625	23	0.71875	0	0.0	4	0.125	0	0.0	7	1.0	0	0.0	0	0.0	9	0.07563025210084033	82	0.6890756302521008	0	0.0	28	0.23529411764705882	0	0	0	0	0	1	0	832633493427326976	1	0	1
1742.0	2	0.001148105625717566	6	0.003444316877152698	1572	0.9024110218140069	254	0.14580941446613088	1	0.000574052812858783	16	8	134	0.4375	0	0.0	15	0.9375	0	0.0	1	0.0625	0	0.0	7	0.875	0	0.0	1	0.125	0	0.0	107	0.7985074626865671	0	0.0	27	0.20149253731343283	0	0	1	1	1	0	0	1004613106796859392	1	0	1
2567.0	5	0.0019477989871445266	224	0.0872613946240748	8903	3.4682508765095443	3523	1.3724191663420335	0	0.0	12	11	25	0.8888888888888888	2	0.16666666666666666	9	0.75	0	0.0	1	0.08333333333333333	2	0.18181818181818182	9	0.8181818181818182	0	0.0	0	0.0	1	0.04	20	0.8	0	0.0	4	0.16	0	0	0	1	1	0	0	705800166867996672	1	0	0
1958.0	5	0.002553626149131767	2	0.0010214504596527069	14	0.007150153217568948	118	0.0602655771195097	1	0.0005107252298263534	7	12	4	0.07142857142857142	1	0.14285714285714285	6	0.8571428571428571	0	0.0	0	0.0	3	0.25	7	0.5833333333333334	0	0.0	2	0.16666666666666666	0	0.0	4	1.0	0	0.0	0	0.0	0	0	1	1	1	0	0	926329950579200000	0	0	1
5115.0	5020	0.9814271749755621	1794	0.350733137829912	15417	3.014076246334311	54927	10.73841642228739	1606	0.3139784946236559	14	13	85	0.9090909090909091	2	0.14285714285714285	11	0.7857142857142857	0	0.0	1	0.07142857142857142	0	0.0	13	1.0	0	0.0	0	0.0	8	0.09411764705882353	64	0.7529411764705882	1	0.011764705882352941	12	0.1411764705882353	1	0	1	1	1	1	1	24195214	0	0	0
2726.0	0	0.0	1770	0.6493030080704328	24929	9.14490095377843	146203	53.63279530447542	0	0.0	17	15	76	0.9230769230769231	3	0.17647058823529413	12	0.7058823529411765	0	0.0	2	0.11764705882352941	3	0.2	12	0.8	0	0.0	0	0.0	2	0.02631578947368421	54	0.7105263157894737	1	0.013157894736842105	19	0.25	0	0	0	0	0	0	0	3701125272	1	0	0
2383.0	2	0.000839278220730172	36	0.015107007973143098	1993	0.8363407469576164	178	0.07469576164498531	0	0.0	13	12	71	0.8888888888888888	2	0.15384615384615385	10	0.7692307692307693	0	0.0	1	0.07692307692307693	0	0.0	12	1.0	0	0.0	0	0.0	3	0.04225352112676056	51	0.7183098591549296	0	0.0	17	0.23943661971830985	0	0	0	1	1	1	0	772315241212325888	1	0	0
3750.0	1768	0.47146666666666665	1070	0.2853333333333333	10019	2.6717333333333335	34065	9.084	1898	0.5061333333333333	18	10	105	0.5384615384615384	4	0.2222222222222222	11	0.6111111111111112	0	0.0	3	0.16666666666666666	3	0.3	7	0.7	0	0.0	0	0.0	10	0.09523809523809523	71	0.6761904761904762	1	0.009523809523809525	23	0.21904761904761905	1	0	0	1	1	1	1	995193054	0	0	0
5010.0	1239	0.2473053892215569	1063	0.2121756487025948	4799	0.9578842315369261	41274	8.238323353293413	1334	0.26626746506986027	19	13	153	0.75	5	0.2631578947368421	10	0.5263157894736842	0	0.0	4	0.21052631578947367	3	0.23076923076923078	10	0.7692307692307693	0	0.0	0	0.0	19	0.12418300653594772	103	0.673202614379085	2	0.013071895424836602	29	0.1895424836601307	1	0	1	1	0	1	1	51228911	0	0	0
3265.0	1	0.00030627871362940275	11	0.0033690658499234303	11469	3.5127105666156204	312	0.09555895865237365	10	0.0030627871362940277	11	9	39	0.36363636363636365	2	0.18181818181818182	8	0.7272727272727273	0	0.0	1	0.09090909090909091	2	0.2222222222222222	7	0.7777777777777778	0	0.0	0	0.0	1	0.02564102564102564	30	0.7692307692307693	0	0.0	8	0.20512820512820512	0	0	0	1	0	0	0	2431021303	1	0	0
1749.0	180	0.10291595197255575	20	0.011435105774728416	10863	6.210977701543739	441	0.2521440823327616	5	0.002858776443682104	28	14	142	0.6470588235294118	0	0.0	25	0.8928571428571429	0	0.0	3	0.10714285714285714	0	0.0	14	1.0	0	0.0	0	0.0	16	0.11267605633802817	87	0.6126760563380281	6	0.04225352112676056	33	0.2323943661971831	0	0	1	0	0	1	0	1002185173847498752	1	0	0
1635.0	0	0.0	16	0.009785932721712538	9713	5.940672782874618	123	0.07522935779816514	1	0.0006116207951070336	17	15	72	0.9230769230769231	3	0.17647058823529413	12	0.7058823529411765	0	0.0	2	0.11764705882352941	3	0.2	12	0.8	0	0.0	0	0.0	2	0.027777777777777776	56	0.7777777777777778	0	0.0	14	0.19444444444444445	0	0	0	0	0	0	0	1043624209249984512	1	0	0
1600.0	30	0.01875	4	0.0025	1822	1.13875	9	0.005625	4	0.0025	15	15	0	1.0	0	0.0	15	1.0	0	0.0	0	0.0	0	0.0	15	1.0	0	0.0	0	0.0	0	0	0	0	0	0	0	0	0	0	0	1	1	0	0	1056301519455301632	1	0	0
5515.0	10181	1.8460562103354488	5840	1.0589301903898458	55379	10.041523118767	367044	66.55376246600181	13027	2.3621033544877608	19	10	136	0.5833333333333334	3	0.15789473684210525	14	0.7368421052631579	0	0.0	2	0.10526315789473684	2	0.2	8	0.8	0	0.0	0	0.0	9	0.0661764705882353	98	0.7205882352941176	0	0.0	29	0.21323529411764705	0	0	1	1	0	0	1	13218102	0	0	0
4949.0	2554	0.5160638512830875	838	0.1693271367953122	2498647	504.8791675085876	10981	2.2188320872903615	148	0.029905031319458476	17	11	155	0.4	4	0.23529411764705882	10	0.5882352941176471	0	0.0	3	0.17647058823529413	3	0.2727272727272727	8	0.7272727272727273	0	0.0	0	0.0	7	0.04516129032258064	126	0.8129032258064516	0	0.0	22	0.14193548387096774	0	0	1	1	0	1	0	68956490	1	0	0
1797.0	0	0.0	5	0.0027824151363383415	13509	7.517529215358931	46	0.025598219254312743	1	0.0005564830272676684	21	15	105	0.6923076923076923	2	0.09523809523809523	17	0.8095238095238095	0	0.0	2	0.09523809523809523	3	0.2	12	0.8	0	0.0	0	0.0	11	0.10476190476190476	72	0.6857142857142857	0	0.0	22	0.20952380952380953	0	0	1	0	0	0	0	984794988964917249	1	0	0
2558.0	0	0.0	3	0.0011727912431587178	19571	7.650899139953088	23	0.008991399530883503	0	0.0	12	14	125	0.7692307692307693	2	0.16666666666666666	9	0.75	0	0.0	1	0.08333333333333333	0	0.0	14	1.0	0	0.0	0	0.0	12	0.096	89	0.712	0	0.0	24	0.192	0	0	0	1	1	0	0	709095415401021440	1	0	0
1702.0	20	0.011750881316098707	4	0.0023501762632197414	1325	0.7784958871915394	120	0.07050528789659224	2	0.0011750881316098707	23	14	117	0.7333333333333333	4	0.17391304347826086	16	0.6956521739130435	0	0.0	3	0.13043478260869565	3	0.21428571428571427	11	0.7857142857142857	0	0.0	0	0.0	5	0.042735042735042736	87	0.7435897435897436	0	0.0	25	0.21367521367521367	0	0	0	1	1	1	0	1019347302207586304	1	0	1
2794.0	0	0.0	8	0.002863278453829635	1126	0.4030064423765211	31	0.011095204008589835	0	0.0	19	12	0	0.6	3	0.15789473684210525	13	0.6842105263157895	0	0.0	3	0.15789473684210525	3	0.25	9	0.75	0	0.0	0	0.0	0	0	0	0	0	0	0	0	0	0	0	0	0	0	0	3286544840	1	0	0
3009.0	2383	0.7919574609504819	706	0.23462944499833832	5400	1.7946161515453638	24392	8.106347623795282	1157	0.38451312728481224	17	11	65	0.6923076923076923	3	0.17647058823529413	11	0.6470588235294118	0	0.0	3	0.17647058823529413	2	0.18181818181818182	9	0.8181818181818182	0	0.0	0	0.0	6	0.09230769230769231	46	0.7076923076923077	1	0.015384615384615385	12	0.18461538461538463	1	0	0	1	1	1	1	2930635215	0	0	0
2021.0	442	0.21870361207323108	73	0.03612073231073726	200323	99.12073231073725	18957	9.380009896091044	8	0.0039584364176150424	14	14	47	0.8181818181818182	0	0.0	12	0.8571428571428571	0	0.0	2	0.14285714285714285	0	0.0	12	0.8571428571428571	0	0.0	2	0.14285714285714285	0	0.0	38	0.8085106382978723	0	0.0	9	0.19148936170212766	0	0	1	0	0	0	0	903770442573512704	1	0	0
2319.0	2	0.0008624407072013799	11	0.004743423889607589	2194	0.9460974557999138	16	0.0068995256576110395	0	0.0	19	13	156	0.375	3	0.15789473684210525	14	0.7368421052631579	0	0.0	2	0.10526315789473684	2	0.15384615384615385	11	0.8461538461538461	0	0.0	0	0.0	14	0.08974358974358974	109	0.6987179487179487	0	0.0	33	0.21153846153846154	0	0	0	1	1	0	0	795588015427125248	1	0	1
4499.0	3627	0.8061791509224272	4179	0.9288730829073127	11880	2.640586797066015	721981	160.47588352967327	3771	0.8381862636141365	9	15	88	0.5454545454545454	2	0.2222222222222222	6	0.6666666666666666	0	0.0	1	0.1111111111111111	3	0.2	12	0.8	0	0.0	0	0.0	11	0.125	61	0.6931818181818182	0	0.0	16	0.18181818181818182	1	0	1	1	0	1	1	217543151	0	0	0
5158.0	2299	0.4457153935633967	9081	1.760566110895696	21819	4.230127956572315	2408349	466.91527723924	1471	0.2851880573865839	14	15	102	0.6	3	0.21428571428571427	10	0.7142857142857143	0	0.0	1	0.07142857142857142	3	0.2	12	0.8	0	0.0	0	0.0	7	0.06862745098039216	77	0.7549019607843137	2	0.0196078431372549	16	0.1568627450980392	1	0	1	1	0	1	1	19739126	0	0	0
2294.0	130	0.05666957279860506	39	0.017000871839581516	18219	7.94202266782912	3863	1.6839581517000872	1	0.00043591979075850045	12	11	128	0.46153846153846156	1	0.08333333333333333	6	0.5	0	0.0	5	0.4166666666666667	1	0.09090909090909091	10	0.9090909090909091	0	0.0	0	0.0	2	0.015625	96	0.75	0	0.0	30	0.234375	0	0	1	0	0	1	0	804620920119771136	1	0	1
2203.0	66	0.029959146618247844	32	0.014525646845211076	30417	13.80708125283704	5416	2.4584657285519746	11	0.004993191103041307	10	10	67	1.0	2	0.2	8	0.8	0	0.0	0	0.0	2	0.2	8	0.8	0	0.0	0	0.0	2	0.029850746268656716	56	0.835820895522388	0	0.0	9	0.13432835820895522	0	0	0	0	0	0	0	837683262864637952	1	0	0
2268.0	57	0.02513227513227513	852	0.37566137566137564	6757	2.9792768959435625	76616	33.78130511463845	500	0.2204585537918871	15	12	160	0.8333333333333334	3	0.2	9	0.6	0	0.0	3	0.2	3	0.25	9	0.75	0	0.0	0	0.0	4	0.025	118	0.7375	1	0.00625	37	0.23125	0	0	0	1	1	1	1	814103950404239360	0	0	0
2262.0	884	0.39080459770114945	233	0.10300618921308577	3202	1.4155614500442086	9040	3.9964633068081343	114	0.050397877984084884	20	9	113	0.6666666666666666	4	0.2	11	0.55	0	0.0	5	0.25	2	0.2222222222222222	7	0.7777777777777778	0	0.0	0	0.0	18	0.1592920353982301	76	0.672566371681416	0	0.0	19	0.168141592920354	1	0	1	0	0	1	1	816282029276938240	0	0	0
2260.0	3339	1.477433628318584	810	0.3584070796460177	3920	1.7345132743362832	52421	23.195132743362834	780	0.34513274336283184	16	12	80	0.5833333333333334	3	0.1875	11	0.6875	0	0.0	2	0.125	5	0.4166666666666667	7	0.5833333333333334	0	0.0	0	0.0	12	0.15	54	0.675	0	0.0	14	0.175	0	0	1	1	1	1	1	817138492614524928	0	0	0
2534.0	0	0.0	19	0.00749802683504341	19292	7.613259668508287	109	0.04301499605367009	1	0.0003946329913180742	14	12	141	0.8181818181818182	3	0.21428571428571427	8	0.5714285714285714	0	0.0	3	0.21428571428571427	4	0.3333333333333333	8	0.6666666666666666	0	0.0	0	0.0	10	0.07092198581560284	101	0.7163120567375887	0	0.0	30	0.2127659574468085	0	0	1	1	1	1	0	717833223066238977	1	0	1
2544.0	0	0.0	45	0.01768867924528302	14437	5.674921383647798	197	0.07743710691823899	1	0.00039308176100628933	13	13	85	1.0	1	0.07692307692307693	12	0.9230769230769231	0	0.0	0	0.0	0	0.0	13	1.0	0	0.0	0	0.0	8	0.09411764705882353	56	0.6588235294117647	2	0.023529411764705882	19	0.2235294117647059	0	0	0	1	1	1	0	714080836916756481	1	0	0
2256.0	692	0.3067375886524823	554	0.24556737588652483	4045	1.7929964539007093	12987	5.756648936170213	510	0.22606382978723405	21	11	74	0.6	3	0.14285714285714285	15	0.7142857142857143	0	0.0	3	0.14285714285714285	2	0.18181818181818182	9	0.8181818181818182	0	0.0	0	0.0	8	0.10810810810810811	48	0.6486486486486487	4	0.05405405405405406	14	0.1891891891891892	0	0	0	0	0	1	1	818536152588238849	0	0	0
2615.0	0	0.0	64	0.024474187380497132	59303	22.678011472275333	923	0.35296367112810706	1	0.0003824091778202677	14	15	133	0.7692307692307693	2	0.14285714285714285	11	0.7857142857142857	0	0.0	1	0.07142857142857142	3	0.2	12	0.8	0	0.0	0	0.0	9	0.06766917293233082	94	0.706766917293233	0	0.0	30	0.22556390977443608	0	0	1	0	0	1	0	4765790730	1	0	0
2691.0	3	0.0011148272017837235	49	0.018208844295800816	7436	2.763285024154589	632	0.23485693050910442	47	0.017465626161278336	8	7	146	0.875	2	0.25	5	0.625	0	0.0	1	0.125	0	0.0	7	1.0	0	0.0	0	0.0	15	0.10273972602739725	96	0.6575342465753424	5	0.03424657534246575	30	0.2054794520547945	0	0	0	1	0	1	0	4092326421	1	0	1
3468.0	11	0.0031718569780853517	11	0.0031718569780853517	17249	4.973760092272203	93	0.026816608996539794	10	0.0028835063437139563	12	12	123	0.8181818181818182	11	0.9166666666666666	0	0.0	0	0.0	1	0.08333333333333333	0	0.0	11	0.9166666666666666	0	0.0	1	0.08333333333333333	1	0.008130081300813009	96	0.7804878048780488	0	0.0	26	0.21138211382113822	0	0	1	1	1	1	0	1869279769	1	0	1
3866.0	1	0.0002586652871184687	33	0.008535954474909468	180834	46.77547853078117	1662	0.429901707190895	1	0.0002586652871184687	10	10	92	1.0	0	0.0	10	1.0	0	0.0	0	0.0	0	0.0	10	1.0	0	0.0	0	0.0	3	0.03260869565217391	73	0.7934782608695652	0	0.0	16	0.17391304347826086	0	0	1	1	0	1	0	755249690	1	0	0
4923.0	937	0.19033109892342068	751	0.15254925858216534	2593	0.5267113548649197	21234	4.313223644119439	250	0.05078204346942921	18	15	55	0.8333333333333334	3	0.16666666666666666	12	0.6666666666666666	0	0.0	3	0.16666666666666666	3	0.2	12	0.8	0	0.0	0	0.0	4	0.07272727272727272	44	0.8	1	0.01818181818181818	6	0.10909090909090909	1	0	1	1	1	1	1	76132891	0	0	0
2988.0	297	0.09939759036144578	847	0.28346720214190096	8987	3.0076974564926373	22428	7.506024096385542	1021	0.34170013386880854	15	13	160	0.6923076923076923	3	0.2	11	0.7333333333333333	0	0.0	1	0.06666666666666667	3	0.23076923076923078	10	0.7692307692307693	0	0.0	0	0.0	11	0.06875	119	0.74375	2	0.0125	28	0.175	1	0	1	0	0	1	1	2968007206	0	0	0
5178.0	291	0.05619930475086906	1113	0.2149478563151796	4640	0.8960988798764001	24770	4.783700270374662	2175	0.4200463499420626	16	15	68	0.9	2	0.125	13	0.8125	0	0.0	1	0.0625	2	0.13333333333333333	13	0.8666666666666667	0	0.0	0	0.0	7	0.10294117647058823	51	0.75	0	0.0	10	0.14705882352941177	0	0	1	1	0	1	1	18805303	0	0	0
5094.0	2461	0.48311739301138595	1919	0.3767177071063997	9414	1.8480565371024735	42797	8.401452689438555	542	0.10639968590498626	16	15	142	0.6153846153846154	3	0.1875	10	0.625	0	0.0	3	0.1875	3	0.2	12	0.8	0	0.0	0	0.0	20	0.14084507042253522	93	0.6549295774647887	1	0.007042253521126761	28	0.19718309859154928	1	0	1	1	1	1	1	28602948	0	0	0
3318.0	1	0.0003013863773357444	6	0.0018083182640144665	4860	1.4647377938517179	45	0.013562386980108499	0	0.0	16	11	77	0.6666666666666666	3	0.1875	9	0.5625	1	0.0625	3	0.1875	3	0.2727272727272727	7	0.6363636363636364	1	0.09090909090909091	0	0.0	25	0.3246753246753247	32	0.4155844155844156	0	0.0	20	0.2597402597402597	0	0	0	0	0	0	0	2339779142	1	0	0
3437.0	0	0.0	27	0.007855688100087285	12377	3.6011056153622345	308	0.08961303462321792	1	0.0002909514111143439	19	7	94	0.4	3	0.15789473684210525	14	0.7368421052631579	0	0.0	2	0.10526315789473684	0	0.0	7	1.0	0	0.0	0	0.0	4	0.0425531914893617	65	0.6914893617021277	0	0.0	25	0.26595744680851063	0	0	0	1	0	1	0	1965044298	1	0	1
3774.0	291	0.07710651828298887	1755	0.46502384737678853	12408	3.287758346581876	162596	43.08320084790673	547	0.1449390567037626	18	13	99	0.38461538461538464	3	0.16666666666666666	12	0.6666666666666666	0	0.0	3	0.16666666666666666	2	0.15384615384615385	11	0.8461538461538461	0	0.0	0	0.0	7	0.0707070707070707	72	0.7272727272727273	0	0.0	20	0.20202020202020202	1	0	0	1	1	1	1	946549322	0	0	0
2989.0	12262	4.10237537638006	715	0.2392104382736701	8942	2.99163599866176	42648	14.268317162930746	2163	0.7236533957845434	11	13	71	0.7777777777777778	2	0.18181818181818182	8	0.7272727272727273	0	0.0	1	0.09090909090909091	3	0.23076923076923078	10	0.7692307692307693	0	0.0	0	0.0	13	0.18309859154929578	44	0.6197183098591549	0	0.0	14	0.19718309859154928	1	0	1	0	0	1	1	2966205003	0	0	0
5081.0	215	0.04231450501869711	1199	0.23597716984845502	3486	0.6860854162566424	28743	5.656957291871679	193	0.03798464869120252	25	13	154	0.5625	4	0.16	16	0.64	0	0.0	5	0.2	0	0.0	13	1.0	0	0.0	0	0.0	7	0.045454545454545456	120	0.7792207792207793	1	0.006493506493506494	26	0.16883116883116883	1	0	1	1	0	1	0	32010840	0	0	0
2558.0	30	0.011727912431587178	385	0.15050820953870211	15709	6.1411258795934325	14371	5.618060985144644	8	0.003127443315089914	1	13	108	0.0	0	0.0	0	0.0	0	0.0	1	1.0	2	0.15384615384615385	11	0.8461538461538461	0	0.0	0	0.0	5	0.046296296296296294	79	0.7314814814814815	1	0.009259259259259259	23	0.21296296296296297	0	0	1	1	1	0	0	709149181412134912	1	0	0
2312.0	0	0.0	15	0.006487889273356401	9125	3.9467993079584773	48	0.020761245674740483	1	0.00043252595155709344	18	9	102	0.6	4	0.2222222222222222	14	0.7777777777777778	0	0.0	0	0.0	2	0.2222222222222222	7	0.7777777777777778	0	0.0	0	0.0	7	0.06862745098039216	66	0.6470588235294118	3	0.029411764705882353	26	0.2549019607843137	0	0	1	1	1	1	0	798291670475231232	1	0	0
2481.0	114	0.045949214026602174	76	0.030632809351068116	10418	4.199113260781942	854	0.34421604191858124	2	0.0008061265618702137	8	12	156	0.5555555555555556	2	0.25	5	0.625	0	0.0	1	0.125	4	0.3333333333333333	8	0.6666666666666666	0	0.0	0	0.0	12	0.07692307692307693	103	0.6602564102564102	5	0.03205128205128205	36	0.23076923076923078	0	0	1	0	0	1	0	737053872007434240	1	0	1
3128.0	0	0.0	111	0.03548593350383632	11827	3.781010230179028	1699	0.5431585677749361	1	0.00031969309462915604	19	14	151	0.8461538461538461	3	0.15789473684210525	14	0.7368421052631579	0	0.0	2	0.10526315789473684	3	0.21428571428571427	11	0.7857142857142857	0	0.0	0	0.0	4	0.026490066225165563	117	0.7748344370860927	0	0.0	30	0.1986754966887417	0	0	1	0	0	1	0	2751246980	1	0	0
2308.0	6	0.0025996533795493936	16	0.006932409012131715	9633	4.173743500866551	60	0.025996533795493933	2	0.0008665511265164644	19	11	59	0.5	2	0.10526315789473684	12	0.631578947368421	0	0.0	5	0.2631578947368421	0	0.0	11	1.0	0	0.0	0	0.0	7	0.11864406779661017	35	0.5932203389830508	4	0.06779661016949153	13	0.22033898305084745	0	0	0	1	1	1	0	799758526100819969	1	0	1
2559.0	20	0.007815552950371238	14	0.005470887065259867	3547	1.3860883157483392	33	0.012895662368112544	3	0.0011723329425556857	17	15	80	0.45454545454545453	2	0.11764705882352941	14	0.8235294117647058	0	0.0	1	0.058823529411764705	0	0.0	13	0.8666666666666667	0	0.0	2	0.13333333333333333	3	0.0375	60	0.75	0	0.0	17	0.2125	0	0	0	1	1	1	0	708759570319953920	1	0	1
3584.0	3	0.0008370535714285714	24	0.006696428571428571	74099	20.674944196428573	38	0.010602678571428572	44	0.012276785714285714	8	7	159	0.625	4	0.5	3	0.375	0	0.0	1	0.125	3	0.42857142857142855	4	0.5714285714285714	0	0.0	0	0.0	7	0.0440251572327044	108	0.6792452830188679	6	0.03773584905660377	38	0.2389937106918239	1	0	0	1	0	1	0	1447948944	1	0	1
2706.0	55	0.02032520325203252	14	0.005173688100517369	3610	1.3340724316334072	928	0.3429416112342942	2910	1.0753880266075388	11	9	153	0.875	4	0.36363636363636365	5	0.45454545454545453	0	0.0	2	0.18181818181818182	0	0.0	9	1.0	0	0.0	0	0.0	14	0.0915032679738562	107	0.6993464052287581	1	0.006535947712418301	31	0.20261437908496732	0	0	1	1	0	1	0	3976196781	1	0	1
2997.0	334	0.11144477811144478	565	0.18852185518852185	5273	1.759426092759426	18012	6.01001001001001	1146	0.38238238238238237	18	15	57	0.8	3	0.16666666666666666	12	0.6666666666666666	0	0.0	3	0.16666666666666666	3	0.2	12	0.8	0	0.0	0	0.0	8	0.14035087719298245	38	0.6666666666666666	2	0.03508771929824561	9	0.15789473684210525	1	0	1	1	1	1	1	2951574214	0	0	0
5089.0	805	0.15818431911966988	913	0.1794065631754765	9269	1.8213794458636274	15912	3.126743957555512	1140	0.22401257614462566	15	12	60	0.8	3	0.2	9	0.6	0	0.0	3	0.2	3	0.25	9	0.75	0	0.0	0	0.0	5	0.08333333333333333	49	0.8166666666666667	0	0.0	6	0.1	1	0	0	1	0	1	1	29766367	0	0	0
4432.0	351	0.07919675090252708	883	0.19923285198555957	3708	0.8366425992779783	24353	5.494810469314079	1320	0.29783393501805056	17	9	63	0.6363636363636364	3	0.17647058823529413	11	0.6470588235294118	0	0.0	3	0.17647058823529413	2	0.2222222222222222	7	0.7777777777777778	0	0.0	0	0.0	4	0.06349206349206349	50	0.7936507936507936	1	0.015873015873015872	8	0.12698412698412698	0	0	1	1	0	1	0	242873057	0	0	0
5326.0	995	0.18681937664288398	1103	0.2070972587307548	345	0.06477656778069846	21880	4.108148704468644	0	0.0	11	14	54	0.6666666666666666	2	0.18181818181818182	8	0.7272727272727273	0	0.0	1	0.09090909090909091	4	0.2857142857142857	8	0.5714285714285714	2	0.14285714285714285	0	0.0	3	0.05555555555555555	41	0.7592592592592593	2	0.037037037037037035	8	0.14814814814814814	0	0	0	1	0	0	1	15856366	0	0	0
5076.0	786	0.15484633569739953	1380	0.2718676122931442	7674	1.511820330969267	40672	8.012608353033885	2852	0.5618597320724981	11	15	63	0.6666666666666666	2	0.18181818181818182	8	0.7272727272727273	0	0.0	1	0.09090909090909091	5	0.3333333333333333	10	0.6666666666666666	0	0.0	0	0.0	5	0.07936507936507936	48	0.7619047619047619	0	0.0	10	0.15873015873015872	1	0	1	1	0	1	1	33977070	0	0	0
3662.0	730	0.1993446204259967	917	0.250409612233752	8879	2.424631348989623	21988	6.004369197160022	1067	0.2913708356089569	28	11	66	0.4444444444444444	3	0.10714285714285714	23	0.8214285714285714	0	0.0	2	0.07142857142857142	2	0.18181818181818182	9	0.8181818181818182	0	0.0	0	0.0	7	0.10606060606060606	49	0.7424242424242424	2	0.030303030303030304	8	0.12121212121212122	0	0	0	1	1	1	1	1243902714	0	0	0
3221.0	3	0.0009313877677739833	442	0.13722446445203354	3758	1.166718410431543	7980	2.4774914622787954	0	0.0	10	9	136	0.875	2	0.2	7	0.7	0	0.0	1	0.1	2	0.2222222222222222	7	0.7777777777777778	0	0.0	0	0.0	6	0.04411764705882353	100	0.7352941176470589	0	0.0	30	0.22058823529411764	0	0	1	1	1	1	0	2508960524	1	0	0
2681.0	0	0.0	36	0.013427825438269302	4828	1.8008205893323386	389	0.14509511376352108	1	0.0003729951510630362	19	14	155	0.7857142857142857	4	0.21052631578947367	14	0.7368421052631579	0	0.0	1	0.05263157894736842	0	0.0	14	1.0	0	0.0	0	0.0	8	0.05161290322580645	118	0.7612903225806451	0	0.0	29	0.1870967741935484	0	0	1	0	0	1	0	4165464861	1	0	1
5103.0	1050	0.205761316872428	1507	0.2953164805016657	7607	1.4906917499510093	48502	9.504605134234763	595	0.11659807956104253	14	9	114	0.5454545454545454	3	0.21428571428571427	10	0.7142857142857143	0	0.0	1	0.07142857142857142	3	0.3333333333333333	6	0.6666666666666666	0	0.0	0	0.0	14	0.12280701754385964	78	0.6842105263157895	2	0.017543859649122806	20	0.17543859649122806	1	0	1	1	0	1	1	26424123	0	0	0
4572.0	2876	0.6290463692038495	2181	0.47703412073490814	7320	1.601049868766404	169271	37.02340332458443	1741	0.38079615048118987	16	15	123	0.8	3	0.1875	10	0.625	0	0.0	3	0.1875	3	0.2	12	0.8	0	0.0	0	0.0	12	0.0975609756097561	91	0.7398373983739838	1	0.008130081300813009	19	0.15447154471544716	0	0	1	1	0	1	1	188019606	0	0	0
4418.0	258	0.058397464916251696	995	0.22521502942507923	2880	0.6518786781349026	26480	5.993662290629244	804	0.18198279764599365	19	13	144	0.7333333333333333	3	0.15789473684210525	12	0.631578947368421	0	0.0	4	0.21052631578947367	2	0.15384615384615385	11	0.8461538461538461	0	0.0	0	0.0	11	0.0763888888888889	110	0.7638888888888888	2	0.013888888888888888	21	0.14583333333333334	1	0	1	1	0	1	1	249410485	0	0	0
2991.0	277	0.09261116683383484	2140	0.7154797726512871	11406	3.8134403209628887	452869	151.4105650284186	743	0.24841190237378802	19	11	125	0.7692307692307693	3	0.15789473684210525	13	0.6842105263157895	0	0.0	3	0.15789473684210525	2	0.18181818181818182	9	0.8181818181818182	0	0.0	0	0.0	11	0.088	92	0.736	2	0.016	20	0.16	0	0	0	1	0	1	1	2962813893	0	0	0
2976.0	0	0.0	205	0.06888440860215053	71025	23.86592741935484	6723	2.2590725806451615	0	0.0	11	12	126	0.7	1	0.09090909090909091	8	0.7272727272727273	0	0.0	2	0.18181818181818182	2	0.16666666666666666	10	0.8333333333333334	0	0.0	0	0.0	6	0.047619047619047616	78	0.6190476190476191	12	0.09523809523809523	30	0.23809523809523808	0	0	0	0	0	0	0	2990633947	1	0	0
2981.0	0	0.0	4	0.0013418316001341832	3363	1.1281449178128145	23	0.007715531700771553	4	0.0013418316001341832	12	14	130	0.8181818181818182	1	0.08333333333333333	11	0.9166666666666666	0	0.0	0	0.0	3	0.21428571428571427	11	0.7857142857142857	0	0.0	0	0.0	6	0.046153846153846156	94	0.7230769230769231	4	0.03076923076923077	26	0.2	0	0	1	0	0	0	0	2980115435	1	0	0
2814.0	308	0.10945273631840796	200	0.07107320540156362	2047	0.7274342572850035	4990	1.7732764747690122	433	0.15387348969438522	20	13	81	0.5384615384615384	3	0.15	14	0.7	0	0.0	3	0.15	3	0.23076923076923078	10	0.7692307692307693	0	0.0	0	0.0	6	0.07407407407407407	52	0.6419753086419753	10	0.12345679012345678	13	0.16049382716049382	1	0	1	1	1	1	0	3353670647	0	0	0
5202.0	4837	0.929834678969627	9966	1.9158016147635524	10668	2.050749711649366	3873525	744.6222606689735	3745	0.719915417147251	15	10	115	0.6153846153846154	3	0.2	9	0.6	0	0.0	3	0.2	2	0.2	7	0.7	0	0.0	1	0.1	15	0.13043478260869565	82	0.7130434782608696	0	0.0	18	0.1565217391304348	1	0	1	0	0	1	1	18166778	0	0	0
2294.0	0	0.0	4	0.0017436791630340018	16	0.006974716652136007	16	0.006974716652136007	0	0.0	22	12	118	0.5	3	0.13636363636363635	17	0.7727272727272727	0	0.0	2	0.09090909090909091	0	0.0	11	0.9166666666666666	0	0.0	1	0.08333333333333333	5	0.0423728813559322	84	0.711864406779661	4	0.03389830508474576	25	0.211864406779661	0	0	0	1	1	0	0	804677427632963584	1	0	1
2262.0	1	0.0004420866489832007	14	0.00618921308576481	24943	11.026967285587975	2869	1.2683465959328029	98	0.04332449160035367	24	12	160	0.5714285714285714	4	0.16666666666666666	17	0.7083333333333334	0	0.0	3	0.125	0	0.0	12	1.0	0	0.0	0	0.0	7	0.04375	115	0.71875	2	0.0125	36	0.225	0	0	0	1	1	0	0	816247067362361344	1	0	0
2320.0	0	0.0	25	0.010775862068965518	326762	140.8456896551724	290	0.125	3	0.001293103448275862	11	11	97	0.7777777777777778	0	0.0	10	0.9090909090909091	0	0.0	1	0.09090909090909091	0	0.0	10	0.9090909090909091	0	0.0	1	0.09090909090909091	0	0.0	75	0.7731958762886598	0	0.0	22	0.2268041237113402	0	0	0	1	1	0	0	795119952156065792	1	0	0
2268.0	1589	0.7006172839506173	1193	0.5260141093474426	13234	5.8350970017636685	179001	78.92460317460318	1138	0.5017636684303352	31	15	157	0.6666666666666666	3	0.0967741935483871	26	0.8387096774193549	0	0.0	2	0.06451612903225806	2	0.13333333333333333	13	0.8666666666666667	0	0.0	0	0.0	21	0.1337579617834395	104	0.6624203821656051	2	0.012738853503184714	30	0.1910828025477707	0	0	1	1	1	1	1	814179031956488192	0	0	0
2485.0	0	0.0	28	0.011267605633802818	4108	1.653118712273642	190	0.07645875251509054	47	0.018913480885311872	11	11	144	1.0	0	0.0	10	0.9090909090909091	0	0.0	1	0.09090909090909091	0	0.0	10	0.9090909090909091	0	0.0	1	0.09090909090909091	8	0.05555555555555555	103	0.7152777777777778	5	0.034722222222222224	28	0.19444444444444445	1	0	1	1	1	1	0	735527047552991232	1	0	1
2362.0	0	0.0	104	0.04403048264182896	18078	7.653683319220999	1263	0.5347163420829806	1	0.0004233700254022015	14	9	101	0.45454545454545453	2	0.14285714285714285	10	0.7142857142857143	0	0.0	2	0.14285714285714285	0	0.0	5	0.5555555555555556	0	0.0	4	0.4444444444444444	15	0.1485148514851485	59	0.5841584158415841	2	0.019801980198019802	25	0.24752475247524752	0	0	1	0	0	1	0	779880044420300800	1	0	0
2496.0	1	0.00040064102564102563	47	0.018830128205128204	29658	11.882211538461538	35	0.014022435897435898	0	0.0	18	15	86	0.8571428571428571	3	0.16666666666666666	12	0.6666666666666666	0	0.0	3	0.16666666666666666	0	0.0	15	1.0	0	0.0	0	0.0	5	0.05813953488372093	62	0.7209302325581395	1	0.011627906976744186	18	0.20930232558139536	0	0	1	1	1	1	0	731498500773543936	1	0	0
2205.0	25	0.011337868480725623	34	0.015419501133786848	20648	9.364172335600907	1800	0.8163265306122449	38	0.017233560090702947	10	9	142	0.9	0	0.0	9	0.9	0	0.0	1	0.1	0	0.0	9	1.0	0	0.0	0	0.0	15	0.1056338028169014	95	0.6690140845070423	1	0.007042253521126761	31	0.21830985915492956	0	0	0	0	0	0	0	836897939461144577	1	0	0
2251.0	21	0.009329187027987561	16	0.007107952021323856	6211	2.759218125277654	1327	0.5895157707685473	9	0.003998223011994669	28	14	28	0.5	0	0.0	25	0.8928571428571429	0	0.0	3	0.10714285714285714	5	0.35714285714285715	9	0.6428571428571429	0	0.0	0	0.0	1	0.03571428571428571	24	0.8571428571428571	0	0.0	3	0.10714285714285714	0	0	0	1	1	1	0	820137588430372866	1	0	0
2991.0	443	0.14811099966566366	318	0.10631895687061184	2164	0.7235038448679372	11842	3.9592109662320296	630	0.21063189568706117	22	15	67	0.6428571428571429	4	0.18181818181818182	15	0.6818181818181818	0	0.0	3	0.13636363636363635	4	0.26666666666666666	11	0.7333333333333333	0	0.0	0	0.0	7	0.1044776119402985	52	0.7761194029850746	0	0.0	8	0.11940298507462686	0	0	0	0	0	0	0	2962994194	0	0	0
2263.0	87	0.03844454264250994	500	0.2209456473707468	3459	1.5285019885108264	15743	6.956694653115334	836	0.36942112240388864	18	15	103	0.8666666666666667	3	0.16666666666666666	12	0.6666666666666666	0	0.0	3	0.16666666666666666	3	0.2	12	0.8	0	0.0	0	0.0	7	0.06796116504854369	80	0.7766990291262136	1	0.009708737864077669	15	0.14563106796116504	1	0	1	0	0	1	1	816012124505931780	0	0	0
2481.0	115	0.046352277307537285	32	0.012898024989923419	70638	28.471584038694076	2299	0.9266424828698105	2	0.0008061265618702137	21	7	81	0.375	0	0.0	12	0.5714285714285714	2	0.09523809523809523	7	0.3333333333333333	0	0.0	5	0.7142857142857143	0	0.0	2	0.2857142857142857	0	0.0	60	0.7407407407407407	1	0.012345679012345678	20	0.24691358024691357	0	0	1	0	0	1	0	736829620985692165	1	0	0
3220.0	0	0.0	91	0.02826086956521739	11889	3.6922360248447204	1948	0.6049689440993788	6	0.0018633540372670807	18	12	138	0.7	4	0.2222222222222222	11	0.6111111111111112	0	0.0	3	0.16666666666666666	3	0.25	9	0.75	0	0.0	0	0.0	18	0.13043478260869565	94	0.6811594202898551	0	0.0	26	0.18840579710144928	0	0	0	1	1	0	0	2513859613	1	0	0
5317.0	488	0.09178107955614068	2051	0.3857438405115667	5295	0.9958623283806658	73716	13.86420914049276	1312	0.24675568929847658	15	13	91	0.8	2	0.13333333333333333	12	0.8	0	0.0	1	0.06666666666666667	0	0.0	13	1.0	0	0.0	0	0.0	8	0.08791208791208792	68	0.7472527472527473	1	0.01098901098901099	14	0.15384615384615385	1	0	1	1	0	1	1	15954997	0	0	0
3326.0	1	0.0003006614552014432	31	0.009320505111244739	15514	4.66446181599519	229	0.06885147324113049	42	0.012627781118460614	18	7	95	0.2	3	0.16666666666666666	12	0.6666666666666666	0	0.0	3	0.16666666666666666	0	0.0	7	1.0	0	0.0	0	0.0	5	0.05263157894736842	59	0.6210526315789474	0	0.0	31	0.3263157894736842	0	0	0	1	0	1	0	2327639124	1	0	1
3656.0	1020	0.2789934354485777	968	0.2647702407002188	4006	1.0957330415754925	28126	7.6931072210065645	499	0.13648796498905907	16	13	160	0.8333333333333334	3	0.1875	10	0.625	0	0.0	3	0.1875	3	0.23076923076923078	10	0.7692307692307693	0	0.0	0	0.0	17	0.10625	112	0.7	2	0.0125	29	0.18125	1	0	1	0	0	1	1	1260172386	0	0	0
1861.0	1	0.0005373455131649651	190	0.10209564750134337	2289	1.229983879634605	11840	6.362170875873186	1	0.0005373455131649651	12	12	150	1.0	3	0.25	9	0.75	0	0.0	0	0.0	3	0.25	9	0.75	0	0.0	0	0.0	12	0.08	105	0.7	0	0.0	33	0.22	0	0	1	0	0	1	0	961438005675397120	1	0	0
1984.0	0	0.0	24	0.012096774193548387	3819	1.924899193548387	165	0.08316532258064516	5	0.0025201612903225806	14	14	0	1.0	4	0.2857142857142857	10	0.7142857142857143	0	0.0	0	0.0	0	0.0	14	1.0	0	0.0	0	0.0	0	0	0	0	0	0	0	0	0	0	0	1	1	0	0	917093133879578624	1	0	0
1839.0	2	0.001087547580206634	7	0.0038064165307232192	10957	5.958129418162045	48	0.026101141924959218	10	0.005437737901033171	27	11	80	0.5294117647058824	4	0.14814814814814814	20	0.7407407407407407	0	0.0	3	0.1111111111111111	0	0.0	10	0.9090909090909091	0	0.0	1	0.09090909090909091	1	0.0125	66	0.825	0	0.0	13	0.1625	0	0	1	0	0	1	0	969398693249126400	1	0	1
1984.0	9	0.0045362903225806455	8	0.004032258064516129	45323	22.844254032258064	49	0.02469758064516129	2	0.0010080645161290322	10	11	49	0.7	2	0.2	7	0.7	0	0.0	1	0.1	0	0.0	11	1.0	0	0.0	0	0.0	0	0.0	38	0.7755102040816326	0	0.0	11	0.22448979591836735	0	0	0	1	1	0	0	917159386015043584	1	0	0
1963.0	0	0.0	12	0.006113092205807438	23689	12.067753438614366	56	0.028527763627101375	1	0.0005094243504839531	17	15	132	0.6	2	0.11764705882352941	14	0.8235294117647058	0	0.0	1	0.058823529411764705	0	0.0	15	1.0	0	0.0	0	0.0	4	0.030303030303030304	98	0.7424242424242424	4	0.030303030303030304	26	0.19696969696969696	0	0	1	0	0	1	0	924479079365185536	1	0	1
2511.0	2	0.0007964954201513341	12	0.0047789725209080045	3981	1.5854241338112305	185	0.0736758263639984	0	0.0	8	8	57	0.7777777777777778	2	0.25	5	0.625	0	0.0	1	0.125	2	0.25	5	0.625	0	0.0	1	0.125	3	0.05263157894736842	41	0.7192982456140351	0	0.0	13	0.22807017543859648	0	0	1	1	0	1	0	725896100528295936	1	0	0
2545.0	48	0.018860510805500982	17	0.0066797642436149315	57455	22.575638506876228	280	0.1100196463654224	1	0.0003929273084479371	22	8	123	0.5833333333333334	0	0.0	19	0.8636363636363636	0	0.0	3	0.13636363636363635	2	0.25	6	0.75	0	0.0	0	0.0	10	0.08130081300813008	87	0.7073170731707317	3	0.024390243902439025	23	0.18699186991869918	0	0	1	0	0	1	0	713868637430386688	1	0	1
1624.0	18	0.011083743842364532	10	0.006157635467980296	38174	23.50615763546798	23	0.01416256157635468	0	0.0	13	11	136	0.9	11	0.8461538461538461	0	0.0	0	0.0	2	0.15384615384615385	0	0.0	11	1.0	0	0.0	0	0.0	9	0.0661764705882353	98	0.7205882352941176	0	0.0	29	0.21323529411764705	0	0	1	0	0	1	0	1047560686489014273	1	0	1
2090.0	35	0.01674641148325359	39	0.018660287081339714	26353	12.60909090909091	374	0.17894736842105263	1	0.0004784688995215311	15	13	159	0.9090909090909091	1	0.06666666666666667	12	0.8	0	0.0	2	0.13333333333333333	0	0.0	13	1.0	0	0.0	0	0.0	7	0.0440251572327044	122	0.7672955974842768	0	0.0	30	0.18867924528301888	0	0	1	1	1	1	0	878678015349329921	1	0	1
2261.0	12	0.005307386112339673	2270	1.0039805395842547	1820	0.804953560371517	602107	266.3011941618753	239	0.10570544007076514	15	12	86	0.8333333333333334	3	0.2	9	0.6	0	0.0	3	0.2	3	0.25	9	0.75	0	0.0	0	0.0	6	0.06976744186046512	67	0.7790697674418605	0	0.0	13	0.1511627906976744	1	0	1	0	0	1	1	816719802328715264	0	0	0
2544.0	0	0.0	7	0.002751572327044025	51802	20.3624213836478	48	0.018867924528301886	0	0.0	10	11	146	0.7272727272727273	0	0.0	9	0.9	0	0.0	1	0.1	0	0.0	11	1.0	0	0.0	0	0.0	10	0.0684931506849315	99	0.678082191780822	6	0.0410958904109589	31	0.21232876712328766	0	0	0	0	0	0	0	714131965318828032	1	0	0
2326.0	6	0.0025795356835769563	3	0.0012897678417884782	3184	1.3688736027515047	12	0.005159071367153913	4	0.0017196904557179708	14	15	124	0.5	3	0.21428571428571427	9	0.6428571428571429	0	0.0	2	0.14285714285714285	0	0.0	13	0.8666666666666667	0	0.0	2	0.13333333333333333	7	0.056451612903225805	85	0.6854838709677419	3	0.024193548387096774	29	0.23387096774193547	0	0	1	0	0	1	0	792970355287560192	1	0	1
2483.0	0	0.0	58	0.023358840112766815	6570	2.6459927507047927	828	0.33346757954087797	3	0.0012082158679017317	12	11	128	0.9090909090909091	0	0.0	11	0.9166666666666666	0	0.0	1	0.08333333333333333	0	0.0	11	1.0	0	0.0	0	0.0	4	0.03125	99	0.7734375	0	0.0	25	0.1953125	0	0	1	0	0	0	0	736041231793295361	1	0	0
3016.0	5575	1.848474801061008	927	0.3073607427055703	13537	4.488395225464191	29556	9.79973474801061	2629	0.871684350132626	15	8	157	0.7	3	0.2	9	0.6	0	0.0	3	0.2	2	0.25	6	0.75	0	0.0	0	0.0	25	0.1592356687898089	99	0.6305732484076433	2	0.012738853503184714	31	0.19745222929936307	1	0	1	1	0	1	1	2916086925	0	0	0
4515.0	185	0.04097452934662237	1019	0.22569213732004428	8403	1.8611295681063122	44029	9.75171650055371	867	0.1920265780730897	17	14	124	0.8461538461538461	3	0.17647058823529413	11	0.6470588235294118	0	0.0	3	0.17647058823529413	3	0.21428571428571427	11	0.7857142857142857	0	0.0	0	0.0	13	0.10483870967741936	86	0.6935483870967742	2	0.016129032258064516	23	0.18548387096774194	0	0	1	1	0	1	1	211530910	0	0	0
5179.0	314	0.06062946514771191	1323	0.25545472098860783	4307	0.8316277273604943	78526	15.162386561112184	3023	0.5837034176481947	13	13	106	1.0	3	0.23076923076923078	10	0.7692307692307693	0	0.0	0	0.0	3	0.23076923076923078	10	0.7692307692307693	0	0.0	0	0.0	9	0.08490566037735849	74	0.6981132075471698	2	0.018867924528301886	21	0.19811320754716982	1	0	0	1	1	1	1	18773159	0	0	0
4451.0	708	0.15906537856661424	1039	0.23343068973264436	7202	1.61806335654909	26029	5.84789934846102	2122	0.47674679847225343	17	15	103	0.6470588235294118	4	0.23529411764705882	10	0.5882352941176471	0	0.0	3	0.17647058823529413	3	0.2	12	0.8	0	0.0	0	0.0	11	0.10679611650485436	71	0.6893203883495146	2	0.019417475728155338	19	0.18446601941747573	1	0	1	1	0	1	1	234812598	0	0	0
2793.0	0	0.0	7	0.002506265664160401	64329	23.03222341568206	7	0.002506265664160401	0	0.0	14	13	0	0.9	2	0.14285714285714285	11	0.7857142857142857	0	0.0	1	0.07142857142857142	2	0.15384615384615385	11	0.8461538461538461	0	0.0	0	0.0	0	0	0	0	0	0	0	0	0	0	0	1	1	1	0	3287381226	1	0	0
4303.0	162	0.03764815245177783	912	0.21194515454334187	5450	1.2665582151986985	27215	6.324657215895886	444	0.1031838252382059	18	15	126	0.8333333333333334	3	0.16666666666666666	12	0.6666666666666666	0	0.0	3	0.16666666666666666	3	0.2	12	0.8	0	0.0	0	0.0	10	0.07936507936507936	96	0.7619047619047619	1	0.007936507936507936	19	0.15079365079365079	0	0	1	0	0	1	1	310310133	0	0	0
3281.0	30	0.009143553794574825	42	0.012800975312404754	454835	138.62694300518135	317	0.09661688509600731	8	0.0024382810118866198	14	13	160	0.9	2	0.14285714285714285	11	0.7857142857142857	0	0.0	1	0.07142857142857142	0	0.0	13	1.0	0	0.0	0	0.0	1	0.00625	131	0.81875	0	0.0	28	0.175	0	0	1	1	0	1	0	2402022649	1	0	0
3722.0	225	0.06045137023105857	577	0.15502418054809242	6068	1.630306286942504	25589	6.875067168189146	548	0.14723267060720044	20	15	0	0.8571428571428571	3	0.15	17	0.85	0	0.0	0	0.0	3	0.2	12	0.8	0	0.0	0	0.0	0	0	0	0	0	0	0	0	1	0	1	1	1	0	1	1061385474	0	0	0
2240.0	6	0.0026785714285714286	9	0.0040178571428571425	41242	18.411607142857143	22	0.009821428571428571	4	0.0017857142857142857	15	10	149	0.7272727272727273	2	0.13333333333333333	10	0.6666666666666666	1	0.06666666666666667	2	0.13333333333333333	0	0.0	9	0.9	1	0.1	0	0.0	18	0.12080536912751678	90	0.6040268456375839	5	0.03355704697986577	36	0.24161073825503357	0	0	1	0	0	0	0	824087954863685632	1	0	1
2537.0	2	0.0007883326763894363	4	0.0015766653527788726	360	0.14189988175009854	12	0.004729996058336618	1	0.00039416633819471815	14	9	111	0.45454545454545453	3	0.21428571428571427	9	0.6428571428571429	0	0.0	2	0.14285714285714285	0	0.0	8	0.8888888888888888	0	0.0	1	0.1111111111111111	5	0.04504504504504504	81	0.7297297297297297	0	0.0	25	0.22522522522522523	0	0	1	0	0	0	0	716550061262372864	1	0	1
2541.0	0	0.0	19	0.00747737111373475	10894	4.287288469106651	1671	0.6576151121605667	4	0.0015741833923652105	19	14	83	0.5384615384615384	3	0.15789473684210525	15	0.7894736842105263	0	0.0	1	0.05263157894736842	0	0.0	14	1.0	0	0.0	0	0.0	18	0.21686746987951808	45	0.5421686746987951	0	0.0	20	0.24096385542168675	0	0	1	0	0	1	0	715214387804372992	1	0	0
3137.0	1	0.000318775900541919	83	0.02645839974497928	11471	3.656678355116353	927	0.2955052598023589	1	0.000318775900541919	17	15	159	0.9090909090909091	3	0.17647058823529413	12	0.7058823529411765	0	0.0	2	0.11764705882352941	0	0.0	15	1.0	0	0.0	0	0.0	7	0.0440251572327044	122	0.7672955974842768	0	0.0	30	0.18867924528301888	0	0	0	0	0	1	0	2727212335	1	0	0
5227.0	131	0.025062177157069064	727	0.13908551750526113	6209	1.1878706715132963	17969	3.4377271857662137	3214	0.6148842548306869	22	10	107	0.5	3	0.13636363636363635	15	0.6818181818181818	0	0.0	4	0.18181818181818182	2	0.2	8	0.8	0	0.0	0	0.0	10	0.09345794392523364	71	0.6635514018691588	9	0.08411214953271028	17	0.1588785046728972	1	0	1	1	0	0	1	17544524	0	0	0
2598.0	0	0.0	454	0.1747498075442648	10320	3.972286374133949	9943	3.8271747498075444	1	0.00038491147036181676	12	14	60	0.8181818181818182	2	0.16666666666666666	9	0.75	0	0.0	1	0.08333333333333333	0	0.0	14	1.0	0	0.0	0	0.0	3	0.05	40	0.6666666666666666	5	0.08333333333333333	12	0.2	0	0	0	1	1	0	0	4871943514	1	0	0
3856.0	412	0.10684647302904564	948	0.245850622406639	3848	0.9979253112033195	20212	5.241701244813278	2056	0.533195020746888	15	13	135	0.6666666666666666	2	0.13333333333333333	12	0.8	0	0.0	1	0.06666666666666667	2	0.15384615384615385	11	0.8461538461538461	0	0.0	0	0.0	12	0.08888888888888889	98	0.725925925925926	1	0.007407407407407408	24	0.17777777777777778	1	0	1	1	1	1	1	776664410	0	0	0
3709.0	1012	0.27284982475060665	2090	0.5634942032892963	11243	3.0312752763548128	207414	55.92181180911297	694	0.18711242922620652	15	14	159	0.9	2	0.13333333333333333	12	0.8	0	0.0	1	0.06666666666666667	2	0.14285714285714285	12	0.8571428571428571	0	0.0	0	0.0	9	0.05660377358490566	116	0.7295597484276729	0	0.0	34	0.2138364779874214	1	0	0	1	0	1	1	1099199839	0	0	0
5019.0	149	0.029687188683004583	2047	0.4078501693564455	5336	1.063159992030285	105235	20.96732416816099	395	0.07870093644152222	10	11	165	0.8	2	0.2	7	0.7	0	0.0	1	0.1	4	0.36363636363636365	7	0.6363636363636364	0	0.0	0	0.0	19	0.11515151515151516	92	0.5575757575757576	12	0.07272727272727272	42	0.2545454545454545	1	0	1	1	0	1	1	48117116	0	0	0
2089.0	291	0.1393011010052657	13	0.006223073240785065	24988	11.961704164672092	444	0.2125418860698899	2	0.0009573958831977022	12	12	148	1.0	2	0.16666666666666666	10	0.8333333333333334	0	0.0	0	0.0	1	0.08333333333333333	11	0.9166666666666666	0	0.0	0	0.0	11	0.07432432432432433	103	0.6959459459459459	1	0.006756756756756757	33	0.22297297297297297	0	0	0	0	0	1	0	878827007433375744	1	0	1
2097.0	4	0.0019074868860276585	34	0.016213638531235097	7516	3.5841678588459702	454	0.21649976156413925	1	0.0004768717215069146	15	15	71	0.8181818181818182	3	0.2	10	0.6666666666666666	0	0.0	2	0.13333333333333333	0	0.0	13	0.8666666666666667	0	0.0	2	0.13333333333333333	1	0.014084507042253521	58	0.8169014084507042	0	0.0	12	0.16901408450704225	0	0	1	0	0	0	0	876135649727873024	1	0	0
2376.0	0	0.0	9	0.003787878787878788	2401	1.0105218855218856	22	0.009259259259259259	2	0.0008417508417508417	19	13	160	0.46153846153846156	2	0.10526315789473684	15	0.7894736842105263	0	0.0	2	0.10526315789473684	2	0.15384615384615385	11	0.8461538461538461	0	0.0	0	0.0	9	0.05625	122	0.7625	0	0.0	29	0.18125	0	0	0	0	0	1	0	774782471703494656	1	0	1
2569.0	0	0.0	17	0.006617360840794083	121313	47.22187621642662	188	0.07318022576878162	2	0.0007785130400934215	19	14	140	0.7333333333333333	2	0.10526315789473684	12	0.631578947368421	3	0.15789473684210525	2	0.10526315789473684	0	0.0	13	0.9285714285714286	0	0.0	1	0.07142857142857142	4	0.02857142857142857	109	0.7785714285714286	0	0.0	27	0.19285714285714287	0	0	1	0	0	0	0	705120073032269824	1	0	0
2066.0	0	0.0	3	0.001452081316553727	8136	3.9380445304937077	4	0.001936108422071636	0	0.0	10	14	95	0.5	1	0.1	9	0.9	0	0.0	0	0.0	0	0.0	13	0.9285714285714286	1	0.07142857142857142	0	0.0	2	0.021052631578947368	73	0.7684210526315789	1	0.010526315789473684	19	0.2	0	0	1	1	1	0	0	887168893034299392	1	0	0
2910.0	3943	1.3549828178694159	647	0.22233676975945016	11476	3.943642611683849	13579	4.666323024054983	1347	0.46288659793814435	32	14	145	0.5333333333333333	3	0.09375	22	0.6875	0	0.0	7	0.21875	2	0.14285714285714285	12	0.8571428571428571	0	0.0	0	0.0	25	0.1724137931034483	88	0.6068965517241379	2	0.013793103448275862	30	0.20689655172413793	1	0	0	0	0	1	1	3122099613	0	0	0
2805.0	6	0.0021390374331550803	25	0.008912655971479501	33640	11.992869875222816	387	0.13796791443850268	2	0.00071301247771836	12	12	146	0.7272727272727273	10	0.8333333333333334	0	0.0	0	0.0	2	0.16666666666666666	0	0.0	10	0.8333333333333334	0	0.0	2	0.16666666666666666	7	0.04794520547945205	104	0.7123287671232876	4	0.0273972602739726	31	0.21232876712328766	0	0	1	0	0	1	0	3369547257	1	0	1
1667.0	1	0.0005998800239952009	6	0.003599280143971206	1949	1.1691661667666466	13	0.007798440311937612	1	0.0005998800239952009	9	14	85	0.6	2	0.2222222222222222	6	0.6666666666666666	0	0.0	1	0.1111111111111111	4	0.2857142857142857	10	0.7142857142857143	0	0.0	0	0.0	3	0.03529411764705882	63	0.7411764705882353	0	0.0	19	0.2235294117647059	0	0	1	1	1	0	0	1031710018855419904	1	0	0
1562.0	0	0.0	4	0.002560819462227913	69409	44.4359795134443	5	0.003201024327784891	1	0.0006402048655569782	10	15	82	0.6428571428571429	2	0.2	8	0.8	0	0.0	0	0.0	0	0.0	15	1.0	0	0.0	0	0.0	1	0.012195121951219513	65	0.7926829268292683	2	0.024390243902439025	14	0.17073170731707318	0	0	1	0	0	1	0	1069875231924338688	1	0	0
1567.0	34	0.02169751116783663	12	0.007657945118059987	5021	3.204211869814933	75	0.047862156987874924	26	0.016592214422463305	20	10	109	0.6666666666666666	4	0.2	13	0.65	0	0.0	3	0.15	2	0.2	8	0.8	0	0.0	0	0.0	11	0.10091743119266056	70	0.6422018348623854	2	0.01834862385321101	26	0.23853211009174313	0	0	0	1	1	0	0	1067943125258256384	1	0	1
1569.0	0	0.0	27	0.017208413001912046	36120	23.021032504780116	431	0.2746972594008923	0	0.0	12	11	56	0.7777777777777778	3	0.25	7	0.5833333333333334	0	0.0	2	0.16666666666666666	0	0.0	10	0.9090909090909091	1	0.09090909090909091	0	0.0	4	0.07142857142857142	40	0.7142857142857143	0	0.0	12	0.21428571428571427	0	0	0	0	0	1	0	1067527987531268097	1	0	0
2186.0	227	0.10384263494967978	11	0.005032021957913998	43570	19.931381518755718	117	0.0535224153705398	48	0.021957913998170174	7	12	91	0.14285714285714285	1	0.14285714285714285	3	0.42857142857142855	0	0.0	3	0.42857142857142855	3	0.25	9	0.75	0	0.0	0	0.0	7	0.07692307692307693	63	0.6923076923076923	0	0.0	21	0.23076923076923078	0	0	1	0	0	1	0	843891310444593153	1	0	1
4417.0	2056	0.4654743038261263	2099	0.4752094181571202	12295	2.783563504641159	112822	25.542676024450984	1944	0.4401177269640027	18	13	107	0.8181818181818182	3	0.16666666666666666	13	0.7222222222222222	0	0.0	2	0.1111111111111111	2	0.15384615384615385	11	0.8461538461538461	0	0.0	0	0.0	13	0.12149532710280374	73	0.6822429906542056	0	0.0	21	0.19626168224299065	1	0	1	1	0	1	1	249787913	0	0	0
1684.0	0	0.0	24	0.014251781472684086	1675	0.9946555819477435	787	0.4673396674584323	0	0.0	29	15	61	0.8461538461538461	3	0.10344827586206896	24	0.8275862068965517	0	0.0	2	0.06896551724137931	2	0.13333333333333333	13	0.8666666666666667	0	0.0	0	0.0	2	0.03278688524590164	47	0.7704918032786885	0	0.0	12	0.19672131147540983	0	0	1	0	0	1	0	1025809362386862082	1	0	0
1670.0	8	0.004790419161676647	9	0.005389221556886228	8943	5.355089820359281	97	0.05808383233532934	1	0.0005988023952095808	13	15	78	0.7857142857142857	0	0.0	12	0.9230769230769231	0	0.0	1	0.07692307692307693	0	0.0	15	1.0	0	0.0	0	0.0	0	0.0	63	0.8076923076923077	0	0.0	15	0.19230769230769232	0	0	1	0	0	0	0	1030830288761438210	1	0	0
1648.0	1	0.0006067961165048543	4	0.0024271844660194173	74582	45.25606796116505	12	0.007281553398058253	0	0.0	15	12	56	0.6923076923076923	2	0.13333333333333333	5	0.3333333333333333	4	0.26666666666666666	4	0.26666666666666666	0	0.0	7	0.5833333333333334	4	0.3333333333333333	1	0.08333333333333333	8	0.14285714285714285	26	0.4642857142857143	8	0.14285714285714285	14	0.25	0	0	1	1	1	1	0	1038892795975614466	1	0	0
5061.0	564	0.1114404267931239	1229	0.2428373839162221	5105	1.0086939340051373	42925	8.481525390239083	8943	1.7670420865441612	17	11	94	0.6923076923076923	3	0.17647058823529413	11	0.6470588235294118	0	0.0	3	0.17647058823529413	2	0.18181818181818182	9	0.8181818181818182	0	0.0	0	0.0	8	0.0851063829787234	72	0.7659574468085106	1	0.010638297872340425	13	0.13829787234042554	1	0	1	1	0	1	1	38254095	0	0	0
1694.0	0	0.0	11	0.006493506493506494	13980	8.252656434474616	46	0.02715466351829988	0	0.0	17	15	99	0.9230769230769231	0	0.0	15	0.8823529411764706	0	0.0	2	0.11764705882352941	0	0.0	15	1.0	0	0.0	0	0.0	0	0.0	80	0.8080808080808081	0	0.0	19	0.1919191919191919	0	0	0	1	1	1	0	1022188705849720835	1	0	0
1622.0	0	0.0	5	0.0030826140567200987	77644	47.86929716399507	59	0.036374845869297165	0	0.0	24	15	96	0.6470588235294118	1	0.041666666666666664	19	0.7916666666666666	0	0.0	4	0.16666666666666666	0	0.0	15	1.0	0	0.0	0	0.0	4	0.041666666666666664	72	0.75	0	0.0	20	0.20833333333333334	0	0	1	1	1	1	0	1048235437779763203	1	0	0
2579.0	2	0.0007754943776657619	135	0.05234587049243893	5624	2.1806901899961226	1882	0.7297402093834819	46	0.017836370686312525	13	13	146	0.8181818181818182	0	0.0	11	0.8461538461538461	0	0.0	2	0.15384615384615385	0	0.0	11	0.8461538461538461	0	0.0	2	0.15384615384615385	11	0.07534246575342465	97	0.6643835616438356	3	0.02054794520547945	35	0.23972602739726026	0	0	0	1	1	1	0	701470099090358276	1	0	1
4655.0	713	0.1531686358754028	1426	0.3063372717508056	3483	0.7482277121374866	77652	16.681417830290012	669	0.14371643394199785	20	10	145	0.5	3	0.15	15	0.75	0	0.0	2	0.1	3	0.3	7	0.7	0	0.0	0	0.0	19	0.1310344827586207	79	0.5448275862068965	11	0.07586206896551724	36	0.2482758620689655	1	0	1	1	0	1	1	156333623	0	0	0
1834.0	20	0.010905125408942203	4	0.0021810250817884407	96432	52.58015267175573	141	0.07688113413304253	1	0.0005452562704471102	35	13	145	0.7222222222222222	0	0.0	30	0.8571428571428571	0	0.0	5	0.14285714285714285	0	0.0	13	1.0	0	0.0	0	0.0	3	0.020689655172413793	110	0.7586206896551724	0	0.0	32	0.2206896551724138	0	0	1	1	1	1	0	971203153269018624	1	0	1
1718.0	0	0.0	2	0.0011641443538998836	2696	1.569266589057043	15	0.008731082654249126	6	0.0034924330616996507	16	13	49	0.8181818181818182	2	0.125	11	0.6875	0	0.0	3	0.1875	0	0.0	13	1.0	0	0.0	0	0.0	2	0.04081632653061224	35	0.7142857142857143	0	0.0	12	0.24489795918367346	0	0	0	0	0	1	0	1013226126804701184	1	0	1
1975.0	0	0.0	6	0.0030379746835443038	7981	4.0410126582278485	18	0.009113924050632912	0	0.0	17	14	95	0.7692307692307693	2	0.11764705882352941	14	0.8235294117647058	0	0.0	1	0.058823529411764705	0	0.0	14	1.0	0	0.0	0	0.0	1	0.010526315789473684	77	0.8105263157894737	0	0.0	17	0.17894736842105263	0	0	0	1	1	0	0	920359296797429760	1	0	0
2059.0	445	0.21612433220009714	12	0.005828071879553181	47136	22.892666342884894	241	0.11704711024769306	4	0.001942690626517727	13	15	91	0.9	2	0.15384615384615385	10	0.7692307692307693	0	0.0	1	0.07692307692307693	0	0.0	15	1.0	0	0.0	0	0.0	0	0.0	59	0.6483516483516484	0	0.0	32	0.3516483516483517	0	0	1	0	0	0	0	889859060048252928	1	0	1
1668.0	0	0.0	3	0.0017985611510791368	15182	9.101918465227818	32	0.019184652278177457	4	0.002398081534772182	11	10	26	0.8571428571428571	2	0.18181818181818182	8	0.7272727272727273	0	0.0	1	0.09090909090909091	2	0.2	8	0.8	0	0.0	0	0.0	2	0.07692307692307693	17	0.6538461538461539	0	0.0	7	0.2692307692307692	0	0	1	1	1	0	0	1031621147782205440	1	0	0
2506.0	0	0.0	6	0.0023942537909018356	302	0.12051077414205906	10	0.0039904229848363925	0	0.0	8	10	69	0.7777777777777778	1	0.125	7	0.875	0	0.0	0	0.0	0	0.0	10	1.0	0	0.0	0	0.0	1	0.014492753623188406	54	0.782608695652174	0	0.0	14	0.2028985507246377	0	0	0	1	1	1	0	727690346713501697	1	0	0
3045.0	0	0.0	31	0.010180623973727421	3507	1.1517241379310346	97	0.03185550082101806	1	0.0003284072249589491	13	11	124	0.9	3	0.23076923076923078	8	0.6153846153846154	0	0.0	2	0.15384615384615385	0	0.0	11	1.0	0	0.0	0	0.0	17	0.13709677419354838	79	0.6370967741935484	0	0.0	28	0.22580645161290322	0	0	1	0	0	1	0	2873849441	1	0	1
2984.0	0	0.0	25	0.008378016085790885	1938	0.6494638069705094	126	0.04222520107238606	1	0.0003351206434316354	13	11	152	0.9	3	0.23076923076923078	8	0.6153846153846154	0	0.0	2	0.15384615384615385	0	0.0	11	1.0	0	0.0	0	0.0	5	0.03289473684210526	108	0.7105263157894737	5	0.03289473684210526	34	0.2236842105263158	0	0	0	1	1	0	0	2974529128	1	0	0
2709.0	1	0.00036913990402362494	28	0.0103359173126615	14191	5.238464377999262	277	0.10225175341454411	1	0.00036913990402362494	5	7	56	0.5	0	0.0	5	1.0	0	0.0	0	0.0	0	0.0	7	1.0	0	0.0	0	0.0	5	0.08928571428571429	40	0.7142857142857143	0	0.0	11	0.19642857142857142	1	0	1	0	0	0	0	3957192304	1	0	0
4702.0	813	0.1729051467460655	1020	0.21692896639727777	3367	0.7160782645682688	40493	8.611867290514674	889	0.1890684814972352	17	14	157	0.6923076923076923	3	0.17647058823529413	10	0.5882352941176471	0	0.0	4	0.23529411764705882	3	0.21428571428571427	11	0.7857142857142857	0	0.0	0	0.0	28	0.17834394904458598	90	0.5732484076433121	2	0.012738853503184714	37	0.2356687898089172	1	0	1	0	0	0	1	138770045	0	0	0
1785.0	4	0.002240896358543417	1	0.0005602240896358543	193	0.10812324929971989	14	0.00784313725490196	1	0.0005602240896358543	13	11	127	0.9	3	0.23076923076923078	8	0.6153846153846154	0	0.0	2	0.15384615384615385	0	0.0	11	1.0	0	0.0	0	0.0	9	0.07086614173228346	90	0.7086614173228346	0	0.0	28	0.2204724409448819	0	0	1	0	0	1	0	989205636087861248	1	0	0
1790.0	0	0.0	6	0.0033519553072625698	7018	3.9206703910614524	20	0.0111731843575419	1	0.0005586592178770949	11	14	97	0.3076923076923077	2	0.18181818181818182	8	0.7272727272727273	0	0.0	1	0.09090909090909091	2	0.14285714285714285	12	0.8571428571428571	0	0.0	0	0.0	13	0.13402061855670103	61	0.6288659793814433	2	0.020618556701030927	21	0.21649484536082475	0	0	0	1	1	0	0	987218775303835648	1	0	0
2823.0	0	0.0	45	0.015940488841657812	131666	46.640453418349274	85	0.030109812256464755	0	0.0	20	9	52	0.17647058823529413	3	0.15	15	0.75	0	0.0	2	0.1	0	0.0	7	0.7777777777777778	1	0.1111111111111111	1	0.1111111111111111	3	0.057692307692307696	39	0.75	1	0.019230769230769232	9	0.17307692307692307	0	0	0	1	1	1	0	3342186154	1	0	0
3684.0	290	0.07871878393051031	177	0.04804560260586319	8248	2.238870792616721	6369	1.728827361563518	43	0.011672095548317047	12	12	61	1.0	12	1.0	0	0.0	0	0.0	0	0.0	0	0.0	12	1.0	0	0.0	0	0.0	48	0.7868852459016393	4	0.06557377049180328	0	0.0	9	0.14754098360655737	0	0	0	0	0	1	0	1170208442	1	0	1
3920.0	197	0.050255102040816325	494	0.12602040816326532	1873	0.4778061224489796	14213	3.625765306122449	288	0.07346938775510205	18	11	142	0.5384615384615384	3	0.16666666666666666	12	0.6666666666666666	0	0.0	3	0.16666666666666666	4	0.36363636363636365	6	0.5454545454545454	1	0.09090909090909091	0	0.0	13	0.09154929577464789	103	0.7253521126760564	2	0.014084507042253521	24	0.16901408450704225	1	0	0	1	1	1	1	613725908	0	0	0
3991.0	1172	0.2936607366574793	797	0.1996993234778251	4053	1.0155349536457028	22676	5.681784014031571	774	0.19393635680280633	10	12	57	0.8	2	0.2	7	0.7	0	0.0	1	0.1	3	0.25	9	0.75	0	0.0	0	0.0	4	0.07017543859649122	45	0.7894736842105263	0	0.0	8	0.14035087719298245	0	0	1	1	1	1	1	550401754	0	0	0
3052.0	1000	0.32765399737876805	1269	0.41579292267365664	5781	1.894167758846658	74688	24.471821756225427	608	0.19921363040629095	13	10	116	0.8	3	0.23076923076923078	7	0.5384615384615384	0	0.0	3	0.23076923076923078	3	0.3	7	0.7	0	0.0	0	0.0	12	0.10344827586206896	84	0.7241379310344828	1	0.008620689655172414	19	0.16379310344827586	1	0	1	0	0	1	1	2862577383	0	0	0
5052.0	738	0.14608076009501186	3339	0.6609263657957245	9233	1.8275930324623912	456606	90.3812351543943	2032	0.40221694378463974	11	14	144	0.6363636363636364	2	0.18181818181818182	7	0.6363636363636364	0	0.0	2	0.18181818181818182	3	0.21428571428571427	11	0.7857142857142857	0	0.0	0	0.0	10	0.06944444444444445	103	0.7152777777777778	2	0.013888888888888888	29	0.2013888888888889	1	0	1	1	0	1	1	40302336	0	0	0
4437.0	13044	2.9398242055442867	2859	0.6443542934415145	15775	3.555330178048231	303507	68.40365111561866	4045	0.9116520171286906	20	8	30	0.5384615384615384	6	0.3	9	0.45	0	0.0	5	0.25	2	0.25	6	0.75	0	0.0	0	0.0	4	0.13333333333333333	21	0.7	1	0.03333333333333333	4	0.13333333333333333	1	0	0	1	0	1	1	240760644	0	0	0
2139.0	5	0.0023375409069658717	5	0.0023375409069658717	35508	16.600280504908834	31	0.014492753623188406	5	0.0023375409069658717	10	10	52	1.0	0	0.0	10	1.0	0	0.0	0	0.0	0	0.0	10	1.0	0	0.0	0	0.0	0	0.0	43	0.8269230769230769	0	0.0	9	0.17307692307692307	0	0	0	1	1	0	0	860979772016427008	1	0	0
4676.0	7742	1.655688622754491	639	0.13665526090675792	2217	0.47412318220701455	13398	2.8652694610778444	960	0.20530367835757057	21	11	160	0.375	3	0.14285714285714285	16	0.7619047619047619	0	0.0	2	0.09523809523809523	5	0.45454545454545453	6	0.5454545454545454	0	0.0	0	0.0	23	0.14375	94	0.5875	9	0.05625	34	0.2125	1	0	1	1	0	1	0	148453195	0	0	0
3424.0	0	0.0	16	0.004672897196261682	208	0.06074766355140187	35	0.01022196261682243	0	0.0	11	13	101	0.6153846153846154	2	0.18181818181818182	7	0.6363636363636364	0	0.0	2	0.18181818181818182	3	0.23076923076923078	10	0.7692307692307693	0	0.0	0	0.0	15	0.1485148514851485	61	0.6039603960396039	0	0.0	25	0.24752475247524752	0	0	0	0	0	1	0	2163455832	1	0	1
3722.0	1945	0.5225685115529285	868	0.23320795271359485	5815	1.562332079527136	40550	10.894680279419667	857	0.23025255239118753	16	9	117	0.46153846153846156	2	0.125	13	0.8125	0	0.0	1	0.0625	2	0.2222222222222222	7	0.7777777777777778	0	0.0	0	0.0	7	0.05982905982905983	90	0.7692307692307693	0	0.0	20	0.17094017094017094	1	0	1	1	1	1	1	1060370282	0	0	0
4926.0	402	0.08160779537149818	1815	0.3684531059683313	7206	1.4628501827040195	82213	16.689606171335768	913	0.18534307754770604	19	13	53	0.9	3	0.15789473684210525	14	0.7368421052631579	0	0.0	2	0.10526315789473684	3	0.23076923076923078	10	0.7692307692307693	0	0.0	0	0.0	9	0.16981132075471697	35	0.660377358490566	0	0.0	9	0.16981132075471697	0	0	1	1	0	0	1	75364211	0	0	0
2682.0	0	0.0	13	0.004847129008202834	1433	0.5343027591349739	93	0.03467561521252797	0	0.0	11	15	133	0.75	3	0.2727272727272727	6	0.5454545454545454	0	0.0	2	0.18181818181818182	0	0.0	12	0.8	0	0.0	3	0.2	7	0.05263157894736842	95	0.7142857142857143	4	0.03007518796992481	27	0.20300751879699247	0	0	1	0	0	1	0	4185208692	1	0	1
4411.0	1338	0.3033325776467921	901	0.20426207209249603	4289	0.9723418725912492	19311	4.377918839265472	698	0.15824076173203355	8	11	78	0.5454545454545454	2	0.25	5	0.625	0	0.0	1	0.125	4	0.36363636363636365	5	0.45454545454545453	2	0.18181818181818182	0	0.0	2	0.02564102564102564	58	0.7435897435897436	1	0.01282051282051282	17	0.21794871794871795	1	0	0	0	0	1	0	252819323	0	0	0
4480.0	793	0.17700892857142858	1053	0.23504464285714285	9331	2.0828125	32385	7.228794642857143	2091	0.4667410714285714	11	12	92	0.8	2	0.18181818181818182	8	0.7272727272727273	0	0.0	1	0.09090909090909091	4	0.3333333333333333	8	0.6666666666666666	0	0.0	0	0.0	9	0.09782608695652174	66	0.717391304347826	1	0.010869565217391304	16	0.17391304347826086	0	0	0	0	0	0	1	224294785	0	0	0
3090.0	0	0.0	63	0.020388349514563107	60705	19.645631067961165	3342	1.0815533980582523	549	0.17766990291262136	16	13	56	0.8181818181818182	6	0.375	7	0.4375	0	0.0	3	0.1875	6	0.46153846153846156	7	0.5384615384615384	0	0.0	0	0.0	4	0.07142857142857142	39	0.6964285714285714	0	0.0	13	0.23214285714285715	0	0	1	0	0	0	0	2789586862	1	0	0
2990.0	1896	0.6341137123745819	2028	0.6782608695652174	7227	2.417056856187291	134141	44.863210702341135	4288	1.434113712374582	19	13	68	0.75	3	0.15789473684210525	14	0.7368421052631579	0	0.0	2	0.10526315789473684	3	0.23076923076923078	10	0.7692307692307693	0	0.0	0	0.0	9	0.1323529411764706	47	0.6911764705882353	0	0.0	12	0.17647058823529413	1	0	1	0	0	1	1	2964174789	0	0	0
4452.0	3502	0.7866127583108715	986	0.22147349505840072	11124	2.498652291105121	27239	6.11837376460018	1941	0.4359838274932615	17	15	80	0.8	3	0.17647058823529413	11	0.6470588235294118	0	0.0	3	0.17647058823529413	0	0.0	14	0.9333333333333333	0	0.0	1	0.06666666666666667	9	0.1125	55	0.6875	1	0.0125	15	0.1875	1	0	1	1	0	1	1	234469322	0	0	0
4738.0	21	0.004432249894470241	266	0.05614183199662305	1401	0.29569438581680035	6144	1.2967496834107217	450	0.09497678345293373	16	13	83	0.7272727272727273	3	0.1875	10	0.625	0	0.0	3	0.1875	3	0.23076923076923078	10	0.7692307692307693	0	0.0	0	0.0	9	0.10843373493975904	59	0.7108433734939759	0	0.0	15	0.18072289156626506	1	0	0	1	0	0	1	126171100	0	0	0
5126.0	796	0.15528677331252438	4029	0.7859929769801014	22672	4.422941865001951	273247	53.30608661724541	1487	0.2900897385875927	12	11	97	0.875	2	0.16666666666666666	9	0.75	0	0.0	1	0.08333333333333333	2	0.18181818181818182	9	0.8181818181818182	0	0.0	0	0.0	11	0.1134020618556701	66	0.6804123711340206	1	0.010309278350515464	19	0.1958762886597938	1	0	0	0	0	0	1	22509548	0	0	0
2263.0	10188	4.501988510826337	3466	1.5315952275740168	30221	13.354396818382678	617174	272.72381794078655	2667	1.1785240830755634	20	10	157	0.6363636363636364	3	0.15	14	0.7	0	0.0	3	0.15	2	0.2	8	0.8	0	0.0	0	0.0	18	0.11464968152866242	106	0.6751592356687898	2	0.012738853503184714	31	0.19745222929936307	1	0	1	0	0	1	1	815733290955112448	0	0	0
2471.0	3	0.0012140833670578712	34	0.013759611493322542	5189	2.099959530554431	30	0.012140833670578713	0	0.0	5	6	98	0.375	3	0.6	0	0.0	0	0.0	2	0.4	1	0.16666666666666666	3	0.5	2	0.3333333333333333	0	0.0	4	0.04081632653061224	70	0.7142857142857143	0	0.0	24	0.24489795918367346	0	0	0	0	0	0	0	740581224218034176	1	0	0
2309.0	0	0.0	22	0.009527934170636639	28157	12.194456474664356	20	0.0086617583369424	2	0.0008661758336942399	12	12	89	1.0	0	0.0	12	1.0	0	0.0	0	0.0	0	0.0	12	1.0	0	0.0	0	0.0	13	0.14606741573033707	48	0.5393258426966292	7	0.07865168539325842	21	0.23595505617977527	0	0	0	0	0	1	0	799247194121502720	1	0	0
2303.0	10	0.004342162396873643	6	0.0026052974381241857	4049	1.7581415544941381	10	0.004342162396873643	1	0.0004342162396873643	19	15	156	0.4375	1	0.05263157894736842	17	0.8947368421052632	0	0.0	1	0.05263157894736842	0	0.0	14	0.9333333333333333	0	0.0	1	0.06666666666666667	6	0.038461538461538464	110	0.7051282051282052	7	0.04487179487179487	33	0.21153846153846154	0	0	1	0	0	0	0	801429514433789952	1	0	1
2276.0	1	0.0004393673110720562	6	0.0026362038664323375	29410	12.921792618629174	93	0.04086115992970123	0	0.0	17	7	143	0.25	3	0.17647058823529413	11	0.6470588235294118	0	0.0	3	0.17647058823529413	4	0.5714285714285714	3	0.42857142857142855	0	0.0	0	0.0	5	0.03496503496503497	107	0.7482517482517482	0	0.0	31	0.21678321678321677	0	0	1	1	1	1	0	811226108133834752	1	0	0
2219.0	0	0.0	9	0.00405588102748986	2478	1.1167192429022081	420	0.1892744479495268	1	0.0004506534474988734	13	12	137	0.9166666666666666	2	0.15384615384615385	10	0.7692307692307693	0	0.0	1	0.07692307692307693	2	0.16666666666666666	10	0.8333333333333334	0	0.0	0	0.0	4	0.029197080291970802	107	0.781021897810219	0	0.0	26	0.1897810218978102	0	0	1	0	0	1	0	831782664038449152	1	0	1
2193.0	2	0.0009119927040583675	11	0.005015959872321021	8779	4.003191974464205	76	0.034655722754217966	4	0.001823985408116735	15	13	158	0.9090909090909091	3	0.2	10	0.6666666666666666	0	0.0	2	0.13333333333333333	3	0.23076923076923078	10	0.7692307692307693	0	0.0	0	0.0	3	0.0189873417721519	126	0.7974683544303798	0	0.0	29	0.18354430379746836	0	0	1	0	0	0	0	841355108696915968	1	0	0
2292.0	0	0.0	6	0.002617801047120419	9086	3.9642233856893543	20	0.008726003490401396	3	0.0013089005235602095	14	12	77	0.8888888888888888	2	0.14285714285714285	6	0.42857142857142855	4	0.2857142857142857	2	0.14285714285714285	0	0.0	8	0.6666666666666666	4	0.3333333333333333	0	0.0	4	0.05194805194805195	61	0.7922077922077922	0	0.0	12	0.15584415584415584	0	0	1	0	0	0	0	805427276628295681	1	0	0
2540.0	0	0.0	5	0.001968503937007874	11030	4.34251968503937	11	0.004330708661417323	0	0.0	13	12	113	0.6363636363636364	3	0.23076923076923078	9	0.6923076923076923	0	0.0	1	0.07692307692307693	2	0.16666666666666666	10	0.8333333333333334	0	0.0	0	0.0	9	0.07964601769911504	80	0.7079646017699115	5	0.04424778761061947	19	0.168141592920354	0	0	0	1	1	1	0	715601141749387264	1	0	1
2484.0	0	0.0	20	0.008051529790660225	18915	7.6147342995169085	96	0.03864734299516908	2	0.0008051529790660225	15	12	127	0.46153846153846156	3	0.2	10	0.6666666666666666	0	0.0	2	0.13333333333333333	3	0.25	9	0.75	0	0.0	0	0.0	24	0.1889763779527559	71	0.5590551181102362	4	0.031496062992125984	28	0.2204724409448819	0	0	1	0	0	1	0	735640767750930433	1	0	0
4102.0	1	0.00024378352023403217	1042	0.25402242808386155	4067	0.9914675767918089	41430	10.099951243295953	105	0.025597269624573378	17	14	159	0.8333333333333334	3	0.17647058823529413	11	0.6470588235294118	0	0.0	3	0.17647058823529413	3	0.21428571428571427	11	0.7857142857142857	0	0.0	0	0.0	14	0.0880503144654088	111	0.6981132075471698	3	0.018867924528301886	31	0.1949685534591195	0	0	0	1	1	1	1	442824717	0	0	0
2260.0	5457	2.4146017699115045	825	0.36504424778761063	8625	3.816371681415929	32500	14.380530973451327	8954	3.961946902654867	19	11	144	0.5	3	0.15789473684210525	13	0.6842105263157895	0	0.0	3	0.15789473684210525	2	0.18181818181818182	9	0.8181818181818182	0	0.0	0	0.0	17	0.11805555555555555	96	0.6666666666666666	4	0.027777777777777776	27	0.1875	1	0	1	1	1	1	1	816833925456789505	0	0	0
2216.0	0	0.0	255	0.11507220216606498	9199	4.151173285198556	16757	7.561823104693141	2	0.0009025270758122744	18	11	136	0.23529411764705882	0	0.0	12	0.6666666666666666	0	0.0	6	0.3333333333333333	0	0.0	11	1.0	0	0.0	0	0.0	0	0.0	108	0.7941176470588235	0	0.0	28	0.20588235294117646	0	0	0	0	0	0	0	833103863007870978	1	0	0
2260.0	11359	5.026106194690265	830	0.3672566371681416	18689	8.269469026548673	34900	15.442477876106194	2245	0.9933628318584071	17	12	97	0.6666666666666666	2	0.11764705882352941	14	0.8235294117647058	0	0.0	1	0.058823529411764705	2	0.16666666666666666	10	0.8333333333333334	0	0.0	0	0.0	8	0.08247422680412371	71	0.7319587628865979	2	0.020618556701030927	16	0.16494845360824742	1	0	1	1	1	1	1	817076257770835968	0	0	0
3456.0	0	0.0	196	0.056712962962962965	82475	23.86429398148148	26273	7.602141203703703	1	0.00028935185185185184	13	8	93	0.5454545454545454	2	0.15384615384615385	10	0.7692307692307693	0	0.0	1	0.07692307692307693	0	0.0	6	0.75	0	0.0	2	0.25	2	0.021505376344086023	72	0.7741935483870968	0	0.0	19	0.20430107526881722	0	0	0	1	0	1	0	1912617043	1	0	0
2687.0	1	0.0003721622627465575	13	0.004838109415705247	167246	62.242649795310754	43	0.016002977298101972	0	0.0	14	9	148	0.6666666666666666	1	0.07142857142857142	13	0.9285714285714286	0	0.0	0	0.0	0	0.0	9	1.0	0	0.0	0	0.0	4	0.02702702702702703	83	0.5608108108108109	0	0.0	61	0.41216216216216217	0	0	0	0	0	1	0	4139038819	1	0	1
4193.0	95	0.022656808967326497	637	0.15191986644407346	1429	0.34080610541378487	15379	3.667779632721202	1075	0.2563796804197472	20	10	134	0.5333333333333333	3	0.15	15	0.75	0	0.0	2	0.1	4	0.4	6	0.6	0	0.0	0	0.0	9	0.06716417910447761	96	0.7164179104477612	4	0.029850746268656716	25	0.1865671641791045	1	0	1	1	0	1	0	377534571	0	0	0
2820.0	7	0.0024822695035460994	24	0.00851063829787234	3421	1.2131205673758865	637	0.22588652482269503	18	0.006382978723404255	13	14	105	0.42857142857142855	2	0.15384615384615385	10	0.7692307692307693	0	0.0	1	0.07692307692307693	3	0.21428571428571427	11	0.7857142857142857	0	0.0	0	0.0	10	0.09523809523809523	65	0.6190476190476191	2	0.01904761904761905	28	0.26666666666666666	0	0	0	1	1	1	0	3345365117	1	0	1
2766.0	2	0.0007230657989877079	14	0.005061460592913955	973	0.35177151120751987	229	0.08279103398409256	0	0.0	20	12	94	0.0	0	0.0	0	0.0	1	0.05	19	0.95	3	0.25	9	0.75	0	0.0	0	0.0	0	0.0	65	0.6914893617021277	0	0.0	29	0.30851063829787234	0	0	1	0	0	1	0	3318233216	1	0	1
4354.0	399	0.09163987138263666	961	0.22071658245291687	4426	1.0165365181442352	28052	6.44281120808452	317	0.0728066146072577	14	10	123	0.46153846153846156	2	0.14285714285714285	11	0.7857142857142857	0	0.0	1	0.07142857142857142	2	0.2	8	0.8	0	0.0	0	0.0	3	0.024390243902439025	99	0.8048780487804879	0	0.0	21	0.17073170731707318	1	0	1	1	0	1	1	281540744	0	0	0
2463.0	0	0.0	4	0.0016240357287860333	210	0.08526187576126674	8	0.0032480714575720666	1	0.0004060089321965083	13	11	54	0.8888888888888888	3	0.23076923076923078	8	0.6153846153846154	0	0.0	2	0.15384615384615385	0	0.0	11	1.0	0	0.0	0	0.0	5	0.09259259259259259	33	0.6111111111111112	3	0.05555555555555555	13	0.24074074074074073	0	0	1	0	0	1	0	743290308738224130	1	0	1
2662.0	46	0.01728024042073629	8	0.003005259203606311	39500	14.838467317806161	170	0.0638617580766341	91	0.034184823441021785	3	8	144	0.16666666666666666	2	0.6666666666666666	1	0.3333333333333333	0	0.0	0	0.0	2	0.25	5	0.625	0	0.0	1	0.125	10	0.06944444444444445	109	0.7569444444444444	0	0.0	25	0.1736111111111111	0	0	0	1	0	1	0	4331829388	1	0	1
2753.0	9	0.0032691609153650564	14	0.005085361423901199	1588	0.5768252815110788	87	0.03160188884852888	2	0.000726480203414457	10	9	126	0.875	2	0.2	7	0.7	0	0.0	1	0.1	0	0.0	9	1.0	0	0.0	0	0.0	12	0.09523809523809523	86	0.6825396825396826	1	0.007936507936507936	27	0.21428571428571427	0	0	1	0	0	1	0	3505584274	1	0	1
5584.0	0	0.0	567	0.10154011461318052	109160	19.548710601719197	55120	9.87106017191977	30	0.0053724928366762174	9	9	124	1.0	0	0.0	9	1.0	0	0.0	0	0.0	0	0.0	9	1.0	0	0.0	0	0.0	8	0.06451612903225806	80	0.6451612903225806	10	0.08064516129032258	26	0.20967741935483872	0	0	0	1	1	1	0	10729632	1	0	0
4411.0	5	0.0011335298118340512	620	0.14055769666742235	28	0.006347766946270687	26786	6.072545907957379	1630	0.3695307186579007	11	10	123	0.9	2	0.18181818181818182	8	0.7272727272727273	0	0.0	1	0.09090909090909091	0	0.0	10	1.0	0	0.0	0	0.0	14	0.11382113821138211	89	0.7235772357723578	0	0.0	20	0.16260162601626016	1	0	1	1	0	1	1	252819642	0	0	1
5554.0	5883	1.0592365862441484	1709	0.30770615772416277	9309	1.6760893050054015	89644	16.140439323010444	669	0.1204537270435722	12	11	52	0.8888888888888888	2	0.16666666666666666	9	0.75	0	0.0	1	0.08333333333333333	2	0.18181818181818182	9	0.8181818181818182	0	0.0	0	0.0	5	0.09615384615384616	33	0.6346153846153846	0	0.0	14	0.2692307692307692	1	0	1	1	0	0	1	11651202	0	0	0
4543.0	1256	0.27646929341844595	1285	0.28285274047985914	6030	1.3273167510455646	62243	13.700858463570327	1010	0.2223200528285274	12	14	104	0.6363636363636364	2	0.16666666666666666	9	0.75	0	0.0	1	0.08333333333333333	3	0.21428571428571427	11	0.7857142857142857	0	0.0	0	0.0	9	0.08653846153846154	77	0.7403846153846154	1	0.009615384615384616	17	0.16346153846153846	1	0	1	0	0	1	1	199325935	0	0	0
3718.0	958	0.25766541151156536	1044	0.2807961269499731	5765	1.550564819795589	44422	11.947821409359872	1071	0.2880580957504034	18	10	81	0.6923076923076923	3	0.16666666666666666	12	0.6666666666666666	0	0.0	3	0.16666666666666666	2	0.2	8	0.8	0	0.0	0	0.0	11	0.13580246913580246	51	0.6296296296296297	3	0.037037037037037035	16	0.19753086419753085	0	0	1	1	1	1	1	1071102246	0	0	0
2675.0	17	0.006355140186915888	33	0.012336448598130842	5956	2.2265420560747664	567	0.2119626168224299	1	0.00037383177570093456	13	13	158	0.8181818181818182	1	0.07692307692307693	11	0.8461538461538461	0	0.0	1	0.07692307692307693	0	0.0	12	0.9230769230769231	0	0.0	1	0.07692307692307693	13	0.08227848101265822	102	0.6455696202531646	5	0.03164556962025317	38	0.24050632911392406	0	0	0	0	0	0	0	4208245037	1	0	0
2731.0	0	0.0	15	0.005492493592090809	1287	0.47125595020139144	40	0.014646649578908825	0	0.0	17	15	96	0.47058823529411764	0	0.0	16	0.9411764705882353	0	0.0	1	0.058823529411764705	0	0.0	15	1.0	0	0.0	0	0.0	0	0.0	75	0.78125	0	0.0	21	0.21875	0	0	0	0	0	1	0	3646011745	1	0	0
2860.0	0	0.0	50	0.017482517482517484	5736	2.0055944055944055	428	0.14965034965034965	1	0.00034965034965034965	9	8	154	0.875	6	0.6666666666666666	2	0.2222222222222222	0	0.0	1	0.1111111111111111	5	0.625	3	0.375	0	0.0	0	0.0	10	0.06493506493506493	107	0.6948051948051948	2	0.012987012987012988	35	0.22727272727272727	0	0	0	1	1	1	0	3261315449	1	0	1
4450.0	1033	0.23213483146067415	921	0.20696629213483145	4879	1.0964044943820224	24497	5.504943820224719	976	0.21932584269662922	17	8	73	0.3333333333333333	2	0.11764705882352941	14	0.8235294117647058	0	0.0	1	0.058823529411764705	2	0.25	6	0.75	0	0.0	0	0.0	6	0.0821917808219178	50	0.684931506849315	2	0.0273972602739726	15	0.2054794520547945	1	0	1	0	0	1	1	235190657	0	0	0
3288.0	56	0.0170316301703163	31	0.009428223844282239	12933	3.9333941605839415	170	0.05170316301703163	1	0.00030413625304136254	15	11	86	0.8	4	0.26666666666666666	8	0.5333333333333333	0	0.0	3	0.2	0	0.0	11	1.0	0	0.0	0	0.0	4	0.046511627906976744	60	0.6976744186046512	0	0.0	22	0.2558139534883721	0	0	1	0	0	0	0	2390014363	1	0	1
4494.0	4906	1.091677792612372	3162	0.7036048064085447	9669	2.151535380507343	569621	126.7514463729417	936	0.2082777036048064	14	12	132	0.5833333333333334	2	0.14285714285714285	11	0.7857142857142857	0	0.0	1	0.07142857142857142	2	0.16666666666666666	10	0.8333333333333334	0	0.0	0	0.0	11	0.08333333333333333	89	0.6742424242424242	2	0.015151515151515152	30	0.22727272727272727	1	0	1	1	0	1	1	219429281	0	0	0
4026.0	2128	0.5285643318430203	1095	0.2719821162444113	13539	3.362891207153502	44510	11.055638350720319	1353	0.3360655737704918	19	15	110	0.6	4	0.21052631578947367	12	0.631578947368421	0	0.0	3	0.15789473684210525	3	0.2	10	0.6666666666666666	2	0.13333333333333333	0	0.0	11	0.1	80	0.7272727272727273	0	0.0	19	0.17272727272727273	1	0	1	1	0	1	1	516880804	0	0	0
2455.0	28	0.011405295315682282	25	0.010183299389002037	1283	0.5226069246435845	133	0.054175152749490835	0	0.0	12	12	131	1.0	0	0.0	12	1.0	0	0.0	0	0.0	0	0.0	12	1.0	0	0.0	0	0.0	5	0.03816793893129771	98	0.7480916030534351	2	0.015267175572519083	26	0.1984732824427481	0	0	0	0	0	0	0	746458117106466816	1	0	1
5588.0	5	0.0008947745168217609	6426	1.1499642090193272	12156	2.1753758052970653	845125	151.23926270579813	12503	2.237473156764495	14	13	120	0.9166666666666666	2	0.14285714285714285	11	0.7857142857142857	0	0.0	1	0.07142857142857142	2	0.15384615384615385	11	0.8461538461538461	0	0.0	0	0.0	12	0.1	84	0.7	0	0.0	24	0.2	1	0	1	1	0	1	1	10615232	0	0	0
3744.0	1138	0.30395299145299143	681	0.18189102564102563	4350	1.1618589743589745	19304	5.155982905982906	2459	0.656784188034188	27	11	160	0.5333333333333333	4	0.14814814814814814	19	0.7037037037037037	0	0.0	4	0.14814814814814814	2	0.18181818181818182	9	0.8181818181818182	0	0.0	0	0.0	7	0.04375	114	0.7125	10	0.0625	29	0.18125	1	0	0	1	0	0	0	1009269193	0	0	0
2623.0	0	0.0	297	0.11322912695386962	10352	3.946626000762486	5962	2.272969881814716	1	0.0003812428516965307	12	12	50	0.8181818181818182	2	0.16666666666666666	9	0.75	0	0.0	1	0.08333333333333333	0	0.0	11	0.9166666666666666	0	0.0	1	0.08333333333333333	3	0.06	29	0.58	5	0.1	13	0.26	0	0	0	1	1	0	0	4745869775	1	0	0
3017.0	1257	0.41663904540934704	1038	0.344050381173351	8471	2.807756049055353	78129	25.896254557507458	1148	0.3805104408352668	9	15	95	0.2857142857142857	2	0.2222222222222222	6	0.6666666666666666	0	0.0	1	0.1111111111111111	5	0.3333333333333333	10	0.6666666666666666	0	0.0	0	0.0	6	0.06315789473684211	70	0.7368421052631579	1	0.010526315789473684	18	0.18947368421052632	0	0	1	1	1	1	0	2914515430	0	0	0
2803.0	0	0.0	442	0.1576881912236889	10604	3.7830895469140207	11004	3.9257937923653228	3	0.0010702818408847663	14	13	56	0.9	0	0.0	13	0.9285714285714286	0	0.0	1	0.07142857142857142	0	0.0	13	1.0	0	0.0	0	0.0	0	0.0	44	0.7857142857142857	0	0.0	12	0.21428571428571427	0	0	1	0	0	0	0	3277928935	1	0	0
3414.0	0	0.0	27	0.007908611599297012	12267	3.593145869947276	192	0.056239015817223195	12	0.0035149384885764497	19	11	86	0.4	3	0.15789473684210525	12	0.631578947368421	0	0.0	4	0.21052631578947367	0	0.0	11	1.0	0	0.0	0	0.0	6	0.06976744186046512	53	0.6162790697674418	0	0.0	27	0.313953488372093	0	0	0	1	0	1	0	2182429166	1	0	1
2201.0	10	0.004543389368468878	38	0.017264879600181735	17338	7.87732848705134	177	0.08041799182189914	23	0.010449795547478418	13	12	80	0.9	2	0.15384615384615385	10	0.7692307692307693	0	0.0	1	0.07692307692307693	2	0.16666666666666666	10	0.8333333333333334	0	0.0	0	0.0	48	0.6	11	0.1375	0	0.0	21	0.2625	0	0	1	0	0	1	0	838385078044672001	1	0	1
2988.0	7459	2.496318607764391	977	0.32697456492637217	11704	3.9170013386880855	47913	16.035140562248998	1259	0.4213520749665328	26	9	144	0.4375	4	0.15384615384615385	18	0.6923076923076923	0	0.0	4	0.15384615384615385	2	0.2222222222222222	7	0.7777777777777778	0	0.0	0	0.0	20	0.1388888888888889	96	0.6666666666666666	2	0.013888888888888888	26	0.18055555555555555	1	0	1	0	0	1	1	2968451607	0	0	0
2866.0	12	0.00418702023726448	47	0.016399162595952546	59549	20.777739009071876	1372	0.47871598046057223	5	0.0017445917655268667	20	8	139	0.4166666666666667	4	0.2	13	0.65	0	0.0	3	0.15	2	0.25	6	0.75	0	0.0	0	0.0	12	0.08633093525179857	96	0.6906474820143885	0	0.0	31	0.22302158273381295	0	0	1	0	0	1	0	3245226532	1	0	0
4733.0	24	0.005070779632368476	218	0.04605958166068033	1541	0.3255863088949926	3126	0.6604690471159941	1341	0.28332981195858864	12	11	107	0.9	2	0.16666666666666666	9	0.75	0	0.0	1	0.08333333333333333	2	0.18181818181818182	9	0.8181818181818182	0	0.0	0	0.0	7	0.06542056074766354	79	0.7383177570093458	3	0.028037383177570093	18	0.16822429906542055	1	0	1	1	0	1	1	127941167	0	0	1
4752.0	6475	1.3625841750841752	1150	0.242003367003367	17508	3.6843434343434343	45820	9.642255892255893	2001	0.42108585858585856	10	12	101	0.6363636363636364	2	0.2	7	0.7	0	0.0	1	0.1	0	0.0	12	1.0	0	0.0	0	0.0	8	0.07920792079207921	77	0.7623762376237624	0	0.0	16	0.15841584158415842	1	0	1	1	1	1	1	122174004	0	0	0
2720.0	0	0.0	245	0.0900735294117647	10551	3.8790441176470587	9667	3.554044117647059	0	0.0	13	11	141	0.875	3	0.23076923076923078	8	0.6153846153846154	0	0.0	2	0.15384615384615385	0	0.0	11	1.0	0	0.0	0	0.0	8	0.05673758865248227	105	0.7446808510638298	0	0.0	28	0.19858156028368795	0	0	1	0	0	1	0	3765991992	1	0	0
2192.0	0	0.0	11	0.005018248175182482	4296	1.9598540145985401	316	0.14416058394160583	2	0.0009124087591240876	18	9	139	0.6666666666666666	3	0.16666666666666666	13	0.7222222222222222	0	0.0	2	0.1111111111111111	0	0.0	9	1.0	0	0.0	0	0.0	5	0.03597122302158273	97	0.697841726618705	6	0.04316546762589928	31	0.22302158273381295	0	0	1	1	1	0	0	841604595096965120	1	0	0
1906.0	919	0.4821615949632739	11	0.005771248688352571	766	0.4018887722980063	2326	1.2203567681007346	1	0.0005246589716684155	26	12	69	0.6666666666666666	4	0.15384615384615385	19	0.7307692307692307	0	0.0	3	0.11538461538461539	3	0.25	9	0.75	0	0.0	0	0.0	4	0.057971014492753624	54	0.782608695652174	0	0.0	11	0.15942028985507245	0	0	1	0	0	0	0	945109441292226560	1	0	1
2057.0	1	0.0004861448711716091	7	0.003403014098201264	15773	7.667963052989791	28	0.013612056392805057	0	0.0	12	15	108	0.6363636363636364	2	0.16666666666666666	9	0.75	0	0.0	1	0.08333333333333333	0	0.0	13	0.8666666666666667	0	0.0	2	0.13333333333333333	7	0.06481481481481481	72	0.6666666666666666	2	0.018518518518518517	27	0.25	0	0	1	1	1	0	0	890575495368232960	1	0	0
1697.0	17285	10.185621685327048	36	0.02121390689451974	6632	3.9080730701237476	1227	0.7230406599882145	0	0.0	8	11	115	0.8	1	0.125	5	0.625	2	0.25	0	0.0	0	0.0	9	0.8181818181818182	2	0.18181818181818182	0	0.0	7	0.06086956521739131	79	0.6869565217391305	2	0.017391304347826087	27	0.23478260869565218	0	0	0	1	1	1	0	1020857489569566720	1	0	1
1632.0	1	0.0006127450980392157	9	0.0055147058823529415	77729	47.62806372549019	100	0.061274509803921566	80	0.049019607843137254	17	15	126	0.7857142857142857	1	0.058823529411764705	15	0.8823529411764706	0	0.0	1	0.058823529411764705	0	0.0	14	0.9333333333333333	1	0.06666666666666667	0	0.0	6	0.047619047619047616	94	0.746031746031746	3	0.023809523809523808	23	0.18253968253968253	0	0	1	0	0	1	0	1044520167173214208	1	0	1
4517.0	606	0.1341598406021696	1142	0.2528226699136595	7341	1.6251937126411335	31193	6.9056896170024356	3348	0.7411999114456498	18	10	62	0.5833333333333334	3	0.16666666666666666	12	0.6666666666666666	0	0.0	3	0.16666666666666666	2	0.2	8	0.8	0	0.0	0	0.0	4	0.06451612903225806	48	0.7741935483870968	2	0.03225806451612903	8	0.12903225806451613	1	0	1	1	0	1	1	210926192	0	0	0
3519.0	284	0.0807047456663825	818	0.2324524012503552	6011	1.7081557260585394	42481	12.071895424836601	953	0.2708155726058539	16	13	158	0.8571428571428571	3	0.1875	10	0.625	0	0.0	3	0.1875	3	0.23076923076923078	10	0.7692307692307693	0	0.0	0	0.0	12	0.0759493670886076	116	0.7341772151898734	3	0.0189873417721519	27	0.17088607594936708	1	0	1	1	0	1	1	1623308912	0	0	0
1842.0	0	0.0	7	0.003800217155266015	1764	0.9576547231270358	38	0.02062975027144408	0	0.0	12	11	95	0.9166666666666666	0	0.0	11	0.9166666666666666	0	0.0	1	0.08333333333333333	0	0.0	11	1.0	0	0.0	0	0.0	4	0.042105263157894736	69	0.7263157894736842	0	0.0	22	0.23157894736842105	0	0	0	1	1	0	0	968442791994019841	1	0	0
3396.0	0	0.0	284	0.08362779740871613	11701	3.4455241460541814	5082	1.4964664310954063	0	0.0	12	11	63	0.5	2	0.16666666666666666	9	0.75	0	0.0	1	0.08333333333333333	0	0.0	11	1.0	0	0.0	0	0.0	5	0.07936507936507936	43	0.6825396825396826	0	0.0	15	0.23809523809523808	0	0	0	0	0	1	0	2216213125	1	0	0
2403.0	842	0.3503953391593841	5	0.0020807324178110697	51655	21.496046608406157	127	0.052850603412401165	5	0.0020807324178110697	16	11	112	0.8333333333333334	0	0.0	13	0.8125	1	0.0625	2	0.125	0	0.0	10	0.9090909090909091	1	0.09090909090909091	0	0.0	0	0.0	85	0.7589285714285714	1	0.008928571428571428	26	0.23214285714285715	0	0	1	0	0	0	0	765071132093403137	1	0	1
4451.0	177	0.03976634464165356	965	0.21680521231184002	3759	0.8445293192541002	29283	6.57897101774882	704	0.15816670411143563	17	15	123	0.5	3	0.17647058823529413	11	0.6470588235294118	0	0.0	3	0.17647058823529413	4	0.26666666666666666	9	0.6	2	0.13333333333333333	0	0.0	17	0.13821138211382114	85	0.6910569105691057	1	0.008130081300813009	20	0.16260162601626016	1	0	1	1	0	1	1	234797704	0	0	0
2288.0	13543	5.919143356643357	3421	1.4951923076923077	11818	5.16520979020979	740002	323.4274475524476	5998	2.6215034965034967	17	9	106	0.6666666666666666	3	0.17647058823529413	11	0.6470588235294118	0	0.0	3	0.17647058823529413	2	0.2222222222222222	7	0.7777777777777778	0	0.0	0	0.0	8	0.07547169811320754	84	0.7924528301886793	0	0.0	14	0.1320754716981132	1	0	1	0	0	1	1	806906355214852096	0	0	0
2763.0	0	0.0	6	0.002171552660152009	341	0.12341657618530583	22	0.007962359753890699	54	0.019543973941368076	10	15	160	0.38461538461538464	3	0.3	5	0.5	0	0.0	2	0.2	0	0.0	11	0.7333333333333333	1	0.06666666666666667	3	0.2	2	0.0125	122	0.7625	0	0.0	36	0.225	0	0	1	1	1	0	0	3434396314	1	0	1
2691.0	0	0.0	18	0.006688963210702341	3906	1.451505016722408	21	0.007803790412486065	0	0.0	11	10	94	0.875	2	0.18181818181818182	8	0.7272727272727273	0	0.0	1	0.09090909090909091	2	0.2	8	0.8	0	0.0	0	0.0	2	0.02127659574468085	69	0.7340425531914894	0	0.0	23	0.24468085106382978	0	0	1	0	0	0	0	4089510556	1	0	0
2621.0	0	0.0	102	0.038916444105303316	10370	3.9565051507058375	624	0.23807706982067914	0	0.0	20	7	135	0.5	3	0.15	15	0.75	0	0.0	2	0.1	2	0.2857142857142857	5	0.7142857142857143	0	0.0	0	0.0	12	0.08888888888888889	95	0.7037037037037037	2	0.014814814814814815	26	0.1925925925925926	0	0	0	0	0	0	0	4739316433	1	0	0
4444.0	1332	0.29972997299729975	1143	0.2572007200720072	9229	2.0767326732673266	33859	7.619036903690369	986	0.22187218721872187	28	11	158	0.5	4	0.14285714285714285	19	0.6785714285714286	0	0.0	5	0.17857142857142858	2	0.18181818181818182	9	0.8181818181818182	0	0.0	0	0.0	13	0.08227848101265822	116	0.7341772151898734	1	0.006329113924050633	28	0.17721518987341772	1	0	1	0	0	0	1	237763317	0	0	0
3104.0	0	0.0	253	0.08150773195876289	11697	3.7683634020618557	4995	1.6092139175257731	2	0.0006443298969072165	8	9	146	0.7142857142857143	4	0.5	3	0.375	0	0.0	1	0.125	4	0.4444444444444444	5	0.5555555555555556	0	0.0	0	0.0	8	0.0547945205479452	109	0.7465753424657534	0	0.0	29	0.19863013698630136	0	0	0	0	0	1	0	2810297102	1	0	0
3717.0	1165	0.3134248049502287	760	0.20446596717783158	7399	1.990583804143126	21671	5.830239440408932	1291	0.34732311003497446	15	12	73	0.8181818181818182	3	0.2	9	0.6	0	0.0	3	0.2	3	0.25	9	0.75	0	0.0	0	0.0	5	0.0684931506849315	56	0.7671232876712328	1	0.0136986301369863	11	0.1506849315068493	1	0	0	1	0	0	0	1074101017	0	0	0
2681.0	0	0.0	11	0.004102946661693398	61	0.022752704214845206	15	0.005594927265945543	2	0.0007459903021260724	20	12	17	0.5625	4	0.2	14	0.7	0	0.0	2	0.1	2	0.16666666666666666	10	0.8333333333333334	0	0.0	0	0.0	3	0.17647058823529413	10	0.5882352941176471	2	0.11764705882352941	2	0.11764705882352941	0	0	1	0	0	0	0	4165778235	1	0	0
2621.0	23	0.00877527661198016	11	0.004196871423120946	9821	3.7470431133155286	46	0.01755055322396032	1	0.00038153376573826786	16	13	151	0.8181818181818182	2	0.125	11	0.6875	0	0.0	3	0.1875	0	0.0	13	1.0	0	0.0	0	0.0	16	0.10596026490066225	98	0.6490066225165563	0	0.0	37	0.24503311258278146	0	0	0	0	0	1	0	4766415677	1	0	1
5228.0	81	0.015493496557000766	949	0.18152257077276204	5643	1.07938026013772	17191	3.2882555470543227	2966	0.5673297628156083	12	11	0	0.9090909090909091	2	0.16666666666666666	9	0.75	0	0.0	1	0.08333333333333333	2	0.18181818181818182	9	0.8181818181818182	0	0.0	0	0.0	0	0	0	0	0	0	0	0	0	0	1	1	0	1	1	17513304	0	0	0
5047.0	681	0.1349316425599366	675	0.13374281751535566	6417	1.2714483851793144	13201	2.615613235585496	439	0.08698236576183871	18	10	88	0.5714285714285714	3	0.16666666666666666	12	0.6666666666666666	0	0.0	3	0.16666666666666666	2	0.2	8	0.8	0	0.0	0	0.0	8	0.09090909090909091	59	0.6704545454545454	2	0.022727272727272728	19	0.2159090909090909	0	0	1	0	0	1	1	41417564	0	0	0
3627.0	8888	2.4505100634132893	1021	0.2814998621450234	7011	1.933002481389578	35540	9.798731734215606	10848	2.9909015715467326	11	13	132	0.8181818181818182	2	0.18181818181818182	8	0.7272727272727273	0	0.0	1	0.09090909090909091	3	0.23076923076923078	10	0.7692307692307693	0	0.0	0	0.0	28	0.21212121212121213	79	0.5984848484848485	2	0.015151515151515152	23	0.17424242424242425	0	0	0	0	0	1	1	1339931490	0	0	0
4884.0	3	0.0006142506142506142	3775	0.7729320229320229	109309	22.38104013104013	399976	81.8951678951679	0	0.0	7	13	150	0.45454545454545453	2	0.2857142857142857	4	0.5714285714285714	0	0.0	1	0.14285714285714285	0	0.0	11	0.8461538461538461	0	0.0	2	0.15384615384615385	6	0.04	110	0.7333333333333333	7	0.04666666666666667	27	0.18	0	0	1	1	0	0	0	86391789	1	0	0
2170.0	0	0.0	27	0.012442396313364055	5117	2.358064516129032	636	0.29308755760368665	0	0.0	8	11	123	0.8888888888888888	0	0.0	8	1.0	0	0.0	0	0.0	0	0.0	11	1.0	0	0.0	0	0.0	5	0.04065040650406504	88	0.7154471544715447	2	0.016260162601626018	28	0.22764227642276422	0	0	1	1	1	0	0	849771126893019136	1	0	0
2279.0	0	0.0	5	0.002193944712593243	30847	13.535322509872751	13	0.005704256252742431	0	0.0	20	12	159	0.375	2	0.1	17	0.85	0	0.0	1	0.05	2	0.16666666666666666	9	0.75	0	0.0	1	0.08333333333333333	3	0.018867924528301886	130	0.8176100628930818	0	0.0	26	0.16352201257861634	0	0	1	1	1	1	0	810128712356298752	1	0	1
2275.0	635	0.27912087912087913	403	0.17714285714285713	3613	1.5881318681318681	32574	14.318241758241758	252	0.11076923076923077	13	15	135	0.8333333333333334	2	0.15384615384615385	10	0.7692307692307693	0	0.0	1	0.07692307692307693	3	0.2	12	0.8	0	0.0	0	0.0	6	0.044444444444444446	102	0.7555555555555555	8	0.05925925925925926	19	0.14074074074074075	1	0	1	1	1	0	0	811632636598910976	0	0	0
2263.0	950	0.4197967300044189	560	0.2474591250552364	2898	1.2806009721608484	11835	5.229783473265576	305	0.13477684489615555	13	13	70	0.6363636363636364	3	0.23076923076923078	7	0.5384615384615384	0	0.0	3	0.23076923076923078	5	0.38461538461538464	7	0.5384615384615384	1	0.07692307692307693	0	0.0	7	0.1	49	0.7	2	0.02857142857142857	12	0.17142857142857143	0	0	0	1	1	1	1	815952318487298048	0	0	0
2079.0	47	0.022607022607022607	8	0.003848003848003848	99223	47.72631072631073	48	0.023088023088023088	0	0.0	8	8	55	1.0	3	0.375	5	0.625	0	0.0	0	0.0	3	0.375	5	0.625	0	0.0	0	0.0	1	0.01818181818181818	40	0.7272727272727273	0	0.0	14	0.2545454545454545	0	0	0	1	1	0	0	882762258157371392	1	0	1
2021.0	5	0.002474022761009401	7	0.0034636318654131617	3874	1.9168728352300841	34	0.01682335477486393	21	0.010390895596239486	10	15	86	0.2727272727272727	0	0.0	6	0.6	4	0.4	0	0.0	0	0.0	13	0.8666666666666667	0	0.0	2	0.13333333333333333	2	0.023255813953488372	64	0.7441860465116279	0	0.0	20	0.23255813953488372	0	0	1	0	0	0	0	903621498375733248	1	0	1
2119.0	106	0.05002359603586597	26	0.012269938650306749	27877	13.155733836715433	252	0.11892402076451156	10	0.004719207173194903	7	8	134	0.8	2	0.2857142857142857	4	0.5714285714285714	0	0.0	1	0.14285714285714285	1	0.125	7	0.875	0	0.0	0	0.0	2	0.014925373134328358	105	0.7835820895522388	0	0.0	27	0.20149253731343283	0	0	1	0	0	1	0	868253384977121281	1	0	1
2250.0	0	0.0	4	0.0017777777777777779	268	0.11911111111111111	3	0.0013333333333333333	1	0.00044444444444444447	12	10	92	0.5	2	0.16666666666666666	8	0.6666666666666666	0	0.0	2	0.16666666666666666	3	0.3	7	0.7	0	0.0	0	0.0	3	0.03260869565217391	69	0.75	0	0.0	20	0.21739130434782608	0	0	1	0	0	0	0	820440401593204738	1	0	0
1598.0	7	0.004380475594493116	15	0.009386733416770964	4024	2.5181476846057573	286	0.17897371714643304	4	0.0025031289111389237	12	11	95	0.9	0	0.0	11	0.9166666666666666	0	0.0	1	0.08333333333333333	2	0.18181818181818182	9	0.8181818181818182	0	0.0	0	0.0	10	0.10526315789473684	61	0.6421052631578947	2	0.021052631578947368	22	0.23157894736842105	0	0	0	1	1	1	0	1056941019462336513	1	0	0
1624.0	12	0.007389162561576354	4	0.0024630541871921183	12932	7.963054187192118	23	0.01416256157635468	8	0.0049261083743842365	6	10	140	0.5714285714285714	3	0.5	3	0.5	0	0.0	0	0.0	0	0.0	10	1.0	0	0.0	0	0.0	12	0.08571428571428572	103	0.7357142857142858	0	0.0	25	0.17857142857142858	0	0	0	0	0	1	0	1047612356459724802	1	0	1
3779.0	10900	2.884360942048161	850	0.224927229425774	9689	2.5639057951839113	25056	6.630325482931992	2869	0.7591955543794655	20	13	110	0.8461538461538461	3	0.15	15	0.75	0	0.0	2	0.1	3	0.23076923076923078	10	0.7692307692307693	0	0.0	0	0.0	16	0.14545454545454545	71	0.6454545454545455	2	0.01818181818181818	21	0.19090909090909092	1	0	1	1	0	1	1	935033864	0	0	0
2156.0	1	0.00046382189239332097	4	0.0018552875695732839	484	0.22448979591836735	16	0.0074211502782931356	0	0.0	9	8	0	0.8333333333333334	0	0.0	8	0.8888888888888888	0	0.0	1	0.1111111111111111	0	0.0	8	1.0	0	0.0	0	0.0	0	0	0	0	0	0	0	0	0	0	0	0	0	0	0	854728074272931843	1	0	0
2844.0	790	0.2777777777777778	175	0.061533052039381156	7314	2.571729957805907	3148	1.1068917018284108	115	0.04043600562587905	12	12	134	0.8	2	0.16666666666666666	9	0.75	0	0.0	1	0.08333333333333333	0	0.0	11	0.9166666666666666	0	0.0	1	0.08333333333333333	7	0.05223880597014925	103	0.7686567164179104	0	0.0	24	0.1791044776119403	0	0	1	1	1	0	0	3305536529	1	0	0
2387.0	22	0.009216589861751152	45	0.018852115626309174	55611	23.297444490992877	344	0.14411395056556348	0	0.0	17	15	147	0.47058823529411764	3	0.17647058823529413	12	0.7058823529411765	0	0.0	2	0.11764705882352941	2	0.13333333333333333	13	0.8666666666666667	0	0.0	0	0.0	6	0.04081632653061224	91	0.6190476190476191	20	0.1360544217687075	30	0.20408163265306123	0	0	1	0	0	1	0	770811917535510532	1	0	1
2266.0	0	0.0	16	0.00706090026478376	9153	4.03927625772286	44	0.019417475728155338	1	0.000441306266548985	14	14	50	1.0	3	0.21428571428571427	11	0.7857142857142857	0	0.0	0	0.0	0	0.0	14	1.0	0	0.0	0	0.0	0	0.0	43	0.86	0	0.0	7	0.14	0	0	0	0	0	0	0	814709364665843717	1	0	0
3719.0	194	0.0521645603656897	2208	0.5937079860177467	6103	1.641032535627857	247331	66.50470556601236	571	0.15353589674643722	18	12	121	0.6666666666666666	3	0.16666666666666666	13	0.7222222222222222	0	0.0	2	0.1111111111111111	3	0.25	9	0.75	0	0.0	0	0.0	9	0.0743801652892562	90	0.743801652892562	0	0.0	22	0.18181818181818182	1	0	1	0	0	1	1	1068481578	0	0	0
2475.0	12	0.0048484848484848485	9	0.0036363636363636364	12050	4.8686868686868685	158	0.06383838383838383	4	0.0016161616161616162	20	12	144	0.7777777777777778	6	0.3	12	0.6	0	0.0	2	0.1	0	0.0	12	1.0	0	0.0	0	0.0	8	0.05555555555555555	107	0.7430555555555556	0	0.0	29	0.2013888888888889	0	0	1	0	0	0	0	739078941860859904	1	0	1
3723.0	1024	0.27504700510341124	4064	1.0915928015041634	11322	3.041095890410959	742902	199.54391619661564	7331	1.9691109320440505	15	12	86	0.5625	2	0.13333333333333333	12	0.8	0	0.0	1	0.06666666666666667	2	0.16666666666666666	10	0.8333333333333334	0	0.0	0	0.0	8	0.09302325581395349	63	0.7325581395348837	0	0.0	15	0.1744186046511628	1	0	0	1	0	1	1	1058520120	0	0	0
2803.0	0	0.0	15	0.005351409204423832	1456	0.5194434534427399	78	0.027827327863003924	0	0.0	18	15	0	0.7692307692307693	2	0.1111111111111111	15	0.8333333333333334	0	0.0	1	0.05555555555555555	0	0.0	15	1.0	0	0.0	0	0.0	0	0	0	0	0	0	0	0	0	0	0	1	1	0	0	3277847628	1	0	0
2886.0	0	0.0	20	0.00693000693000693	42202	14.623007623007624	66	0.02286902286902287	1	0.0003465003465003465	10	9	80	0.8571428571428571	2	0.2	7	0.7	0	0.0	1	0.1	0	0.0	9	1.0	0	0.0	0	0.0	2	0.025	62	0.775	0	0.0	16	0.2	0	0	0	0	0	1	0	3165863036	1	0	0
4408.0	1012	0.2295825771324864	881	0.1998638838475499	4410	1.000453720508167	23535	5.339156079854809	847	0.19215063520871142	10	12	73	0.7272727272727273	2	0.2	7	0.7	0	0.0	1	0.1	3	0.25	9	0.75	0	0.0	0	0.0	9	0.1232876712328767	49	0.6712328767123288	2	0.0273972602739726	13	0.1780821917808219	1	0	1	1	1	1	1	254082173	0	0	0
4639.0	39165	8.442552274197025	1696	0.3655960336279371	15367	3.3125673636559605	84806	18.28109506359129	6419	1.3837033843500754	11	8	158	0.45454545454545453	2	0.18181818181818182	8	0.7272727272727273	0	0.0	1	0.09090909090909091	2	0.25	6	0.75	0	0.0	0	0.0	16	0.10126582278481013	116	0.7341772151898734	0	0.0	26	0.16455696202531644	1	0	1	1	0	1	1	162069635	0	0	0
3975.0	8	0.002012578616352201	155	0.0389937106918239	17340	4.362264150943396	4926	1.2392452830188678	5	0.0012578616352201257	13	12	43	0.9	2	0.15384615384615385	10	0.7692307692307693	0	0.0	1	0.07692307692307693	2	0.16666666666666666	10	0.8333333333333334	0	0.0	0	0.0	3	0.06976744186046512	33	0.7674418604651163	0	0.0	7	0.16279069767441862	0	0	1	1	0	1	0	563838090	1	0	1
3346.0	8	0.002390914524805738	19	0.005678421996413628	6460	1.9306634787806336	1286	0.3843395098625224	409	0.12223550508069336	11	11	50	1.0	3	0.2727272727272727	7	0.6363636363636364	1	0.09090909090909091	0	0.0	0	0.0	10	0.9090909090909091	1	0.09090909090909091	0	0.0	6	0.12	35	0.7	1	0.02	8	0.16	0	0	0	1	1	1	0	2292415658	1	0	0
3047.0	3	0.0009845749917952085	46	0.015096816540859863	28523	9.36101083032491	174	0.057105349524122086	48	0.015753199868723335	12	9	12	0.7	2	0.16666666666666666	7	0.5833333333333334	0	0.0	3	0.25	2	0.2222222222222222	7	0.7777777777777778	0	0.0	0	0.0	2	0.16666666666666666	7	0.5833333333333334	0	0.0	3	0.25	1	0	1	0	0	1	0	2870426806	1	0	0
2890.0	0	0.0	20	0.006920415224913495	14363	4.969896193771627	250	0.08650519031141868	0	0.0	12	12	152	0.7777777777777778	3	0.25	7	0.5833333333333334	0	0.0	2	0.16666666666666666	0	0.0	10	0.8333333333333334	0	0.0	2	0.16666666666666666	7	0.046052631578947366	106	0.6973684210526315	2	0.013157894736842105	37	0.24342105263157895	0	0	0	1	1	1	0	3173956797	1	0	1
4444.0	737	0.16584158415841585	716	0.16111611161116113	4961	1.1163366336633664	19453	4.377362736273628	1799	0.40481548154815483	19	11	159	0.6428571428571429	3	0.15789473684210525	13	0.6842105263157895	0	0.0	3	0.15789473684210525	2	0.18181818181818182	9	0.8181818181818182	0	0.0	0	0.0	21	0.1320754716981132	104	0.6540880503144654	4	0.025157232704402517	30	0.18867924528301888	1	0	0	1	0	1	1	237814920	0	0	0
3718.0	492	0.13232920925228617	760	0.20441097364174288	6388	1.7181280258203335	19567	5.262775685852609	1033	0.2778375470683163	19	12	71	0.6923076923076923	3	0.15789473684210525	13	0.6842105263157895	0	0.0	3	0.15789473684210525	2	0.16666666666666666	10	0.8333333333333334	0	0.0	0	0.0	4	0.056338028169014086	55	0.7746478873239436	2	0.028169014084507043	10	0.14084507042253522	1	0	1	1	0	1	1	1071840474	0	0	0
3096.0	8	0.002583979328165375	7	0.0022609819121447027	25307	8.174095607235142	279	0.09011627906976744	250	0.08074935400516796	12	12	76	1.0	0	0.0	12	1.0	0	0.0	0	0.0	0	0.0	12	1.0	0	0.0	0	0.0	6	0.07894736842105263	55	0.7236842105263158	0	0.0	15	0.19736842105263158	0	0	0	1	1	0	0	2780249319	1	0	1
2806.0	0	0.0	5	0.001781895937277263	366	0.13043478260869565	8	0.002851033499643621	2	0.0007127583749109052	8	15	23	0.5833333333333334	1	0.125	7	0.875	0	0.0	0	0.0	0	0.0	14	0.9333333333333333	0	0.0	1	0.06666666666666667	1	0.043478260869565216	15	0.6521739130434783	2	0.08695652173913043	5	0.21739130434782608	0	0	0	0	0	1	0	3366993137	1	0	0
3029.0	2110	0.6965995378012545	113	0.03730604159788709	937489	309.5044569164741	123559	40.79201056454276	3454	1.1403103334433806	20	10	75	0.42857142857142855	4	0.2	13	0.65	0	0.0	3	0.15	0	0.0	10	1.0	0	0.0	0	0.0	1	0.013333333333333334	60	0.8	0	0.0	14	0.18666666666666668	1	0	1	0	0	1	0	2896395513	1	0	0
2995.0	0	0.0	5	0.001669449081803005	14948	4.9909849749582635	73	0.024373956594323874	1	0.000333889816360601	17	7	66	0.46153846153846156	5	0.29411764705882354	9	0.5294117647058824	0	0.0	3	0.17647058823529413	0	0.0	7	1.0	0	0.0	0	0.0	7	0.10606060606060606	47	0.7121212121212122	0	0.0	12	0.18181818181818182	0	0	0	1	1	0	0	2954231059	1	0	0
5152.0	1210	0.23486024844720496	661	0.1282996894409938	11751	2.280861801242236	11872	2.3043478260869565	2202	0.42740683229813664	10	12	160	0.7777777777777778	2	0.2	7	0.7	0	0.0	1	0.1	3	0.25	9	0.75	0	0.0	0	0.0	24	0.15	88	0.55	9	0.05625	39	0.24375	1	0	1	1	0	0	0	20053279	0	0	0
3673.0	2725	0.7419003539341138	3138	0.8543424993193575	14530	3.9558943642798803	606309	165.07187585080317	1150	0.31309556221072693	13	12	94	0.8888888888888888	2	0.15384615384615385	10	0.7692307692307693	0	0.0	1	0.07692307692307693	2	0.16666666666666666	10	0.8333333333333334	0	0.0	0	0.0	12	0.1276595744680851	64	0.6808510638297872	0	0.0	18	0.19148936170212766	1	0	1	1	0	1	1	1209417007	0	0	0
3724.0	347	0.09317937701396348	511	0.13721804511278196	2901	0.7790010741138561	10744	2.8850698174006446	1078	0.2894736842105263	23	14	69	0.75	6	0.2608695652173913	11	0.4782608695652174	0	0.0	6	0.2608695652173913	5	0.35714285714285715	9	0.6428571428571429	0	0.0	0	0.0	10	0.14492753623188406	45	0.6521739130434783	2	0.028985507246376812	12	0.17391304347826086	1	0	0	1	0	0	1	1055685948	0	0	0
2788.0	2	0.0007173601147776184	3	0.0010760401721664275	303	0.10868005738880918	35	0.012553802008608322	1	0.0003586800573888092	9	9	157	1.0	2	0.2222222222222222	7	0.7777777777777778	0	0.0	0	0.0	0	0.0	9	1.0	0	0.0	0	0.0	3	0.01910828025477707	118	0.7515923566878981	1	0.006369426751592357	35	0.2229299363057325	0	0	1	1	1	0	0	3297361261	1	0	0
3717.0	87	0.023405972558514933	633	0.17029862792574657	1608	0.43260694108151737	17403	4.682001614205004	1041	0.2800645682001614	21	14	127	0.7142857142857143	4	0.19047619047619047	10	0.47619047619047616	0	0.0	7	0.3333333333333333	4	0.2857142857142857	10	0.7142857142857143	0	0.0	0	0.0	14	0.11023622047244094	92	0.7244094488188977	1	0.007874015748031496	20	0.15748031496062992	1	0	1	1	0	1	0	1074412920	0	0	0
2924.0	3656	1.250341997264022	439	0.15013679890560874	6989	2.390218878248974	9868	3.374829001367989	2705	0.9251025991792066	17	10	138	0.6923076923076923	3	0.17647058823529413	11	0.6470588235294118	0	0.0	3	0.17647058823529413	2	0.2	8	0.8	0	0.0	0	0.0	17	0.12318840579710146	97	0.7028985507246377	0	0.0	24	0.17391304347826086	1	0	1	1	1	1	0	3091316093	0	0	0
4312.0	2481	0.5753710575139147	1093	0.2534786641929499	6667	1.5461502782931353	41455	9.61386827458256	1616	0.3747680890538033	13	10	62	0.8	3	0.23076923076923078	7	0.5384615384615384	0	0.0	3	0.23076923076923078	3	0.3	7	0.7	0	0.0	0	0.0	5	0.08064516129032258	46	0.7419354838709677	0	0.0	11	0.1774193548387097	1	0	1	1	1	0	0	305216911	0	0	0
4915.0	475	0.09664292980671414	1338	0.27222787385554426	11491	2.3379450661241097	81403	16.562156663275687	871	0.17721261444557476	19	13	89	0.7272727272727273	3	0.15789473684210525	13	0.6842105263157895	0	0.0	3	0.15789473684210525	2	0.15384615384615385	11	0.8461538461538461	0	0.0	0	0.0	13	0.14606741573033707	59	0.6629213483146067	2	0.02247191011235955	15	0.16853932584269662	1	0	1	0	0	1	1	78445977	0	0	0
2955.0	91	0.030795262267343484	15	0.005076142131979695	17829	6.033502538071066	305	0.10321489001692047	17	0.005752961082910322	35	14	27	0.5882352941176471	4	0.11428571428571428	25	0.7142857142857143	0	0.0	6	0.17142857142857143	3	0.21428571428571427	11	0.7857142857142857	0	0.0	0	0.0	3	0.1111111111111111	20	0.7407407407407407	0	0.0	4	0.14814814814814814	0	0	0	1	1	0	0	3028811206	1	0	0
2261.0	106	0.04688191065900044	546	0.24148606811145512	3020	1.3356921716054844	19872	8.789031402034498	152	0.06722689075630252	10	12	26	0.6363636363636364	2	0.2	7	0.7	0	0.0	1	0.1	3	0.25	9	0.75	0	0.0	0	0.0	3	0.11538461538461539	19	0.7307692307692307	0	0.0	4	0.15384615384615385	1	0	1	1	1	1	1	816705409486618624	0	0	0
2638.0	0	0.0	28	0.01061410159211524	10380	3.9347990902198635	257	0.09742228961334344	41	0.0155420773313116	16	13	132	0.8461538461538461	3	0.1875	10	0.625	0	0.0	3	0.1875	4	0.3076923076923077	9	0.6923076923076923	0	0.0	0	0.0	10	0.07575757575757576	95	0.7196969696969697	0	0.0	27	0.20454545454545456	0	0	1	1	1	1	0	4594744821	1	0	0
2183.0	0	0.0	5	0.0022904260192395786	3150	1.4429683921209344	70	0.0320659642693541	0	0.0	1	10	55	0.0	0	0.0	0	0.0	0	0.0	1	1.0	0	0.0	9	0.9	0	0.0	1	0.1	2	0.03636363636363636	40	0.7272727272727273	1	0.01818181818181818	12	0.21818181818181817	0	0	0	1	1	0	0	845084446617485312	1	0	0
2813.0	2	0.0007109847138286527	175	0.06221116246000711	66763	23.73373622467117	22199	7.8915748311411305	2	0.0007109847138286527	18	10	39	0.6363636363636364	0	0.0	16	0.8888888888888888	0	0.0	2	0.1111111111111111	0	0.0	10	1.0	0	0.0	0	0.0	2	0.05128205128205128	29	0.7435897435897436	0	0.0	8	0.20512820512820512	1	0	1	0	0	1	0	3355393539	1	0	0
3158.0	59	0.018682710576314123	187	0.05921469284357188	64036	20.277390753641544	2518	0.7973400886637112	0	0.0	14	10	22	0.6666666666666666	3	0.21428571428571427	7	0.5	2	0.14285714285714285	2	0.14285714285714285	3	0.3	7	0.7	0	0.0	0	0.0	7	0.3181818181818182	8	0.36363636363636365	2	0.09090909090909091	5	0.22727272727272727	0	0	0	1	0	1	0	2668592653	1	0	0
4874.0	236	0.04842018875666804	4893	1.0038982355354944	6993	1.4347558473533033	702971	144.22876487484612	2133	0.4376282314320886	8	10	122	0.625	2	0.25	5	0.625	0	0.0	1	0.125	3	0.3	7	0.7	0	0.0	0	0.0	7	0.05737704918032787	94	0.7704918032786885	0	0.0	21	0.1721311475409836	1	0	1	1	0	1	1	88784440	0	0	0
3009.0	2240	0.7444333665669658	816	0.2711864406779661	6033	2.004985044865404	27475	9.13094051179794	791	0.2628780325689598	11	13	153	0.625	2	0.18181818181818182	8	0.7272727272727273	0	0.0	1	0.09090909090909091	3	0.23076923076923078	10	0.7692307692307693	0	0.0	0	0.0	20	0.13071895424836602	102	0.6666666666666666	2	0.013071895424836602	29	0.1895424836601307	1	0	0	0	0	1	1	2929491549	0	0	0
2743.0	0	0.0	8	0.002916514764855997	91574	33.38461538461539	173	0.06306963179001093	2	0.0007291286912139992	18	9	95	0.6666666666666666	2	0.1111111111111111	15	0.8333333333333334	0	0.0	1	0.05555555555555555	2	0.2222222222222222	7	0.7777777777777778	0	0.0	0	0.0	3	0.031578947368421054	67	0.7052631578947368	2	0.021052631578947368	23	0.24210526315789474	0	0	1	1	1	0	0	3609624197	1	0	0
2135.0	1	0.000468384074941452	5	0.00234192037470726	16065	7.524590163934426	146	0.06838407494145199	0	0.0	13	12	105	0.8888888888888888	2	0.15384615384615385	10	0.7692307692307693	0	0.0	1	0.07692307692307693	0	0.0	12	1.0	0	0.0	0	0.0	6	0.05714285714285714	74	0.7047619047619048	2	0.01904761904761905	23	0.21904761904761905	0	0	1	0	0	0	0	862415838359441409	1	0	0
1787.0	365	0.204252937884723	8	0.004476776720761052	1768	0.9893676552881925	132	0.07386681589255736	0	0.0	9	10	70	0.75	5	0.5555555555555556	3	0.3333333333333333	0	0.0	1	0.1111111111111111	5	0.5	3	0.3	0	0.0	2	0.2	2	0.02857142857142857	57	0.8142857142857143	0	0.0	11	0.15714285714285714	0	0	1	0	0	1	0	988281821774336002	1	0	1
4991.0	339	0.06792226006812262	644	0.12903225806451613	6435	1.2893207773993187	13622	2.7293127629733522	1472	0.29493087557603687	33	15	132	0.5882352941176471	5	0.15151515151515152	24	0.7272727272727273	0	0.0	4	0.12121212121212122	3	0.2	12	0.8	0	0.0	0	0.0	11	0.08333333333333333	79	0.5984848484848485	10	0.07575757575757576	32	0.24242424242424243	1	0	1	0	0	1	1	57065141	0	0	0
3721.0	417	0.11206664875033594	1707	0.458747648481591	4663	1.2531577532921259	281838	75.74254232733136	1121	0.3012631013168503	25	10	148	0.47058823529411764	4	0.16	17	0.68	0	0.0	4	0.16	2	0.2	8	0.8	0	0.0	0	0.0	10	0.06756756756756757	96	0.6486486486486487	15	0.10135135135135136	27	0.18243243243243243	1	0	0	0	0	0	0	1064206014	0	0	0
3464.0	143	0.04128175519630485	267	0.0770785219399538	708	0.20438799076212472	5177	1.494515011547344	355	0.10248267898383372	19	15	160	0.8461538461538461	4	0.21052631578947367	11	0.5789473684210527	0	0.0	4	0.21052631578947367	4	0.26666666666666666	11	0.7333333333333333	0	0.0	0	0.0	15	0.09375	113	0.70625	1	0.00625	31	0.19375	1	0	1	1	0	1	1	1883356866	0	0	0
2710.0	0	0.0	7	0.0025830258302583027	2924	1.0789667896678967	49	0.01808118081180812	0	0.0	16	15	145	0.9090909090909091	2	0.125	13	0.8125	0	0.0	1	0.0625	2	0.13333333333333333	13	0.8666666666666667	0	0.0	0	0.0	6	0.041379310344827586	105	0.7241379310344828	2	0.013793103448275862	32	0.2206896551724138	0	0	0	1	1	1	0	3882352332	1	0	1
4640.0	3551	0.7653017241379311	1242	0.26767241379310347	8989	1.9372844827586206	44705	9.63469827586207	3198	0.6892241379310344	16	10	141	0.5454545454545454	3	0.1875	10	0.625	0	0.0	3	0.1875	2	0.2	8	0.8	0	0.0	0	0.0	12	0.0851063829787234	107	0.7588652482269503	1	0.0070921985815602835	21	0.14893617021276595	1	0	1	1	0	1	1	161791703	0	0	0
2859.0	1	0.0003497726477789437	12	0.004197271773347324	343	0.11997201818817768	77	0.026932493878978662	11	0.0038474991255683807	18	9	112	0.6153846153846154	3	0.16666666666666666	13	0.7222222222222222	0	0.0	2	0.1111111111111111	0	0.0	9	1.0	0	0.0	0	0.0	2	0.017857142857142856	93	0.8303571428571429	0	0.0	17	0.15178571428571427	0	0	0	1	0	1	0	3199237848	1	0	0
2654.0	0	0.0	30	0.011303692539562924	1047	0.39449886963074604	283	0.10663149962321025	47	0.017709118311981915	18	14	143	0.5833333333333334	3	0.16666666666666666	13	0.7222222222222222	0	0.0	2	0.1111111111111111	0	0.0	12	0.8571428571428571	0	0.0	2	0.14285714285714285	7	0.04895104895104895	104	0.7272727272727273	1	0.006993006993006993	31	0.21678321678321677	1	0	1	1	0	0	0	4418748136	1	0	1
3110.0	14	0.0045016077170418	245	0.07877813504823152	138250	44.453376205787784	2904	0.9337620578778135	2	0.0006430868167202572	9	11	93	0.7	2	0.2222222222222222	6	0.6666666666666666	0	0.0	1	0.1111111111111111	0	0.0	9	0.8181818181818182	0	0.0	2	0.18181818181818182	2	0.021505376344086023	71	0.7634408602150538	0	0.0	20	0.21505376344086022	0	0	1	1	1	1	0	2797043438	1	0	0
2972.0	88	0.029609690444145357	61	0.020524899057873486	76808	25.843876177658142	271	0.09118438761776582	19	0.00639300134589502	12	10	142	0.875	3	0.25	7	0.5833333333333334	0	0.0	2	0.16666666666666666	0	0.0	10	1.0	0	0.0	0	0.0	10	0.07042253521126761	98	0.6901408450704225	0	0.0	34	0.23943661971830985	0	0	0	1	1	1	0	2996551427	1	0	0
2960.0	13	0.004391891891891892	25	0.008445945945945946	18081	6.108445945945946	173	0.058445945945945946	50	0.016891891891891893	9	9	97	1.0	2	0.2222222222222222	7	0.7777777777777778	0	0.0	0	0.0	2	0.2222222222222222	7	0.7777777777777778	0	0.0	0	0.0	9	0.09278350515463918	67	0.6907216494845361	0	0.0	21	0.21649484536082475	0	0	1	0	0	1	0	3020652335	1	0	1
4621.0	2897	0.6269205799610474	950	0.20558320709803074	3702	0.8011252975546419	28376	6.140662194330232	2005	0.43388876866479115	16	13	121	0.8461538461538461	3	0.1875	10	0.625	0	0.0	3	0.1875	0	0.0	13	1.0	0	0.0	0	0.0	11	0.09090909090909091	88	0.7272727272727273	2	0.01652892561983471	20	0.1652892561983471	1	0	1	0	0	1	1	168673083	0	0	0
2698.0	0	0.0	60	0.02223869532987398	4301	1.5941438102297998	820	0.30392883617494443	0	0.0	15	8	108	0.25	2	0.13333333333333333	12	0.8	0	0.0	1	0.06666666666666667	0	0.0	8	1.0	0	0.0	0	0.0	6	0.05555555555555555	82	0.7592592592592593	0	0.0	20	0.18518518518518517	0	0	0	1	1	1	0	4041359188	1	0	0
3474.0	560	0.16119746689694875	694	0.19976971790443293	3187	0.9173862982153138	18761	5.400402993667242	352	0.10132412204951065	18	9	102	0.5	2	0.1111111111111111	15	0.8333333333333334	0	0.0	1	0.05555555555555555	2	0.2222222222222222	7	0.7777777777777778	0	0.0	0	0.0	12	0.11764705882352941	72	0.7058823529411765	0	0.0	18	0.17647058823529413	1	0	1	0	0	1	1	1849261916	0	0	0
3348.0	18	0.005376344086021506	24	0.007168458781362007	11683	3.489545997610514	203	0.06063321385902031	2	0.0005973715651135006	16	15	130	0.9	2	0.125	13	0.8125	0	0.0	1	0.0625	2	0.13333333333333333	13	0.8666666666666667	0	0.0	0	0.0	12	0.09230769230769231	95	0.7307692307692307	0	0.0	23	0.17692307692307693	0	0	1	1	1	0	0	2290204512	1	0	0
1780.0	0	0.0	2	0.0011235955056179776	8733	4.906179775280899	37	0.020786516853932586	1	0.0005617977528089888	10	15	124	0.42857142857142855	2	0.2	7	0.7	0	0.0	1	0.1	1	0.06666666666666667	14	0.9333333333333333	0	0.0	0	0.0	3	0.024193548387096774	91	0.7338709677419355	1	0.008064516129032258	29	0.23387096774193547	0	0	0	1	1	1	0	991088619774504960	1	0	1
1690.0	0	0.0	11	0.00650887573964497	3438	2.034319526627219	156	0.09230769230769231	0	0.0	25	14	108	0.375	2	0.08	22	0.88	0	0.0	1	0.04	0	0.0	14	1.0	0	0.0	0	0.0	3	0.027777777777777776	82	0.7592592592592593	0	0.0	23	0.21296296296296297	0	0	0	1	1	0	0	1023609035596197888	1	0	1
2259.0	255	0.11288180610889774	23	0.01018149623727313	17318	7.66622399291722	165	0.07304116865869854	11	0.004869411243913236	15	14	135	0.9090909090909091	2	0.13333333333333333	12	0.8	0	0.0	1	0.06666666666666667	0	0.0	14	1.0	0	0.0	0	0.0	4	0.02962962962962963	106	0.7851851851851852	0	0.0	25	0.18518518518518517	0	0	0	0	0	0	0	817297257959747585	1	0	1
4418.0	233	0.05273879583521956	1388	0.31416930737890447	3916	0.8863739248528746	52421	11.865323675871435	925	0.20937075599818922	18	12	138	0.7272727272727273	4	0.2222222222222222	9	0.5	0	0.0	5	0.2777777777777778	3	0.25	9	0.75	0	0.0	0	0.0	7	0.050724637681159424	106	0.7681159420289855	2	0.014492753623188406	23	0.16666666666666666	1	0	1	0	0	1	1	249348006	0	0	0
2609.0	1	0.0003832886163280951	26	0.009965504024530471	7263	2.7838252203909546	148	0.05672671521655807	1	0.0003832886163280951	18	15	100	0.9090909090909091	3	0.16666666666666666	12	0.6666666666666666	0	0.0	3	0.16666666666666666	0	0.0	15	1.0	0	0.0	0	0.0	3	0.03	70	0.7	0	0.0	27	0.27	0	0	1	1	1	1	0	4798922670	1	0	0
5077.0	18	0.003545400827260193	8646	1.702974197360646	16367	3.2237541855426435	2045714	402.9375615520977	125788	24.776048847744732	13	12	28	0.9166666666666666	2	0.15384615384615385	10	0.7692307692307693	0	0.0	1	0.07692307692307693	0	0.0	12	1.0	0	0.0	0	0.0	4	0.14285714285714285	18	0.6428571428571429	0	0.0	6	0.21428571428571427	0	0	0	1	0	1	1	33537967	0	0	0
3472.0	31	0.008928571428571428	7	0.0020161290322580645	21536	6.202764976958525	21	0.006048387096774193	1	0.0002880184331797235	20	15	114	0.6666666666666666	2	0.1	17	0.85	0	0.0	1	0.05	0	0.0	14	0.9333333333333333	0	0.0	1	0.06666666666666667	1	0.008771929824561403	91	0.7982456140350878	0	0.0	22	0.19298245614035087	0	0	0	1	1	1	0	1855487929	1	0	0
2989.0	167	0.05587152893944463	753	0.25192372030779525	2263	0.7571094011375041	29292	9.799933087989293	239	0.07995985279357645	10	12	84	0.6363636363636364	2	0.2	7	0.7	0	0.0	1	0.1	3	0.25	9	0.75	0	0.0	0	0.0	9	0.10714285714285714	62	0.7380952380952381	0	0.0	13	0.15476190476190477	1	0	1	1	1	0	1	2966765501	0	0	0
5310.0	1	0.00018832391713747646	3290	0.6195856873822976	3017	0.5681732580037665	661846	124.64143126177025	229	0.04312617702448211	10	9	58	0.8571428571428571	2	0.2	7	0.7	0	0.0	1	0.1	2	0.2222222222222222	7	0.7777777777777778	0	0.0	0	0.0	9	0.15517241379310345	35	0.603448275862069	0	0.0	14	0.2413793103448276	1	0	1	1	1	1	1	16056306	0	0	0
2677.0	7	0.002614867388868136	28	0.010459469555472544	21498	8.03063130369817	222	0.08292865147553231	3	0.0011206574523720584	8	10	73	0.7	2	0.25	5	0.625	0	0.0	1	0.125	1	0.1	9	0.9	0	0.0	0	0.0	1	0.0136986301369863	59	0.8082191780821918	0	0.0	13	0.1780821917808219	0	0	1	0	0	0	0	4196237301	1	0	1
