age	favourites	favourites_by_age	listed	listed_by_age	statuses	statuses_by_age	followers	followers_by_age	friends	friends_by_age	name_len	screen_name_len	description_len	screen_name_sim	name_upper_len	name_upper_pcnt	name_lower_len	name_lower_pcnt	name_digit_len	name_digit_pcnt	name_special_len	name_special_pcnt	screen_name_upper_len	screen_name_upper_pcnt	screen_name_lower_len	screen_name_lower_pcnt	screen_name_digit_len	screen_name_digit_pcnt	screen_name_special_len	screen_name_special_pcnt	description_upper_len	description_upper_pcnt	description_lower_len	description_lower_pcnt	description_digit_len	description_digit_pcnt	description_special_len	description_special_pcnt	geo	protected	location	background_img	default_prof	url	verified	user_id	target	twitter_target	botometer_target
5000.0	617	0.1234	15	0.003	16164	3.2328	291	0.0582	4212	0.8424	2	5	76	0.4	2	1.0	0	0.0	0	0.0	0	0.0	2	0.4	0	0.0	2	0.4	1	0.2	8	0.10526315789473684	46	0.6052631578947368	2	0.02631578947368421	20	0.2631578947368421	1	0	0	1	0	0	0	54149147	0	0	1
2958.0	4755	1.6075050709939147	1	0.0003380662609871535	14872	5.027721433400947	154	0.052062204192021636	1076	0.36375929682217717	15	10	40	0.5384615384615384	2	0.13333333333333333	12	0.8	0	0.0	1	0.06666666666666667	0	0.0	10	1.0	0	0.0	0	0.0	6	0.15	26	0.65	0	0.0	8	0.2	0	0	1	0	0	0	0	3023077420	0	0	0
3793.0	107	0.028209860268916424	50	0.013182177695755339	4435	1.1692591616134986	898	0.23675191141576588	1737	0.45794885315054046	17	14	107	0.7692307692307693	3	0.17647058823529413	13	0.7647058823529411	0	0.0	1	0.058823529411764705	3	0.21428571428571427	11	0.7857142857142857	0	0.0	0	0.0	9	0.08411214953271028	78	0.7289719626168224	0	0.0	20	0.18691588785046728	0	0	1	1	0	1	0	902660155	1	0	1
4393.0	4	0.0009105394946505805	102	0.0232187571135898	5302	1.2069201001593444	1701	0.38720692010015934	1928	0.4388800364215798	13	12	157	0.9	2	0.15384615384615385	10	0.7692307692307693	0	0.0	1	0.07692307692307693	2	0.16666666666666666	10	0.8333333333333334	0	0.0	0	0.0	7	0.044585987261146494	116	0.7388535031847133	1	0.006369426751592357	33	0.21019108280254778	0	0	1	1	0	1	0	260866109	1	0	1
2989.0	56	0.01873536299765808	3	0.0010036801605888257	1794	0.6002007360321178	205	0.06858481097356976	455	0.1522248243559719	16	15	0	0.9230769230769231	2	0.125	13	0.8125	0	0.0	1	0.0625	0	0.0	15	1.0	0	0.0	0	0.0	0	0	0	0	0	0	0	0	0	0	0	1	1	1	0	2961735746	1	0	1
3507.0	2217	0.632164242942686	1	0.00028514399771884804	2046	0.583404619332763	46	0.01311662389506701	109	0.031080695751354435	10	13	19	0.2	2	0.2	8	0.8	0	0.0	0	0.0	4	0.3076923076923077	6	0.46153846153846156	2	0.15384615384615385	1	0.07692307692307693	13	0.6842105263157895	0	0.0	2	0.10526315789473684	4	0.21052631578947367	0	0	0	1	0	0	0	1651736654	1	0	0
3079.0	4372	1.4199415394608639	3	0.000974342318934719	6280	2.0396232543033452	368	0.1195193244559922	281	0.09126339720688535	5	14	0	0.625	0	0.0	5	1.0	0	0.0	0	0.0	2	0.14285714285714285	12	0.8571428571428571	0	0.0	0	0.0	0	0	0	0	0	0	0	0	1	0	1	0	0	0	0	2819670100	0	0	0
3608.0	4307	1.1937361419068737	0	0.0	5866	1.625831485587583	432	0.1197339246119734	324	0.08980044345898004	4	11	0	0.2222222222222222	4	1.0	0	0.0	0	0.0	0	0.0	2	0.18181818181818182	9	0.8181818181818182	0	0.0	0	0.0	0	0	0	0	0	0	0	0	0	0	0	0	0	0	0	1387135098	0	0	0
3841.0	7498	1.9520958083832336	15	0.003905233012236397	9836	2.5607914605571467	1105	0.28768549856808123	952	0.24785212184327	14	13	102	0.10526315789473684	3	0.21428571428571427	8	0.5714285714285714	0	0.0	3	0.21428571428571427	3	0.23076923076923078	7	0.5384615384615384	3	0.23076923076923078	0	0.0	12	0.11764705882352941	63	0.6176470588235294	2	0.0196078431372549	25	0.24509803921568626	1	0	1	1	0	0	0	807862398	0	0	0
4394.0	0	0.0	0	0.0	4020	0.9148839326354119	46	0.010468821119708694	0	0.0	20	15	33	0.8125	3	0.15	15	0.75	0	0.0	2	0.1	2	0.13333333333333333	13	0.8666666666666667	0	0.0	0	0.0	4	0.12121212121212122	25	0.7575757575757576	0	0.0	4	0.12121212121212122	0	0	1	1	0	1	0	260800657	1	0	1
4752.0	9082	1.9111952861952861	3	0.0006313131313131314	13543	2.8499579124579126	713	0.15004208754208753	585	0.12310606060606061	2	7	12	0.2857142857142857	0	0.0	2	1.0	0	0.0	0	0.0	0	0.0	7	1.0	0	0.0	0	0.0	0	0.0	11	0.9166666666666666	0	0.0	1	0.08333333333333333	1	0	1	1	0	0	0	122028183	0	0	0
4016.0	5726	1.425796812749004	1	0.000249003984063745	9243	2.301543824701195	236	0.05876494023904383	308	0.07669322709163347	12	15	92	0.4	0	0.0	11	0.9166666666666666	0	0.0	1	0.08333333333333333	0	0.0	15	1.0	0	0.0	0	0.0	1	0.010869565217391304	72	0.782608695652174	0	0.0	19	0.20652173913043478	0	0	1	1	0	0	0	526581925	0	0	0
4406.0	36937	8.3833408987744	35	0.007943713118474808	38094	8.64593735814798	934	0.21198365864729915	758	0.17203812982296868	6	13	80	0.2727272727272727	1	0.16666666666666666	5	0.8333333333333334	0	0.0	0	0.0	0	0.0	13	1.0	0	0.0	0	0.0	7	0.0875	39	0.4875	0	0.0	34	0.425	1	0	1	1	0	0	0	254738601	0	0	0
5042.0	197271	39.12554541848473	39	0.007735025783419278	49508	9.819119397064657	1497	0.2969059896866323	2985	0.5920269734232447	6	13	115	0.7142857142857143	0	0.0	6	1.0	0	0.0	0	0.0	0	0.0	13	1.0	0	0.0	0	0.0	0	0.0	91	0.7913043478260869	0	0.0	24	0.20869565217391303	1	0	0	1	0	1	1	42320058	0	0	0
5086.0	6121	1.2034998033818325	19	0.0037357451828548957	5152	1.0129767990562328	530	0.10420762878489973	654	0.12858828155721588	12	6	61	0.36363636363636365	2	0.16666666666666666	9	0.75	0	0.0	1	0.08333333333333333	3	0.5	3	0.5	0	0.0	0	0.0	6	0.09836065573770492	42	0.6885245901639344	0	0.0	13	0.21311475409836064	0	0	1	1	1	1	0	30425284	0	0	0
2845.0	1680	0.5905096660808435	0	0.0	17464	6.138488576449912	858	0.3015817223198594	1823	0.6407732864674868	6	5	6	0.125	0	0.0	4	0.6666666666666666	0	0.0	2	0.3333333333333333	0	0.0	4	0.8	0	0.0	1	0.2	0	0.0	4	0.6666666666666666	0	0.0	2	0.3333333333333333	1	0	1	1	1	1	0	3304276168	0	0	0
3982.0	1	0.00025113008538422905	3	0.0007533902561526871	3733	0.937468608739327	89	0.022350577599196383	219	0.054997488699146155	15	13	146	0.6923076923076923	3	0.2	8	0.5333333333333333	0	0.0	4	0.26666666666666666	5	0.38461538461538464	8	0.6153846153846154	0	0.0	0	0.0	1	0.00684931506849315	119	0.815068493150685	0	0.0	26	0.1780821917808219	0	0	1	1	0	1	0	557842655	0	0	0
4266.0	19046	4.4646038443506795	2	0.00046882325363338024	43108	10.105016408813878	910	0.213314580403188	160	0.03750586029067042	4	10	16	0.42857142857142855	0	0.0	4	1.0	0	0.0	0	0.0	0	0.0	10	1.0	0	0.0	0	0.0	0	0.0	14	0.875	0	0.0	2	0.125	1	0	1	0	0	0	0	332579042	0	0	0
2770.0	0	0.0	0	0.0	756	0.27292418772563176	11	0.003971119133574007	29	0.010469314079422382	14	15	0	0.9090909090909091	0	0.0	14	1.0	0	0.0	0	0.0	0	0.0	14	0.9333333333333333	1	0.06666666666666667	0	0.0	0	0	0	0	0	0	0	0	0	0	0	1	1	0	0	3421470951	1	0	1
3558.0	36762	10.33220910623946	1	0.0002810567734682406	32432	9.115233277121979	2495	0.7012366498032603	2622	0.7369308600337268	20	10	64	0.5833333333333334	3	0.15	12	0.6	0	0.0	5	0.25	2	0.2	8	0.8	0	0.0	0	0.0	0	0.0	0	0.0	0	0.0	64	1.0	1	0	1	1	1	0	0	1523630317	0	0	0
3163.0	34641	10.951944356623459	83	0.026240910527979767	27540	8.706923806512805	2096	0.6626620297186215	883	0.27916534935188114	15	15	160	1.0	3	0.2	12	0.8	0	0.0	0	0.0	3	0.2	12	0.8	0	0.0	0	0.0	8	0.05	119	0.74375	2	0.0125	31	0.19375	0	0	1	1	0	0	0	2654044400	0	0	0
3422.0	1172	0.342489772063121	0	0.0	974	0.2846288720046756	396	0.1157218001168907	467	0.13646990064289888	6	8	57	0.18181818181818182	6	1.0	0	0.0	0	0.0	0	0.0	1	0.125	6	0.75	1	0.125	0	0.0	5	0.08771929824561403	35	0.6140350877192983	5	0.08771929824561403	12	0.21052631578947367	1	0	0	1	1	0	0	2165899508	0	0	0
3480.0	8410	2.4166666666666665	9	0.002586206896551724	13822	3.97183908045977	281	0.08074712643678161	259	0.07442528735632184	11	10	15	0.9	2	0.18181818181818182	8	0.7272727272727273	0	0.0	1	0.09090909090909091	2	0.2	8	0.8	0	0.0	0	0.0	1	0.06666666666666667	11	0.7333333333333333	0	0.0	3	0.2	0	0	1	1	0	1	0	1723891957	0	0	0
3184.0	5986	1.8800251256281406	3	0.0009422110552763819	6351	1.9946608040201006	161	0.050565326633165826	0	0.0	3	12	27	0.2727272727272727	0	0.0	3	1.0	0	0.0	0	0.0	0	0.0	11	0.9166666666666666	0	0.0	1	0.08333333333333333	0	0.0	21	0.7777777777777778	0	0.0	6	0.2222222222222222	1	0	0	1	1	0	0	2642657543	0	0	1
5091.0	4262	0.8371636220781772	15	0.0029463759575721863	50514	9.922215674720094	1312	0.25770968375564723	1803	0.3541543901001768	12	7	107	0.3333333333333333	2	0.16666666666666666	9	0.75	0	0.0	1	0.08333333333333333	1	0.14285714285714285	6	0.8571428571428571	0	0.0	0	0.0	12	0.11214953271028037	70	0.6542056074766355	1	0.009345794392523364	24	0.22429906542056074	1	0	1	1	0	0	0	29262091	0	0	0
3318.0	1095	0.33001808318264014	5	0.0015069318866787222	2927	0.882157926461724	116	0.03496081977094635	195	0.05877034358047016	7	13	58	0.5	1	0.14285714285714285	6	0.8571428571428571	0	0.0	0	0.0	0	0.0	11	0.8461538461538461	2	0.15384615384615385	0	0.0	8	0.13793103448275862	36	0.6206896551724138	0	0.0	14	0.2413793103448276	0	0	0	0	0	0	0	2339717389	0	0	0
2866.0	2173	0.7581995812979763	2	0.0006978367062107466	2184	0.7620376831821354	36	0.01256106071179344	0	0.0	14	12	0	0.375	2	0.14285714285714285	11	0.7857142857142857	0	0.0	1	0.07142857142857142	0	0.0	12	1.0	0	0.0	0	0.0	0	0	0	0	0	0	0	0	0	0	0	1	1	0	0	3244949806	1	0	1
5192.0	5237	1.0086671802773497	52	0.010015408320493066	22186	4.2731124807395995	1512	0.29121725731895226	902	0.17372881355932204	28	14	28	0.7333333333333333	4	0.14285714285714285	20	0.7142857142857143	0	0.0	4	0.14285714285714285	4	0.2857142857142857	10	0.7142857142857143	0	0.0	0	0.0	1	0.03571428571428571	20	0.7142857142857143	0	0.0	7	0.25	1	0	1	1	0	0	0	18383161	0	0	0
5081.0	15508	3.052155087581185	57	0.011218264121235976	92042	18.114938004329858	164	0.03227711080495965	249	0.04900610116118874	7	15	72	0.125	1	0.14285714285714285	6	0.8571428571428571	0	0.0	0	0.0	2	0.13333333333333333	13	0.8666666666666667	0	0.0	0	0.0	10	0.1388888888888889	38	0.5277777777777778	0	0.0	24	0.3333333333333333	1	0	1	1	0	1	0	31539524	0	0	0
5081.0	5243	1.03188348750246	3	0.000590434953749262	5497	1.0818736469198977	85	0.016728990356229087	34	0.006691596142491636	7	14	67	0.6	1	0.14285714285714285	6	0.8571428571428571	0	0.0	0	0.0	2	0.14285714285714285	12	0.8571428571428571	0	0.0	0	0.0	1	0.014925373134328358	51	0.7611940298507462	0	0.0	15	0.22388059701492538	1	0	1	1	0	0	0	31523146	0	0	0
3999.0	0	0.0	0	0.0	1229	0.30732683170792696	110	0.027506876719179795	0	0.0	14	14	52	1.0	5	0.35714285714285715	9	0.6428571428571429	0	0.0	0	0.0	5	0.35714285714285715	9	0.6428571428571429	0	0.0	0	0.0	18	0.34615384615384615	22	0.4230769230769231	0	0.0	12	0.23076923076923078	0	0	0	1	0	1	0	543113548	1	0	1
3892.0	130393	33.502826310380264	6	0.001541623843782117	157321	40.42163412127441	7355	1.8897738951695786	6283	1.6143371017471737	1	15	12	0.0	0	0.0	0	0.0	0	0.0	1	1.0	2	0.13333333333333333	13	0.8666666666666667	0	0.0	0	0.0	1	0.08333333333333333	8	0.6666666666666666	0	0.0	3	0.25	1	0	0	1	0	0	0	701628758	0	0	0
4776.0	1262	0.26423785594639865	26	0.005443886097152429	13748	2.8785594639865995	5174	1.0833333333333333	657	0.13756281407035176	18	15	151	0.29411764705882354	5	0.2777777777777778	10	0.5555555555555556	0	0.0	3	0.16666666666666666	0	0.0	15	1.0	0	0.0	0	0.0	12	0.07947019867549669	100	0.6622516556291391	0	0.0	39	0.2582781456953642	1	0	1	1	0	1	0	114377056	0	0	0
4058.0	1476	0.3637259733859044	0	0.0	2378	0.5860029571217349	32	0.007885657959586003	82	0.020206998521439132	14	15	25	0.09523809523809523	5	0.35714285714285715	5	0.35714285714285715	0	0.0	4	0.2857142857142857	0	0.0	14	0.9333333333333333	0	0.0	1	0.06666666666666667	1	0.04	18	0.72	0	0.0	6	0.24	1	0	0	1	1	0	0	481673572	1	0	0
3000.0	265	0.08833333333333333	0	0.0	2593	0.8643333333333333	46	0.015333333333333332	69	0.023	10	15	28	0.3125	0	0.0	9	0.9	0	0.0	1	0.1	0	0.0	14	0.9333333333333333	0	0.0	1	0.06666666666666667	1	0.03571428571428571	23	0.8214285714285714	0	0.0	4	0.14285714285714285	1	0	1	0	0	0	0	2943664510	0	0	0
4535.0	6069	1.338257993384785	8	0.0017640573318632856	15003	3.308269018743109	100	0.022050716648291068	268	0.05909592061742006	12	12	60	0.125	3	0.25	5	0.4166666666666667	0	0.0	4	0.3333333333333333	2	0.16666666666666666	9	0.75	0	0.0	1	0.08333333333333333	2	0.03333333333333333	37	0.6166666666666667	4	0.06666666666666667	17	0.2833333333333333	1	0	1	1	0	1	0	202539396	1	0	1
4276.0	67	0.0156688493919551	2	0.0004677268475210477	49	0.011459307764265668	4273	0.9992984097287184	548	0.12815715622076707	11	11	0	0.38461538461538464	1	0.09090909090909091	8	0.7272727272727273	0	0.0	2	0.18181818181818182	0	0.0	11	1.0	0	0.0	0	0.0	0	0	0	0	0	0	0	0	1	0	1	1	0	0	0	326369679	1	0	1
2746.0	135	0.04916241806263656	2	0.0007283321194464676	5218	1.900218499635834	30	0.010924981791697014	12	0.004369992716678805	13	7	0	0.14285714285714285	2	0.15384615384615385	10	0.7692307692307693	0	0.0	1	0.07692307692307693	0	0.0	3	0.42857142857142855	4	0.5714285714285714	0	0.0	0	0	0	0	0	0	0	0	0	0	0	1	1	0	0	3483877814	1	0	1
4151.0	5145	1.239460370994941	3	0.0007227174174897615	76929	18.532642736689954	1682	0.4052035654059263	775	0.1867019995181884	4	11	58	0.5	1	0.25	3	0.75	0	0.0	0	0.0	5	0.45454545454545453	6	0.5454545454545454	0	0.0	0	0.0	7	0.1206896551724138	29	0.5	6	0.10344827586206896	16	0.27586206896551724	1	0	1	1	0	0	0	403194297	0	0	0
2996.0	5586	1.8644859813084111	6	0.0020026702269692926	3228	1.0774365821094793	48	0.01602136181575434	239	0.07977303070761015	15	15	0	0.8181818181818182	2	0.13333333333333333	12	0.8	0	0.0	1	0.06666666666666667	2	0.13333333333333333	12	0.8	0	0.0	1	0.06666666666666667	0	0	0	0	0	0	0	0	1	0	1	1	1	0	0	2953167296	1	0	0
2958.0	59	0.019945909398242055	10	0.0033806626098715348	644	0.21771467207572684	82	0.027721433400946585	105	0.035496957403651115	11	10	160	0.8888888888888888	2	0.18181818181818182	8	0.7272727272727273	0	0.0	1	0.09090909090909091	2	0.2	8	0.8	0	0.0	0	0.0	9	0.05625	122	0.7625	0	0.0	29	0.18125	0	0	0	0	0	1	0	3012362696	1	0	1
4416.0	1146	0.2595108695652174	43	0.00973731884057971	5296	1.1992753623188406	2136	0.483695652173913	1754	0.39719202898550726	16	15	143	0.9	2	0.125	13	0.8125	0	0.0	1	0.0625	2	0.13333333333333333	13	0.8666666666666667	0	0.0	0	0.0	2	0.013986013986013986	111	0.7762237762237763	3	0.02097902097902098	27	0.1888111888111888	0	0	1	1	0	1	0	250216906	1	0	0
4407.0	13279	3.0131608804175176	4	0.0009076469253460404	10569	2.398230088495575	288	0.0653505786249149	221	0.05014749262536873	19	13	108	0.5333333333333333	2	0.10526315789473684	9	0.47368421052631576	0	0.0	8	0.42105263157894735	4	0.3076923076923077	9	0.6923076923076923	0	0.0	0	0.0	6	0.05555555555555555	68	0.6296296296296297	0	0.0	34	0.3148148148148148	1	0	0	1	1	0	0	254607817	0	0	0
4440.0	15516	3.4945945945945946	5	0.0011261261261261261	11971	2.696171171171171	468	0.10540540540540541	1219	0.2745495495495496	13	13	118	0.8181818181818182	2	0.15384615384615385	10	0.7692307692307693	0	0.0	1	0.07692307692307693	0	0.0	12	0.9230769230769231	1	0.07692307692307693	0	0.0	13	0.11016949152542373	82	0.6949152542372882	0	0.0	23	0.19491525423728814	0	0	1	1	1	1	0	239124943	0	0	0
3307.0	6861	2.074690051406108	0	0.0	2213	0.6691865739340792	165	0.049894163894768674	213	0.06440882975506501	8	13	7	0.8571428571428571	1	0.125	7	0.875	0	0.0	0	0.0	2	0.15384615384615385	11	0.8461538461538461	0	0.0	0	0.0	3	0.42857142857142855	0	0.0	2	0.2857142857142857	2	0.2857142857142857	1	0	1	0	0	0	0	2361049553	1	0	0
5131.0	31853	6.2079516663418435	2	0.0003897875657766517	41269	8.04307152601832	874	0.1703371662443968	884	0.17228610407328007	10	15	115	0.14285714285714285	0	0.0	7	0.7	0	0.0	3	0.3	1	0.06666666666666667	14	0.9333333333333333	0	0.0	0	0.0	2	0.017391304347826087	50	0.43478260869565216	0	0.0	63	0.5478260869565217	1	0	1	1	0	1	0	21840345	0	0	0
2825.0	1284	0.4545132743362832	0	0.0	622	0.22017699115044248	13	0.004601769911504424	36	0.012743362831858408	3	13	9	0.0	0	0.0	0	0.0	0	0.0	3	1.0	2	0.15384615384615385	3	0.23076923076923078	8	0.6153846153846154	0	0.0	0	0.0	0	0.0	0	0.0	9	1.0	0	0	0	1	1	0	0	3250192861	1	0	1
3301.0	24962	7.561950923962436	12	0.0036352620418055137	27556	8.347773401999394	6969	2.111178430778552	7577	2.295365040896698	4	9	0	0.375	1	0.25	2	0.5	0	0.0	1	0.25	0	0.0	4	0.4444444444444444	3	0.3333333333333333	2	0.2222222222222222	0	0	0	0	0	0	0	0	1	0	1	1	0	0	0	2372338144	0	0	0
4108.0	54	0.01314508276533593	20	0.004868549172346641	1520	0.37000973709834467	186	0.04527750730282376	0	0.0	11	13	93	0.42857142857142855	2	0.18181818181818182	8	0.7272727272727273	0	0.0	1	0.09090909090909091	2	0.15384615384615385	11	0.8461538461538461	0	0.0	0	0.0	12	0.12903225806451613	65	0.6989247311827957	0	0.0	16	0.17204301075268819	1	0	1	0	0	1	0	436978148	0	0	0
4990.0	30012	6.014428857715431	6	0.0012024048096192384	3106	0.6224448897795591	167	0.03346693386773547	1072	0.21482965931863726	11	6	94	0.2727272727272727	2	0.18181818181818182	3	0.2727272727272727	0	0.0	6	0.5454545454545454	0	0.0	4	0.6666666666666666	2	0.3333333333333333	0	0.0	6	0.06382978723404255	62	0.6595744680851063	0	0.0	26	0.2765957446808511	0	0	0	1	0	0	0	57197093	0	0	0
3202.0	16267	5.080262336039975	0	0.0	3513	1.0971267957526545	476	0.1486570893191755	146	0.04559650218613367	5	9	13	0.7142857142857143	0	0.0	5	1.0	0	0.0	0	0.0	0	0.0	8	0.8888888888888888	1	0.1111111111111111	0	0.0	0	0.0	12	0.9230769230769231	0	0.0	1	0.07692307692307693	1	0	1	1	1	0	0	2554790467	0	0	0
4065.0	37	0.009102091020910209	0	0.0	5010	1.2324723247232472	48	0.011808118081180811	57	0.014022140221402213	14	13	0	0.8	0	0.0	13	0.9285714285714286	0	0.0	1	0.07142857142857142	0	0.0	13	1.0	0	0.0	0	0.0	0	0	0	0	0	0	0	0	1	0	1	1	0	0	0	475316805	0	0	0
5115.0	0	0.0	0	0.0	5408	1.0572825024437928	11	0.002150537634408602	20	0.0039100684261974585	19	7	142	0.3125	3	0.15789473684210525	15	0.7894736842105263	0	0.0	1	0.05263157894736842	2	0.2857142857142857	5	0.7142857142857143	0	0.0	0	0.0	9	0.06338028169014084	99	0.6971830985915493	10	0.07042253521126761	24	0.16901408450704225	0	0	1	1	0	1	0	24183367	1	0	1
3612.0	193564	53.58914728682171	5	0.0013842746400885937	130842	36.22425249169435	474	0.13122923588039867	843	0.23338870431893688	11	11	10	0.2	2	0.18181818181818182	8	0.7272727272727273	0	0.0	1	0.09090909090909091	6	0.5454545454545454	4	0.36363636363636365	0	0.0	1	0.09090909090909091	2	0.2	7	0.7	0	0.0	1	0.1	1	0	1	1	1	0	0	1377305161	0	0	0
4724.0	32191	6.814352243861134	111	0.023497036409822186	3928	0.8314987298899238	5265	1.1145215918712954	264	0.0558848433530906	9	8	54	0.875	2	0.2222222222222222	6	0.6666666666666666	0	0.0	1	0.1111111111111111	0	0.0	8	1.0	0	0.0	0	0.0	8	0.14814814814814814	40	0.7407407407407407	0	0.0	6	0.1111111111111111	0	0	1	1	0	1	0	130663000	0	0	0
3441.0	77	0.022377215925603024	1	0.0002906131938390003	120	0.03487358326068003	74	0.021505376344086023	68	0.01976169718105202	5	9	17	0.18181818181818182	1	0.2	4	0.8	0	0.0	0	0.0	3	0.3333333333333333	6	0.6666666666666666	0	0.0	0	0.0	1	0.058823529411764705	11	0.6470588235294118	0	0.0	5	0.29411764705882354	0	0	1	0	0	0	0	1955693167	1	0	1
2666.0	1	0.00037509377344336085	0	0.0	1544	0.5791447861965492	21	0.007876969242310577	18	0.006751687921980495	14	12	10	0.29411764705882354	3	0.21428571428571427	7	0.5	1	0.07142857142857142	3	0.21428571428571427	0	0.0	12	1.0	0	0.0	0	0.0	0	0.0	9	0.9	0	0.0	1	0.1	0	0	0	1	1	0	0	4368286333	1	0	1
3482.0	4	0.0011487650775416428	0	0.0	2913	0.8365881677197013	17	0.004882251579551982	46	0.013210798391728892	15	7	0	0.13333333333333333	3	0.2	9	0.6	0	0.0	3	0.2	1	0.14285714285714285	4	0.5714285714285714	2	0.2857142857142857	0	0.0	0	0	0	0	0	0	0	0	1	0	1	1	1	0	0	1717666435	0	0	1
3390.0	16189	4.775516224188791	8	0.002359882005899705	16830	4.964601769911504	518	0.1528023598820059	1184	0.34926253687315634	6	11	27	0.25	1	0.16666666666666666	5	0.8333333333333334	0	0.0	0	0.0	3	0.2727272727272727	6	0.5454545454545454	2	0.18181818181818182	0	0.0	1	0.037037037037037035	20	0.7407407407407407	0	0.0	6	0.2222222222222222	1	0	1	1	0	0	0	2225455784	0	0	0
4292.0	11025	2.5687325256290774	0	0.0	12178	2.837371854613234	680	0.15843429636533085	392	0.09133271202236719	12	9	2	0.46153846153846156	2	0.16666666666666666	9	0.75	0	0.0	1	0.08333333333333333	0	0.0	7	0.7777777777777778	2	0.2222222222222222	0	0.0	0	0.0	0	0.0	0	0.0	2	1.0	1	0	0	1	0	0	0	316834494	0	0	0
3076.0	6499	2.112808842652796	4	0.0013003901170351106	10800	3.5110533159947983	722	0.23472041612483746	637	0.20708712613784136	18	15	124	0.3125	3	0.16666666666666666	13	0.7222222222222222	0	0.0	2	0.1111111111111111	3	0.2	10	0.6666666666666666	0	0.0	2	0.13333333333333333	16	0.12903225806451613	54	0.43548387096774194	0	0.0	54	0.43548387096774194	1	0	1	1	0	0	0	2853126860	0	0	0
4064.0	1080	0.265748031496063	2	0.0004921259842519685	1246	0.3065944881889764	61	0.015009842519685039	267	0.06569881889763779	12	12	78	1.0	9	0.75	0	0.0	3	0.25	0	0.0	0	0.0	9	0.75	3	0.25	0	0.0	3	0.038461538461538464	56	0.717948717948718	0	0.0	19	0.24358974358974358	1	0	1	1	1	1	0	476496615	0	0	0
3492.0	258	0.07388316151202749	2	0.000572737686139748	22873	6.550114547537228	121	0.034650630011454756	88	0.025200458190148912	5	10	27	0.5555555555555556	0	0.0	5	1.0	0	0.0	0	0.0	0	0.0	5	0.5	4	0.4	1	0.1	2	0.07407407407407407	12	0.4444444444444444	2	0.07407407407407407	11	0.4074074074074074	1	0	1	1	0	1	0	1691697900	0	0	1
4047.0	13	0.0032122559920929085	2	0.0004941932295527551	1298	0.3207314059797381	376	0.09290832715591796	808	0.19965406473931308	17	13	136	0.7692307692307693	2	0.11764705882352941	14	0.8235294117647058	0	0.0	1	0.058823529411764705	2	0.15384615384615385	11	0.8461538461538461	0	0.0	0	0.0	16	0.11764705882352941	89	0.6544117647058824	1	0.007352941176470588	30	0.22058823529411764	0	0	1	1	0	1	0	491569908	0	0	1
2867.0	4818	1.680502267178235	4	0.0013951866062085804	4817	1.680153470526683	35	0.012207882804325079	0	0.0	18	12	0	0.15789473684210525	2	0.1111111111111111	15	0.8333333333333334	0	0.0	1	0.05555555555555555	0	0.0	12	1.0	0	0.0	0	0.0	0	0	0	0	0	0	0	0	0	0	0	1	1	0	0	3189277430	0	0	1
2726.0	181	0.06639765223771094	0	0.0	194	0.07116654438738078	5	0.001834189288334556	48	0.01760821716801174	11	10	0	0.26666666666666666	2	0.18181818181818182	8	0.7272727272727273	0	0.0	1	0.09090909090909091	0	0.0	6	0.6	3	0.3	1	0.1	0	0	0	0	0	0	0	0	0	0	0	1	1	0	0	3703243514	1	0	1
4847.0	48125	9.928821951722716	31	0.006395708685785022	84216	17.374871054260367	1724	0.35568392820301215	2742	0.5657107489168558	3	15	108	0.2	1	0.3333333333333333	2	0.6666666666666666	0	0.0	0	0.0	2	0.13333333333333333	13	0.8666666666666667	0	0.0	0	0.0	12	0.1111111111111111	63	0.5833333333333334	2	0.018518518518518517	31	0.28703703703703703	1	0	1	1	0	1	0	94896901	0	0	0
2705.0	9334	3.4506469500924215	0	0.0	160	0.059149722735674676	579	0.21404805914972275	503	0.18595194085027728	1	15	3	0.0	0	0.0	0	0.0	0	0.0	1	1.0	0	0.0	9	0.6	4	0.26666666666666666	2	0.13333333333333333	3	1.0	0	0.0	0	0.0	0	0.0	0	0	1	1	1	1	0	3930997512	0	0	0
4784.0	172	0.03595317725752508	4	0.0008361204013377926	11452	2.3938127090301005	145	0.030309364548494984	189	0.039506688963210704	4	8	30	0.0	0	0.0	0	0.0	0	0.0	4	1.0	0	0.0	8	1.0	0	0.0	0	0.0	0	0.0	1	0.03333333333333333	0	0.0	29	0.9666666666666667	1	0	1	1	0	0	0	112165657	0	0	0
5078.0	720	0.14178810555336746	36	0.0070894052776683735	5962	1.1740842851516344	579	0.114021268215833	409	0.08054352107128791	10	12	147	0.8888888888888888	2	0.2	8	0.8	0	0.0	0	0.0	3	0.25	9	0.75	0	0.0	0	0.0	17	0.11564625850340136	84	0.5714285714285714	8	0.05442176870748299	38	0.2585034013605442	1	0	1	1	0	1	0	33211168	1	0	0
3417.0	0	0.0	0	0.0	1267	0.3707930933567457	1	0.000292654375182909	1	0.000292654375182909	5	14	0	0.4	1	0.2	4	0.8	0	0.0	0	0.0	0	0.0	14	1.0	0	0.0	0	0.0	0	0	0	0	0	0	0	0	0	0	0	1	1	0	0	2175697710	1	0	1
4385.0	3948	0.9003420752565564	2	0.00045610034207525655	19725	4.498289623717218	446	0.1017103762827822	308	0.0702394526795895	7	11	35	0.0	1	0.14285714285714285	6	0.8571428571428571	0	0.0	0	0.0	11	1.0	0	0.0	0	0.0	0	0.0	2	0.05714285714285714	12	0.34285714285714286	8	0.22857142857142856	13	0.37142857142857144	0	0	0	1	0	1	0	265536304	0	0	0
4888.0	1071	0.21910801963993454	497	0.10167757774140752	42539	8.702741407528642	15973	3.267798690671031	2248	0.45990180032733224	15	15	104	0.4	0	0.0	14	0.9333333333333333	0	0.0	1	0.06666666666666667	0	0.0	12	0.8	3	0.2	0	0.0	6	0.057692307692307696	74	0.7115384615384616	3	0.028846153846153848	21	0.20192307692307693	0	0	1	1	0	1	0	85164850	1	0	0
2898.0	475	0.16390614216701174	9	0.003105590062111801	10062	3.472049689440994	406	0.14009661835748793	647	0.22325741890959283	18	9	153	0.6153846153846154	4	0.2222222222222222	14	0.7777777777777778	0	0.0	0	0.0	4	0.4444444444444444	5	0.5555555555555556	0	0.0	0	0.0	7	0.0457516339869281	117	0.7647058823529411	0	0.0	29	0.1895424836601307	0	0	1	1	1	1	0	3148448571	1	0	1
5103.0	401	0.07858122672937488	23	0.004507152655300804	1868	0.3660591808739957	165	0.03233392122281011	19	0.003723300019596316	21	7	0	0.38461538461538464	3	0.14285714285714285	15	0.7142857142857143	0	0.0	3	0.14285714285714285	0	0.0	6	0.8571428571428571	0	0.0	1	0.14285714285714285	0	0	0	0	0	0	0	0	1	0	1	1	0	1	0	26297156	1	0	1
2988.0	5	0.0016733601070950468	0	0.0	1233	0.4126506024096386	44	0.014725568942436412	374	0.1251673360107095	11	15	12	0.0	1	0.09090909090909091	9	0.8181818181818182	0	0.0	1	0.09090909090909091	0	0.0	4	0.26666666666666666	11	0.7333333333333333	0	0.0	2	0.16666666666666666	8	0.6666666666666666	0	0.0	2	0.16666666666666666	0	0	1	1	1	1	0	2965914446	1	0	1
4141.0	0	0.0	17	0.004105288577638252	2944	0.710939386621589	279	0.06737503018594543	187	0.045158174354020766	20	15	121	0.75	5	0.25	12	0.6	0	0.0	3	0.15	5	0.3333333333333333	10	0.6666666666666666	0	0.0	0	0.0	5	0.04132231404958678	95	0.7851239669421488	0	0.0	21	0.17355371900826447	0	0	1	1	0	1	0	410403665	0	0	0
4171.0	940	0.22536561975545433	0	0.0	8757	2.09949652361544	1948	0.46703428434428196	141	0.03380484296331815	13	7	63	0.15384615384615385	0	0.0	12	0.9230769230769231	0	0.0	1	0.07692307692307693	2	0.2857142857142857	5	0.7142857142857143	0	0.0	0	0.0	1	0.015873015873015872	51	0.8095238095238095	0	0.0	11	0.1746031746031746	1	0	1	1	0	0	0	389890902	0	0	0
3288.0	0	0.0	0	0.0	922	0.28041362530413627	8	0.0024330900243309003	30	0.009124087591240875	10	13	0	0.8	0	0.0	9	0.9	0	0.0	1	0.1	0	0.0	13	1.0	0	0.0	0	0.0	0	0	0	0	0	0	0	0	0	0	0	1	1	0	0	2389459800	1	0	1
3921.0	151253	38.57510839071666	7	0.0017852588625350675	7924	2.0209130323896964	1895	0.483295077786279	4584	1.169089517980107	9	14	0	0.6363636363636364	0	0.0	9	1.0	0	0.0	0	0.0	0	0.0	13	0.9285714285714286	0	0.0	1	0.07142857142857142	0	0	0	0	0	0	0	0	1	0	1	1	1	0	0	612008802	0	0	0
4350.0	10281	2.363448275862069	99	0.022758620689655173	8071	1.8554022988505747	2342	0.5383908045977012	885	0.20344827586206896	14	10	144	0.8181818181818182	3	0.21428571428571427	8	0.5714285714285714	0	0.0	3	0.21428571428571427	2	0.2	8	0.8	0	0.0	0	0.0	5	0.034722222222222224	116	0.8055555555555556	0	0.0	23	0.1597222222222222	0	0	1	1	0	1	0	283247473	0	0	0
4496.0	1047	0.23287366548042704	1	0.00022241992882562276	1768	0.3932384341637011	30	0.0066725978647686835	108	0.02402135231316726	14	11	0	0.6666666666666666	0	0.0	13	0.9285714285714286	0	0.0	1	0.07142857142857142	0	0.0	10	0.9090909090909091	1	0.09090909090909091	0	0.0	0	0	0	0	0	0	0	0	0	0	0	1	1	0	0	218432384	0	0	0
4754.0	27052	5.69036600757257	59	0.012410601598653766	258614	54.399242742953305	3866	0.8132099284812789	1222	0.2570466975178797	21	10	39	0.3125	2	0.09523809523809523	18	0.8571428571428571	0	0.0	1	0.047619047619047616	2	0.2	8	0.8	0	0.0	0	0.0	1	0.02564102564102564	29	0.7435897435897436	0	0.0	9	0.23076923076923078	1	0	1	1	0	0	0	121422723	1	0	0
4838.0	1648	0.3406366267052501	19	0.003927242662257131	23785	4.916287722199256	448	0.09260024803637867	2385	0.49297230260438196	14	13	54	0.8888888888888888	2	0.14285714285714285	11	0.7857142857142857	0	0.0	1	0.07142857142857142	0	0.0	13	1.0	0	0.0	0	0.0	1	0.018518518518518517	42	0.7777777777777778	0	0.0	11	0.2037037037037037	1	0	1	1	1	0	0	97026960	0	0	0
4492.0	0	0.0	88	0.019590382902938557	685	0.152493321460374	340	0.07569011576135352	154	0.03428317008014248	17	13	108	0.42857142857142855	3	0.17647058823529413	12	0.7058823529411765	0	0.0	2	0.11764705882352941	0	0.0	11	0.8461538461538461	0	0.0	2	0.15384615384615385	10	0.09259259259259259	75	0.6944444444444444	0	0.0	23	0.21296296296296297	1	0	1	1	0	1	0	219874207	1	0	0
3340.0	15315	4.585329341317365	23	0.0068862275449101795	12021	3.5991017964071856	1818	0.5443113772455089	2110	0.6317365269461078	7	9	160	0.75	2	0.2857142857142857	5	0.7142857142857143	0	0.0	0	0.0	2	0.2222222222222222	5	0.5555555555555556	2	0.2222222222222222	0	0.0	23	0.14375	103	0.64375	0	0.0	34	0.2125	1	0	0	1	0	0	0	2302133180	0	0	0
3931.0	69	0.017552785550750447	10	0.0025438819638768763	995	0.25311625540574917	339	0.0862375985754261	342	0.08700076316458916	18	13	139	0.46153846153846156	4	0.2222222222222222	11	0.6111111111111112	0	0.0	3	0.16666666666666666	4	0.3076923076923077	9	0.6923076923076923	0	0.0	0	0.0	13	0.09352517985611511	82	0.5899280575539568	13	0.09352517985611511	31	0.22302158273381295	1	0	1	1	0	1	0	603243453	0	0	0
4296.0	9830	2.288175046554935	0	0.0	11892	2.7681564245810057	179	0.041666666666666664	178	0.04143389199255121	6	8	30	0.5555555555555556	0	0.0	6	1.0	0	0.0	0	0.0	0	0.0	6	0.75	2	0.25	0	0.0	0	0.0	21	0.7	0	0.0	9	0.3	0	0	1	1	0	0	0	314278850	0	0	0
4916.0	151	0.030716029292107403	345	0.07017900732302686	31823	6.4733523189585025	28658	5.82953620829943	2660	0.5410903173311635	9	8	63	0.875	4	0.4444444444444444	4	0.4444444444444444	0	0.0	1	0.1111111111111111	4	0.5	4	0.5	0	0.0	0	0.0	2	0.031746031746031744	50	0.7936507936507936	0	0.0	11	0.1746031746031746	1	0	1	1	0	1	1	78054341	1	0	1
4643.0	5759	1.2403618350204608	1	0.00021537798836958864	5486	1.1815636441955633	211	0.0454447555459832	207	0.044583243592504845	13	12	25	0.9	2	0.15384615384615385	10	0.7692307692307693	0	0.0	1	0.07692307692307693	0	0.0	12	1.0	0	0.0	0	0.0	0	0.0	20	0.8	0	0.0	5	0.2	0	0	1	1	0	0	0	160302029	0	0	0
4117.0	20996	5.0998299732815155	1	0.00024289531212047608	37995	9.228807384017488	884	0.21471945591450084	570	0.13845032790867137	14	11	76	0.3333333333333333	0	0.0	13	0.9285714285714286	0	0.0	1	0.07142857142857142	0	0.0	11	1.0	0	0.0	0	0.0	0	0.0	59	0.7763157894736842	0	0.0	17	0.2236842105263158	1	0	0	1	0	0	0	429540304	0	0	0
3830.0	7519	1.9631853785900784	1	0.0002610966057441253	18751	4.895822454308094	541	0.1412532637075718	369	0.09634464751958224	7	11	0	0.6666666666666666	2	0.2857142857142857	4	0.5714285714285714	0	0.0	1	0.14285714285714285	2	0.18181818181818182	9	0.8181818181818182	0	0.0	0	0.0	0	0	0	0	0	0	0	0	1	0	1	1	1	0	0	830276562	0	0	0
3947.0	123	0.031162908538130224	1	0.0002533569799847986	1615	0.4091715226754497	12	0.003040283759817583	92	0.02330884215860147	9	9	55	1.0	2	0.2222222222222222	7	0.7777777777777778	0	0.0	0	0.0	5	0.5555555555555556	4	0.4444444444444444	0	0.0	0	0.0	11	0.2	30	0.5454545454545454	1	0.01818181818181818	13	0.23636363636363636	1	0	1	1	0	0	0	589022162	0	0	1
4203.0	2172	0.516773733047823	27	0.006423982869379015	9391	2.234356412086605	4341	1.0328336902212705	223	0.053057339995241495	11	7	114	0.0	0	0.0	0	0.0	0	0.0	11	1.0	1	0.14285714285714285	6	0.8571428571428571	0	0.0	0	0.0	9	0.07894736842105263	51	0.4473684210526316	2	0.017543859649122806	52	0.45614035087719296	1	0	1	1	1	0	0	371672020	0	0	0
4155.0	32523	7.827436823104693	3	0.0007220216606498195	23024	5.541275571600481	243	0.05848375451263538	381	0.09169675090252707	5	8	11	0.7142857142857143	0	0.0	5	1.0	0	0.0	0	0.0	0	0.0	7	0.875	0	0.0	1	0.125	0	0.0	10	0.9090909090909091	0	0.0	1	0.09090909090909091	1	0	1	1	0	0	0	400802777	0	0	0
4078.0	20865	5.1164786660127515	2	0.0004904364884747426	14317	3.5107896027464442	1464	0.3589995095635115	2630	0.6449239823442864	19	8	49	0.3333333333333333	4	0.21052631578947367	10	0.5263157894736842	0	0.0	5	0.2631578947368421	0	0.0	8	1.0	0	0.0	0	0.0	1	0.02040816326530612	37	0.7551020408163265	0	0.0	11	0.22448979591836735	1	0	1	1	1	0	0	463193055	1	0	0
3516.0	9237	2.6271331058020477	0	0.0	3084	0.8771331058020477	425	0.12087599544937429	523	0.1487485779294653	8	13	86	0.21428571428571427	1	0.125	7	0.875	0	0.0	0	0.0	0	0.0	8	0.6153846153846154	4	0.3076923076923077	1	0.07692307692307693	11	0.12790697674418605	59	0.686046511627907	2	0.023255813953488372	14	0.16279069767441862	0	0	0	1	1	0	0	1629520862	0	0	0
3885.0	10713	2.7575289575289577	0	0.0	25261	6.502187902187902	652	0.16782496782496784	269	0.06924066924066924	4	15	37	0.23076923076923078	0	0.0	3	0.75	0	0.0	1	0.25	0	0.0	13	0.8666666666666667	2	0.13333333333333333	0	0.0	3	0.08108108108108109	24	0.6486486486486487	0	0.0	10	0.2702702702702703	1	0	1	1	1	0	0	716391404	0	0	0
4251.0	57519	13.530698659139025	13	0.0030581039755351682	45111	10.611856033874382	339	0.07974594213126324	463	0.10891554928252176	15	9	112	0.35714285714285715	2	0.13333333333333333	12	0.8	0	0.0	1	0.06666666666666667	0	0.0	8	0.8888888888888888	0	0.0	1	0.1111111111111111	4	0.03571428571428571	74	0.6607142857142857	4	0.03571428571428571	30	0.26785714285714285	1	0	1	1	0	1	0	341689331	0	0	0
2701.0	17	0.006293965198074787	0	0.0	13	0.004813032210292484	7	0.00259163272861903	27	0.009996297667530544	14	8	0	0.5	1	0.07142857142857142	13	0.9285714285714286	0	0.0	0	0.0	0	0.0	6	0.75	2	0.25	0	0.0	0	0	0	0	0	0	0	0	0	0	0	1	1	0	0	3976414213	1	0	1
2786.0	2	0.0007178750897343862	46	0.016511127063890883	10396	3.7315147164393396	136	0.048815506101938265	221	0.07932519741564968	17	15	121	1.0	2	0.11764705882352941	15	0.8823529411764706	0	0.0	0	0.0	2	0.13333333333333333	13	0.8666666666666667	0	0.0	0	0.0	8	0.06611570247933884	89	0.7355371900826446	1	0.008264462809917356	23	0.19008264462809918	0	0	0	1	1	1	0	3393094667	1	0	1
3602.0	9892	2.7462520821765684	3	0.000832870627429206	6259	1.7376457523598001	246	0.06829539144919489	292	0.08106607440310938	8	15	0	0.3	0	0.0	8	1.0	0	0.0	0	0.0	3	0.2	12	0.8	0	0.0	0	0.0	0	0	0	0	0	0	0	0	0	0	0	1	1	0	0	1400849420	0	0	0
3719.0	79	0.021242269427265394	0	0.0	4050	1.0890024200053778	114	0.030653401452003227	135	0.036300080666845924	10	11	21	0.2727272727272727	0	0.0	9	0.9	0	0.0	1	0.1	0	0.0	4	0.36363636363636365	7	0.6363636363636364	0	0.0	0	0.0	12	0.5714285714285714	7	0.3333333333333333	2	0.09523809523809523	0	0	0	1	1	0	0	1068221456	1	0	1
5101.0	0	0.0	16	0.003136639874534405	8961	1.7567143697314251	195	0.03822779847088806	98	0.019211919231523232	12	12	31	1.0	2	0.16666666666666666	10	0.8333333333333334	0	0.0	0	0.0	0	0.0	12	1.0	0	0.0	0	0.0	3	0.0967741935483871	22	0.7096774193548387	0	0.0	6	0.1935483870967742	0	0	1	1	0	1	0	27051027	1	0	1
4901.0	902	0.1840440726382371	0	0.0	1270	0.25913078963476843	59	0.01203835951846562	341	0.06957763721689451	13	14	0	0.3333333333333333	3	0.23076923076923078	9	0.6923076923076923	0	0.0	1	0.07692307692307693	3	0.21428571428571427	11	0.7857142857142857	0	0.0	0	0.0	0	0	0	0	0	0	0	0	0	0	1	0	0	0	0	82101274	1	0	0
4890.0	18	0.0036809815950920245	28	0.0057259713701431495	2142	0.43803680981595094	819	0.16748466257668712	1452	0.2969325153374233	20	13	147	0.7333333333333333	10	0.5	8	0.4	0	0.0	2	0.1	13	1.0	0	0.0	0	0.0	0	0.0	26	0.17687074829931973	92	0.6258503401360545	0	0.0	29	0.19727891156462585	0	0	1	1	0	1	0	84722723	1	0	1
2969.0	917	0.30885820141461773	0	0.0	662	0.22297069720444593	45	0.015156618390030314	140	0.04715392388009431	14	15	103	0.7272727272727273	3	0.21428571428571427	10	0.7142857142857143	0	0.0	1	0.07142857142857142	1	0.06666666666666667	14	0.9333333333333333	0	0.0	0	0.0	14	0.13592233009708737	65	0.6310679611650486	0	0.0	24	0.23300970873786409	1	0	0	1	1	0	0	2997568550	0	0	0
4218.0	15	0.0035561877667140826	2	0.000474158368895211	75508	17.901375059269796	1849	0.43835941204362255	167	0.03959222380275012	13	10	62	0.0	0	0.0	0	0.0	0	0.0	13	1.0	0	0.0	10	1.0	0	0.0	0	0.0	1	0.016129032258064516	6	0.0967741935483871	0	0.0	55	0.8870967741935484	0	0	1	1	1	0	0	362710054	0	0	1
5100.0	16390	3.2137254901960786	5	0.000980392156862745	16500	3.235294117647059	172	0.03372549019607843	514	0.1007843137254902	12	12	73	0.35714285714285715	2	0.16666666666666666	9	0.75	0	0.0	1	0.08333333333333333	0	0.0	12	1.0	0	0.0	0	0.0	3	0.0410958904109589	56	0.7671232876712328	0	0.0	14	0.1917808219178082	1	0	1	1	0	0	0	27165736	0	0	0
2854.0	9	0.003153468815697267	0	0.0	4131	1.4474421864050455	93	0.03258584442887176	48	0.016818500350385426	11	8	0	0.36363636363636365	2	0.18181818181818182	8	0.7272727272727273	0	0.0	1	0.09090909090909091	0	0.0	4	0.5	4	0.5	0	0.0	0	0	0	0	0	0	0	0	0	0	0	1	1	0	0	3223536685	1	0	1
3030.0	664	0.21914191419141915	0	0.0	759	0.2504950495049505	63	0.020792079207920793	86	0.02838283828382838	2	15	0	0.16666666666666666	1	0.5	1	0.5	0	0.0	0	0.0	3	0.2	11	0.7333333333333333	1	0.06666666666666667	0	0.0	0	0	0	0	0	0	0	0	1	0	0	1	1	0	0	2894251059	0	0	0
3850.0	5066	1.3158441558441558	8	0.002077922077922078	6962	1.8083116883116883	86	0.022337662337662337	166	0.043116883116883116	16	14	67	0.5294117647058824	2	0.125	13	0.8125	0	0.0	1	0.0625	2	0.14285714285714285	11	0.7857142857142857	1	0.07142857142857142	0	0.0	2	0.029850746268656716	47	0.7014925373134329	0	0.0	18	0.26865671641791045	0	0	1	1	1	0	0	788612149	1	0	0
4222.0	443	0.1049265750828991	3	0.0007105637138796779	986	0.2335386072951208	878	0.2079583135954524	1583	0.3749407863571767	7	12	0	0.25	1	0.14285714285714285	6	0.8571428571428571	0	0.0	0	0.0	0	0.0	10	0.8333333333333334	0	0.0	2	0.16666666666666666	0	0	0	0	0	0	0	0	1	0	0	1	0	0	0	360596538	1	0	0
4467.0	21432	4.797850906648757	4194	0.938885157824043	116000	25.968211327512872	50560	11.318558316543541	8050	1.8021043205730916	13	14	155	0.7272727272727273	2	0.15384615384615385	10	0.7692307692307693	0	0.0	1	0.07692307692307693	2	0.14285714285714285	12	0.8571428571428571	0	0.0	0	0.0	23	0.14838709677419354	98	0.632258064516129	2	0.012903225806451613	32	0.2064516129032258	1	0	1	0	0	1	1	228918333	0	0	0
2936.0	707	0.24080381471389645	0	0.0	691	0.2353542234332425	18	0.006130790190735695	173	0.05892370572207085	18	14	0	0.47368421052631576	2	0.1111111111111111	15	0.8333333333333334	0	0.0	1	0.05555555555555555	2	0.14285714285714285	9	0.6428571428571429	3	0.21428571428571427	0	0.0	0	0	0	0	0	0	0	0	0	0	0	0	0	0	0	3051226182	1	0	1
4907.0	50	0.010189525168127165	3	0.0006113715100876299	14361	2.9266354187894845	918	0.18707968208681475	683	0.13918891379661708	7	11	0	0.5	7	1.0	0	0.0	0	0.0	0	0.0	1	0.09090909090909091	10	0.9090909090909091	0	0.0	0	0.0	0	0	0	0	0	0	0	0	1	0	1	1	0	0	0	80544850	0	0	0
4243.0	3588	0.845628093330191	5	0.0011784115012962526	19061	4.492340325241575	96	0.02262550082488805	307	0.07235446617958992	14	8	22	0.058823529411764705	2	0.14285714285714285	11	0.7857142857142857	0	0.0	1	0.07142857142857142	0	0.0	4	0.5	4	0.5	0	0.0	1	0.045454545454545456	15	0.6818181818181818	0	0.0	6	0.2727272727272727	0	0	1	1	0	0	0	346866777	0	0	0
3827.0	3966	1.036320877972302	0	0.0	5936	1.5510844003135615	179	0.04677292918735302	221	0.05774758296315652	17	15	39	0.7857142857142857	1	0.058823529411764705	13	0.7647058823529411	0	0.0	3	0.17647058823529413	0	0.0	14	0.9333333333333333	0	0.0	1	0.06666666666666667	3	0.07692307692307693	30	0.7692307692307693	0	0.0	6	0.15384615384615385	1	0	1	1	1	0	0	838091869	0	0	0
3816.0	4	0.0010482180293501049	1	0.0002620545073375262	902	0.23637316561844865	9	0.0023584905660377358	54	0.014150943396226415	11	11	60	1.0	1	0.09090909090909091	10	0.9090909090909091	0	0.0	0	0.0	1	0.09090909090909091	10	0.9090909090909091	0	0.0	0	0.0	9	0.15	36	0.6	0	0.0	15	0.25	0	0	1	1	0	1	0	857490530	1	0	1
3672.0	0	0.0	18	0.004901960784313725	4145	1.1288126361655773	20	0.0054466230936819175	27	0.007352941176470588	14	14	115	1.0	2	0.14285714285714285	11	0.7857142857142857	1	0.07142857142857142	0	0.0	2	0.14285714285714285	11	0.7857142857142857	1	0.07142857142857142	0	0.0	4	0.034782608695652174	91	0.7913043478260869	1	0.008695652173913044	19	0.16521739130434782	0	0	0	1	1	1	0	1209812090	1	0	1
4250.0	1419	0.33388235294117646	1	0.00023529411764705883	6053	1.424235294117647	436	0.10258823529411765	139	0.032705882352941175	6	12	6	0.07142857142857142	1	0.16666666666666666	5	0.8333333333333334	0	0.0	0	0.0	2	0.16666666666666666	7	0.5833333333333334	2	0.16666666666666666	1	0.08333333333333333	2	0.3333333333333333	3	0.5	0	0.0	1	0.16666666666666666	0	0	1	1	0	0	0	342475904	0	0	0
2807.0	41	0.01460634128963306	0	0.0	1011	0.36017100106875666	33	0.011756323477021732	41	0.01460634128963306	3	14	22	0.25	1	0.3333333333333333	2	0.6666666666666666	0	0.0	0	0.0	0	0.0	13	0.9285714285714286	1	0.07142857142857142	0	0.0	2	0.09090909090909091	18	0.8181818181818182	0	0.0	2	0.09090909090909091	1	0	0	1	1	0	0	3365209246	0	0	0
3455.0	623	0.18031837916063675	1	0.0002894356005788712	10692	3.0946454413892908	278	0.0804630969609262	762	0.22054992764109985	5	10	0	0.625	0	0.0	5	1.0	0	0.0	0	0.0	2	0.2	8	0.8	0	0.0	0	0.0	0	0	0	0	0	0	0	0	1	0	1	1	1	0	0	1914668192	0	0	0
3635.0	43	0.011829436038514442	4	0.0011004126547455295	12559	3.4550206327372766	20887	5.746079779917469	11246	3.0938101788170562	10	7	0	0.3333333333333333	2	0.2	7	0.7	0	0.0	1	0.1	6	0.8571428571428571	0	0.0	0	0.0	1	0.14285714285714285	0	0	0	0	0	0	0	0	0	0	1	1	0	1	0	1320158370	0	0	1
2775.0	0	0.0	0	0.0	764	0.27531531531531533	2	0.0007207207207207207	0	0.0	11	10	0	0.9	1	0.09090909090909091	9	0.8181818181818182	0	0.0	1	0.09090909090909091	2	0.2	8	0.8	0	0.0	0	0.0	0	0	0	0	0	0	0	0	0	0	0	1	1	0	0	3410625701	1	0	0
3303.0	18121	5.4862246442627915	2	0.0006055101422948834	2621	0.7935210414774447	109	0.03300030275507115	802	0.24280956706024825	8	10	0	0.15384615384615385	0	0.0	8	1.0	0	0.0	0	0.0	1	0.1	7	0.7	2	0.2	0	0.0	0	0	0	0	0	0	0	0	0	0	0	1	0	0	0	2363458729	0	0	1
3041.0	2826	0.929299572509043	0	0.0	2010	0.6609667872410391	263	0.0864847089773101	198	0.06511016113120684	6	11	25	0.36363636363636365	0	0.0	6	1.0	0	0.0	0	0.0	0	0.0	10	0.9090909090909091	0	0.0	1	0.09090909090909091	0	0.0	20	0.8	0	0.0	5	0.2	0	0	1	1	1	0	0	2878751931	0	0	0
4812.0	54	0.011221945137157107	3	0.0006234413965087282	6595	1.3705320033250208	156	0.032418952618453865	133	0.027639235245220283	15	10	30	0.4	2	0.13333333333333333	12	0.8	0	0.0	1	0.06666666666666667	2	0.2	7	0.7	0	0.0	1	0.1	4	0.13333333333333333	23	0.7666666666666667	0	0.0	3	0.1	0	0	1	1	0	1	0	103351486	1	0	0
2692.0	63	0.023402674591381872	0	0.0	216	0.08023774145616643	20	0.007429420505200594	134	0.04977711738484398	12	12	84	0.21428571428571427	2	0.16666666666666666	9	0.75	0	0.0	1	0.08333333333333333	2	0.16666666666666666	7	0.5833333333333334	3	0.25	0	0.0	56	0.6666666666666666	11	0.13095238095238096	1	0.011904761904761904	16	0.19047619047619047	0	0	0	1	1	0	0	4080075975	1	0	0
3402.0	58	0.017048794826572605	1	0.00029394473838918284	841	0.24720752498530277	106	0.03115814226925338	117	0.03439153439153439	12	13	69	0.7	2	0.16666666666666666	9	0.75	0	0.0	1	0.08333333333333333	2	0.15384615384615385	11	0.8461538461538461	0	0.0	0	0.0	8	0.11594202898550725	44	0.6376811594202898	0	0.0	17	0.2463768115942029	1	0	1	1	1	0	0	2204845260	0	0	0
4091.0	750	0.18332925934979222	0	0.0	27885	6.816181862625275	72	0.017599608897580055	131	0.03202151063309704	5	6	80	0.25	1	0.2	4	0.8	0	0.0	0	0.0	1	0.16666666666666666	5	0.8333333333333334	0	0.0	0	0.0	19	0.2375	26	0.325	2	0.025	33	0.4125	1	0	1	1	0	1	0	452297933	1	0	1
4269.0	205	0.04802061372686812	8	0.0018739751698289998	4217	0.9878191613961115	122	0.028578121339892248	86	0.020145233075661746	20	12	62	0.6923076923076923	18	0.9	0	0.0	0	0.0	2	0.1	0	0.0	11	0.9166666666666666	0	0.0	1	0.08333333333333333	7	0.11290322580645161	43	0.6935483870967742	0	0.0	12	0.1935483870967742	0	0	1	1	0	1	0	330597583	1	0	0
3842.0	0	0.0	4	0.001041124414367517	2667	0.6941697032795419	649	0.16892243623112962	660	0.1717855283706403	14	12	129	0.9166666666666666	12	0.8571428571428571	0	0.0	0	0.0	2	0.14285714285714285	12	1.0	0	0.0	0	0.0	0	0.0	16	0.12403100775193798	79	0.6124031007751938	4	0.031007751937984496	30	0.23255813953488372	0	0	1	1	0	1	0	806307024	0	0	1
3754.0	8439	2.2480021310602023	0	0.0	6909	1.8404368673415024	308	0.08204581779435269	324	0.08630793819925413	17	7	0	0.18181818181818182	2	0.11764705882352941	14	0.8235294117647058	0	0.0	1	0.058823529411764705	0	0.0	6	0.8571428571428571	0	0.0	1	0.14285714285714285	0	0	0	0	0	0	0	0	0	0	0	1	0	0	0	986498262	0	0	0
5570.0	4	0.000718132854578097	6	0.0010771992818671453	879	0.1578096947935368	115	0.02064631956912029	102	0.018312387791741474	10	9	0	0.9	2	0.2	7	0.7	0	0.0	1	0.1	0	0.0	9	1.0	0	0.0	0	0.0	0	0	0	0	0	0	0	0	1	0	1	1	0	0	0	11142362	0	0	0
4629.0	6158	1.330308922013394	115	0.024843378699503132	105399	22.769280622164615	12846	2.7751134154244976	178	0.03845322963923094	14	10	92	0.21428571428571427	2	0.14285714285714285	11	0.7857142857142857	0	0.0	1	0.07142857142857142	0	0.0	10	1.0	0	0.0	0	0.0	13	0.14130434782608695	57	0.6195652173913043	2	0.021739130434782608	20	0.21739130434782608	1	0	1	1	0	1	0	165577958	0	0	0
2794.0	0	0.0	1	0.00035790980672870435	1642	0.5876879026485325	2	0.0007158196134574087	0	0.0	17	13	0	0.375	1	0.058823529411764705	14	0.8235294117647058	0	0.0	2	0.11764705882352941	3	0.23076923076923078	7	0.5384615384615384	3	0.23076923076923078	0	0.0	0	0	0	0	0	0	0	0	1	0	0	1	1	0	0	3385967848	1	0	0
2828.0	0	0.0	7	0.0024752475247524753	1328	0.4695898161244696	46	0.016265912305516265	1	0.0003536067892503536	16	14	125	0.9166666666666666	2	0.125	14	0.875	0	0.0	0	0.0	0	0.0	14	1.0	0	0.0	0	0.0	5	0.04	93	0.744	0	0.0	27	0.216	0	0	0	1	1	1	0	3247113450	1	0	0
2824.0	624	0.22096317280453256	1	0.0003541076487252125	8430	2.985127478753541	533	0.18873937677053823	1108	0.3923512747875354	11	7	82	0.3333333333333333	2	0.18181818181818182	8	0.7272727272727273	0	0.0	1	0.09090909090909091	1	0.14285714285714285	5	0.7142857142857143	0	0.0	1	0.14285714285714285	0	0.0	0	0.0	0	0.0	82	1.0	0	0	0	1	1	0	0	3251455231	1	0	1
4850.0	1177	0.24268041237113402	0	0.0	621	0.12804123711340207	21	0.004329896907216495	308	0.06350515463917526	3	11	12	0.3333333333333333	1	0.3333333333333333	2	0.6666666666666666	0	0.0	0	0.0	1	0.09090909090909091	10	0.9090909090909091	0	0.0	0	0.0	1	0.08333333333333333	9	0.75	0	0.0	2	0.16666666666666666	1	0	1	1	0	0	0	94274816	1	0	1
4155.0	282	0.06787003610108304	94	0.02262334536702768	43105	10.37424789410349	401	0.09651022864019254	340	0.08182912154031288	18	9	150	0.5	3	0.16666666666666666	13	0.7222222222222222	0	0.0	2	0.1111111111111111	0	0.0	8	0.8888888888888888	0	0.0	1	0.1111111111111111	13	0.08666666666666667	106	0.7066666666666667	0	0.0	31	0.20666666666666667	1	0	1	1	0	0	0	400557314	0	0	1
2840.0	858	0.302112676056338	0	0.0	3241	1.1411971830985916	19	0.006690140845070422	56	0.01971830985915493	9	8	72	0.0	0	0.0	0	0.0	0	0.0	9	1.0	2	0.25	6	0.75	0	0.0	0	0.0	0	0.0	0	0.0	0	0.0	72	1.0	0	0	1	1	1	0	0	3309257997	1	0	1
4112.0	2264	0.5505836575875487	20	0.0048638132295719845	15453	3.758025291828794	1058	0.25729571984435795	2179	0.5299124513618677	19	11	107	0.5833333333333334	0	0.0	17	0.8947368421052632	0	0.0	2	0.10526315789473684	2	0.18181818181818182	9	0.8181818181818182	0	0.0	0	0.0	14	0.1308411214953271	65	0.6074766355140186	5	0.04672897196261682	23	0.21495327102803738	0	0	1	1	0	1	0	434308370	1	0	0
3289.0	11911	3.6214654910307083	3	0.0009121313469139556	7388	2.246275463666768	131	0.03982973548190939	440	0.13377926421404682	11	12	27	0.7777777777777778	1	0.09090909090909091	6	0.5454545454545454	3	0.2727272727272727	1	0.09090909090909091	1	0.08333333333333333	6	0.5	3	0.25	2	0.16666666666666666	3	0.1111111111111111	16	0.5925925925925926	3	0.1111111111111111	5	0.18518518518518517	0	0	1	1	0	0	0	2386674962	0	0	0
3864.0	13648	3.5320910973084887	4	0.0010351966873706005	2936	0.7598343685300207	808	0.20910973084886128	449	0.1162008281573499	6	7	36	0.8333333333333334	0	0.0	6	1.0	0	0.0	0	0.0	0	0.0	6	0.8571428571428571	0	0.0	1	0.14285714285714285	4	0.1111111111111111	27	0.75	0	0.0	5	0.1388888888888889	1	0	1	1	0	1	0	759301404	0	0	0
4043.0	30353	7.507543903042295	3	0.0007420232500618352	14874	3.6789512738065793	401	0.09918377442493198	456	0.11278753400939896	11	15	47	0.21428571428571427	0	0.0	11	1.0	0	0.0	0	0.0	0	0.0	15	1.0	0	0.0	0	0.0	0	0.0	33	0.7021276595744681	4	0.0851063829787234	10	0.2127659574468085	1	0	0	1	0	1	0	495273264	0	0	0
2993.0	1333	0.44537253591714	1	0.0003341129301703976	1581	0.5282325425993986	92	0.030738389575676577	112	0.03742064817908453	9	13	45	0.3333333333333333	0	0.0	5	0.5555555555555556	0	0.0	4	0.4444444444444444	0	0.0	12	0.9230769230769231	0	0.0	1	0.07692307692307693	0	0.0	38	0.8444444444444444	0	0.0	7	0.15555555555555556	0	0	1	1	1	0	0	2957034817	0	0	0
4710.0	26015	5.523354564755839	11	0.002335456475583864	25985	5.516985138004246	238	0.0505307855626327	494	0.10488322717622081	15	8	71	0.2	2	0.13333333333333333	12	0.8	0	0.0	1	0.06666666666666667	0	0.0	8	1.0	0	0.0	0	0.0	6	0.08450704225352113	51	0.7183098591549296	0	0.0	14	0.19718309859154928	0	0	1	1	1	0	0	135693647	0	0	0
4667.0	0	0.0	12	0.0025712449110777804	16642	3.565888150846368	1212	0.2596957360188558	1558	0.33383329762159847	9	8	58	0.875	2	0.2222222222222222	6	0.6666666666666666	0	0.0	1	0.1111111111111111	1	0.125	7	0.875	0	0.0	0	0.0	3	0.05172413793103448	43	0.7413793103448276	0	0.0	12	0.20689655172413793	0	0	1	1	0	1	0	151717207	1	0	1
5061.0	5074	1.0025686623196997	44	0.008693934005137325	125992	24.894684844892314	4550	0.8990318118948825	944	0.18652440229203715	12	10	63	0.16666666666666666	2	0.16666666666666666	9	0.75	0	0.0	1	0.08333333333333333	1	0.1	9	0.9	0	0.0	0	0.0	2	0.031746031746031744	46	0.7301587301587301	0	0.0	15	0.23809523809523808	1	0	1	1	0	1	0	38208868	0	0	0
2721.0	4414	1.6221977214259464	1	0.0003675119441381845	11821	4.344358691657479	487	0.17897831679529586	279	0.10253583241455347	3	8	0	0.2857142857142857	0	0.0	3	1.0	0	0.0	0	0.0	0	0.0	8	1.0	0	0.0	0	0.0	0	0	0	0	0	0	0	0	1	0	1	0	0	0	0	3758458213	0	0	0
3023.0	6065	2.0062851472047636	1	0.0003307972213033411	5081	1.6807806814422759	203	0.06715183592457824	416	0.13761164406218987	13	12	28	0.35714285714285715	2	0.15384615384615385	10	0.7692307692307693	0	0.0	1	0.07692307692307693	0	0.0	10	0.8333333333333334	2	0.16666666666666666	0	0.0	6	0.21428571428571427	12	0.42857142857142855	0	0.0	10	0.35714285714285715	1	0	0	0	0	0	0	2904622445	0	0	0
4254.0	18336	4.310296191819464	6	0.0014104372355430183	41975	9.867183826986366	235	0.055242125058768216	445	0.10460742830277386	4	9	153	0.0	0	0.0	0	0.0	0	0.0	4	1.0	0	0.0	9	1.0	0	0.0	0	0.0	28	0.1830065359477124	5	0.032679738562091505	16	0.10457516339869281	104	0.6797385620915033	1	0	0	1	1	1	0	340313456	0	0	0
2872.0	0	0.0	240	0.08356545961002786	10935	3.807451253481894	73	0.02541782729805014	36	0.012534818941504178	14	12	0	0.9090909090909091	3	0.21428571428571427	9	0.6428571428571429	0	0.0	2	0.14285714285714285	0	0.0	12	1.0	0	0.0	0	0.0	0	0	0	0	0	0	0	0	0	0	0	1	0	0	0	3184592250	1	0	1
4215.0	5773	1.369632265717675	0	0.0	9687	2.298220640569395	221	0.05243179122182681	256	0.06073546856465006	5	11	12	0.5555555555555556	0	0.0	5	1.0	0	0.0	0	0.0	0	0.0	11	1.0	0	0.0	0	0.0	0	0.0	10	0.8333333333333334	0	0.0	2	0.16666666666666666	1	0	1	1	0	0	0	364545427	0	0	0
3576.0	45501	12.723993288590604	2	0.0005592841163310962	9430	2.6370246085011186	1131	0.3162751677852349	532	0.1487695749440716	2	13	0	0.0	0	0.0	2	1.0	0	0.0	0	0.0	0	0.0	13	1.0	0	0.0	0	0.0	0	0	0	0	0	0	0	0	1	0	0	1	0	0	0	1470186901	0	0	0
3702.0	87270	23.573743922204216	3	0.0008103727714748784	6657	1.7982171799027553	165	0.04457050243111831	1088	0.2938951917882226	3	15	88	0.16666666666666666	1	0.3333333333333333	2	0.6666666666666666	0	0.0	0	0.0	0	0.0	15	1.0	0	0.0	0	0.0	0	0.0	72	0.8181818181818182	0	0.0	16	0.18181818181818182	0	0	1	1	0	0	0	1117291927	0	0	0
2916.0	2	0.0006858710562414266	180	0.06172839506172839	2301	0.7890946502057613	348	0.11934156378600823	69	0.023662551440329218	12	15	69	0.7692307692307693	3	0.25	8	0.6666666666666666	0	0.0	1	0.08333333333333333	4	0.26666666666666666	11	0.7333333333333333	0	0.0	0	0.0	4	0.057971014492753624	53	0.7681159420289855	0	0.0	12	0.17391304347826086	0	0	1	1	1	1	0	3101509017	0	0	1
2786.0	746	0.26776740847092606	0	0.0	35	0.01256281407035176	179	0.06424982053122756	93	0.03338119167264896	15	15	46	1.0	3	0.2	9	0.6	1	0.06666666666666667	2	0.13333333333333333	4	0.26666666666666666	8	0.5333333333333333	1	0.06666666666666667	2	0.13333333333333333	12	0.2608695652173913	25	0.5434782608695652	1	0.021739130434782608	8	0.17391304347826086	0	0	1	1	1	1	0	3392865693	1	0	1
3748.0	5235	1.396744930629669	0	0.0	17139	4.572838847385272	139	0.03708644610458912	226	0.06029882604055496	10	9	21	0.625	1	0.1	9	0.9	0	0.0	0	0.0	1	0.1111111111111111	6	0.6666666666666666	0	0.0	2	0.2222222222222222	2	0.09523809523809523	12	0.5714285714285714	2	0.09523809523809523	5	0.23809523809523808	1	0	0	1	0	1	0	998131124	0	0	0
4904.0	70	0.014274061990212071	6	0.0012234910277324632	51831	10.569127243066884	3114	0.6349918433931484	1976	0.4029363784665579	10	9	52	0.6	1	0.1	7	0.7	0	0.0	2	0.2	1	0.1111111111111111	8	0.8888888888888888	0	0.0	0	0.0	2	0.038461538461538464	31	0.5961538461538461	3	0.057692307692307696	16	0.3076923076923077	1	0	1	1	0	1	0	81266106	0	0	0
5024.0	11	0.0021894904458598726	175	0.0348328025477707	6364	1.26671974522293	155	0.030851910828025478	55	0.010947452229299362	16	15	0	0.2777777777777778	2	0.125	13	0.8125	0	0.0	1	0.0625	2	0.13333333333333333	13	0.8666666666666667	0	0.0	0	0.0	0	0	0	0	0	0	0	0	1	0	1	1	0	0	0	46466493	1	0	0
3120.0	773	0.24775641025641026	0	0.0	534	0.17115384615384616	42	0.013461538461538462	37	0.011858974358974358	13	11	82	0.5	2	0.15384615384615385	10	0.7692307692307693	0	0.0	1	0.07692307692307693	1	0.09090909090909091	10	0.9090909090909091	0	0.0	0	0.0	2	0.024390243902439025	61	0.7439024390243902	0	0.0	19	0.23170731707317074	1	0	1	1	1	0	0	2777859517	0	0	0
3405.0	8358	2.454625550660793	5	0.0014684287812041115	631	0.1853157121879589	337	0.09897209985315712	810	0.23788546255506607	12	9	90	0.75	0	0.0	11	0.9166666666666666	0	0.0	1	0.08333333333333333	0	0.0	9	1.0	0	0.0	0	0.0	0	0.0	70	0.7777777777777778	0	0.0	20	0.2222222222222222	0	0	1	1	0	0	0	2198357449	0	0	0
5095.0	212	0.041609421000981354	53	0.010402355250245339	3071	0.602747791952895	1526	0.2995093228655545	372	0.07301275760549558	16	13	106	1.0	3	0.1875	13	0.8125	0	0.0	0	0.0	1	0.07692307692307693	12	0.9230769230769231	0	0.0	0	0.0	3	0.02830188679245283	86	0.8113207547169812	0	0.0	17	0.16037735849056603	1	0	1	1	0	1	0	28345809	0	0	0
3923.0	3660	0.9329594697935254	6	0.0015294417537598777	8208	2.0922763191435125	259	0.06602090237063472	285	0.07264848330359419	14	9	62	0.058823529411764705	2	0.14285714285714285	10	0.7142857142857143	0	0.0	2	0.14285714285714285	0	0.0	8	0.8888888888888888	0	0.0	1	0.1111111111111111	4	0.06451612903225806	27	0.43548387096774194	6	0.0967741935483871	25	0.4032258064516129	1	0	0	1	1	0	0	610485717	0	0	0
4612.0	6725	1.4581526452732003	1	0.0002168256721595837	46672	10.11968777103209	378	0.08196010407632263	57	0.012359063313096271	5	15	0	0.25	1	0.2	4	0.8	0	0.0	0	0.0	2	0.13333333333333333	12	0.8	0	0.0	1	0.06666666666666667	0	0	0	0	0	0	0	0	0	0	1	1	0	0	0	172393943	0	0	0
4203.0	21720	5.1677373304782295	1	0.00023792529145848205	18936	4.505353319057816	165	0.039257673090649536	131	0.031168213181061145	15	12	23	0.5384615384615384	2	0.13333333333333333	12	0.8	0	0.0	1	0.06666666666666667	1	0.08333333333333333	10	0.8333333333333334	1	0.08333333333333333	0	0.0	6	0.2608695652173913	11	0.4782608695652174	1	0.043478260869565216	5	0.21739130434782608	1	0	0	1	0	0	0	371557860	0	0	0
3008.0	0	0.0	0	0.0	1914	0.6363031914893617	9	0.0029920212765957447	0	0.0	11	13	0	0.8571428571428571	2	0.18181818181818182	8	0.7272727272727273	0	0.0	1	0.09090909090909091	5	0.38461538461538464	8	0.6153846153846154	0	0.0	0	0.0	0	0	0	0	0	0	0	0	0	0	0	1	1	0	0	2935260660	1	0	1
2924.0	13	0.004445964432284542	3	0.0010259917920656635	2111	0.7219562243502052	163	0.05574555403556772	270	0.09233926128590972	15	13	41	0.6666666666666666	2	0.13333333333333333	12	0.8	0	0.0	1	0.06666666666666667	13	1.0	0	0.0	0	0.0	0	0.0	6	0.14634146341463414	23	0.5609756097560976	2	0.04878048780487805	10	0.24390243902439024	0	0	1	1	1	1	0	3077047801	1	0	1
4416.0	3457	0.7828351449275363	2	0.0004528985507246377	20502	4.642663043478261	467	0.1057518115942029	352	0.07971014492753623	13	14	51	0.7272727272727273	0	0.0	12	0.9230769230769231	0	0.0	1	0.07692307692307693	0	0.0	12	0.8571428571428571	2	0.14285714285714285	0	0.0	2	0.0392156862745098	35	0.6862745098039216	2	0.0392156862745098	12	0.23529411764705882	0	0	1	1	0	0	0	249873915	0	0	0
4995.0	6084	1.218018018018018	4	0.0008008008008008008	11683	2.338938938938939	1475	0.2952952952952953	1500	0.3003003003003003	15	8	0	0.21428571428571427	12	0.8	0	0.0	0	0.0	3	0.2	0	0.0	5	0.625	3	0.375	0	0.0	0	0	0	0	0	0	0	0	0	0	1	1	1	0	0	55772674	0	0	0
4191.0	4370	1.0427105702696253	2	0.0004772130756382725	11030	2.6318301121450727	303	0.07229778095919828	25	0.005965163445478406	11	12	83	0.0	0	0.0	0	0.0	0	0.0	11	1.0	0	0.0	11	0.9166666666666666	0	0.0	1	0.08333333333333333	2	0.024096385542168676	63	0.7590361445783133	0	0.0	18	0.21686746987951808	1	0	1	1	0	0	0	378570257	0	0	0
3208.0	28	0.008728179551122194	0	0.0	4	0.0012468827930174563	115	0.03584788029925187	115	0.03584788029925187	9	12	107	0.3333333333333333	1	0.1111111111111111	8	0.8888888888888888	0	0.0	0	0.0	2	0.16666666666666666	10	0.8333333333333334	0	0.0	0	0.0	6	0.056074766355140186	74	0.6915887850467289	0	0.0	27	0.2523364485981308	0	0	1	1	1	0	0	2577843735	0	0	1
3142.0	2	0.0006365372374283895	18	0.005728835136855506	646	0.20560152768936982	174	0.05537873965626989	1186	0.377466581795035	20	6	140	0.26666666666666666	0	0.0	20	1.0	0	0.0	0	0.0	1	0.16666666666666666	3	0.5	1	0.16666666666666666	1	0.16666666666666666	17	0.12142857142857143	104	0.7428571428571429	0	0.0	19	0.1357142857142857	0	0	1	1	0	1	0	2714388032	1	0	1
4289.0	2424	0.5651667055257635	0	0.0	1712	0.39916064350664493	107	0.024947540219165308	188	0.043833061319654934	11	6	157	0.09090909090909091	2	0.18181818181818182	8	0.7272727272727273	0	0.0	1	0.09090909090909091	0	0.0	4	0.6666666666666666	2	0.3333333333333333	0	0.0	6	0.03821656050955414	108	0.6878980891719745	1	0.006369426751592357	42	0.267515923566879	1	0	1	1	0	1	0	318768709	0	0	0
2845.0	68	0.02390158172231986	0	0.0	1374	0.48295254833040424	41	0.014411247803163444	52	0.018277680140597538	8	13	33	0.11764705882352941	0	0.0	8	1.0	0	0.0	0	0.0	4	0.3076923076923077	8	0.6153846153846154	0	0.0	1	0.07692307692307693	0	0.0	0	0.0	0	0.0	33	1.0	0	0	1	1	1	0	0	3231663692	1	0	0
3477.0	4720	1.357492090882945	0	0.0	6759	1.9439171699741156	385	0.11072763876905378	330	0.09490940465918896	11	11	0	0.9	0	0.0	10	0.9090909090909091	0	0.0	1	0.09090909090909091	2	0.18181818181818182	9	0.8181818181818182	0	0.0	0	0.0	0	0	0	0	0	0	0	0	1	0	1	1	0	0	0	1733822028	0	0	0
5064.0	725	0.14316745655608215	7	0.001382306477093207	25018	4.940363349131122	892	0.17614533965244866	1791	0.3536729857819905	4	15	76	0.23076923076923078	3	0.75	0	0.0	0	0.0	1	0.25	4	0.26666666666666666	10	0.6666666666666666	0	0.0	1	0.06666666666666667	11	0.14473684210526316	44	0.5789473684210527	2	0.02631578947368421	19	0.25	1	0	1	1	0	1	0	37307990	0	0	0
3429.0	3640	1.0615339749198016	40	0.011665208515602217	12409	3.618839311752698	426	0.1242344706911636	884	0.257801108194809	24	12	160	0.5	8	0.3333333333333333	15	0.625	0	0.0	1	0.041666666666666664	3	0.25	9	0.75	0	0.0	0	0.0	4	0.025	121	0.75625	0	0.0	35	0.21875	0	0	1	1	0	1	0	2151712344	1	0	0
3366.0	14265	4.237967914438503	6	0.0017825311942959	14138	4.200237670825906	879	0.2611408199643494	0	0.0	5	14	0	0.2727272727272727	0	0.0	4	0.8	0	0.0	1	0.2	0	0.0	14	1.0	0	0.0	0	0.0	0	0	0	0	0	0	0	0	1	0	1	0	0	1	0	2261845596	0	0	0
3803.0	1298	0.34130949250591636	1	0.00026295030239284776	812	0.21351564554299238	55	0.014462266631606626	109	0.028661582960820404	8	10	0	0.5555555555555556	2	0.25	5	0.625	0	0.0	1	0.125	0	0.0	7	0.7	2	0.2	1	0.1	0	0	0	0	0	0	0	0	1	0	0	1	1	0	0	881182314	1	0	1
3503.0	0	0.0	0	0.0	2156	0.6154724521838424	11	0.003140165572366543	46	0.013131601484441906	13	14	0	0.0	0	0.0	0	0.0	0	0.0	13	1.0	0	0.0	4	0.2857142857142857	10	0.7142857142857143	0	0.0	0	0	0	0	0	0	0	0	0	0	0	1	0	0	0	1661470322	1	0	1
4535.0	19418	4.28180815876516	3	0.000661521499448732	10278	2.266372657111356	434	0.09570011025358324	293	0.06460859977949283	12	11	39	0.7	2	0.16666666666666666	9	0.75	0	0.0	1	0.08333333333333333	0	0.0	11	1.0	0	0.0	0	0.0	0	0.0	28	0.717948717948718	0	0.0	11	0.28205128205128205	0	0	0	1	1	0	0	202425971	0	0	0
2644.0	3658	1.3835098335854765	0	0.0	3918	1.4818456883509834	174	0.06580937972768533	210	0.0794251134644478	3	15	99	0.3333333333333333	3	1.0	0	0.0	0	0.0	0	0.0	0	0.0	10	0.6666666666666666	0	0.0	5	0.3333333333333333	9	0.09090909090909091	76	0.7676767676767676	0	0.0	14	0.1414141414141414	0	0	0	1	1	1	0	4517021320	1	0	1
4249.0	0	0.0	10	0.002353494939985879	2584	0.6081430924923511	321	0.07554718757354671	3	0.0007060484819957637	20	11	151	0.4666666666666667	3	0.15	13	0.65	0	0.0	4	0.2	0	0.0	11	1.0	0	0.0	0	0.0	10	0.06622516556291391	111	0.7350993377483444	0	0.0	30	0.1986754966887417	0	0	1	1	1	1	0	343033496	1	0	0
2864.0	2865	1.000349162011173	2	0.0006983240223463687	4448	1.553072625698324	161	0.05621508379888268	153	0.05342178770949721	5	9	0	0.3333333333333333	1	0.2	2	0.4	0	0.0	2	0.4	0	0.0	8	0.8888888888888888	0	0.0	1	0.1111111111111111	0	0	0	0	0	0	0	0	1	0	0	0	0	0	0	3192686232	0	0	0
4231.0	11855	2.80193807610494	12	0.0028362089340581422	27754	6.559678562987473	570	0.13471992436776176	1746	0.4126683999054597	3	14	0	0.08333333333333333	1	0.3333333333333333	2	0.6666666666666666	0	0.0	0	0.0	0	0.0	12	0.8571428571428571	2	0.14285714285714285	0	0.0	0	0	0	0	0	0	0	0	1	0	0	1	1	0	0	354993844	0	0	0
3961.0	0	0.0	0	0.0	15148	3.8242867962635696	102	0.02575107296137339	1	0.00025246149962130775	15	13	21	0.7272727272727273	14	0.9333333333333333	0	0.0	0	0.0	1	0.06666666666666667	3	0.23076923076923078	10	0.7692307692307693	0	0.0	0	0.0	1	0.047619047619047616	17	0.8095238095238095	0	0.0	3	0.14285714285714285	1	0	1	1	1	1	0	576341696	1	0	0
3012.0	7906	2.6248339973439574	3	0.00099601593625498	41595	13.8097609561753	2362	0.7841965471447543	0	0.0	10	13	13	0.2857142857142857	1	0.1	5	0.5	0	0.0	4	0.4	0	0.0	12	0.9230769230769231	0	0.0	1	0.07692307692307693	0	0.0	11	0.8461538461538461	0	0.0	2	0.15384615384615385	1	0	0	1	1	0	0	2922268353	0	0	0
3716.0	1580	0.4251883745963401	0	0.0	9027	2.4292249730893434	3236	0.8708288482238966	3343	0.8996232508073198	5	11	33	0.4	1	0.2	4	0.8	0	0.0	0	0.0	0	0.0	11	1.0	0	0.0	0	0.0	5	0.15151515151515152	20	0.6060606060606061	0	0.0	8	0.24242424242424243	1	0	0	1	0	0	0	1077249764	0	0	0
5079.0	308	0.06064185863358929	50	0.009844457570387872	61284	12.066154754873006	1584	0.3118724158298878	2008	0.3953534160267769	16	15	50	0.9230769230769231	2	0.125	13	0.8125	0	0.0	1	0.0625	2	0.13333333333333333	13	0.8666666666666667	0	0.0	0	0.0	4	0.08	39	0.78	0	0.0	7	0.14	0	0	1	1	0	1	0	32737005	1	0	1
4896.0	2687	0.5488153594771242	10	0.002042483660130719	2254	0.460375816993464	187	0.03819444444444445	581	0.11866830065359477	10	7	25	0.6666666666666666	1	0.1	8	0.8	0	0.0	1	0.1	0	0.0	7	1.0	0	0.0	0	0.0	3	0.12	18	0.72	0	0.0	4	0.16	0	0	1	0	0	0	0	83314414	0	0	0
3152.0	1095	0.3473984771573604	0	0.0	1096	0.3477157360406091	13	0.004124365482233503	0	0.0	11	15	72	0.15789473684210525	10	0.9090909090909091	0	0.0	0	0.0	1	0.09090909090909091	4	0.26666666666666666	8	0.5333333333333333	3	0.2	0	0.0	7	0.09722222222222222	51	0.7083333333333334	0	0.0	14	0.19444444444444445	0	0	1	0	0	1	0	2687223536	1	0	1
5007.0	1964	0.39225084881166367	9	0.0017974835230677051	3959	0.7906930297583383	230	0.04593569003395247	298	0.059516676652686236	14	9	34	0.5	2	0.14285714285714285	11	0.7857142857142857	0	0.0	1	0.07142857142857142	2	0.2222222222222222	6	0.6666666666666666	0	0.0	1	0.1111111111111111	1	0.029411764705882353	20	0.5882352941176471	0	0.0	13	0.38235294117647056	0	0	1	1	0	0	0	52053744	0	0	0
4090.0	3	0.0007334963325183374	0	0.0	2847	0.6960880195599022	6	0.001466992665036675	4	0.0009779951100244498	13	11	0	0.5555555555555556	2	0.15384615384615385	10	0.7692307692307693	0	0.0	1	0.07692307692307693	0	0.0	10	0.9090909090909091	0	0.0	1	0.09090909090909091	0	0	0	0	0	0	0	0	0	0	0	1	1	0	0	452462357	1	0	0
4898.0	2443	0.49877501020824827	0	0.0	5409	1.1043282972641895	167	0.03409554920375663	245	0.0500204164965292	11	9	62	0.2	2	0.18181818181818182	8	0.7272727272727273	0	0.0	1	0.09090909090909091	0	0.0	8	0.8888888888888888	1	0.1111111111111111	0	0.0	1	0.016129032258064516	51	0.8225806451612904	0	0.0	10	0.16129032258064516	1	0	0	1	1	0	0	82741018	0	0	0
4067.0	8236	2.025079911482665	2	0.0004917629702483403	4695	1.154413572657979	368	0.09048438652569461	541	0.13302188345217605	13	13	74	0.8	2	0.15384615384615385	10	0.7692307692307693	0	0.0	1	0.07692307692307693	2	0.15384615384615385	10	0.7692307692307693	0	0.0	1	0.07692307692307693	1	0.013513513513513514	56	0.7567567567567568	0	0.0	17	0.22972972972972974	1	0	0	1	0	0	0	473417503	0	0	0
3494.0	25210	7.215226101888953	8	0.0022896393817973667	33917	9.707212364052662	172	0.04922724670864339	334	0.09559244419004007	11	10	36	0.0	0	0.0	5	0.45454545454545453	0	0.0	6	0.5454545454545454	0	0.0	10	1.0	0	0.0	0	0.0	0	0.0	29	0.8055555555555556	0	0.0	7	0.19444444444444445	0	0	1	1	1	0	0	1684391718	0	0	0
5047.0	21213	4.20309094511591	7	0.0013869625520110957	26247	5.200515157519319	404	0.08004755300178323	2312	0.4580939171785219	17	14	141	0.6923076923076923	2	0.11764705882352941	14	0.8235294117647058	0	0.0	1	0.058823529411764705	2	0.14285714285714285	12	0.8571428571428571	0	0.0	0	0.0	12	0.0851063829787234	97	0.6879432624113475	2	0.014184397163120567	30	0.2127659574468085	1	0	1	1	0	1	0	41223975	0	0	0
2892.0	0	0.0	0	0.0	37502	12.967496542185339	2	0.0006915629322268327	6	0.002074688796680498	18	11	87	0.23529411764705882	2	0.1111111111111111	15	0.8333333333333334	0	0.0	1	0.05555555555555555	0	0.0	11	1.0	0	0.0	0	0.0	4	0.04597701149425287	66	0.7586206896551724	0	0.0	17	0.19540229885057472	0	0	1	1	0	0	0	3165751084	1	0	1
5189.0	16811	3.2397379071111967	5	0.0009635767970707265	16055	3.0940450953941028	188	0.03623048756985932	487	0.09385238003468876	7	15	18	0.25	0	0.0	7	1.0	0	0.0	0	0.0	0	0.0	15	1.0	0	0.0	0	0.0	0	0.0	14	0.7777777777777778	0	0.0	4	0.2222222222222222	0	0	0	0	0	1	0	18433843	0	0	0
3095.0	11202	3.6193861066235864	4	0.0012924071082390954	13245	4.279483037156704	47	0.01518578352180937	25	0.008077544426494346	9	9	70	1.0	1	0.1111111111111111	8	0.8888888888888888	0	0.0	0	0.0	1	0.1111111111111111	8	0.8888888888888888	0	0.0	0	0.0	5	0.07142857142857142	46	0.6571428571428571	0	0.0	19	0.2714285714285714	0	0	1	1	1	0	0	2827142990	0	0	0
2756.0	2203	0.7993468795355588	2	0.000725689404934688	339	0.12300435413642961	42	0.015239477503628448	95	0.03447024673439768	15	15	21	0.8	2	0.13333333333333333	12	0.8	0	0.0	1	0.06666666666666667	3	0.2	12	0.8	0	0.0	0	0.0	2	0.09523809523809523	15	0.7142857142857143	1	0.047619047619047616	3	0.14285714285714285	0	0	1	0	0	0	0	3463464796	1	0	0
4248.0	35	0.008239171374764594	20	0.004708097928436911	1024	0.24105461393596986	104	0.02448210922787194	355	0.08356873822975518	5	8	44	0.3	0	0.0	5	1.0	0	0.0	0	0.0	0	0.0	8	1.0	0	0.0	0	0.0	5	0.11363636363636363	33	0.75	0	0.0	6	0.13636363636363635	0	0	1	1	1	0	0	343951197	0	0	1
2841.0	6800	2.393523407250968	0	0.0	1353	0.47624076029567053	119	0.04188665962689194	38	0.013375571981696586	15	13	89	0.26666666666666666	2	0.13333333333333333	12	0.8	0	0.0	1	0.06666666666666667	3	0.23076923076923078	10	0.7692307692307693	0	0.0	0	0.0	9	0.10112359550561797	62	0.6966292134831461	1	0.011235955056179775	17	0.19101123595505617	0	0	0	1	0	1	0	3307702109	0	0	0
2857.0	8	0.00280014000700035	0	0.0	321	0.11235561778088904	6	0.0021001050052502626	15	0.005250262513125656	14	13	127	0.9	2	0.14285714285714285	11	0.7857142857142857	0	0.0	1	0.07142857142857142	2	0.15384615384615385	11	0.8461538461538461	0	0.0	0	0.0	19	0.14960629921259844	86	0.6771653543307087	2	0.015748031496062992	20	0.15748031496062992	0	0	1	1	1	1	0	3219687284	1	0	1
3704.0	9362	2.527537796976242	15	0.004049676025917927	23875	6.4457343412527	813	0.21949244060475162	1443	0.38957883369330454	9	8	12	0.8888888888888888	2	0.2222222222222222	6	0.6666666666666666	0	0.0	1	0.1111111111111111	2	0.25	6	0.75	0	0.0	0	0.0	0	0.0	11	0.9166666666666666	0	0.0	1	0.08333333333333333	1	0	1	1	0	0	0	1111607167	0	0	0
5069.0	2014	0.3973170250542513	254	0.050108502663247186	6044	1.1923456303018347	6427	1.2679029394357861	968	0.19096468731505228	9	8	43	0.875	2	0.2222222222222222	6	0.6666666666666666	0	0.0	1	0.1111111111111111	0	0.0	8	1.0	0	0.0	0	0.0	4	0.09302325581395349	34	0.7906976744186046	0	0.0	5	0.11627906976744186	1	0	1	1	1	1	1	35850114	0	0	0
5093.0	5	0.0009817396426467701	0	0.0	35	0.0068721774985273905	15	0.0029452189279403104	64	0.012566267425878658	9	9	154	1.0	0	0.0	9	1.0	0	0.0	0	0.0	0	0.0	9	1.0	0	0.0	0	0.0	16	0.1038961038961039	97	0.6298701298701299	12	0.07792207792207792	29	0.18831168831168832	0	0	1	1	0	0	0	28706697	0	0	0
4809.0	511	0.10625909752547306	1	0.0002079434393844874	49619	10.317945518818881	737	0.15325431482636723	0	0.0	10	6	12	0.4	2	0.2	7	0.7	0	0.0	1	0.1	0	0.0	5	0.8333333333333334	0	0.0	1	0.16666666666666666	0	0.0	10	0.8333333333333334	0	0.0	2	0.16666666666666666	0	0	1	1	0	1	0	104449942	1	0	1
3216.0	12825	3.987873134328358	5	0.001554726368159204	107011	33.27456467661692	692	0.21517412935323382	303	0.09421641791044776	8	13	41	0.21428571428571427	0	0.0	6	0.75	0	0.0	2	0.25	0	0.0	13	1.0	0	0.0	0	0.0	0	0.0	33	0.8048780487804879	0	0.0	8	0.1951219512195122	0	0	1	1	0	0	0	2522367901	0	0	0
3809.0	0	0.0	0	0.0	6615	1.7366762929902861	16	0.00420057757941717	0	0.0	18	12	0	0.4666666666666667	2	0.1111111111111111	15	0.8333333333333334	0	0.0	1	0.05555555555555555	2	0.16666666666666666	8	0.6666666666666666	2	0.16666666666666666	0	0.0	0	0	0	0	0	0	0	0	0	0	0	1	1	1	0	868796322	1	0	0
4015.0	0	0.0	0	0.0	1129	0.28119551681195515	123	0.030635118306351183	0	0.0	15	9	36	0.26666666666666666	3	0.2	10	0.6666666666666666	0	0.0	2	0.13333333333333333	0	0.0	5	0.5555555555555556	4	0.4444444444444444	0	0.0	1	0.027777777777777776	29	0.8055555555555556	0	0.0	6	0.16666666666666666	0	0	0	1	1	1	0	527681453	1	0	1
4068.0	816	0.20058997050147492	41	0.01007866273352999	85023	20.900442477876105	9107	2.238692232055064	90	0.022123893805309734	9	10	132	0.21428571428571427	1	0.1111111111111111	3	0.3333333333333333	0	0.0	5	0.5555555555555556	6	0.6	3	0.3	0	0.0	1	0.1	25	0.1893939393939394	61	0.4621212121212121	1	0.007575757575757576	45	0.3409090909090909	1	0	1	1	0	1	0	472532911	1	0	0
4192.0	1	0.00023854961832061068	0	0.0	2550	0.6083015267175572	6	0.0014312977099236641	0	0.0	8	11	0	0.14285714285714285	0	0.0	8	1.0	0	0.0	0	0.0	2	0.18181818181818182	8	0.7272727272727273	1	0.09090909090909091	0	0.0	0	0	0	0	0	0	0	0	0	0	0	1	1	0	0	377767865	1	0	1
5024.0	41622	8.284633757961783	9	0.0017914012738853504	33928	6.753184713375796	764	0.1520700636942675	2179	0.43371815286624205	11	10	82	0.125	1	0.09090909090909091	7	0.6363636363636364	0	0.0	3	0.2727272727272727	2	0.2	8	0.8	0	0.0	0	0.0	1	0.012195121951219513	64	0.7804878048780488	0	0.0	17	0.2073170731707317	0	0	1	0	0	0	0	46467001	0	0	0
3503.0	6895	1.9683128746788467	0	0.0	6234	1.7796174707393662	225	0.0642306594347702	216	0.06166143305737939	5	8	66	0.09090909090909091	0	0.0	4	0.8	1	0.2	0	0.0	0	0.0	8	1.0	0	0.0	0	0.0	0	0.0	41	0.6212121212121212	2	0.030303030303030304	23	0.3484848484848485	0	0	1	1	1	1	0	1661700032	0	0	0
2882.0	0	0.0	2	0.0006939625260235947	936	0.3247744621790423	11	0.003816793893129771	2	0.0006939625260235947	12	11	0	0.8888888888888888	2	0.16666666666666666	9	0.75	0	0.0	1	0.08333333333333333	2	0.18181818181818182	9	0.8181818181818182	0	0.0	0	0.0	0	0	0	0	0	0	0	0	0	0	0	1	1	0	0	3200944072	0	0	0
3774.0	677	0.17938526762056173	4	0.0010598834128245894	1208	0.320084790673026	106	0.028086910439851617	301	0.07975622681505035	17	15	112	0.9	3	0.17647058823529413	12	0.7058823529411765	0	0.0	2	0.11764705882352941	3	0.2	12	0.8	0	0.0	0	0.0	1	0.008928571428571428	87	0.7767857142857143	0	0.0	24	0.21428571428571427	0	0	1	1	1	1	0	944670684	0	0	0
5112.0	4645	0.9086463223787168	32	0.006259780907668232	4434	0.8673708920187794	347	0.06787949921752738	948	0.18544600938967137	15	12	52	0.5454545454545454	2	0.13333333333333333	12	0.8	0	0.0	1	0.06666666666666667	0	0.0	12	1.0	0	0.0	0	0.0	8	0.15384615384615385	35	0.6730769230769231	0	0.0	9	0.17307692307692307	1	0	1	1	0	0	0	24594398	1	0	0
3069.0	1593	0.5190615835777126	97	0.03160638644509612	2410	0.7852720755946563	686	0.22352557836428805	622	0.20267188009123493	11	11	159	0.7777777777777778	2	0.18181818181818182	8	0.7272727272727273	0	0.0	1	0.09090909090909091	0	0.0	10	0.9090909090909091	0	0.0	1	0.09090909090909091	4	0.025157232704402517	121	0.7610062893081762	1	0.006289308176100629	33	0.20754716981132076	1	0	1	0	0	1	0	2836678623	0	0	0
4166.0	12165	2.9200672107537207	0	0.0	11349	2.7241958713394143	1042	0.2501200192030725	692	0.16610657705232837	10	10	22	0.7777777777777778	2	0.2	7	0.7	0	0.0	1	0.1	0	0.0	9	0.9	0	0.0	1	0.1	2	0.09090909090909091	13	0.5909090909090909	0	0.0	7	0.3181818181818182	1	0	1	1	0	0	0	393578483	0	0	0
3006.0	43648	14.520292747837658	2	0.0006653359946773121	17616	5.860279441117765	725	0.2411842980705256	660	0.21956087824351297	6	7	0	0.25	6	1.0	0	0.0	0	0.0	0	0.0	1	0.14285714285714285	6	0.8571428571428571	0	0.0	0	0.0	0	0	0	0	0	0	0	0	1	0	1	1	1	0	0	2935539711	0	0	0
5159.0	15237	2.953479356464431	13	0.0025198681915099825	1694	0.3283582089552239	585	0.11339406861794922	615	0.11920914905989533	15	14	81	0.875	0	0.0	14	0.9333333333333333	0	0.0	1	0.06666666666666667	2	0.14285714285714285	12	0.8571428571428571	0	0.0	0	0.0	4	0.04938271604938271	62	0.7654320987654321	0	0.0	15	0.18518518518518517	1	0	1	0	0	0	0	19646481	0	0	0
3919.0	961	0.24521561622862975	7	0.001786169941311559	7917	2.020158203623373	461	0.11763204899208982	81	0.02066853789231947	7	14	78	0.625	0	0.0	6	0.8571428571428571	0	0.0	1	0.14285714285714285	0	0.0	14	1.0	0	0.0	0	0.0	3	0.038461538461538464	54	0.6923076923076923	0	0.0	21	0.2692307692307692	1	0	0	1	1	0	0	614467617	0	0	0
4769.0	38014	7.971063115957223	26	0.00545187670371147	36523	7.6584189557559235	2755	0.5776892430278885	1609	0.33738729293352904	5	11	86	0.42857142857142855	0	0.0	3	0.6	0	0.0	2	0.4	0	0.0	11	1.0	0	0.0	0	0.0	2	0.023255813953488372	70	0.813953488372093	0	0.0	14	0.16279069767441862	1	0	1	1	0	0	0	116262962	0	0	0
3503.0	5946	1.6974022266628603	8	0.0022837567799029405	5629	1.6069083642592064	157	0.044818726805595205	292	0.08335712246645732	18	10	37	0.25	2	0.1111111111111111	13	0.7222222222222222	0	0.0	3	0.16666666666666666	2	0.2	5	0.5	2	0.2	1	0.1	3	0.08108108108108109	31	0.8378378378378378	0	0.0	3	0.08108108108108109	1	0	1	1	1	0	0	1662847039	0	0	0
4795.0	32415	6.760166840458811	6	0.001251303441084463	23845	4.97288842544317	735	0.15328467153284672	455	0.0948905109489051	12	12	140	0.8333333333333334	2	0.16666666666666666	9	0.75	0	0.0	1	0.08333333333333333	3	0.25	9	0.75	0	0.0	0	0.0	15	0.10714285714285714	90	0.6428571428571429	5	0.03571428571428571	30	0.21428571428571427	1	0	1	1	0	1	0	108808263	0	0	0
3136.0	3563	1.1361607142857142	679	0.21651785714285715	5077	1.6189413265306123	634	0.20216836734693877	225	0.07174744897959184	12	12	113	0.7777777777777778	2	0.16666666666666666	9	0.75	0	0.0	1	0.08333333333333333	2	0.16666666666666666	9	0.75	0	0.0	1	0.08333333333333333	1	0.008849557522123894	92	0.8141592920353983	0	0.0	20	0.17699115044247787	0	0	1	0	0	1	0	2741930067	1	0	0
4963.0	9989	2.0126939351198874	0	0.0	19613	3.9518436429578885	750	0.15111827523675198	304	0.06125327422929679	3	7	59	0.14285714285714285	1	0.3333333333333333	2	0.6666666666666666	0	0.0	0	0.0	0	0.0	6	0.8571428571428571	0	0.0	1	0.14285714285714285	2	0.03389830508474576	41	0.6949152542372882	2	0.03389830508474576	14	0.23728813559322035	1	0	1	1	0	0	0	65112161	0	0	0
3433.0	30620	8.919312554616953	4	0.0011651616661811825	36227	10.552577920186426	1586	0.4619866006408389	616	0.17943489659190212	8	11	13	0.5	0	0.0	7	0.875	0	0.0	1	0.125	0	0.0	11	1.0	0	0.0	0	0.0	0	0.0	12	0.9230769230769231	0	0.0	1	0.07692307692307693	1	0	1	1	1	0	0	1976043619	0	0	0
3556.0	161	0.045275590551181105	31	0.008717660292463443	5448	1.532058492688414	1704	0.47919010123734535	1238	0.3481439820022497	13	15	136	0.5	12	0.9230769230769231	0	0.0	0	0.0	1	0.07692307692307693	0	0.0	15	1.0	0	0.0	0	0.0	20	0.14705882352941177	84	0.6176470588235294	4	0.029411764705882353	28	0.20588235294117646	0	0	1	1	0	1	0	1531168874	1	0	1
3826.0	1	0.00026136957658128593	7	0.0018295870360690017	5071	1.325405122843701	175	0.04573967590172504	33	0.008625196027182437	41	7	157	0.45454545454545453	21	0.5121951219512195	15	0.36585365853658536	0	0.0	5	0.12195121951219512	3	0.42857142857142855	4	0.5714285714285714	0	0.0	0	0.0	31	0.19745222929936307	96	0.6114649681528662	1	0.006369426751592357	29	0.18471337579617833	0	0	0	1	1	1	0	838502514	1	0	1
3231.0	1259	0.3896626431445373	0	0.0	890	0.27545651501083257	66	0.02042711234911792	69	0.02135561745589601	11	15	42	0.42857142857142855	0	0.0	10	0.9090909090909091	0	0.0	1	0.09090909090909091	2	0.13333333333333333	13	0.8666666666666667	0	0.0	0	0.0	4	0.09523809523809523	27	0.6428571428571429	2	0.047619047619047616	9	0.21428571428571427	1	0	1	0	0	1	0	2538555508	0	0	0
4165.0	94	0.02256902761104442	4	0.0009603841536614646	389	0.09339735894357742	27	0.006482593037214886	196	0.047058823529411764	17	7	54	0.13333333333333333	3	0.17647058823529413	12	0.7058823529411765	0	0.0	2	0.11764705882352941	0	0.0	4	0.5714285714285714	3	0.42857142857142855	0	0.0	1	0.018518518518518517	39	0.7222222222222222	0	0.0	14	0.25925925925925924	0	0	0	0	0	1	0	394135675	0	0	0
4177.0	4235	1.0138855638017716	2	0.00047881254488867607	115425	27.633468996887718	432	0.10342350969595403	0	0.0	5	7	26	1.0	1	0.2	4	0.8	0	0.0	0	0.0	0	0.0	7	1.0	0	0.0	0	0.0	0	0.0	16	0.6153846153846154	0	0.0	10	0.38461538461538464	1	0	0	1	0	1	0	386582662	1	0	0
3128.0	1036	0.3312020460358056	9	0.002877237851662404	1213	0.38778772378516624	78	0.024936061381074168	31	0.009910485933503837	13	12	0	0.9166666666666666	2	0.15384615384615385	10	0.7692307692307693	0	0.0	1	0.07692307692307693	2	0.16666666666666666	10	0.8333333333333334	0	0.0	0	0.0	0	0	0	0	0	0	0	0	0	0	0	1	1	0	0	2751596682	1	0	1
3798.0	155	0.040810953133228016	19	0.005002632964718273	7522	1.9805160610847814	417	0.10979462875197472	1940	0.5107951553449184	18	7	147	0.26666666666666666	3	0.16666666666666666	13	0.7222222222222222	0	0.0	2	0.1111111111111111	1	0.14285714285714285	3	0.42857142857142855	3	0.42857142857142855	0	0.0	14	0.09523809523809523	99	0.673469387755102	0	0.0	34	0.23129251700680273	1	0	1	0	0	1	0	892569745	1	0	0
3267.0	5601	1.714416896235078	3	0.0009182736455463728	45029	13.782981328435874	1509	0.46189164370982555	1439	0.4404652586470768	16	9	126	0.2857142857142857	3	0.1875	10	0.625	0	0.0	3	0.1875	0	0.0	9	1.0	0	0.0	0	0.0	26	0.20634920634920634	65	0.5158730158730159	3	0.023809523809523808	32	0.25396825396825395	0	0	1	0	0	1	0	2426865811	1	0	0
4711.0	1246	0.26448736998514116	74	0.01570791763956697	21576	4.579919337720229	2290	0.4860963701974103	1828	0.3880280195287625	14	13	159	0.8888888888888888	2	0.14285714285714285	11	0.7857142857142857	0	0.0	1	0.07142857142857142	2	0.15384615384615385	11	0.8461538461538461	0	0.0	0	0.0	17	0.1069182389937107	111	0.6981132075471698	0	0.0	31	0.1949685534591195	1	0	1	1	0	1	0	135563416	0	0	0
4889.0	3471	0.7099611372468807	2	0.00040908161178155044	30597	6.258335037840049	683	0.13970137042339947	537	0.10983841276334629	6	14	0	0.0625	1	0.16666666666666666	2	0.3333333333333333	0	0.0	3	0.5	0	0.0	13	0.9285714285714286	0	0.0	1	0.07142857142857142	0	0	0	0	0	0	0	0	1	0	1	1	0	0	0	84936856	0	0	0
4294.0	56850	13.23940381928272	27	0.006287843502561714	17377	4.0468095016301815	397	0.09245458779692595	2241	0.5218910107126222	10	14	118	0.125	2	0.2	7	0.7	1	0.1	0	0.0	4	0.2857142857142857	6	0.42857142857142855	3	0.21428571428571427	1	0.07142857142857142	8	0.06779661016949153	83	0.7033898305084746	2	0.01694915254237288	25	0.211864406779661	1	0	1	1	0	0	0	315476130	0	0	1
4915.0	39	0.007934893184130213	2	0.0004069175991861648	968	0.19694811800610376	33	0.0067141403865717195	170	0.03458799593082401	17	10	158	0.35714285714285715	3	0.17647058823529413	11	0.6470588235294118	0	0.0	3	0.17647058823529413	4	0.4	6	0.6	0	0.0	0	0.0	20	0.12658227848101267	85	0.5379746835443038	8	0.05063291139240506	45	0.2848101265822785	0	0	1	1	0	0	0	78350498	0	0	0
4914.0	0	0.0	103	0.02096052096052096	46640	9.49124949124949	982	0.19983719983719983	219	0.04456654456654457	12	11	41	0.9090909090909091	2	0.16666666666666666	9	0.75	0	0.0	1	0.08333333333333333	2	0.18181818181818182	9	0.8181818181818182	0	0.0	0	0.0	2	0.04878048780487805	30	0.7317073170731707	0	0.0	9	0.21951219512195122	0	0	1	1	0	1	0	78465193	1	0	1
4935.0	12826	2.5989868287740627	135	0.02735562310030395	21496	4.355825734549139	7152	1.449240121580547	477	0.09665653495440729	16	15	114	0.9166666666666666	2	0.125	13	0.8125	0	0.0	1	0.0625	0	0.0	15	1.0	0	0.0	0	0.0	23	0.20175438596491227	69	0.6052631578947368	0	0.0	22	0.19298245614035087	1	0	1	1	1	1	0	72648886	0	0	0
5071.0	3279	0.6466180240583711	83	0.01636758035890357	7155	1.4109643068428317	3310	0.65273121672254	1005	0.1981857621770854	14	10	123	0.75	6	0.42857142857142855	6	0.42857142857142855	0	0.0	2	0.14285714285714285	4	0.4	6	0.6	0	0.0	0	0.0	5	0.04065040650406504	93	0.7560975609756098	0	0.0	25	0.2032520325203252	1	0	1	1	0	1	0	35457209	1	0	0
5020.0	668	0.13306772908366535	4	0.0007968127490039841	4629	0.9221115537848605	204	0.04063745019920319	636	0.12669322709163347	19	15	151	0.8333333333333334	3	0.15789473684210525	13	0.6842105263157895	0	0.0	3	0.15789473684210525	4	0.26666666666666666	11	0.7333333333333333	0	0.0	0	0.0	3	0.019867549668874173	120	0.7947019867549668	0	0.0	28	0.18543046357615894	0	0	1	1	0	1	0	47499461	1	0	0
4582.0	22	0.004801396769969445	20	0.004364906154517678	4059	0.8858577040593627	1814	0.3958969882147534	2286	0.4989087734613706	15	13	62	0.8181818181818182	4	0.26666666666666666	8	0.5333333333333333	0	0.0	3	0.2	4	0.3076923076923077	8	0.6153846153846154	1	0.07692307692307693	0	0.0	1	0.016129032258064516	48	0.7741935483870968	0	0.0	13	0.20967741935483872	0	0	1	1	0	1	0	183945419	0	0	1
5127.0	9245	1.803198751706651	24	0.004681100058513751	9959	1.9424614784474352	1407	0.2744294909303686	237	0.04622586307782329	11	15	150	0.5454545454545454	2	0.18181818181818182	6	0.5454545454545454	0	0.0	3	0.2727272727272727	0	0.0	15	1.0	0	0.0	0	0.0	23	0.15333333333333332	92	0.6133333333333333	0	0.0	35	0.23333333333333334	1	0	1	1	0	1	0	22333656	1	0	0
3080.0	192	0.06233766233766234	0	0.0	1520	0.4935064935064935	184	0.05974025974025974	337	0.10941558441558441	20	15	12	0.5333333333333333	3	0.15	15	0.75	0	0.0	2	0.1	2	0.13333333333333333	13	0.8666666666666667	0	0.0	0	0.0	0	0.0	10	0.8333333333333334	0	0.0	2	0.16666666666666666	1	0	1	1	1	0	0	2846410981	0	0	0
5315.0	535	0.1006585136406397	35	0.00658513640639699	28493	5.360865475070555	2710	0.5098777046095955	4428	0.8331138287864535	41	10	151	0.2222222222222222	8	0.1951219512195122	19	0.4634146341463415	0	0.0	14	0.34146341463414637	2	0.2	8	0.8	0	0.0	0	0.0	24	0.15894039735099338	91	0.6026490066225165	6	0.039735099337748346	30	0.1986754966887417	0	0	1	1	0	1	0	15976691	0	0	0
2744.0	1	0.00036443148688046647	2	0.0007288629737609329	3988	1.4533527696793003	27	0.009839650145772596	55	0.020043731778425656	11	11	0	0.8	2	0.18181818181818182	8	0.7272727272727273	0	0.0	1	0.09090909090909091	2	0.18181818181818182	8	0.7272727272727273	1	0.09090909090909091	0	0.0	0	0	0	0	0	0	0	0	0	0	0	1	1	1	0	3506030840	1	0	1
2822.0	998	0.35364989369241673	0	0.0	4044	1.4330262225372077	270	0.0956768249468462	264	0.09355067328136074	1	9	25	0.0	0	0.0	0	0.0	0	0.0	1	1.0	0	0.0	8	0.8888888888888888	0	0.0	1	0.1111111111111111	0	0.0	20	0.8	0	0.0	5	0.2	0	0	0	1	1	0	0	3342780699	0	0	0
2950.0	1180	0.4	4	0.0013559322033898306	2468	0.8366101694915254	127	0.04305084745762712	427	0.1447457627118644	16	12	135	0.7692307692307693	2	0.125	13	0.8125	0	0.0	1	0.0625	3	0.25	9	0.75	0	0.0	0	0.0	9	0.06666666666666667	102	0.7555555555555555	0	0.0	24	0.17777777777777778	0	0	1	1	1	1	0	3038365989	0	0	1
3768.0	2191	0.5814755838641189	5	0.001326963906581741	25732	6.829087048832272	747	0.1982484076433121	650	0.17250530785562632	11	11	61	0.3333333333333333	2	0.18181818181818182	8	0.7272727272727273	0	0.0	1	0.09090909090909091	2	0.18181818181818182	9	0.8181818181818182	0	0.0	0	0.0	0	0.0	0	0.0	0	0.0	61	1.0	1	0	1	1	0	0	0	956123437	1	0	0
3632.0	12040	3.314977973568282	8	0.0022026431718061676	37973	10.455121145374449	906	0.24944933920704845	641	0.17648678414096916	11	9	15	0.07142857142857142	0	0.0	9	0.8181818181818182	0	0.0	2	0.18181818181818182	0	0.0	9	1.0	0	0.0	0	0.0	0	0.0	14	0.9333333333333333	0	0.0	1	0.06666666666666667	1	0	1	0	0	0	0	1326876974	0	0	0
5006.0	998	0.1993607670795046	35	0.006991610067918498	25162	5.026368357970435	6175	1.2335197762684778	103	0.020575309628445865	18	11	69	0.5	2	0.1111111111111111	15	0.8333333333333334	0	0.0	1	0.05555555555555555	3	0.2727272727272727	8	0.7272727272727273	0	0.0	0	0.0	8	0.11594202898550725	51	0.7391304347826086	0	0.0	10	0.14492753623188406	1	0	1	1	0	1	0	52398403	1	0	0
2756.0	5644	2.0478955007256894	1	0.000362844702467344	6884	2.497822931785196	1397	0.5068940493468795	1927	0.6992017416545718	15	14	152	0.5333333333333333	2	0.13333333333333333	12	0.8	0	0.0	1	0.06666666666666667	0	0.0	14	1.0	0	0.0	0	0.0	8	0.05263157894736842	114	0.75	0	0.0	30	0.19736842105263158	1	0	1	1	1	1	0	3461663056	0	0	0
5054.0	1113	0.22022160664819945	53	0.010486743173723783	3399	0.6725366046695687	1014	0.20063316185199842	1616	0.3197467352592006	20	13	96	0.6428571428571429	3	0.15	14	0.7	0	0.0	3	0.15	0	0.0	12	0.9230769230769231	0	0.0	1	0.07692307692307693	6	0.0625	71	0.7395833333333334	0	0.0	19	0.19791666666666666	1	0	1	1	0	1	0	39586129	1	0	0
3400.0	36892	10.850588235294119	7	0.002058823529411765	5767	1.6961764705882354	568	0.16705882352941176	367	0.10794117647058823	4	15	18	0.2222222222222222	2	0.5	2	0.5	0	0.0	0	0.0	2	0.13333333333333333	11	0.7333333333333333	0	0.0	2	0.13333333333333333	2	0.1111111111111111	14	0.7777777777777778	0	0.0	2	0.1111111111111111	0	0	1	1	1	0	0	2190346595	0	0	0
2666.0	1	0.00037509377344336085	9	0.0033758439609902473	6838	2.5648912228057013	53	0.019879969992498126	34	0.012753188297074268	20	15	0	0.7058823529411765	0	0.0	17	0.85	2	0.1	1	0.05	0	0.0	13	0.8666666666666667	2	0.13333333333333333	0	0.0	0	0	0	0	0	0	0	0	0	0	0	1	1	0	0	4278258021	1	0	1
2725.0	1043	0.38275229357798163	0	0.0	4859	1.783119266055046	250	0.09174311926605505	0	0.0	2	13	7	0.18181818181818182	1	0.5	1	0.5	0	0.0	0	0.0	2	0.15384615384615385	9	0.6923076923076923	2	0.15384615384615385	0	0.0	0	0.0	4	0.5714285714285714	1	0.14285714285714285	2	0.2857142857142857	1	0	1	0	0	1	0	3713829252	0	0	1
4387.0	45322	10.330977889218145	7	0.0015956234328698426	42552	9.699566902211078	329	0.07499430134488261	179	0.040802370640528836	5	12	117	0.09090909090909091	1	0.2	2	0.4	0	0.0	2	0.4	0	0.0	12	1.0	0	0.0	0	0.0	8	0.06837606837606838	78	0.6666666666666666	4	0.03418803418803419	27	0.23076923076923078	0	0	1	1	0	1	0	264046995	0	0	0
3303.0	0	0.0	9	0.0027247956403269754	2688	0.8138056312443234	62	0.018770814411141385	10	0.003027550711474417	15	13	76	0.8888888888888888	5	0.3333333333333333	8	0.5333333333333333	0	0.0	2	0.13333333333333333	5	0.38461538461538464	8	0.6153846153846154	0	0.0	0	0.0	8	0.10526315789473684	58	0.7631578947368421	0	0.0	10	0.13157894736842105	0	0	1	1	1	1	0	2363099551	1	0	1
3012.0	992	0.3293492695883134	1	0.00033200531208499334	1666	0.5531208499335989	107	0.03552456839309429	0	0.0	4	15	106	0.0	0	0.0	0	0.0	0	0.0	4	1.0	0	0.0	13	0.8666666666666667	0	0.0	2	0.13333333333333333	2	0.018867924528301886	6	0.05660377358490566	0	0.0	98	0.9245283018867925	1	0	0	1	1	0	0	2930952618	0	0	0
4866.0	40194	8.260172626387176	7	0.0014385532264693795	7653	1.5727496917385944	108	0.02219482120838471	133	0.027332511302918208	16	8	81	0.38461538461538464	2	0.125	13	0.8125	0	0.0	1	0.0625	1	0.125	7	0.875	0	0.0	0	0.0	4	0.04938271604938271	60	0.7407407407407407	0	0.0	17	0.20987654320987653	1	0	1	1	1	0	0	90638768	0	0	0
2916.0	26052	8.934156378600823	0	0.0	15197	5.21159122085048	2003	0.6868998628257887	968	0.3319615912208505	12	11	53	0.7272727272727273	2	0.16666666666666666	8	0.6666666666666666	0	0.0	2	0.16666666666666666	0	0.0	11	1.0	0	0.0	0	0.0	5	0.09433962264150944	33	0.6226415094339622	4	0.07547169811320754	11	0.20754716981132076	1	0	0	0	0	0	0	3100871091	0	0	0
5115.0	925	0.18084066471163246	13	0.002541544477028348	1184	0.23147605083088954	903	0.17653958944281525	1081	0.21133919843597263	13	7	130	0.4166666666666667	2	0.15384615384615385	10	0.7692307692307693	0	0.0	1	0.07692307692307693	0	0.0	7	1.0	0	0.0	0	0.0	8	0.06153846153846154	101	0.7769230769230769	0	0.0	21	0.16153846153846155	1	0	1	1	0	1	0	24152503	0	0	0
4391.0	3895	0.8870416761557731	1	0.0002277385561375541	46280	10.539740378046003	283	0.06445001138692781	430	0.09792757913914826	15	15	22	0.7272727272727273	2	0.13333333333333333	11	0.7333333333333333	0	0.0	2	0.13333333333333333	0	0.0	13	0.8666666666666667	0	0.0	2	0.13333333333333333	0	0.0	16	0.7272727272727273	0	0.0	6	0.2727272727272727	1	0	0	1	0	0	0	262146488	0	0	0
4292.0	58	0.013513513513513514	56	0.0130475302889096	4515	1.0519571295433365	1339	0.3119757688723206	1390	0.3238583410997204	5	8	155	0.625	1	0.2	4	0.8	0	0.0	0	0.0	0	0.0	5	0.625	3	0.375	0	0.0	1	0.0064516129032258064	134	0.864516129032258	0	0.0	20	0.12903225806451613	1	0	1	1	0	1	0	317049274	1	0	1
4983.0	7295	1.4639775235801726	2	0.0004013646397752358	13361	2.6813164760184627	283	0.05679309652819586	338	0.06783062412201485	1	4	0	0.25	1	1.0	0	0.0	0	0.0	0	0.0	4	1.0	0	0.0	0	0.0	0	0.0	0	0	0	0	0	0	0	0	1	0	0	1	0	0	0	59279806	0	0	0
3898.0	5259	1.349153412006157	1	0.0002565418163160595	9672	2.481272447408928	333	0.08542842483324782	300	0.07696254489481785	3	11	0	0.42857142857142855	1	0.3333333333333333	2	0.6666666666666666	0	0.0	0	0.0	0	0.0	11	1.0	0	0.0	0	0.0	0	0	0	0	0	0	0	0	0	0	1	1	0	0	0	633817553	0	0	0
2794.0	354	0.12670007158196134	0	0.0	325	0.11632068718682892	35	0.012526843235504653	2	0.0007158196134574087	15	10	0	0.6363636363636364	3	0.2	10	0.6666666666666666	0	0.0	2	0.13333333333333333	0	0.0	9	0.9	0	0.0	1	0.1	0	0	0	0	0	0	0	0	0	0	1	1	1	0	0	3286321634	0	0	0
3830.0	995	0.2597911227154047	0	0.0	56488	14.74882506527415	909	0.23733681462140993	0	0.0	7	8	88	0.8571428571428571	1	0.14285714285714285	6	0.8571428571428571	0	0.0	0	0.0	1	0.125	6	0.75	1	0.125	0	0.0	7	0.07954545454545454	68	0.7727272727272727	0	0.0	13	0.14772727272727273	0	0	1	1	0	1	0	830163432	1	0	1
4581.0	1229	0.268282034490286	3	0.0006548788474132286	15123	3.301244269810085	579	0.12639161755075312	65	0.014189041693953285	7	7	10	0.75	0	0.0	7	1.0	0	0.0	0	0.0	0	0.0	6	0.8571428571428571	1	0.14285714285714285	0	0.0	0	0.0	9	0.9	0	0.0	1	0.1	1	0	0	1	0	0	0	184273398	0	0	0
3487.0	80662	23.132205334098078	20	0.005735589331803843	23795	6.823917407513622	560	0.1605965012905076	2066	0.592486377975337	16	9	97	0.11764705882352941	2	0.125	8	0.5	0	0.0	6	0.375	0	0.0	9	1.0	0	0.0	0	0.0	9	0.09278350515463918	36	0.3711340206185567	0	0.0	52	0.5360824742268041	1	0	1	1	0	1	0	1703381502	0	0	0
5389.0	6091	1.1302653553534978	24	0.004453516422341808	34750	6.448320653182408	619	0.11486361105956579	684	0.1269252180367415	8	14	7	0.2857142857142857	1	0.125	7	0.875	0	0.0	0	0.0	2	0.14285714285714285	12	0.8571428571428571	0	0.0	0	0.0	1	0.14285714285714285	5	0.7142857142857143	0	0.0	1	0.14285714285714285	1	0	1	1	0	0	0	15092225	0	0	0
3681.0	323	0.08774789459386037	1	0.00027166530834012495	851	0.23118717739744635	99	0.02689486552567237	186	0.05052974735126324	10	9	29	0.25	2	0.2	7	0.7	0	0.0	1	0.1	0	0.0	9	1.0	0	0.0	0	0.0	3	0.10344827586206896	21	0.7241379310344828	0	0.0	5	0.1724137931034483	0	0	1	1	1	1	0	1177471489	0	0	0
4711.0	11	0.002334960730205901	18	0.00382084483124602	7285	1.546380810868181	230	0.04882190617703248	358	0.0759923583103375	16	15	81	0.2777777777777778	2	0.125	13	0.8125	0	0.0	1	0.0625	0	0.0	15	1.0	0	0.0	0	0.0	3	0.037037037037037035	63	0.7777777777777778	0	0.0	15	0.18518518518518517	1	0	1	1	0	1	0	135563795	1	0	1
2773.0	1168	0.42120447169130903	14	0.005048683736025965	1053	0.37973314100252437	46	0.016588532275513886	798	0.28777497295348	6	10	8	0.5	1	0.16666666666666666	5	0.8333333333333334	0	0.0	0	0.0	2	0.2	8	0.8	0	0.0	0	0.0	0	0.0	7	0.875	0	0.0	1	0.125	0	0	0	1	1	0	0	3312192048	0	0	1
2985.0	14292	4.787939698492463	2	0.0006700167504187605	4965	1.6633165829145728	469	0.15711892797319932	591	0.19798994974874373	13	12	17	0.5454545454545454	0	0.0	13	1.0	0	0.0	0	0.0	2	0.16666666666666666	9	0.75	1	0.08333333333333333	0	0.0	0	0.0	5	0.29411764705882354	6	0.35294117647058826	6	0.35294117647058826	1	0	1	1	1	1	0	2972584505	0	0	0
3276.0	75	0.022893772893772892	49	0.014957264957264958	2471	0.7542735042735043	106	0.03235653235653236	321	0.09798534798534798	14	14	157	0.8571428571428571	2	0.14285714285714285	11	0.7857142857142857	0	0.0	1	0.07142857142857142	2	0.14285714285714285	11	0.7857142857142857	0	0.0	1	0.07142857142857142	7	0.044585987261146494	116	0.7388535031847133	0	0.0	34	0.21656050955414013	0	0	1	0	0	1	0	2412972607	1	0	0
4160.0	5136	1.2346153846153847	10	0.002403846153846154	41191	9.901682692307693	214	0.05144230769230769	342	0.08221153846153846	5	13	93	0.07142857142857142	2	0.4	2	0.4	0	0.0	1	0.2	2	0.15384615384615385	11	0.8461538461538461	0	0.0	0	0.0	3	0.03225806451612903	71	0.7634408602150538	0	0.0	19	0.20430107526881722	1	0	0	1	0	0	0	397494847	0	0	0
4795.0	35909	7.488842544316997	49	0.010218978102189781	188158	39.24045881126173	746	0.15557872784150156	2673	0.5574556830031283	18	7	59	0.42857142857142855	7	0.3888888888888889	6	0.3333333333333333	0	0.0	5	0.2777777777777778	4	0.5714285714285714	3	0.42857142857142855	0	0.0	0	0.0	9	0.15254237288135594	33	0.559322033898305	2	0.03389830508474576	15	0.2542372881355932	1	0	1	1	0	1	0	108726852	0	0	0
3791.0	10778	2.8430493273542603	86	0.022685307306779215	24205	6.38485887628594	2985	0.7873911896597204	2088	0.5507781587971512	16	9	154	0.4	2	0.125	13	0.8125	0	0.0	1	0.0625	1	0.1111111111111111	8	0.8888888888888888	0	0.0	0	0.0	13	0.08441558441558442	102	0.6623376623376623	3	0.01948051948051948	36	0.23376623376623376	0	0	1	1	0	1	1	906758731	0	0	0
3235.0	28608	8.843276661514683	1	0.0003091190108191654	12285	3.7975270479134466	200	0.061823802163833076	613	0.18948995363214838	2	14	15	0.09090909090909091	1	0.5	0	0.0	0	0.0	1	0.5	0	0.0	10	0.7142857142857143	2	0.14285714285714285	2	0.14285714285714285	1	0.06666666666666667	9	0.6	0	0.0	5	0.3333333333333333	1	0	1	1	0	0	0	2532837963	0	0	0
2887.0	7492	2.5950813993765154	0	0.0	47164	16.336681676480776	685	0.23727052303429166	407	0.14097679251818496	7	12	33	0.3333333333333333	1	0.14285714285714285	2	0.2857142857142857	0	0.0	4	0.5714285714285714	0	0.0	11	0.9166666666666666	0	0.0	1	0.08333333333333333	0	0.0	28	0.8484848484848485	0	0.0	5	0.15151515151515152	1	0	1	0	0	0	0	3164310097	0	0	0
4005.0	51191	12.781772784019974	1	0.00024968789013732833	7631	1.9053682896379525	551	0.1375780274656679	882	0.2202247191011236	7	9	23	0.5	3	0.42857142857142855	4	0.5714285714285714	0	0.0	0	0.0	0	0.0	7	0.7777777777777778	2	0.2222222222222222	0	0.0	0	0.0	17	0.7391304347826086	0	0.0	6	0.2608695652173913	1	0	1	1	0	0	0	537823836	0	0	0
3335.0	6483	1.943928035982009	1	0.0002998500749625187	2968	0.8899550224887556	24	0.00719640179910045	19	0.005697151424287856	9	6	56	0.15384615384615385	2	0.2222222222222222	6	0.6666666666666666	0	0.0	1	0.1111111111111111	2	0.3333333333333333	0	0.0	4	0.6666666666666666	0	0.0	9	0.16071428571428573	36	0.6428571428571429	0	0.0	11	0.19642857142857142	0	0	0	1	0	0	0	2311146085	0	0	0
3411.0	751	0.22017003811199062	16	0.004690706537672237	5012	1.4693638229258281	1061	0.3110524772793902	1339	0.39255350337144534	13	8	152	0.5833333333333334	2	0.15384615384615385	10	0.7692307692307693	0	0.0	1	0.07692307692307693	0	0.0	7	0.875	0	0.0	1	0.125	8	0.05263157894736842	114	0.75	1	0.006578947368421052	29	0.19078947368421054	0	0	1	1	1	1	0	2177256041	0	0	0
5282.0	9648	1.8265808405906854	22	0.0041650889814464215	28163	5.331881862930708	708	0.13404013631200304	81	0.015335100340780007	10	10	142	1.0	0	0.0	9	0.9	0	0.0	1	0.1	0	0.0	9	0.9	0	0.0	1	0.1	6	0.04225352112676056	100	0.704225352112676	4	0.028169014084507043	32	0.22535211267605634	1	0	1	1	0	1	0	16484978	0	0	0
3989.0	6402	1.6049135121584357	2	0.000501378791677112	7328	1.8370518927049386	763	0.19127600902481826	302	0.07570819754324393	6	11	7	0.7142857142857143	1	0.16666666666666666	5	0.8333333333333334	0	0.0	0	0.0	0	0.0	11	1.0	0	0.0	0	0.0	0	0.0	6	0.8571428571428571	0	0.0	1	0.14285714285714285	1	0	0	1	0	0	0	551275129	0	0	0
5111.0	2699	0.5280766973195069	20	0.003913128546272745	15834	3.0980238700841323	690	0.1350029348464097	953	0.1864605752298963	9	9	155	1.0	2	0.2222222222222222	7	0.7777777777777778	0	0.0	0	0.0	2	0.2222222222222222	7	0.7777777777777778	0	0.0	0	0.0	12	0.07741935483870968	107	0.6903225806451613	0	0.0	36	0.23225806451612904	1	0	1	0	0	0	0	24922764	1	0	0
3335.0	1	0.0002998500749625187	4	0.0011994002998500749	41068	12.31424287856072	77	0.023088455772113943	161	0.04827586206896552	17	9	0	0.5384615384615384	3	0.17647058823529413	12	0.7058823529411765	0	0.0	2	0.11764705882352941	0	0.0	9	1.0	0	0.0	0	0.0	0	0	0	0	0	0	0	0	0	0	0	1	0	0	0	2310916754	1	0	1
5090.0	63727	12.520039292730845	41	0.008055009823182711	94846	18.633791748526523	2335	0.4587426326129666	808	0.1587426326129666	36	8	91	0.16666666666666666	4	0.1111111111111111	18	0.5	0	0.0	14	0.3888888888888889	2	0.25	6	0.75	0	0.0	0	0.0	8	0.08791208791208792	65	0.7142857142857143	0	0.0	18	0.1978021978021978	0	0	1	1	0	1	0	29330112	0	0	0
4266.0	4967	1.1643225503984997	1	0.00023441162681669012	4022	0.9428035630567276	593	0.13900609470229724	445	0.1043131739334271	13	12	0	0.9166666666666666	2	0.15384615384615385	10	0.7692307692307693	0	0.0	1	0.07692307692307693	2	0.16666666666666666	10	0.8333333333333334	0	0.0	0	0.0	0	0	0	0	0	0	0	0	1	0	1	1	0	0	0	332810948	0	0	0
2769.0	0	0.0	1	0.00036114120621162876	2247	0.8114842903575298	2	0.0007222824124232575	0	0.0	9	13	0	0.17647058823529413	0	0.0	8	0.8888888888888888	0	0.0	1	0.1111111111111111	0	0.0	8	0.6153846153846154	5	0.38461538461538464	0	0.0	0	0	0	0	0	0	0	0	0	0	0	1	1	0	0	3422980817	1	0	0
2750.0	54889	19.959636363636363	6	0.002181818181818182	40409	14.694181818181818	762	0.2770909090909091	1458	0.5301818181818182	4	8	46	0.1	0	0.0	4	1.0	0	0.0	0	0.0	0	0.0	8	1.0	0	0.0	0	0.0	0	0.0	38	0.8260869565217391	0	0.0	8	0.17391304347826086	1	0	0	1	1	1	0	3528641237	0	0	0
2764.0	1	0.000361794500723589	0	0.0	2866	1.036903039073806	1	0.000361794500723589	1	0.000361794500723589	12	10	0	0.6153846153846154	2	0.16666666666666666	9	0.75	0	0.0	1	0.08333333333333333	0	0.0	8	0.8	2	0.2	0	0.0	0	0	0	0	0	0	0	0	0	0	0	1	1	0	0	3432336101	1	0	0
3518.0	1497	0.42552586696986927	1	0.0002842524161455372	1929	0.5483229107447414	25	0.007106310403638431	347	0.09863558840250142	13	10	2	0.36363636363636365	2	0.15384615384615385	10	0.7692307692307693	0	0.0	1	0.07692307692307693	2	0.2	8	0.8	0	0.0	0	0.0	0	0.0	0	0.0	2	1.0	0	0.0	0	0	0	1	1	0	0	1624050403	0	0	1
4414.0	710	0.16085183507023107	10	0.0022655188038060714	32906	7.454916175804259	471	0.10670593565926598	959	0.21726325328500226	10	9	54	1.0	1	0.1	9	0.9	0	0.0	0	0.0	0	0.0	9	1.0	0	0.0	0	0.0	1	0.018518518518518517	41	0.7592592592592593	0	0.0	12	0.2222222222222222	1	0	1	1	0	1	0	250972909	1	0	0
4208.0	3102	0.7371673003802282	0	0.0	4382	1.0413498098859315	102	0.02423954372623574	194	0.046102661596958174	14	15	66	0.42857142857142855	2	0.14285714285714285	11	0.7857142857142857	0	0.0	1	0.07142857142857142	2	0.13333333333333333	11	0.7333333333333333	2	0.13333333333333333	0	0.0	2	0.030303030303030304	47	0.7121212121212122	2	0.030303030303030304	15	0.22727272727272727	1	0	0	1	0	0	0	368675577	0	0	0
4410.0	112	0.025396825396825397	24	0.005442176870748299	10665	2.4183673469387754	1822	0.41315192743764173	944	0.21405895691609977	11	14	0	0.7	2	0.18181818181818182	8	0.7272727272727273	0	0.0	1	0.09090909090909091	3	0.21428571428571427	11	0.7857142857142857	0	0.0	0	0.0	0	0	0	0	0	0	0	0	1	0	1	1	0	1	0	252922634	1	0	0
2687.0	67	0.024934871604019353	0	0.0	276	0.10271678451804987	100	0.03721622627465575	84	0.03126163007071083	13	6	53	0.06666666666666667	2	0.15384615384615385	7	0.5384615384615384	0	0.0	4	0.3076923076923077	0	0.0	4	0.6666666666666666	2	0.3333333333333333	0	0.0	0	0.0	36	0.6792452830188679	4	0.07547169811320754	13	0.24528301886792453	0	0	1	1	1	0	0	4116007695	0	0	0
3347.0	58562	17.496862862264713	5	0.0014938751120406335	133374	39.84881983866149	3000	0.89632506722438	863	0.2578428443382133	2	12	8	0.09090909090909091	1	0.5	1	0.5	0	0.0	0	0.0	0	0.0	12	1.0	0	0.0	0	0.0	1	0.125	5	0.625	0	0.0	2	0.25	1	0	1	1	0	0	0	2290731793	0	0	0
4299.0	31	0.007210979297511049	73	0.016980693184461503	5875	1.3665968829960455	3006	0.6992323796231682	1473	0.34263782274947663	19	12	141	0.23529411764705882	4	0.21052631578947367	12	0.631578947368421	0	0.0	3	0.15789473684210525	4	0.3333333333333333	8	0.6666666666666666	0	0.0	0	0.0	20	0.14184397163120568	82	0.5815602836879432	4	0.028368794326241134	35	0.24822695035460993	0	0	1	1	0	1	0	312871730	0	0	0
3758.0	10612	2.8238424693986164	0	0.0	3888	1.0345928685470995	231	0.06146886641830761	432	0.11495476317189994	10	7	85	0.625	2	0.2	7	0.7	0	0.0	1	0.1	3	0.42857142857142855	4	0.5714285714285714	0	0.0	0	0.0	6	0.07058823529411765	59	0.6941176470588235	0	0.0	20	0.23529411764705882	1	0	0	1	0	0	0	977161033	0	0	0
2793.0	0	0.0	0	0.0	527	0.1886860007160759	2	0.0007160759040458289	0	0.0	6	7	0	0.625	0	0.0	6	1.0	0	0.0	0	0.0	0	0.0	7	1.0	0	0.0	0	0.0	0	0	0	0	0	0	0	0	0	0	0	1	1	0	0	3287534414	1	0	0
4699.0	13463	2.865077676101298	60	0.01276867418599702	15581	3.315811874866993	892	0.18982762289848903	1708	0.3634815918280485	11	10	0	0.8888888888888888	2	0.18181818181818182	8	0.7272727272727273	0	0.0	1	0.09090909090909091	0	0.0	10	1.0	0	0.0	0	0.0	0	0	0	0	0	0	0	0	0	0	1	1	1	1	0	139758430	1	0	1
4934.0	6	0.0012160518848804217	11	0.0022294284556141062	5819	1.1793676530198622	80	0.016214025131738953	123	0.02492906364004864	17	9	86	0.6153846153846154	3	0.17647058823529413	13	0.7647058823529411	0	0.0	1	0.058823529411764705	4	0.4444444444444444	5	0.5555555555555556	0	0.0	0	0.0	8	0.09302325581395349	58	0.6744186046511628	0	0.0	20	0.23255813953488372	0	0	1	1	0	1	0	73141088	1	0	1
5214.0	2	0.0003835826620636747	22	0.004219409282700422	1990	0.3816647487533564	874	0.16762562332182585	1693	0.32470272343690065	14	14	87	1.0	0	0.0	14	1.0	0	0.0	0	0.0	0	0.0	14	1.0	0	0.0	0	0.0	8	0.09195402298850575	64	0.735632183908046	0	0.0	15	0.1724137931034483	1	0	1	1	1	1	0	17861479	1	0	1
4108.0	0	0.0	12	0.0029211295034079843	11290	2.7482960077896785	144	0.035053554040895815	440	0.10710808179162609	5	9	0	0.18181818181818182	1	0.2	4	0.8	0	0.0	0	0.0	1	0.1111111111111111	4	0.4444444444444444	4	0.4444444444444444	0	0.0	0	0	0	0	0	0	0	0	0	0	0	1	1	0	0	437685097	0	0	0
5052.0	0	0.0	50	0.009897070467141725	4539	0.8984560570071259	1047	0.20724465558194774	1757	0.34778305621536026	11	13	142	0.2	2	0.18181818181818182	8	0.7272727272727273	0	0.0	1	0.09090909090909091	5	0.38461538461538464	8	0.6153846153846154	0	0.0	0	0.0	6	0.04225352112676056	117	0.823943661971831	0	0.0	19	0.13380281690140844	1	0	1	1	0	0	0	40307567	1	0	1
3368.0	724	0.21496437054631828	0	0.0	797	0.23663895486935868	124	0.03681710213776722	0	0.0	5	11	0	0.5714285714285714	0	0.0	5	1.0	0	0.0	0	0.0	2	0.18181818181818182	7	0.6363636363636364	2	0.18181818181818182	0	0.0	0	0	0	0	0	0	0	0	0	0	0	1	1	0	0	2241973103	1	0	1
4927.0	1476	0.29957377714633654	93	0.018875583519382993	8821	1.7903389486502943	10124	2.0548000811853053	1902	0.3860361274609296	22	15	113	0.8181818181818182	3	0.13636363636363635	17	0.7727272727272727	0	0.0	2	0.09090909090909091	3	0.2	12	0.8	0	0.0	0	0.0	8	0.07079646017699115	89	0.7876106194690266	0	0.0	16	0.1415929203539823	0	0	1	0	0	1	0	75074429	1	0	0
5005.0	188	0.037562437562437566	13	0.0025974025974025974	1498	0.2993006993006993	239	0.047752247752247755	149	0.02977022977022977	6	13	40	0.7142857142857143	1	0.16666666666666666	5	0.8333333333333334	0	0.0	0	0.0	3	0.23076923076923078	10	0.7692307692307693	0	0.0	0	0.0	2	0.05	28	0.7	0	0.0	10	0.25	1	0	1	0	0	1	0	52792194	0	0	0
5194.0	60466	11.641509433962264	69	0.013284559106661533	7928	1.5263765883711975	4007	0.7714670773969965	1029	0.19811320754716982	10	9	159	0.8571428571428571	2	0.2	7	0.7	0	0.0	1	0.1	2	0.2222222222222222	7	0.7777777777777778	0	0.0	0	0.0	4	0.025157232704402517	118	0.7421383647798742	1	0.006289308176100629	36	0.22641509433962265	1	0	1	1	0	1	0	18353044	0	0	0
4328.0	1920	0.4436229205175601	45	0.010397412199630314	9531	2.2021719038817005	1762	0.40711645101663585	3774	0.871996303142329	6	10	89	0.07692307692307693	1	0.16666666666666666	2	0.3333333333333333	2	0.3333333333333333	1	0.16666666666666666	3	0.3	7	0.7	0	0.0	0	0.0	9	0.10112359550561797	58	0.651685393258427	2	0.02247191011235955	20	0.2247191011235955	0	0	1	1	0	1	0	295603097	1	0	0
2831.0	0	0.0	0	0.0	9143	3.229600847756976	19	0.006711409395973154	51	0.018014835747085834	10	10	0	1.0	0	0.0	10	1.0	0	0.0	0	0.0	0	0.0	10	1.0	0	0.0	0	0.0	0	0	0	0	0	0	0	0	0	0	0	1	1	0	0	3244706724	1	0	1
3425.0	16033	4.681167883211679	21	0.006131386861313868	4920	1.4364963503649635	504	0.14715328467153285	712	0.2078832116788321	12	14	142	0.75	2	0.16666666666666666	9	0.75	0	0.0	1	0.08333333333333333	0	0.0	12	0.8571428571428571	0	0.0	2	0.14285714285714285	15	0.1056338028169014	104	0.7323943661971831	0	0.0	23	0.1619718309859155	1	0	1	1	1	1	0	2159938476	0	0	0
2724.0	16167	5.935022026431718	0	0.0	5131	1.883627019089574	65	0.023861967694566815	850	0.3120411160058737	12	10	27	0.1875	2	0.16666666666666666	9	0.75	0	0.0	1	0.08333333333333333	0	0.0	7	0.7	3	0.3	0	0.0	4	0.14814814814814814	17	0.6296296296296297	0	0.0	6	0.2222222222222222	0	0	1	1	1	0	0	3728280500	1	0	1
3025.0	27	0.008925619834710744	0	0.0	428	0.14148760330578514	6	0.0019834710743801653	0	0.0	14	12	7	0.6428571428571429	0	0.0	13	0.9285714285714286	0	0.0	1	0.07142857142857142	0	0.0	10	0.8333333333333334	2	0.16666666666666666	0	0.0	7	1.0	0	0.0	0	0.0	0	0.0	0	0	1	1	1	0	0	2916420536	0	0	0
4252.0	4378	1.0296331138287864	1	0.00023518344308560678	31491	7.406161806208843	750	0.1763875823142051	375	0.08819379115710255	17	13	19	0.8333333333333334	2	0.11764705882352941	14	0.8235294117647058	0	0.0	1	0.058823529411764705	2	0.15384615384615385	11	0.8461538461538461	0	0.0	0	0.0	0	0.0	17	0.8947368421052632	0	0.0	2	0.10526315789473684	0	0	1	1	0	1	0	341691332	0	0	0
4426.0	5069	1.1452779032986895	1	0.00022593764121102577	6022	1.360596475372797	270	0.061003163126976956	307	0.06936285585178491	11	12	137	0.21428571428571427	0	0.0	8	0.7272727272727273	0	0.0	3	0.2727272727272727	0	0.0	12	1.0	0	0.0	0	0.0	12	0.08759124087591241	95	0.6934306569343066	0	0.0	30	0.21897810218978103	1	0	1	1	0	1	0	245287897	0	0	0
3665.0	49507	13.508049113233287	0	0.0	4484	1.2234652114597544	306	0.0834924965893588	275	0.07503410641200546	4	12	0	0.375	0	0.0	4	1.0	0	0.0	0	0.0	0	0.0	11	0.9166666666666666	0	0.0	1	0.08333333333333333	0	0	0	0	0	0	0	0	1	0	0	1	0	0	0	1233652698	0	0	0
2694.0	0	0.0	0	0.0	282	0.10467706013363029	13	0.004825538233110616	43	0.015961395694135114	13	14	0	0.7692307692307693	2	0.15384615384615385	10	0.7692307692307693	0	0.0	1	0.07692307692307693	0	0.0	12	0.8571428571428571	2	0.14285714285714285	0	0.0	0	0	0	0	0	0	0	0	0	0	0	1	1	0	0	4067937256	0	0	1
3133.0	1848	0.5898499840408554	0	0.0	1384	0.44174912224704754	584	0.18640280880944782	923	0.2946058091286307	6	11	0	0.0	1	0.16666666666666666	5	0.8333333333333334	0	0.0	0	0.0	0	0.0	10	0.9090909090909091	1	0.09090909090909091	0	0.0	0	0	0	0	0	0	0	0	0	0	1	0	0	0	0	2737327082	0	0	0
4630.0	2681	0.579049676025918	140	0.03023758099352052	11010	2.3779697624190064	11385	2.458963282937365	2486	0.5369330453563715	12	10	101	0.7	1	0.08333333333333333	8	0.6666666666666666	0	0.0	3	0.25	1	0.1	8	0.8	0	0.0	1	0.1	7	0.06930693069306931	72	0.7128712871287128	0	0.0	22	0.21782178217821782	1	0	1	0	0	1	0	165448700	1	0	0
4240.0	2441	0.5757075471698113	92	0.02169811320754717	11286	2.6617924528301886	4540	1.070754716981132	3597	0.8483490566037736	26	13	147	0.7142857142857143	3	0.11538461538461539	21	0.8076923076923077	0	0.0	2	0.07692307692307693	3	0.23076923076923078	10	0.7692307692307693	0	0.0	0	0.0	1	0.006802721088435374	122	0.8299319727891157	0	0.0	24	0.16326530612244897	1	0	1	1	0	1	0	349113353	1	0	0
4937.0	1770	0.35851731820943894	10	0.0020255215718047396	22799	4.617986631557626	866	0.17541016811829047	627	0.1270002025521572	15	10	129	0.1875	2	0.13333333333333333	11	0.7333333333333333	0	0.0	2	0.13333333333333333	0	0.0	10	1.0	0	0.0	0	0.0	13	0.10077519379844961	60	0.46511627906976744	5	0.03875968992248062	51	0.3953488372093023	1	0	1	1	0	0	0	72191001	0	0	0
4443.0	5	0.0011253657438667567	35	0.007877560207067296	5820	1.3099257258609047	1886	0.42448795858654065	1976	0.44474454197614227	16	15	160	0.7692307692307693	2	0.125	13	0.8125	0	0.0	1	0.0625	0	0.0	15	1.0	0	0.0	0	0.0	2	0.0125	134	0.8375	0	0.0	24	0.15	0	0	1	1	0	1	0	238160951	1	0	1
3050.0	6	0.0019672131147540984	1	0.0003278688524590164	10421	3.41672131147541	9	0.0029508196721311475	86	0.02819672131147541	13	12	0	0.2857142857142857	2	0.15384615384615385	10	0.7692307692307693	0	0.0	1	0.07692307692307693	2	0.16666666666666666	7	0.5833333333333334	3	0.25	0	0.0	0	0	0	0	0	0	0	0	0	0	0	1	1	0	0	2865679427	1	0	1
4063.0	141	0.034703421117400934	0	0.0	424	0.10435638690622692	12	0.002953482648289441	48	0.011813930593157764	7	15	10	0.3076923076923077	1	0.14285714285714285	6	0.8571428571428571	0	0.0	0	0.0	1	0.06666666666666667	14	0.9333333333333333	0	0.0	0	0.0	2	0.2	3	0.3	0	0.0	5	0.5	0	0	1	1	1	0	0	477989973	0	0	0
4239.0	1608	0.37933474876150036	0	0.0	6461	1.5241802311866006	320	0.0754895022410946	191	0.04505779665015334	1	8	0	0.14285714285714285	1	1.0	0	0.0	0	0.0	0	0.0	0	0.0	8	1.0	0	0.0	0	0.0	0	0	0	0	0	0	0	0	1	0	0	1	0	0	0	349342823	0	0	0
2701.0	54	0.01999259533506109	0	0.0	20472	7.579415031469826	3	0.0011106997408367272	19	0.007034431691965938	11	12	0	0.8888888888888888	1	0.09090909090909091	10	0.9090909090909091	0	0.0	0	0.0	1	0.08333333333333333	10	0.8333333333333334	1	0.08333333333333333	0	0.0	0	0	0	0	0	0	0	0	0	0	0	1	1	0	0	3979873394	1	0	1
5125.0	45	0.00878048780487805	1	0.0001951219512195122	7650	1.4926829268292683	176	0.03434146341463415	411	0.08019512195121951	11	12	0	0.7272727272727273	2	0.18181818181818182	8	0.7272727272727273	0	0.0	1	0.09090909090909091	2	0.16666666666666666	8	0.6666666666666666	2	0.16666666666666666	0	0.0	0	0	0	0	0	0	0	0	0	0	1	1	0	0	0	22563955	0	0	0
4796.0	0	0.0	23	0.0047956630525437865	3074	0.6409507923269391	303	0.06317764804003335	0	0.0	14	11	156	0.17647058823529413	2	0.14285714285714285	11	0.7857142857142857	0	0.0	1	0.07142857142857142	2	0.18181818181818182	8	0.7272727272727273	0	0.0	1	0.09090909090909091	7	0.04487179487179487	116	0.7435897435897436	0	0.0	33	0.21153846153846154	0	0	1	1	0	0	0	108448895	1	0	0
5010.0	23042	4.599201596806387	12	0.0023952095808383233	20482	4.0882235528942115	2402	0.47944111776447107	388	0.07744510978043913	3	8	86	0.25	2	0.6666666666666666	0	0.0	0	0.0	1	0.3333333333333333	0	0.0	8	1.0	0	0.0	0	0.0	10	0.11627906976744186	50	0.5813953488372093	0	0.0	26	0.3023255813953488	1	0	1	1	0	1	0	50957441	0	0	0
5388.0	1698	0.3151447661469933	37	0.006867112100965108	5058	0.9387527839643652	809	0.15014847809948031	542	0.1005939123979213	9	8	86	0.8571428571428571	2	0.2222222222222222	6	0.6666666666666666	0	0.0	1	0.1111111111111111	0	0.0	8	1.0	0	0.0	0	0.0	7	0.08139534883720931	64	0.7441860465116279	0	0.0	15	0.1744186046511628	1	0	1	1	0	1	0	15109265	1	0	0
2823.0	325	0.11512575274530641	13	0.004605030109812256	8463	2.997874601487779	716	0.2536308891250443	1312	0.46475380800566773	8	11	132	0.36363636363636365	2	0.25	6	0.75	0	0.0	0	0.0	2	0.18181818181818182	9	0.8181818181818182	0	0.0	0	0.0	12	0.09090909090909091	84	0.6363636363636364	2	0.015151515151515152	34	0.25757575757575757	1	0	1	1	1	1	0	3341339795	0	0	1
2795.0	2394	0.8565295169946333	0	0.0	11	0.003935599284436494	55	0.01967799642218247	189	0.06762075134168158	1	5	0	0.2	1	1.0	0	0.0	0	0.0	0	0.0	0	0.0	4	0.8	0	0.0	1	0.2	0	0	0	0	0	0	0	0	0	0	0	1	1	0	0	3384265881	0	0	1
4615.0	836	0.18114842903575298	14	0.0030335861321776816	3071	0.6654387865655471	905	0.19609967497291442	45	0.009750812567713976	7	12	68	0.625	1	0.14285714285714285	6	0.8571428571428571	0	0.0	0	0.0	2	0.16666666666666666	10	0.8333333333333334	0	0.0	0	0.0	4	0.058823529411764705	45	0.6617647058823529	2	0.029411764705882353	17	0.25	1	0	1	1	0	1	0	171134107	1	0	0
3975.0	10946	2.7537106918238994	1	0.00025157232704402514	8751	2.201509433962264	842	0.21182389937106919	610	0.15345911949685534	13	10	0	0.21428571428571427	2	0.15384615384615385	10	0.7692307692307693	0	0.0	1	0.07692307692307693	0	0.0	8	0.8	1	0.1	1	0.1	0	0	0	0	0	0	0	0	1	0	0	1	1	0	0	563940506	0	0	0
2953.0	778	0.26346088723332206	0	0.0	29070	9.844226210633254	124	0.041991195394514055	1179	0.39925499492041994	6	9	0	0.2	3	0.5	3	0.5	0	0.0	0	0.0	2	0.2222222222222222	7	0.7777777777777778	0	0.0	0	0.0	0	0	0	0	0	0	0	0	0	0	0	0	0	0	0	3032272031	1	0	1
3057.0	0	0.0	1	0.00032711808963035657	5414	1.7710173372587503	6	0.001962708537782139	2	0.0006542361792607131	14	11	0	0.8	0	0.0	13	0.9285714285714286	0	0.0	1	0.07142857142857142	2	0.18181818181818182	9	0.8181818181818182	0	0.0	0	0.0	0	0	0	0	0	0	0	0	0	0	0	1	1	0	0	2853096616	1	0	0
4658.0	512	0.10991841992271362	64	0.013739802490339202	6650	1.4276513525118077	4349	0.933662516101331	688	0.1477028767711464	16	15	140	0.9	2	0.125	13	0.8125	0	0.0	1	0.0625	2	0.13333333333333333	13	0.8666666666666667	0	0.0	0	0.0	18	0.12857142857142856	95	0.6785714285714286	0	0.0	27	0.19285714285714287	0	0	1	1	0	1	0	155045032	0	0	0
2782.0	101	0.036304816678648454	2	0.0007189072609633358	985	0.35406182602444286	86	0.030913012221423435	428	0.15384615384615385	14	15	116	0.8181818181818182	3	0.21428571428571427	9	0.6428571428571429	0	0.0	2	0.14285714285714285	6	0.4	9	0.6	0	0.0	0	0.0	15	0.12931034482758622	68	0.5862068965517241	6	0.05172413793103448	27	0.23275862068965517	0	0	1	1	1	1	0	3399388330	0	0	0
4460.0	3135	0.702914798206278	56	0.012556053811659192	2531	0.5674887892376682	946	0.21210762331838565	249	0.055829596412556054	12	11	144	0.9	2	0.16666666666666666	9	0.75	0	0.0	1	0.08333333333333333	2	0.18181818181818182	9	0.8181818181818182	0	0.0	0	0.0	22	0.1527777777777778	63	0.4375	15	0.10416666666666667	44	0.3055555555555556	1	0	1	1	0	1	0	231214259	1	0	0
3577.0	2881	0.8054235392787252	2	0.0005591277606933184	17605	4.921722113502935	1112	0.310875034945485	342	0.09561084707855745	27	12	19	0.2222222222222222	0	0.0	24	0.8888888888888888	0	0.0	3	0.1111111111111111	0	0.0	12	1.0	0	0.0	0	0.0	0	0.0	15	0.7894736842105263	0	0.0	4	0.21052631578947367	1	0	1	1	1	1	0	1467026630	1	0	1
2683.0	767	0.28587402161759223	4	0.0014908684308609765	1079	0.4021617592247484	11	0.004099888184867686	26	0.009690644800596348	3	15	0	0.18181818181818182	1	0.3333333333333333	2	0.6666666666666666	0	0.0	0	0.0	0	0.0	8	0.5333333333333333	7	0.4666666666666667	0	0.0	0	0	0	0	0	0	0	0	0	0	0	1	1	0	0	4172221638	1	0	1
2735.0	1090	0.39853747714808047	0	0.0	319	0.11663619744058501	31	0.0113345521023766	113	0.041316270566727605	9	15	35	0.25	1	0.1111111111111111	4	0.4444444444444444	2	0.2222222222222222	2	0.2222222222222222	2	0.13333333333333333	8	0.5333333333333333	4	0.26666666666666666	1	0.06666666666666667	1	0.02857142857142857	24	0.6857142857142857	4	0.11428571428571428	6	0.17142857142857143	0	0	0	1	1	0	0	3604991185	0	0	1
3856.0	3637	0.9432053941908713	8	0.002074688796680498	6581	1.7066908713692945	844	0.21887966804979253	1182	0.3065352697095436	9	10	115	0.0	0	0.0	0	0.0	0	0.0	9	1.0	2	0.2	8	0.8	0	0.0	0	0.0	0	0.0	0	0.0	0	0.0	115	1.0	0	0	1	1	0	1	0	775081178	0	0	0
4735.0	2167	0.4576557550158395	8	0.001689545934530095	9347	1.9740232312565997	69	0.01457233368532207	84	0.017740232312566	4	14	108	0.23076923076923078	1	0.25	3	0.75	0	0.0	0	0.0	3	0.21428571428571427	11	0.7857142857142857	0	0.0	0	0.0	1	0.009259259259259259	86	0.7962962962962963	0	0.0	21	0.19444444444444445	1	0	1	1	0	0	0	127110363	0	0	0
4969.0	130	0.026162205675186154	59	0.011873616421815255	3604	0.7252968404105454	618	0.12437110082511572	896	0.1803179714228215	15	15	105	0.8181818181818182	2	0.13333333333333333	12	0.8	0	0.0	1	0.06666666666666667	2	0.13333333333333333	12	0.8	0	0.0	1	0.06666666666666667	2	0.01904761904761905	85	0.8095238095238095	0	0.0	18	0.17142857142857143	1	0	1	1	0	1	0	63524061	1	0	0
4498.0	111	0.0246776345042241	0	0.0	2024	0.449977767896843	174	0.03868385949310805	254	0.05646954201867497	9	14	47	0.3333333333333333	2	0.2222222222222222	6	0.6666666666666666	0	0.0	1	0.1111111111111111	0	0.0	13	0.9285714285714286	0	0.0	1	0.07142857142857142	29	0.6170212765957447	8	0.1702127659574468	0	0.0	10	0.2127659574468085	1	0	1	1	1	0	0	217615594	0	0	0
2855.0	1091	0.3821366024518389	34	0.011908931698774081	1618	0.5667250437828372	1314	0.4602451838879159	640	0.22416812609457093	6	12	155	0.2727272727272727	3	0.5	0	0.0	3	0.5	0	0.0	5	0.4166666666666667	7	0.5833333333333334	0	0.0	0	0.0	3	0.01935483870967742	131	0.8451612903225807	0	0.0	21	0.13548387096774195	0	0	1	0	0	1	0	3292941550	1	0	0
2679.0	399	0.14893617021276595	0	0.0	5624	2.099290780141844	45	0.0167973124300112	88	0.032848077640910786	11	14	0	0.6666666666666666	2	0.18181818181818182	8	0.7272727272727273	0	0.0	1	0.09090909090909091	0	0.0	10	0.7142857142857143	4	0.2857142857142857	0	0.0	0	0	0	0	0	0	0	0	0	0	1	1	1	0	0	4223896820	1	0	1
4971.0	39844	8.015288674311003	2	0.0004023335345001006	7492	1.5071414202373767	255	0.051297525648762825	489	0.09837054918527459	9	10	101	0.45454545454545453	1	0.1111111111111111	8	0.8888888888888888	0	0.0	0	0.0	2	0.2	6	0.6	2	0.2	0	0.0	27	0.26732673267326734	41	0.40594059405940597	0	0.0	33	0.32673267326732675	1	0	0	1	0	0	0	62688517	0	0	0
4458.0	2391	0.5363391655450875	6	0.0013458950201884253	25842	5.796769851951548	494	0.11081202332884701	355	0.07963212202781517	6	11	31	0.5	1	0.16666666666666666	5	0.8333333333333334	0	0.0	0	0.0	2	0.18181818181818182	8	0.7272727272727273	0	0.0	1	0.09090909090909091	3	0.0967741935483871	19	0.6129032258064516	0	0.0	9	0.2903225806451613	1	0	1	1	0	0	0	232164623	0	0	0
5237.0	47609	9.09089173190758	21	0.004009929348863853	23813	4.547068932594997	397	0.07580675959518808	636	0.12144357456559099	5	12	60	0.0	2	0.4	2	0.4	0	0.0	1	0.2	3	0.25	9	0.75	0	0.0	0	0.0	1	0.016666666666666666	45	0.75	0	0.0	14	0.23333333333333334	0	0	1	1	0	1	0	17304859	0	0	0
3917.0	0	0.0	5	0.0012764871074802144	72034	18.390094460045955	668	0.17053867755935664	997	0.25453152923155475	8	8	19	1.0	1	0.125	7	0.875	0	0.0	0	0.0	0	0.0	8	1.0	0	0.0	0	0.0	1	0.05263157894736842	15	0.7894736842105263	0	0.0	3	0.15789473684210525	0	0	0	1	1	0	0	616303909	1	0	1
3483.0	247	0.0709158771174275	12	0.0034453057708871662	6366	1.8277347114556417	792	0.22739018087855298	437	0.12546655182314098	22	12	160	0.7692307692307693	3	0.13636363636363635	17	0.7727272727272727	0	0.0	2	0.09090909090909091	1	0.08333333333333333	11	0.9166666666666666	0	0.0	0	0.0	7	0.04375	128	0.8	0	0.0	25	0.15625	1	0	1	0	0	1	0	1715866932	1	0	0
2787.0	2	0.0007176175098672408	0	0.0	812	0.2913527090060998	2	0.0007176175098672408	4	0.0014352350197344816	13	8	0	0.2857142857142857	2	0.15384615384615385	10	0.7692307692307693	0	0.0	1	0.07692307692307693	1	0.125	7	0.875	0	0.0	0	0.0	0	0	0	0	0	0	0	0	0	0	0	1	1	0	0	3299544374	1	0	1
2874.0	39123	13.612734864300627	22	0.007654836464857342	3105	1.0803757828810021	2476	0.8615170494084899	131	0.04558107167710508	7	11	1	0.875	0	0.0	7	1.0	0	0.0	0	0.0	0	0.0	11	1.0	0	0.0	0	0.0	0	0.0	0	0.0	0	0.0	1	1.0	1	0	1	0	0	0	0	3227372866	1	0	0
3892.0	3413	0.8769270298047277	94	0.024152106885919837	3530	0.906988694758479	7828	2.011305241521069	639	0.1641829393627955	20	15	160	0.8461538461538461	12	0.6	3	0.15	0	0.0	5	0.25	12	0.8	3	0.2	0	0.0	0	0.0	9	0.05625	119	0.74375	0	0.0	32	0.2	1	0	1	0	0	1	0	703335756	1	0	0
4019.0	2228	0.5543667578999751	0	0.0	9747	2.4252301567554118	209	0.0520029858173675	303	0.07539188852948495	8	13	0	0.08333333333333333	1	0.125	5	0.625	0	0.0	2	0.25	0	0.0	13	1.0	0	0.0	0	0.0	0	0	0	0	0	0	0	0	0	0	0	1	0	0	0	523521363	0	0	0
4164.0	7	0.0016810758885686839	2	0.0004803073967339097	3681	0.8840057636887608	159	0.03818443804034582	288	0.069164265129683	19	8	0	0.5454545454545454	2	0.10526315789473684	15	0.7894736842105263	0	0.0	2	0.10526315789473684	0	0.0	7	0.875	1	0.125	0	0.0	0	0	0	0	0	0	0	0	0	0	1	1	1	0	0	394693980	1	0	1
3278.0	225	0.06863941427699817	3	0.0009151921903599756	366	0.11165344722391703	9	0.002745576571079927	0	0.0	11	12	0	0.5	2	0.18181818181818182	8	0.7272727272727273	0	0.0	1	0.09090909090909091	2	0.16666666666666666	10	0.8333333333333334	0	0.0	0	0.0	0	0	0	0	0	0	0	0	0	0	1	1	1	0	0	2409008486	1	0	1
4878.0	26729	5.47949979499795	46	0.00943009430094301	9737	1.9961049610496104	1594	0.32677326773267734	1062	0.2177121771217712	15	10	114	0.5	2	0.13333333333333333	12	0.8	0	0.0	1	0.06666666666666667	4	0.4	6	0.6	0	0.0	0	0.0	21	0.18421052631578946	75	0.6578947368421053	0	0.0	18	0.15789473684210525	0	0	1	0	0	1	0	87592296	0	0	0
3540.0	74	0.020903954802259886	51	0.01440677966101695	3126	0.8830508474576271	1002	0.2830508474576271	1686	0.47627118644067795	31	6	135	0.42857142857142855	5	0.16129032258064516	22	0.7096774193548387	0	0.0	4	0.12903225806451613	0	0.0	6	1.0	0	0.0	0	0.0	7	0.05185185185185185	100	0.7407407407407407	0	0.0	28	0.2074074074074074	0	0	1	0	0	1	0	1569475945	1	0	1
2880.0	0	0.0	0	0.0	4240	1.4722222222222223	9	0.003125	25	0.008680555555555556	11	11	0	1.0	1	0.09090909090909091	10	0.9090909090909091	0	0.0	0	0.0	0	0.0	11	1.0	0	0.0	0	0.0	0	0	0	0	0	0	0	0	0	0	0	1	1	0	0	3177024890	1	0	1
3051.0	180	0.058997050147492625	19	0.006227466404457555	3	0.0009832841691248771	67	0.02196001311045559	10	0.0032776138970829235	17	15	98	0.9166666666666666	3	0.17647058823529413	12	0.7058823529411765	0	0.0	2	0.11764705882352941	3	0.2	12	0.8	0	0.0	0	0.0	5	0.05102040816326531	71	0.7244897959183674	0	0.0	22	0.22448979591836735	0	0	1	1	1	0	0	2864106887	1	0	1
4731.0	9108	1.9251743817374762	16	0.0033819488480236735	19089	4.034876347495244	1312	0.2773198055379412	869	0.18368209680828576	25	9	111	0.2631578947368421	15	0.6	0	0.0	0	0.0	10	0.4	7	0.7777777777777778	0	0.0	0	0.0	2	0.2222222222222222	12	0.10810810810810811	72	0.6486486486486487	0	0.0	27	0.24324324324324326	1	0	1	0	0	1	0	128650635	0	0	0
5327.0	23228	4.360428008259809	68	0.012765158625868219	86059	16.155246855641074	978	0.18359301670733996	1809	0.33959076403228833	12	10	91	0.125	1	0.08333333333333333	2	0.16666666666666666	0	0.0	9	0.75	3	0.3	7	0.7	0	0.0	0	0.0	26	0.2857142857142857	46	0.5054945054945055	0	0.0	19	0.2087912087912088	1	0	1	1	0	0	0	15830412	0	0	0
3304.0	42	0.012711864406779662	75	0.022699757869249396	15694	4.75	144	0.043583535108958835	405	0.12257869249394673	10	10	159	1.0	2	0.2	8	0.8	0	0.0	0	0.0	2	0.2	8	0.8	0	0.0	0	0.0	5	0.031446540880503145	123	0.7735849056603774	0	0.0	31	0.1949685534591195	0	0	0	1	0	1	0	2362805646	1	0	1
4081.0	3934	0.9639794168096055	1	0.0002450379808870375	11020	2.700318549375153	301	0.07375643224699828	456	0.1117373192844891	13	13	20	0.9090909090909091	0	0.0	12	0.9230769230769231	0	0.0	1	0.07692307692307693	0	0.0	13	1.0	0	0.0	0	0.0	3	0.15	11	0.55	0	0.0	6	0.3	1	0	0	1	0	0	0	460688792	0	0	0
5039.0	0	0.0	5	0.0009922603691208574	4571	0.9071244294502877	68	0.013494741020043659	1	0.00019845207382417147	15	13	70	0.3125	2	0.13333333333333333	12	0.8	0	0.0	1	0.06666666666666667	3	0.23076923076923078	10	0.7692307692307693	0	0.0	0	0.0	1	0.014285714285714285	57	0.8142857142857143	0	0.0	12	0.17142857142857143	0	0	1	1	0	1	0	43126168	0	0	0
2931.0	5858	1.9986352780620948	0	0.0	5254	1.792562265438417	391	0.1334015694302286	415	0.1415899010576595	5	10	0	0.3	0	0.0	5	1.0	0	0.0	0	0.0	0	0.0	6	0.6	2	0.2	2	0.2	0	0	0	0	0	0	0	0	1	0	0	1	1	0	0	3065286044	0	0	0
4226.0	6977	1.650970184571699	0	0.0	21450	5.075721722669191	354	0.08376715570279224	214	0.0506389020350213	5	11	160	0.2727272727272727	1	0.2	4	0.8	0	0.0	0	0.0	0	0.0	11	1.0	0	0.0	0	0.0	4	0.025	124	0.775	0	0.0	32	0.2	1	0	1	1	1	0	0	357961117	0	0	0
2686.0	3984	1.4832464631422189	0	0.0	426	0.15860014892032762	426	0.15860014892032762	410	0.1526433358153388	14	14	0	1.0	1	0.07142857142857142	13	0.9285714285714286	0	0.0	0	0.0	2	0.14285714285714285	12	0.8571428571428571	0	0.0	0	0.0	0	0	0	0	0	0	0	0	0	0	0	1	1	0	0	4141747640	0	0	0
2861.0	331	0.11569381335197483	2	0.0006990562740300594	382	0.13351974833974134	284	0.09926599091226844	463	0.16183152743795876	13	8	0	0.07142857142857142	2	0.15384615384615385	10	0.7692307692307693	0	0.0	1	0.07692307692307693	1	0.125	6	0.75	1	0.125	0	0.0	0	0	0	0	0	0	0	0	0	0	0	1	1	0	0	3257929151	1	0	1
3642.0	6560	1.801208127402526	14	0.003844041735310269	79933	21.947556287753983	1401	0.3846787479406919	0	0.0	9	8	17	0.08333333333333333	0	0.0	7	0.7777777777777778	0	0.0	2	0.2222222222222222	0	0.0	8	1.0	0	0.0	0	0.0	0	0.0	14	0.8235294117647058	0	0.0	3	0.17647058823529413	1	0	1	1	0	1	0	1296960961	0	0	1
4809.0	5510	1.1457683510085257	2	0.0004158868787689748	20080	4.175504262840508	287	0.05967976710334789	277	0.057600332709503016	8	10	47	0.3	8	1.0	0	0.0	0	0.0	0	0.0	0	0.0	10	1.0	0	0.0	0	0.0	1	0.02127659574468085	37	0.7872340425531915	0	0.0	9	0.19148936170212766	0	0	0	1	0	0	0	104451533	0	0	0
4208.0	17721	4.211264258555133	2	0.0004752851711026616	11462	2.723859315589354	1320	0.31368821292775667	2	0.0004752851711026616	9	8	19	0.25	1	0.1111111111111111	6	0.6666666666666666	0	0.0	2	0.2222222222222222	1	0.125	7	0.875	0	0.0	0	0.0	3	0.15789473684210525	11	0.5789473684210527	2	0.10526315789473684	3	0.15789473684210525	1	0	1	1	1	1	0	368610769	0	0	0
2760.0	0	0.0	0	0.0	491	0.17789855072463767	174	0.06304347826086956	0	0.0	10	15	0	0.3333333333333333	0	0.0	9	0.9	0	0.0	1	0.1	0	0.0	7	0.4666666666666667	8	0.5333333333333333	0	0.0	0	0	0	0	0	0	0	0	0	0	1	1	1	0	0	3438185938	1	0	1
3357.0	1723	0.5132558832290736	3	0.0008936550491510277	2992	0.8912719690199583	132	0.03932082216264522	160	0.04766160262138815	4	6	76	0.3333333333333333	2	0.5	0	0.0	0	0.0	2	0.5	0	0.0	2	0.3333333333333333	4	0.6666666666666666	0	0.0	10	0.13157894736842105	44	0.5789473684210527	0	0.0	22	0.2894736842105263	0	0	0	1	1	0	0	2275266018	0	0	0
3027.0	12010	3.967624710934919	1	0.0003303600925008259	3611	1.1929302940204822	31	0.010241162867525603	56	0.01850016518004625	23	10	140	0.16666666666666666	3	0.13043478260869565	16	0.6956521739130435	0	0.0	4	0.17391304347826086	0	0.0	10	1.0	0	0.0	0	0.0	8	0.05714285714285714	83	0.5928571428571429	0	0.0	49	0.35	0	0	1	1	1	0	0	2914307568	0	0	0
4138.0	16458	3.9772837119381346	3	0.0007249879168680521	43550	10.524407926534558	697	0.16843885935234412	402	0.09714838086031899	15	14	114	0.29411764705882354	4	0.26666666666666666	7	0.4666666666666667	0	0.0	4	0.26666666666666666	0	0.0	14	1.0	0	0.0	0	0.0	4	0.03508771929824561	86	0.7543859649122807	0	0.0	24	0.21052631578947367	1	0	1	1	0	1	0	412798449	0	0	0
3824.0	147	0.03844142259414226	86	0.022489539748953975	30902	8.081066945606695	1281	0.33498953974895396	1651	0.4317468619246862	19	15	111	0.7857142857142857	3	0.15789473684210525	16	0.8421052631578947	0	0.0	0	0.0	1	0.06666666666666667	14	0.9333333333333333	0	0.0	0	0.0	9	0.08108108108108109	75	0.6756756756756757	2	0.018018018018018018	25	0.22522522522522523	0	0	1	1	0	1	0	843730418	1	0	1
3324.0	1336	0.4019253910950662	0	0.0	1244	0.3742478941034898	157	0.04723225030084236	159	0.04783393501805054	12	14	75	0.35294117647058826	2	0.16666666666666666	9	0.75	0	0.0	1	0.08333333333333333	2	0.14285714285714285	8	0.5714285714285714	4	0.2857142857142857	0	0.0	1	0.013333333333333334	28	0.37333333333333335	3	0.04	43	0.5733333333333334	1	0	0	1	1	0	0	2329415154	0	0	0
3099.0	2117	0.6831235882542755	1	0.00032268473701193933	7615	2.457244272345918	140	0.04517586318167151	851	0.2746047111971604	24	8	21	0.07692307692307693	3	0.125	11	0.4583333333333333	0	0.0	10	0.4166666666666667	0	0.0	1	0.125	7	0.875	0	0.0	6	0.2857142857142857	12	0.5714285714285714	0	0.0	3	0.14285714285714285	0	0	0	1	1	0	0	2818051585	0	0	0
3370.0	15255	4.526706231454006	5	0.001483679525222552	8569	2.5427299703264095	204	0.060534124629080116	504	0.14955489614243322	10	9	0	0.7777777777777778	1	0.1	7	0.7	0	0.0	2	0.2	1	0.1111111111111111	7	0.7777777777777778	1	0.1111111111111111	0	0.0	0	0	0	0	0	0	0	0	1	0	1	1	1	0	0	2257653253	0	0	0
3913.0	7533	1.9251213902376694	1	0.0002555583950932788	18120	4.630718119090212	263	0.06721185790953232	130	0.03322259136212625	17	9	95	0.1875	2	0.11764705882352941	14	0.8235294117647058	0	0.0	1	0.058823529411764705	0	0.0	8	0.8888888888888888	0	0.0	1	0.1111111111111111	1	0.010526315789473684	72	0.7578947368421053	0	0.0	22	0.23157894736842105	0	0	0	1	0	0	0	619744784	0	0	0
3227.0	23994	7.435388906104741	0	0.0	9097	2.819026960024791	1042	0.32290052680508213	312	0.09668422683607066	3	11	0	0.375	1	0.3333333333333333	2	0.6666666666666666	0	0.0	0	0.0	0	0.0	11	1.0	0	0.0	0	0.0	0	0	0	0	0	0	0	0	1	0	0	1	1	0	0	2545978907	0	0	0
2697.0	118586	43.96959584723767	5	0.0018539117538005192	4764	1.7664071190211346	3176	1.1776047460140897	799	0.29625509825732294	11	10	22	0.8888888888888888	2	0.18181818181818182	8	0.7272727272727273	0	0.0	1	0.09090909090909091	2	0.2	8	0.8	0	0.0	0	0.0	3	0.13636363636363635	17	0.7727272727272727	0	0.0	2	0.09090909090909091	0	0	1	1	1	0	0	4046753309	0	0	0
5052.0	14230	2.816706254948535	33	0.006532066508313539	17651	3.4938638163103723	11592	2.294536817102138	5739	1.1359857482185274	11	9	130	0.35714285714285715	2	0.18181818181818182	8	0.7272727272727273	0	0.0	1	0.09090909090909091	2	0.2222222222222222	7	0.7777777777777778	0	0.0	0	0.0	19	0.14615384615384616	75	0.5769230769230769	2	0.015384615384615385	34	0.26153846153846155	1	0	1	0	0	1	0	40291871	0	0	0
5116.0	499	0.09753713838936669	23	0.004495699765441751	28666	5.6032056293979675	1546	0.30218921032056295	2077	0.40598123534010944	9	12	133	0.8	2	0.2222222222222222	7	0.7777777777777778	0	0.0	0	0.0	3	0.25	9	0.75	0	0.0	0	0.0	20	0.15037593984962405	83	0.6240601503759399	0	0.0	30	0.22556390977443608	1	0	1	1	0	1	0	23973435	1	0	0
4714.0	2284	0.484514212982605	69	0.01463725074246924	11302	2.3975392448027155	762	0.16164616037335597	1353	0.287017394993636	12	11	56	0.7	2	0.16666666666666666	9	0.75	0	0.0	1	0.08333333333333333	2	0.18181818181818182	9	0.8181818181818182	0	0.0	0	0.0	3	0.05357142857142857	41	0.7321428571428571	0	0.0	12	0.21428571428571427	0	0	1	1	0	0	0	134352450	0	0	0
2711.0	3	0.0011066027296200663	1	0.00036886757654002215	321	0.1184064920693471	5	0.0018443378827001106	48	0.01770564367392106	9	11	138	0.2	2	0.2222222222222222	6	0.6666666666666666	0	0.0	1	0.1111111111111111	0	0.0	11	1.0	0	0.0	0	0.0	13	0.09420289855072464	100	0.7246376811594203	0	0.0	25	0.18115942028985507	1	0	0	1	0	1	0	3862072934	1	0	1
4937.0	2903	0.5880089122949159	24	0.0048612517723313755	51790	10.490176220376746	642	0.13003848490986428	1146	0.23212477212882318	6	7	3	0.625	3	0.5	2	0.3333333333333333	0	0.0	1	0.16666666666666666	3	0.42857142857142855	2	0.2857142857142857	2	0.2857142857142857	0	0.0	2	0.6666666666666666	0	0.0	0	0.0	1	0.3333333333333333	1	0	1	1	0	0	0	72126063	1	0	1
4317.0	1257	0.29117442668519805	9	0.0020847810979847115	1446	0.334954829742877	121	0.028028723650683346	568	0.13157285151725737	14	13	91	0.9090909090909091	2	0.14285714285714285	11	0.7857142857142857	0	0.0	1	0.07142857142857142	2	0.15384615384615385	11	0.8461538461538461	0	0.0	0	0.0	4	0.04395604395604396	67	0.7362637362637363	0	0.0	20	0.21978021978021978	0	0	0	1	1	0	0	301747825	0	0	0
3904.0	261	0.06685450819672131	34	0.008709016393442622	22815	5.844006147540983	12073	3.092469262295082	13371	3.4249487704918034	13	10	153	0.8333333333333334	5	0.38461538461538464	7	0.5384615384615384	0	0.0	1	0.07692307692307693	3	0.3	7	0.7	0	0.0	0	0.0	3	0.0196078431372549	123	0.803921568627451	1	0.006535947712418301	26	0.16993464052287582	0	0	1	1	0	1	0	628493945	1	0	1
3902.0	5843	1.4974372116863146	0	0.0	3976	1.0189646335212712	307	0.0786776012301384	208	0.05330599692465402	13	8	0	0.3076923076923077	2	0.15384615384615385	10	0.7692307692307693	0	0.0	1	0.07692307692307693	0	0.0	8	1.0	0	0.0	0	0.0	0	0	0	0	0	0	0	0	1	0	1	1	1	0	0	629919354	0	0	0
4780.0	0	0.0	9	0.0018828451882845188	5519	1.154602510460251	397	0.08305439330543933	44	0.009205020920502092	13	13	122	0.8	2	0.15384615384615385	10	0.7692307692307693	0	0.0	1	0.07692307692307693	2	0.15384615384615385	10	0.7692307692307693	1	0.07692307692307693	0	0.0	5	0.040983606557377046	96	0.7868852459016393	1	0.00819672131147541	20	0.16393442622950818	0	0	1	1	0	1	0	113200771	1	0	1
2799.0	947	0.338335119685602	22	0.007859949982136478	1547	0.5526973919256878	342	0.12218649517684887	617	0.22043586995355485	17	13	28	0.8	2	0.11764705882352941	14	0.8235294117647058	0	0.0	1	0.058823529411764705	1	0.07692307692307693	12	0.9230769230769231	0	0.0	0	0.0	0	0.0	26	0.9285714285714286	0	0.0	2	0.07142857142857142	1	0	1	1	1	1	0	3378450059	0	0	0
5070.0	10563	2.083431952662722	15	0.0029585798816568047	41931	8.270414201183431	466	0.09191321499013806	2431	0.4794871794871795	5	10	156	0.08333333333333333	1	0.2	4	0.8	0	0.0	0	0.0	0	0.0	8	0.8	2	0.2	0	0.0	6	0.038461538461538464	120	0.7692307692307693	2	0.01282051282051282	28	0.1794871794871795	1	0	1	1	0	1	0	35720864	0	0	0
3768.0	11481	3.046974522292994	1	0.0002653927813163482	4069	1.0798832271762209	448	0.11889596602972399	454	0.12048832271762208	15	15	104	0.23529411764705882	2	0.13333333333333333	6	0.4	2	0.13333333333333333	5	0.3333333333333333	3	0.2	12	0.8	0	0.0	0	0.0	45	0.4326923076923077	37	0.3557692307692308	0	0.0	22	0.21153846153846154	1	0	1	0	0	0	0	956829350	0	0	0
3023.0	7703	2.548130995699636	5	0.0016539861065167053	4433	1.4664240820377108	1001	0.3311280185246444	1807	0.5977505788951373	13	15	79	0.42857142857142855	2	0.15384615384615385	10	0.7692307692307693	0	0.0	1	0.07692307692307693	3	0.2	10	0.6666666666666666	0	0.0	2	0.13333333333333333	5	0.06329113924050633	60	0.759493670886076	0	0.0	14	0.17721518987341772	0	0	1	1	1	0	0	2905394860	1	0	0
4882.0	0	0.0	7	0.0014338385907414993	17839	3.6540352314625153	451	0.09238017206063089	149	0.030520278574354773	17	8	78	0.5454545454545454	2	0.11764705882352941	14	0.8235294117647058	0	0.0	1	0.058823529411764705	2	0.25	6	0.75	0	0.0	0	0.0	7	0.08974358974358974	50	0.6410256410256411	7	0.08974358974358974	14	0.1794871794871795	0	0	1	1	1	1	0	86691503	1	0	0
2814.0	1849	0.6570717839374556	2	0.0007107320540156361	2428	0.8628287135749823	245	0.08706467661691543	560	0.19900497512437812	14	14	86	0.35714285714285715	2	0.14285714285714285	11	0.7857142857142857	0	0.0	1	0.07142857142857142	0	0.0	11	0.7857142857142857	3	0.21428571428571427	0	0.0	8	0.09302325581395349	53	0.6162790697674418	9	0.10465116279069768	16	0.18604651162790697	1	0	1	1	1	1	0	3262844611	0	0	1
2988.0	2247	0.7520080321285141	27	0.009036144578313253	26389	8.831659973226238	222	0.07429718875502007	160	0.0535475234270415	8	6	16	0.0	0	0.0	0	0.0	0	0.0	8	1.0	0	0.0	4	0.6666666666666666	1	0.16666666666666666	1	0.16666666666666666	0	0.0	0	0.0	1	0.0625	15	0.9375	0	0	1	1	1	0	0	2966578566	0	0	0
5069.0	1326	0.26159005721049516	106	0.020911422371276387	4976	0.9816531860327481	1205	0.23771947129611362	1196	0.23594397317025054	14	12	88	0.8888888888888888	6	0.42857142857142855	6	0.42857142857142855	0	0.0	2	0.14285714285714285	6	0.5	6	0.5	0	0.0	0	0.0	20	0.22727272727272727	54	0.6136363636363636	0	0.0	14	0.1590909090909091	1	0	1	0	0	1	0	35950289	1	0	0
3868.0	34575	8.938728024819028	0	0.0	18921	4.891675284384695	1533	0.3963288521199586	576	0.14891416752843847	6	15	27	0.23076923076923078	1	0.16666666666666666	5	0.8333333333333334	0	0.0	0	0.0	0	0.0	15	1.0	0	0.0	0	0.0	2	0.07407407407407407	21	0.7777777777777778	0	0.0	4	0.14814814814814814	1	0	1	1	1	0	0	751144658	0	0	0
2686.0	55	0.020476545048399106	0	0.0	416	0.1548771407297096	5	0.0018615040953090098	1	0.00037230081906180194	4	6	33	0.0	0	0.0	0	0.0	0	0.0	4	1.0	2	0.3333333333333333	0	0.0	4	0.6666666666666666	0	0.0	4	0.12121212121212122	0	0.0	0	0.0	29	0.8787878787878788	0	0	0	1	1	0	0	4142993113	1	0	1
3351.0	17882	5.336317517159057	3	0.0008952551477170994	21124	6.303789913458669	1877	0.5601313040883319	2409	0.7188898836168308	6	13	50	0.2727272727272727	1	0.16666666666666666	3	0.5	0	0.0	2	0.3333333333333333	0	0.0	10	0.7692307692307693	2	0.15384615384615385	1	0.07692307692307693	0	0.0	38	0.76	0	0.0	12	0.24	1	0	1	1	0	1	0	2284523251	0	0	0
3519.0	14673	4.169650468883206	12	0.0034100596760443308	2839	0.8067632850241546	200	0.05683432793407218	232	0.06592782040352373	17	14	69	0.5555555555555556	9	0.5294117647058824	0	0.0	0	0.0	8	0.47058823529411764	2	0.14285714285714285	11	0.7857142857142857	1	0.07142857142857142	0	0.0	6	0.08695652173913043	49	0.7101449275362319	2	0.028985507246376812	12	0.17391304347826086	1	0	1	1	0	1	0	1621413638	0	0	0
3507.0	2629	0.7496435700028514	1	0.00028514399771884804	2277	0.649272882805817	1403	0.40005702879954375	21	0.005988023952095809	10	10	23	0.75	2	0.2	7	0.7	0	0.0	1	0.1	0	0.0	9	0.9	0	0.0	1	0.1	3	0.13043478260869565	15	0.6521739130434783	0	0.0	5	0.21739130434782608	1	0	1	1	0	1	0	1651183375	1	0	0
3824.0	605	0.15821129707112971	16	0.0041841004184100415	10812	2.827405857740586	222	0.05805439330543933	77	0.020135983263598327	11	14	46	1.0	2	0.18181818181818182	9	0.8181818181818182	0	0.0	0	0.0	3	0.21428571428571427	11	0.7857142857142857	0	0.0	0	0.0	1	0.021739130434782608	35	0.7608695652173914	0	0.0	10	0.21739130434782608	0	0	1	1	0	0	0	842829588	0	0	0
3232.0	5474	1.693688118811881	40	0.012376237623762377	5672	1.754950495049505	9385	2.9037747524752477	597	0.18471534653465346	7	14	91	0.5555555555555556	1	0.14285714285714285	6	0.8571428571428571	0	0.0	0	0.0	2	0.14285714285714285	12	0.8571428571428571	0	0.0	0	0.0	9	0.0989010989010989	68	0.7472527472527473	0	0.0	14	0.15384615384615385	0	0	1	0	0	1	0	2484866839	0	0	0
5277.0	4	0.0007580064430547659	49	0.009285578927420882	6618	1.2541216600341103	565	0.1070684100814857	93	0.01762364980102331	13	12	160	0.9090909090909091	2	0.15384615384615385	10	0.7692307692307693	0	0.0	1	0.07692307692307693	0	0.0	12	1.0	0	0.0	0	0.0	1	0.00625	130	0.8125	0	0.0	29	0.18125	1	0	1	1	1	1	0	16551714	0	0	0
3842.0	5816	1.5137948984903695	2	0.0005205622071837585	2082	0.5419052576782926	10222	2.6605934409161893	8066	2.099427381572098	18	11	75	0.7	3	0.16666666666666666	13	0.7222222222222222	0	0.0	2	0.1111111111111111	2	0.18181818181818182	9	0.8181818181818182	0	0.0	0	0.0	0	0.0	0	0.0	0	0.0	75	1.0	1	0	1	1	0	0	0	806424366	0	0	0
3632.0	1897	0.5223017621145375	1	0.00027533039647577095	4142	1.1404185022026432	171	0.047081497797356826	728	0.20044052863436124	5	13	0	0.0	1	0.2	4	0.8	0	0.0	0	0.0	0	0.0	11	0.8461538461538461	0	0.0	2	0.15384615384615385	0	0	0	0	0	0	0	0	1	0	0	1	1	0	0	1326731076	0	0	0
5603.0	1314	0.23451722291629484	176	0.031411743708727465	59450	10.610387292521864	1299	0.23184008566839193	372	0.06639300374799215	9	9	81	1.0	0	0.0	9	1.0	0	0.0	0	0.0	0	0.0	9	1.0	0	0.0	0	0.0	4	0.04938271604938271	62	0.7654320987654321	0	0.0	15	0.18518518518518517	0	0	1	1	0	0	0	10145612	0	0	0
4311.0	67	0.015541637671073997	7	0.0016237531895151936	5105	1.1841800046392947	730	0.16933426119229877	746	0.1730456970540478	12	13	120	0.2777777777777778	10	0.8333333333333334	0	0.0	0	0.0	2	0.16666666666666666	1	0.07692307692307693	9	0.6923076923076923	3	0.23076923076923078	0	0.0	65	0.5416666666666666	23	0.19166666666666668	5	0.041666666666666664	27	0.225	1	0	1	1	0	1	0	305680208	0	0	1
4794.0	32	0.006675010429703796	3	0.0006257822277847309	4709	0.9822695035460993	221	0.04609929078014184	1521	0.3172715894868586	13	13	16	0.0	2	0.15384615384615385	10	0.7692307692307693	0	0.0	1	0.07692307692307693	0	0.0	12	0.9230769230769231	1	0.07692307692307693	0	0.0	3	0.1875	10	0.625	0	0.0	3	0.1875	1	0	1	1	0	0	0	109170521	1	0	1
3929.0	7873	2.003817765334691	0	0.0	2558	0.6510562484092645	635	0.1616187325019089	519	0.13209468058030033	6	10	0	0.36363636363636365	1	0.16666666666666666	5	0.8333333333333334	0	0.0	0	0.0	0	0.0	10	1.0	0	0.0	0	0.0	0	0	0	0	0	0	0	0	1	0	0	1	0	0	0	605671261	0	0	0
4266.0	950	0.2226910454758556	5	0.0011720581340834506	69588	16.31223628691983	1815	0.42545710267229253	1321	0.30965775902484766	8	11	22	0.13333333333333333	1	0.125	5	0.625	0	0.0	2	0.25	2	0.18181818181818182	8	0.7272727272727273	0	0.0	1	0.09090909090909091	4	0.18181818181818182	15	0.6818181818181818	0	0.0	3	0.13636363636363635	0	0	1	1	0	0	0	332959611	0	0	0
4066.0	28188	6.932611903590753	2	0.0004918839153959665	15217	3.7424987702902115	418	0.102803738317757	1412	0.3472700442695524	11	10	46	0.21428571428571427	2	0.18181818181818182	8	0.7272727272727273	0	0.0	1	0.09090909090909091	3	0.3	7	0.7	0	0.0	0	0.0	1	0.021739130434782608	36	0.782608695652174	0	0.0	9	0.1956521739130435	1	0	0	0	0	0	0	474730375	0	0	0
3756.0	731	0.19462193823216187	16	0.004259850905218318	33063	8.802715654952078	6577	1.7510649627263046	2358	0.6277955271565495	9	14	89	0.5	1	0.1111111111111111	6	0.6666666666666666	1	0.1111111111111111	1	0.1111111111111111	5	0.35714285714285715	9	0.6428571428571429	0	0.0	0	0.0	4	0.0449438202247191	27	0.30337078651685395	2	0.02247191011235955	56	0.6292134831460674	0	0	0	1	0	0	0	981192584	0	0	0
3816.0	4742	1.2426624737945493	16	0.0041928721174004195	30792	8.069182389937106	593	0.15539832285115304	414	0.10849056603773585	10	10	51	1.0	2	0.2	8	0.8	0	0.0	0	0.0	0	0.0	10	1.0	0	0.0	0	0.0	9	0.17647058823529413	21	0.4117647058823529	5	0.09803921568627451	16	0.3137254901960784	1	0	0	1	1	1	0	857313176	0	0	0
4159.0	74	0.017792738639095935	3	0.000721327242125511	18804	4.521279153642703	1206	0.2899735513344554	953	0.22914162058187065	1	11	0	0.0	0	0.0	0	0.0	0	0.0	1	1.0	0	0.0	10	0.9090909090909091	0	0.0	1	0.09090909090909091	0	0	0	0	0	0	0	0	1	0	1	1	0	0	0	398069665	0	0	0
3457.0	92	0.026612669945039052	6	0.0017356089094590686	1665	0.4816314723748915	244	0.07058142898466879	203	0.05872143477003182	14	11	58	0.8333333333333334	2	0.14285714285714285	5	0.35714285714285715	4	0.2857142857142857	3	0.21428571428571427	0	0.0	7	0.6363636363636364	4	0.36363636363636365	0	0.0	2	0.034482758620689655	45	0.7758620689655172	0	0.0	11	0.1896551724137931	1	0	1	1	0	1	0	1908756390	1	0	1
3113.0	4768	1.5316415033729522	0	0.0	12832	4.122068743976871	363	0.1166077738515901	401	0.1288146482492772	4	14	0	0.14285714285714285	4	1.0	0	0.0	0	0.0	0	0.0	0	0.0	10	0.7142857142857143	4	0.2857142857142857	0	0.0	0	0	0	0	0	0	0	0	1	0	0	1	1	0	0	2792443824	0	0	0
5097.0	2	0.00039238767902687857	6	0.0011771630370806356	3087	0.6056503825779871	246	0.04826368452030606	73	0.014322150284481068	20	12	116	0.29411764705882354	6	0.3	9	0.45	0	0.0	5	0.25	5	0.4166666666666667	7	0.5833333333333334	0	0.0	0	0.0	11	0.09482758620689655	67	0.5775862068965517	10	0.08620689655172414	28	0.2413793103448276	1	0	1	1	0	1	0	27725752	0	0	0
3554.0	1795	0.5050647158131683	0	0.0	16618	4.675858187957231	391	0.11001688238604389	207	0.058244231851435	11	10	41	0.6363636363636364	2	0.18181818181818182	9	0.8181818181818182	0	0.0	0	0.0	2	0.2	8	0.8	0	0.0	0	0.0	5	0.12195121951219512	29	0.7073170731707317	1	0.024390243902439025	6	0.14634146341463414	1	0	1	1	1	0	0	1534906297	0	0	0
4635.0	92865	20.035598705501616	9	0.001941747572815534	35385	7.634304207119741	762	0.16440129449838187	352	0.07594390507011867	4	7	37	0.2857142857142857	1	0.25	2	0.5	0	0.0	1	0.25	0	0.0	7	1.0	0	0.0	0	0.0	1	0.02702702702702703	18	0.4864864864864865	2	0.05405405405405406	16	0.43243243243243246	0	0	1	1	0	1	0	163237819	0	0	0
4238.0	57944	13.672487022180274	8	0.0018876828692779614	82701	19.514157621519583	801	0.18900424728645587	416	0.09815950920245399	10	14	31	0.3333333333333333	4	0.4	3	0.3	0	0.0	3	0.3	0	0.0	14	1.0	0	0.0	0	0.0	0	0.0	14	0.45161290322580644	5	0.16129032258064516	12	0.3870967741935484	1	0	0	1	0	0	0	350425032	0	0	0
3977.0	6475	1.6281116419411616	4	0.0010057832537088258	8596	2.1614282122202666	328	0.08247422680412371	1362	0.3424691978878552	15	11	47	0.7	5	0.3333333333333333	5	0.3333333333333333	0	0.0	5	0.3333333333333333	0	0.0	10	0.9090909090909091	0	0.0	1	0.09090909090909091	1	0.02127659574468085	36	0.7659574468085106	1	0.02127659574468085	9	0.19148936170212766	1	0	1	1	0	1	0	561631178	0	0	0
3725.0	2478	0.665234899328859	5	0.0013422818791946308	10971	2.945234899328859	1335	0.35838926174496644	79	0.021208053691275167	16	15	33	0.42857142857142855	2	0.125	13	0.8125	0	0.0	1	0.0625	0	0.0	15	1.0	0	0.0	0	0.0	1	0.030303030303030304	20	0.6060606060606061	5	0.15151515151515152	7	0.21212121212121213	1	0	1	0	0	0	0	1053216716	0	0	0
2671.0	97	0.03631598652190191	0	0.0	127	0.04754773493073755	5	0.0018719580681392737	43	0.016098839385997755	5	12	0	0.36363636363636365	1	0.2	3	0.6	0	0.0	1	0.2	1	0.08333333333333333	3	0.25	8	0.6666666666666666	0	0.0	0	0	0	0	0	0	0	0	0	0	0	1	1	0	0	4242657261	1	0	1
2899.0	15	0.005174197999310107	0	0.0	3	0.0010348395998620215	43	0.01483270093135564	4	0.0013797861331493618	8	6	0	0.3	8	1.0	0	0.0	0	0.0	0	0.0	6	1.0	0	0.0	0	0.0	0	0.0	0	0	0	0	0	0	0	0	0	0	1	0	0	0	0	3143061484	0	0	1
4748.0	63242	13.31971356360573	309	0.06508003369839932	17862	3.762005054759899	50383	10.611415332771694	1856	0.3909014321819714	11	10	97	0.875	2	0.18181818181818182	8	0.7272727272727273	0	0.0	1	0.09090909090909091	2	0.2	8	0.8	0	0.0	0	0.0	7	0.07216494845360824	68	0.7010309278350515	0	0.0	22	0.2268041237113402	1	0	1	1	1	1	0	123228144	0	0	0
4564.0	0	0.0	1	0.00021910604732690623	56892	12.465381244522348	485	0.10626643295354951	1088	0.23838737949167396	18	11	75	0.6153846153846154	2	0.1111111111111111	15	0.8333333333333334	0	0.0	1	0.05555555555555555	2	0.18181818181818182	9	0.8181818181818182	0	0.0	0	0.0	11	0.14666666666666667	51	0.68	0	0.0	13	0.17333333333333334	0	0	0	1	0	1	0	191123444	1	0	1
5136.0	5788	1.1269470404984423	8	0.001557632398753894	14297	2.783683800623053	649	0.12636292834890966	4924	0.9587227414330218	17	14	158	0.8181818181818182	3	0.17647058823529413	11	0.6470588235294118	0	0.0	3	0.17647058823529413	0	0.0	14	1.0	0	0.0	0	0.0	3	0.0189873417721519	122	0.7721518987341772	0	0.0	33	0.2088607594936709	0	0	1	1	0	1	0	21336054	1	0	0
3682.0	0	0.0	5	0.0013579576317218902	5125	1.3919065725149375	176	0.047800108636610536	772	0.20966865833785986	20	10	62	0.5	4	0.2	14	0.7	0	0.0	2	0.1	5	0.5	3	0.3	0	0.0	2	0.2	2	0.03225806451612903	47	0.7580645161290323	1	0.016129032258064516	12	0.1935483870967742	0	0	1	1	1	1	0	1174900730	1	0	1
2994.0	402	0.1342685370741483	7	0.002338009352037408	5140	1.7167668670674683	3385	1.1305945223780896	4549	1.51937207748831	12	11	36	0.875	2	0.16666666666666666	9	0.75	0	0.0	1	0.08333333333333333	2	0.18181818181818182	9	0.8181818181818182	0	0.0	0	0.0	3	0.08333333333333333	28	0.7777777777777778	0	0.0	5	0.1388888888888889	0	0	1	0	0	1	0	2956070925	1	0	1
4398.0	92	0.020918599363346977	9	0.0020463847203274215	3170	0.7207821737153252	215	0.04888585720782174	203	0.04615734424738518	20	14	145	0.8	3	0.15	14	0.7	0	0.0	3	0.15	3	0.21428571428571427	11	0.7857142857142857	0	0.0	0	0.0	2	0.013793103448275862	117	0.8068965517241379	0	0.0	26	0.1793103448275862	0	0	1	1	1	1	0	258478116	1	0	0
3942.0	0	0.0	11	0.0027904616945712835	12697	3.2209538305428715	6114	1.5509893455098935	7757	1.9677828513444953	13	11	24	0.8888888888888888	2	0.15384615384615385	9	0.6923076923076923	0	0.0	2	0.15384615384615385	2	0.18181818181818182	9	0.8181818181818182	0	0.0	0	0.0	3	0.125	15	0.625	0	0.0	6	0.25	0	0	0	1	0	0	0	593481765	1	0	1
5056.0	164837	32.60225474683544	22	0.00435126582278481	186641	36.91475474683544	1363	0.26958069620253167	5000	0.9889240506329114	15	14	150	0.6666666666666666	0	0.0	14	0.9333333333333333	0	0.0	1	0.06666666666666667	0	0.0	14	1.0	0	0.0	0	0.0	4	0.02666666666666667	116	0.7733333333333333	0	0.0	30	0.2	0	0	0	1	1	0	0	39194666	1	0	0
3793.0	4093	1.079093066174532	0	0.0	13144	3.4653308726601635	576	0.1518586870551015	627	0.16530450830477195	9	12	17	0.23076923076923078	1	0.1111111111111111	5	0.5555555555555556	0	0.0	3	0.3333333333333333	0	0.0	11	0.9166666666666666	0	0.0	1	0.08333333333333333	1	0.058823529411764705	12	0.7058823529411765	0	0.0	4	0.23529411764705882	1	0	1	1	0	0	0	903073842	0	0	0
4272.0	31	0.007256554307116105	16	0.003745318352059925	80443	18.830290262172284	674	0.15777153558052434	117	0.027387640449438203	8	6	21	0.375	1	0.125	7	0.875	0	0.0	0	0.0	1	0.16666666666666666	5	0.8333333333333334	0	0.0	0	0.0	0	0.0	17	0.8095238095238095	0	0.0	4	0.19047619047619047	1	0	1	1	0	0	0	329191487	0	0	0
3134.0	290	0.09253350350989151	0	0.0	962	0.30695596681557114	57	0.018187619655392468	151	0.048181238034460755	12	11	0	0.35714285714285715	2	0.16666666666666666	9	0.75	0	0.0	1	0.08333333333333333	0	0.0	8	0.7272727272727273	3	0.2727272727272727	0	0.0	0	0	0	0	0	0	0	0	0	0	1	1	0	1	0	2734133342	0	0	0
3495.0	2	0.0005722460658082976	3	0.0008583690987124463	1342	0.3839771101573677	82	0.0234620886981402	98	0.02804005722460658	9	10	74	0.6666666666666666	1	0.1111111111111111	5	0.5555555555555556	2	0.2222222222222222	1	0.1111111111111111	3	0.3	5	0.5	2	0.2	0	0.0	3	0.04054054054054054	59	0.7972972972972973	0	0.0	12	0.16216216216216217	0	0	0	1	1	0	0	1682313314	1	0	1
4168.0	186	0.0446257197696737	1	0.0002399232245681382	3290	0.7893474088291746	191	0.0458253358925144	187	0.044865642994241846	13	15	89	0.7692307692307693	2	0.15384615384615385	10	0.7692307692307693	0	0.0	1	0.07692307692307693	0	0.0	15	1.0	0	0.0	0	0.0	1	0.011235955056179775	67	0.7528089887640449	0	0.0	21	0.23595505617977527	1	0	1	1	0	1	0	391778402	0	0	0
3410.0	417	0.12228739002932551	10	0.002932551319648094	2169	0.6360703812316716	100	0.02932551319648094	93	0.02727272727272727	12	13	109	0.7	2	0.16666666666666666	9	0.75	0	0.0	1	0.08333333333333333	4	0.3076923076923077	9	0.6923076923076923	0	0.0	0	0.0	12	0.11009174311926606	80	0.7339449541284404	0	0.0	17	0.1559633027522936	0	0	1	1	1	1	0	2178486371	0	0	0
4700.0	2970	0.6319148936170212	9	0.0019148936170212765	6625	1.4095744680851063	81	0.01723404255319149	257	0.054680851063829784	14	12	131	0.8181818181818182	2	0.14285714285714285	11	0.7857142857142857	0	0.0	1	0.07142857142857142	0	0.0	12	1.0	0	0.0	0	0.0	6	0.04580152671755725	99	0.7557251908396947	0	0.0	26	0.1984732824427481	1	0	1	1	0	1	0	139382900	0	0	0
2800.0	504	0.18	1	0.00035714285714285714	416	0.14857142857142858	100	0.03571428571428571	648	0.23142857142857143	4	6	0	0.8	1	0.25	3	0.75	0	0.0	0	0.0	2	0.3333333333333333	4	0.6666666666666666	0	0.0	0	0.0	0	0	0	0	0	0	0	0	1	0	0	1	1	0	0	3280081015	0	0	1
4351.0	27684	6.362675247069639	23	0.005286141116984601	6742	1.549528843943921	232	0.0533210756148012	894	0.20547000689496667	10	10	98	0.3333333333333333	2	0.2	7	0.7	0	0.0	1	0.1	1	0.1	7	0.7	2	0.2	0	0.0	17	0.17346938775510204	47	0.47959183673469385	2	0.02040816326530612	32	0.32653061224489793	0	0	1	1	1	0	0	283021457	0	0	0
2759.0	1712	0.6205146792316056	0	0.0	11606	4.2065965929684666	113	0.04095686843059079	112	0.04059441826748822	13	14	0	0.75	1	0.07692307692307693	11	0.8461538461538461	0	0.0	1	0.07692307692307693	0	0.0	12	0.8571428571428571	2	0.14285714285714285	0	0.0	0	0	0	0	0	0	0	0	0	0	1	0	0	0	0	3438727318	0	0	0
2872.0	0	0.0	1	0.00034818941504178273	398	0.13857938718662952	564	0.19637883008356546	575	0.20020891364902507	20	15	29	0.3333333333333333	2	0.1	17	0.85	0	0.0	1	0.05	0	0.0	15	1.0	0	0.0	0	0.0	2	0.06896551724137931	19	0.6551724137931034	0	0.0	8	0.27586206896551724	0	0	1	1	1	1	0	3233845421	1	0	1
3190.0	9268	2.905329153605016	6	0.0018808777429467085	17684	5.543573667711598	949	0.2974921630094044	2192	0.6871473354231975	4	8	22	0.5	1	0.25	3	0.75	0	0.0	0	0.0	1	0.125	6	0.75	1	0.125	0	0.0	0	0.0	14	0.6363636363636364	2	0.09090909090909091	6	0.2727272727272727	1	0	1	0	0	0	0	2624196785	0	0	0
5049.0	5083	1.0067340067340067	281	0.05565458506634977	17263	3.419092889681125	33722	6.67894632600515	1078	0.21350762527233116	18	11	103	0.5714285714285714	2	0.1111111111111111	15	0.8333333333333334	0	0.0	1	0.05555555555555555	3	0.2727272727272727	8	0.7272727272727273	0	0.0	0	0.0	7	0.06796116504854369	80	0.7766990291262136	0	0.0	16	0.1553398058252427	0	0	1	0	0	1	1	40882376	1	0	0
4386.0	29	0.0066119471044231645	1	0.00022799817601459188	1597	0.3641130870953032	43	0.00980392156862745	137	0.031235750113999088	14	11	44	0.2222222222222222	2	0.14285714285714285	11	0.7857142857142857	0	0.0	1	0.07142857142857142	1	0.09090909090909091	8	0.7272727272727273	2	0.18181818181818182	0	0.0	1	0.022727272727272728	34	0.7727272727272727	0	0.0	9	0.20454545454545456	1	0	1	1	1	0	0	264491208	1	0	0
3965.0	878	0.221437578814628	0	0.0	10348	2.6098360655737705	915	0.23076923076923078	131	0.0330390920554855	20	11	38	0.0	0	0.0	0	0.0	0	0.0	20	1.0	1	0.09090909090909091	8	0.7272727272727273	1	0.09090909090909091	1	0.09090909090909091	0	0.0	0	0.0	0	0.0	38	1.0	1	0	1	1	0	1	0	572838091	0	0	0
3292.0	5516	1.6755771567436208	0	0.0	493	0.14975698663426487	689	0.20929526123936817	134	0.04070473876063183	6	13	0	0.6	0	0.0	6	1.0	0	0.0	0	0.0	2	0.15384615384615385	9	0.6923076923076923	2	0.15384615384615385	0	0.0	0	0	0	0	0	0	0	0	1	0	1	1	1	0	0	2398376146	0	0	0
4711.0	9194	1.9516026321375504	32	0.006792613033326258	6464	1.372107832731904	1679	0.3563999150923371	1005	0.21333050307790277	15	15	122	0.8181818181818182	2	0.13333333333333333	12	0.8	0	0.0	1	0.06666666666666667	2	0.13333333333333333	12	0.8	0	0.0	1	0.06666666666666667	5	0.040983606557377046	93	0.7622950819672131	0	0.0	24	0.19672131147540983	0	0	1	1	0	0	0	135385302	0	0	0
5158.0	1216	0.23575029081039162	198	0.038386971694455214	327527	63.4988367584335	4653	0.9020938348196975	4481	0.8687475765800698	25	11	112	0.5882352941176471	2	0.08	8	0.32	0	0.0	15	0.6	2	0.18181818181818182	8	0.7272727272727273	0	0.0	1	0.09090909090909091	12	0.10714285714285714	79	0.7053571428571429	0	0.0	21	0.1875	0	0	1	1	0	1	0	19730650	1	0	1
3771.0	26	0.006894722885176346	0	0.0	855	0.22673031026252982	81	0.021479713603818614	510	0.13524264120922833	12	11	75	0.17647058823529413	2	0.16666666666666666	9	0.75	0	0.0	1	0.08333333333333333	4	0.36363636363636365	4	0.36363636363636365	2	0.18181818181818182	1	0.09090909090909091	13	0.17333333333333334	49	0.6533333333333333	0	0.0	13	0.17333333333333334	1	0	0	1	0	0	0	951259362	0	0	1
3963.0	40124	10.12465304062579	1	0.00025233409033560434	12850	3.242493060812516	422	0.10648498612162503	402	0.10143830431491295	13	13	3	0.375	2	0.15384615384615385	10	0.7692307692307693	0	0.0	1	0.07692307692307693	12	0.9230769230769231	0	0.0	0	0.0	1	0.07692307692307693	0	0.0	3	1.0	0	0.0	0	0.0	1	0	1	1	0	1	0	574607606	0	0	0
2793.0	0	0.0	0	0.0	2160	0.7733619763694952	2	0.0007160759040458289	0	0.0	6	8	0	1.0	0	0.0	6	1.0	0	0.0	0	0.0	0	0.0	8	1.0	0	0.0	0	0.0	0	0	0	0	0	0	0	0	1	0	0	1	1	0	0	3287027977	1	0	0
4480.0	0	0.0	0	0.0	2690	0.6004464285714286	11	0.002455357142857143	0	0.0	6	7	0	0.18181818181818182	0	0.0	6	1.0	0	0.0	0	0.0	0	0.0	6	0.8571428571428571	1	0.14285714285714285	0	0.0	0	0	0	0	0	0	0	0	0	0	1	1	1	0	0	224252173	1	0	1
4379.0	2092	0.4777346426124686	3	0.0006850879196163508	5128	1.1710436172642156	3223	0.7360127883078328	609	0.1390728476821192	6	15	16	0.5454545454545454	1	0.16666666666666666	5	0.8333333333333334	0	0.0	0	0.0	0	0.0	14	0.9333333333333333	0	0.0	1	0.06666666666666667	2	0.125	8	0.5	2	0.125	4	0.25	0	0	0	1	0	0	0	268751128	0	0	0
5123.0	2409	0.4702322857700566	99	0.019324614483700958	8039	1.5691977357017373	8762	1.7103259808705837	869	0.16962717157915283	14	13	158	0.9230769230769231	5	0.35714285714285715	8	0.5714285714285714	0	0.0	1	0.07142857142857142	5	0.38461538461538464	8	0.6153846153846154	0	0.0	0	0.0	11	0.06962025316455696	116	0.7341772151898734	0	0.0	31	0.1962025316455696	1	0	1	0	0	1	0	22942001	1	0	0
2799.0	611	0.21829224723115398	58	0.020721686316541622	3649	1.3036798856734548	660	0.2357984994640943	254	0.09074669524830296	12	12	117	1.0	4	0.3333333333333333	8	0.6666666666666666	0	0.0	0	0.0	4	0.3333333333333333	8	0.6666666666666666	0	0.0	0	0.0	11	0.09401709401709402	86	0.7350427350427351	0	0.0	20	0.17094017094017094	0	0	1	1	0	1	0	3378614589	1	0	0
4191.0	3421	0.8162729658792651	0	0.0	27418	6.5421140539250775	984	0.23478883321403007	950	0.22667621092817944	13	12	0	0.4375	0	0.0	12	0.9230769230769231	0	0.0	1	0.07692307692307693	0	0.0	11	0.9166666666666666	0	0.0	1	0.08333333333333333	0	0	0	0	0	0	0	0	1	0	0	1	0	0	0	378278231	0	0	0
4848.0	998	0.20585808580858087	5	0.0010313531353135313	41758	8.613448844884488	567	0.11695544554455446	409	0.08436468646864687	4	10	40	0.5	1	0.25	3	0.75	0	0.0	0	0.0	0	0.0	10	1.0	0	0.0	0	0.0	0	0.0	31	0.775	0	0.0	9	0.225	1	0	1	1	0	0	0	94802265	0	0	0
5023.0	6529	1.2998208242086402	4	0.0007963368504877563	19697	3.921361736014334	116	0.023093768664144934	100	0.019908421262193908	14	9	8	0.36363636363636365	3	0.21428571428571427	9	0.6428571428571429	0	0.0	2	0.14285714285714285	0	0.0	9	1.0	0	0.0	0	0.0	0	0.0	0	0.0	2	0.25	6	0.75	1	0	1	1	0	0	0	46928242	0	0	0
3079.0	4970	1.6141604417018514	2	0.0006495615459564793	948	0.3078921727833712	235	0.07632348164988632	357	0.11594673595323157	11	12	50	0.7272727272727273	2	0.18181818181818182	8	0.7272727272727273	0	0.0	1	0.09090909090909091	2	0.16666666666666666	8	0.6666666666666666	2	0.16666666666666666	0	0.0	7	0.14	33	0.66	0	0.0	10	0.2	1	0	1	1	1	0	0	2817888651	0	0	0
2962.0	122	0.041188386225523295	19	0.006414584740040513	875	0.29540850776502364	321	0.10837272113436867	459	0.1549628629304524	5	8	144	0.5	4	0.8	0	0.0	0	0.0	1	0.2	7	0.875	0	0.0	0	0.0	1	0.125	1	0.006944444444444444	122	0.8472222222222222	0	0.0	21	0.14583333333333334	0	0	1	0	0	1	0	3014398348	1	0	0
5048.0	163	0.03229001584786054	14	0.0027733755942947703	6449	1.2775356576862125	113	0.0223851030110935	24	0.004754358161648178	4	11	50	0.09090909090909091	0	0.0	3	0.75	1	0.25	0	0.0	0	0.0	9	0.8181818181818182	2	0.18181818181818182	0	0.0	2	0.04	32	0.64	0	0.0	16	0.32	1	0	1	1	0	0	0	41161102	1	0	1
3421.0	1204	0.3519438760596317	65	0.01900029231218942	11673	3.412160187079801	11024	3.2224495761473255	1329	0.388482899736919	17	10	80	0.35714285714285715	2	0.11764705882352941	12	0.7058823529411765	0	0.0	3	0.17647058823529413	0	0.0	10	1.0	0	0.0	0	0.0	10	0.125	50	0.625	3	0.0375	17	0.2125	1	0	0	1	1	1	0	2162839953	0	0	0
3038.0	16750	5.513495720868993	86	0.028308097432521395	14205	4.675773535220539	5698	1.8755760368663594	6255	2.0589203423304805	9	9	170	0.7777777777777778	2	0.2222222222222222	6	0.6666666666666666	0	0.0	1	0.1111111111111111	2	0.2222222222222222	6	0.6666666666666666	0	0.0	1	0.1111111111111111	16	0.09411764705882353	119	0.7	2	0.011764705882352941	33	0.19411764705882353	0	0	0	0	0	1	0	2884456853	1	0	1
4081.0	75	0.018377848566527813	5	0.0012251899044351876	1788	0.438127909826023	30	0.0073511394266111245	1075	0.2634158294535653	12	11	0	0.9090909090909091	0	0.0	11	0.9166666666666666	0	0.0	1	0.08333333333333333	0	0.0	11	1.0	0	0.0	0	0.0	0	0	0	0	0	0	0	0	0	0	0	1	1	0	0	461197718	1	0	0
5017.0	52685	10.501295594977078	4	0.0007972892166633447	11609	2.313932629061192	1150	0.22922064979071158	3364	0.6705202312138728	18	13	81	0.6666666666666666	3	0.16666666666666666	13	0.7222222222222222	0	0.0	2	0.1111111111111111	0	0.0	12	0.9230769230769231	0	0.0	1	0.07692307692307693	1	0.012345679012345678	58	0.7160493827160493	0	0.0	22	0.2716049382716049	1	0	1	1	1	1	0	48566699	0	0	0
3024.0	1	0.00033068783068783067	6	0.001984126984126984	2185	0.72255291005291	13	0.004298941798941799	17	0.005621693121693121	11	15	0	0.35714285714285715	2	0.18181818181818182	8	0.7272727272727273	0	0.0	1	0.09090909090909091	2	0.13333333333333333	5	0.3333333333333333	8	0.5333333333333333	0	0.0	0	0	0	0	0	0	0	0	0	0	0	1	1	0	0	2903675308	1	0	1
4017.0	154	0.038337067463281055	5	0.0012447099825740602	20784	5.174010455563853	203	0.05053522529250685	492	0.12247946228528753	18	14	0	0.26666666666666666	3	0.16666666666666666	13	0.7222222222222222	0	0.0	2	0.1111111111111111	3	0.21428571428571427	11	0.7857142857142857	0	0.0	0	0.0	0	0	0	0	0	0	0	0	0	0	1	1	1	0	0	525685170	1	0	0
4432.0	459	0.10356498194945848	141	0.03181407942238267	9715	2.1920126353790614	48608	10.967509025270758	726	0.1638086642599278	18	15	77	0.8461538461538461	2	0.1111111111111111	15	0.8333333333333334	0	0.0	1	0.05555555555555555	0	0.0	15	1.0	0	0.0	0	0.0	1	0.012987012987012988	63	0.8181818181818182	0	0.0	13	0.16883116883116883	0	0	1	0	0	1	1	242684340	0	0	0
3381.0	551	0.16296953564034308	114	0.03371783496007098	3051	0.9023957409050577	1526	0.45134575569358176	375	0.11091393078970718	28	15	109	0.6666666666666666	3	0.10714285714285714	23	0.8214285714285714	0	0.0	2	0.07142857142857142	2	0.13333333333333333	13	0.8666666666666667	0	0.0	0	0.0	5	0.045871559633027525	88	0.8073394495412844	0	0.0	16	0.14678899082568808	0	0	1	1	0	1	0	2241040843	1	0	0
4681.0	18516	3.955565050202948	105	0.022431104464857937	33566	7.170690023499252	2296	0.49049348429822687	1693	0.3616748558000427	4	7	150	0.2222222222222222	1	0.25	3	0.75	0	0.0	0	0.0	0	0.0	7	1.0	0	0.0	0	0.0	22	0.14666666666666667	95	0.6333333333333333	1	0.006666666666666667	32	0.21333333333333335	1	0	1	0	0	1	0	146428363	0	0	0
4277.0	107	0.025017535655833527	0	0.0	17812	4.164601356090718	38	0.008884732288987608	440	0.10287584755669862	8	10	0	0.0	0	0.0	0	0.0	0	0.0	8	1.0	0	0.0	8	0.8	0	0.0	2	0.2	0	0	0	0	0	0	0	0	0	0	0	1	0	0	0	326078925	0	0	1
2839.0	9511	3.3501232828460727	0	0.0	4139	1.457907713983797	130	0.04579077139837971	168	0.059175766114829165	9	14	2	0.5	1	0.1111111111111111	6	0.6666666666666666	0	0.0	2	0.2222222222222222	2	0.14285714285714285	12	0.8571428571428571	0	0.0	0	0.0	0	0.0	0	0.0	0	0.0	2	1.0	1	0	1	1	1	0	0	3237515738	0	0	0
4674.0	0	0.0	5	0.001069747539580659	2260	0.48352588789045786	96	0.02053915275994865	7	0.0014976465554129225	16	14	149	0.8461538461538461	3	0.1875	11	0.6875	0	0.0	2	0.125	2	0.14285714285714285	12	0.8571428571428571	0	0.0	0	0.0	15	0.10067114093959731	101	0.6778523489932886	1	0.006711409395973154	32	0.21476510067114093	0	0	1	1	0	1	0	149148123	1	0	1
3652.0	4	0.001095290251916758	30	0.008214676889375685	12970	3.5514786418400877	893	0.2445235487404162	926	0.25355969331872946	15	15	124	0.8461538461538461	2	0.13333333333333333	12	0.8	0	0.0	1	0.06666666666666667	2	0.13333333333333333	12	0.8	1	0.06666666666666667	0	0.0	7	0.056451612903225805	96	0.7741935483870968	0	0.0	21	0.1693548387096774	1	0	1	1	1	1	0	1268044255	0	0	1
4785.0	5	0.0010449320794148381	134	0.02800417972831766	47671	9.962591431556948	9016	1.884221525600836	0	0.0	19	15	152	0.75	2	0.10526315789473684	15	0.7894736842105263	0	0.0	2	0.10526315789473684	2	0.13333333333333333	13	0.8666666666666667	0	0.0	0	0.0	21	0.13815789473684212	100	0.6578947368421053	0	0.0	31	0.20394736842105263	1	0	1	1	0	1	0	111972836	1	0	0
3166.0	498	0.1572962728995578	1	0.0003158559696778269	6379	2.0148452305748576	28	0.008843967150979154	28	0.008843967150979154	10	9	0	0.23076923076923078	0	0.0	10	1.0	0	0.0	0	0.0	0	0.0	9	1.0	0	0.0	0	0.0	0	0	0	0	0	0	0	0	0	0	1	0	0	0	0	2646299108	0	0	0
4588.0	1071	0.23343504795117698	13	0.002833478639930253	3654	0.7964254577157803	1001	0.21817785527462946	4894	1.0666957279860505	16	11	118	0.4166666666666667	2	0.125	13	0.8125	0	0.0	1	0.0625	0	0.0	11	1.0	0	0.0	0	0.0	16	0.13559322033898305	72	0.6101694915254238	2	0.01694915254237288	28	0.23728813559322035	1	0	1	0	0	0	0	181572101	1	0	0
2703.0	19609	7.254532001479837	2	0.0007399186089530152	23368	8.645209027007029	1303	0.48205697373288936	251	0.0928597854236034	15	12	62	0.0	0	0.0	8	0.5333333333333333	0	0.0	7	0.4666666666666667	0	0.0	12	1.0	0	0.0	0	0.0	2	0.03225806451612903	43	0.6935483870967742	0	0.0	17	0.27419354838709675	1	0	1	1	0	1	0	3953332753	0	0	0
3881.0	699	0.1801082195310487	149	0.03839216696727647	106374	27.40891522803401	12928	3.3311002318989953	42	0.010821953104869879	12	12	95	1.0	3	0.25	9	0.75	0	0.0	0	0.0	2	0.16666666666666666	10	0.8333333333333334	0	0.0	0	0.0	7	0.07368421052631578	75	0.7894736842105263	0	0.0	13	0.1368421052631579	1	0	1	1	0	0	0	724324885	1	0	0
3733.0	11143	2.984998660594696	0	0.0	2043	0.5472810072327886	307	0.08223948566836324	344	0.09215108491829628	9	9	14	0.23076923076923078	2	0.2222222222222222	6	0.6666666666666666	0	0.0	1	0.1111111111111111	2	0.2222222222222222	4	0.4444444444444444	2	0.2222222222222222	1	0.1111111111111111	2	0.14285714285714285	7	0.5	2	0.14285714285714285	3	0.21428571428571427	0	0	0	1	1	0	0	1031655967	0	0	0
4829.0	0	0.0	3	0.0006212466349140609	2440	0.5052805963967695	612	0.12673431352246842	646	0.13377510871816112	12	11	13	0.7272727272727273	0	0.0	11	0.9166666666666666	0	0.0	1	0.08333333333333333	0	0.0	11	1.0	0	0.0	0	0.0	0	0.0	12	0.9230769230769231	0	0.0	1	0.07692307692307693	0	0	0	1	1	1	0	99127860	0	0	1
3542.0	3034	0.8565782044042913	0	0.0	10243	2.8918690005646526	644	0.18181818181818182	676	0.19085262563523434	14	10	16	0.0	0	0.0	14	1.0	0	0.0	0	0.0	2	0.2	7	0.7	0	0.0	1	0.1	1	0.0625	10	0.625	0	0.0	5	0.3125	1	0	1	1	0	0	0	1566151250	0	0	0
3967.0	27141	6.841693975296193	2	0.0005041593143433325	51026	12.862616586841442	838	0.21124275270985632	59	0.01487269977312831	4	8	23	0.5	4	1.0	0	0.0	0	0.0	0	0.0	0	0.0	8	1.0	0	0.0	0	0.0	0	0.0	22	0.9565217391304348	0	0.0	1	0.043478260869565216	1	0	0	1	0	1	0	570479207	0	0	0
2952.0	5236	1.7737127371273713	2	0.0006775067750677507	3052	1.0338753387533874	468	0.15853658536585366	423	0.14329268292682926	4	12	46	0.4444444444444444	1	0.25	3	0.75	0	0.0	0	0.0	2	0.16666666666666666	9	0.75	0	0.0	1	0.08333333333333333	0	0.0	39	0.8478260869565217	0	0.0	7	0.15217391304347827	1	0	0	1	1	0	0	3017822828	0	0	0
3336.0	9720	2.9136690647482015	8	0.002398081534772182	7314	2.1924460431654675	43	0.01288968824940048	189	0.05665467625899281	15	14	0	0.9	2	0.13333333333333333	12	0.8	0	0.0	1	0.06666666666666667	1	0.07142857142857142	13	0.9285714285714286	0	0.0	0	0.0	0	0	0	0	0	0	0	0	0	0	1	1	1	0	0	2309509747	1	0	1
3390.0	43190	12.740412979351033	60	0.017699115044247787	37043	10.927138643067847	5466	1.6123893805309735	5616	1.656637168141593	15	13	148	0.8888888888888888	3	0.2	10	0.6666666666666666	0	0.0	2	0.13333333333333333	3	0.23076923076923078	10	0.7692307692307693	0	0.0	0	0.0	17	0.11486486486486487	94	0.6351351351351351	3	0.02027027027027027	34	0.22972972972972974	1	0	1	1	0	1	0	2226246259	0	0	0
3951.0	15642	3.958997722095672	2	0.0005062009617818274	11858	3.0012655024044546	667	0.16881802075423943	729	0.1845102505694761	14	12	70	0.9	3	0.21428571428571427	9	0.6428571428571429	0	0.0	2	0.14285714285714285	0	0.0	12	1.0	0	0.0	0	0.0	2	0.02857142857142857	57	0.8142857142857143	0	0.0	11	0.15714285714285714	1	0	0	1	1	1	0	585093752	0	0	0
4277.0	6800	1.5898994622398879	58	0.013560907177928454	4104	0.9595510872106616	801	0.1872808043020809	531	0.12415244330137948	10	7	150	0.6666666666666666	2	0.2	7	0.7	0	0.0	1	0.1	0	0.0	6	0.8571428571428571	1	0.14285714285714285	0	0.0	9	0.06	104	0.6933333333333334	0	0.0	37	0.24666666666666667	1	0	1	1	0	1	0	326193805	0	0	0
3505.0	7952	2.268758915834522	1	0.0002853067047075606	9242	2.6368045649072753	436	0.12439372325249644	260	0.07417974322396577	5	14	0	0.06666666666666667	1	0.2	2	0.4	0	0.0	2	0.4	0	0.0	13	0.9285714285714286	0	0.0	1	0.07142857142857142	0	0	0	0	0	0	0	0	1	0	1	0	0	0	0	1656623762	0	0	0
5091.0	16820	3.3038695737576114	75	0.01473187978786093	44481	8.73718326458456	1793	0.35219013946179534	882	0.17324690630524456	13	13	152	0.8181818181818182	2	0.15384615384615385	10	0.7692307692307693	0	0.0	1	0.07692307692307693	2	0.15384615384615385	10	0.7692307692307693	0	0.0	1	0.07692307692307693	20	0.13157894736842105	101	0.6644736842105263	0	0.0	31	0.20394736842105263	0	0	1	1	0	1	0	29086373	1	0	0
4362.0	2312	0.5300320953690968	3	0.000687757909215956	3513	0.8053645116918845	195	0.04470426409903714	170	0.03897294818890417	12	9	59	0.7777777777777778	2	0.16666666666666666	9	0.75	0	0.0	1	0.08333333333333333	2	0.2222222222222222	7	0.7777777777777778	0	0.0	0	0.0	7	0.11864406779661017	39	0.6610169491525424	0	0.0	13	0.22033898305084745	1	0	1	1	0	1	0	277538177	0	0	0
2829.0	1	0.0003534817956875221	0	0.0	5261	1.8596677271120536	147	0.051961823966065745	49	0.017320607988688584	12	12	0	0.8	2	0.16666666666666666	9	0.75	0	0.0	1	0.08333333333333333	0	0.0	11	0.9166666666666666	0	0.0	1	0.08333333333333333	0	0	0	0	0	0	0	0	0	0	0	0	0	1	0	3329528505	0	0	0
3097.0	2761	0.8915079108814983	0	0.0	1186	0.38295124313852114	87	0.028091701646754924	109	0.03519535033903778	5	15	70	0.15384615384615385	1	0.2	4	0.8	0	0.0	0	0.0	3	0.2	12	0.8	0	0.0	0	0.0	10	0.14285714285714285	45	0.6428571428571429	0	0.0	15	0.21428571428571427	0	0	1	1	1	1	0	2824442557	0	0	0
4255.0	535	0.12573443008225618	320	0.07520564042303172	2267	0.5327849588719153	1510	0.35487661574618096	1559	0.3663924794359577	13	11	158	0.5454545454545454	2	0.15384615384615385	10	0.7692307692307693	0	0.0	1	0.07692307692307693	10	0.9090909090909091	0	0.0	1	0.09090909090909091	0	0.0	19	0.12025316455696203	109	0.689873417721519	0	0.0	30	0.189873417721519	1	0	1	0	0	1	0	339366591	1	0	0
5847.0	20166	3.448948178553104	111	0.018984094407388404	5487	0.9384299640841457	10617	1.8158029758850693	1443	0.24679322729604924	10	10	144	0.4	0	0.0	9	0.9	0	0.0	1	0.1	0	0.0	10	1.0	0	0.0	0	0.0	23	0.1597222222222222	87	0.6041666666666666	3	0.020833333333333332	31	0.2152777777777778	1	0	1	1	0	1	1	1037011	0	0	0
4198.0	2249	0.5357313006193426	23	0.00547879942829919	3703	0.8820867079561696	581	0.13839923773225346	1187	0.28275369223439734	15	11	50	0.35294117647058826	2	0.13333333333333333	9	0.6	0	0.0	4	0.26666666666666666	0	0.0	10	0.9090909090909091	0	0.0	1	0.09090909090909091	1	0.02	37	0.74	0	0.0	12	0.24	1	0	1	1	1	1	0	374592230	0	0	0
2729.0	304	0.11139611579333089	0	0.0	5949	2.1799193843898865	75	0.02748259435690729	451	0.16526200073286917	9	11	0	0.3333333333333333	1	0.1111111111111111	8	0.8888888888888888	0	0.0	0	0.0	0	0.0	5	0.45454545454545453	6	0.5454545454545454	0	0.0	0	0	0	0	0	0	0	0	0	0	1	1	1	0	0	3673821932	1	0	1
3795.0	5836	1.5378129117259551	2	0.0005270092226613965	7680	2.0237154150197627	341	0.08985507246376812	346	0.0911725955204216	5	7	32	0.3333333333333333	1	0.2	2	0.4	0	0.0	2	0.4	2	0.2857142857142857	5	0.7142857142857143	0	0.0	0	0.0	0	0.0	27	0.84375	0	0.0	5	0.15625	1	0	1	0	0	1	0	898732788	0	0	0
4011.0	0	0.0	2	0.0004986287708800798	3148	0.7848416853652456	626	0.15607080528546496	728	0.18150087260034903	13	9	28	0.11764705882352941	2	0.15384615384615385	10	0.7692307692307693	0	0.0	1	0.07692307692307693	0	0.0	9	1.0	0	0.0	0	0.0	1	0.03571428571428571	23	0.8214285714285714	0	0.0	4	0.14285714285714285	0	0	0	1	1	0	0	532157179	0	0	1
2668.0	0	0.0	0	0.0	641	0.24025487256371814	4	0.0014992503748125937	29	0.010869565217391304	4	7	0	0.0	0	0.0	4	1.0	0	0.0	0	0.0	0	0.0	6	0.8571428571428571	1	0.14285714285714285	0	0.0	0	0	0	0	0	0	0	0	0	0	0	1	0	0	0	4340912892	1	0	1
3060.0	73711	24.088562091503267	0	0.0	4324	1.4130718954248367	132	0.043137254901960784	97	0.03169934640522876	5	15	0	0.4166666666666667	0	0.0	5	1.0	0	0.0	0	0.0	0	0.0	14	0.9333333333333333	1	0.06666666666666667	0	0.0	0	0	0	0	0	0	0	0	0	0	1	1	1	0	0	2880393984	1	0	0
2971.0	2	0.0006731740154830024	0	0.0	265	0.08919555705149781	8	0.0026926960619320095	9	0.0030292830696735107	4	13	0	0.0	0	0.0	0	0.0	0	0.0	4	1.0	0	0.0	5	0.38461538461538464	8	0.6153846153846154	0	0.0	0	0	0	0	0	0	0	0	0	0	0	1	1	0	0	2995344139	1	0	1
2761.0	988	0.3578413618254256	1	0.0003621876131836291	1966	0.7120608475190149	189	0.0684534588917059	147	0.05324157913799348	13	10	18	0.6666666666666666	2	0.15384615384615385	10	0.7692307692307693	0	0.0	1	0.07692307692307693	0	0.0	9	0.9	0	0.0	1	0.1	6	0.3333333333333333	4	0.2222222222222222	0	0.0	8	0.4444444444444444	1	0	1	1	1	0	0	3325432584	0	0	0
4329.0	0	0.0	16	0.003696003696003696	11355	2.623007623007623	140	0.03234003234003234	0	0.0	12	12	33	1.0	0	0.0	12	1.0	0	0.0	0	0.0	0	0.0	12	1.0	0	0.0	0	0.0	2	0.06060606060606061	26	0.7878787878787878	0	0.0	5	0.15151515151515152	0	0	1	1	0	1	0	295260968	0	0	0
5208.0	4809	0.9233870967741935	57	0.010944700460829493	13476	2.587557603686636	3007	0.5773809523809523	858	0.16474654377880185	9	9	98	0.5	5	0.5555555555555556	0	0.0	2	0.2222222222222222	2	0.2222222222222222	3	0.3333333333333333	6	0.6666666666666666	0	0.0	0	0.0	20	0.20408163265306123	54	0.5510204081632653	2	0.02040816326530612	22	0.22448979591836735	0	0	1	1	0	1	0	18027311	1	0	0
2911.0	28	0.009618687736173137	1	0.00034352456200618345	1455	0.4998282377189969	35	0.01202335967021642	19	0.006526966678117485	18	9	49	0.5833333333333334	3	0.16666666666666666	12	0.6666666666666666	0	0.0	3	0.16666666666666666	2	0.2222222222222222	7	0.7777777777777778	0	0.0	0	0.0	6	0.12244897959183673	34	0.6938775510204082	0	0.0	9	0.1836734693877551	1	0	0	1	1	0	0	3119665997	0	0	0
2772.0	11895	4.291125541125541	0	0.0	10434	3.764069264069264	310	0.11183261183261184	574	0.20707070707070707	17	13	86	0.15	12	0.7058823529411765	0	0.0	3	0.17647058823529413	2	0.11764705882352941	1	0.07692307692307693	12	0.9230769230769231	0	0.0	0	0.0	6	0.06976744186046512	65	0.7558139534883721	0	0.0	15	0.1744186046511628	0	0	1	1	0	0	0	3313193810	1	0	0
3791.0	22268	5.873911896597204	3	0.0007913479293062516	3587	0.9461883408071748	203	0.053547876549723025	217	0.0572408335531522	12	12	0	0.4375	2	0.16666666666666666	8	0.6666666666666666	0	0.0	2	0.16666666666666666	0	0.0	10	0.8333333333333334	2	0.16666666666666666	0	0.0	0	0	0	0	0	0	0	0	1	0	0	1	1	0	0	907187028	0	0	0
3762.0	0	0.0	14	0.003721424774056353	36145	9.607921318447634	2557	0.6796916533758639	1530	0.40669856459330145	15	14	48	0.9166666666666666	2	0.13333333333333333	12	0.8	0	0.0	1	0.06666666666666667	2	0.14285714285714285	12	0.8571428571428571	0	0.0	0	0.0	2	0.041666666666666664	38	0.7916666666666666	0	0.0	8	0.16666666666666666	0	0	1	1	0	0	0	969397086	1	0	1
4019.0	2655	0.6606120925603384	5	0.001244090569793481	7715	1.919631749191341	173	0.04304553371485444	119	0.029609355561084846	16	9	126	0.06666666666666667	2	0.125	10	0.625	0	0.0	4	0.25	1	0.1111111111111111	8	0.8888888888888888	0	0.0	0	0.0	5	0.03968253968253968	99	0.7857142857142857	0	0.0	22	0.1746031746031746	1	0	1	1	0	1	0	523653988	0	0	0
2983.0	14226	4.769024472008046	0	0.0	690	0.23131076097888031	192	0.0643647334897754	545	0.18270197787462286	14	13	0	0.9	2	0.14285714285714285	11	0.7857142857142857	0	0.0	1	0.07142857142857142	2	0.15384615384615385	11	0.8461538461538461	0	0.0	0	0.0	0	0	0	0	0	0	0	0	0	0	0	0	0	1	0	2978583408	0	0	0
2879.0	0	0.0	0	0.0	4755	1.6516151441472733	2	0.0006946856547412296	2	0.0006946856547412296	11	11	0	1.0	0	0.0	11	1.0	0	0.0	0	0.0	0	0.0	11	1.0	0	0.0	0	0.0	0	0	0	0	0	0	0	0	0	0	0	1	1	0	0	3177501559	1	0	1
3907.0	7317	1.8727924238546199	0	0.0	7110	1.8198105963654978	563	0.14410033273611467	373	0.0954696698233939	11	10	0	0.45454545454545453	2	0.18181818181818182	8	0.7272727272727273	0	0.0	1	0.09090909090909091	1	0.1	5	0.5	4	0.4	0	0.0	0	0	0	0	0	0	0	0	1	0	1	1	0	0	0	625824646	0	0	0
4251.0	5878	1.3827334744765938	8	0.0018819101387908728	7145	1.6807809927075983	846	0.1990119971771348	2521	0.5930369324864738	13	8	95	0.2	2	0.15384615384615385	10	0.7692307692307693	0	0.0	1	0.07692307692307693	0	0.0	6	0.75	2	0.25	0	0.0	6	0.06315789473684211	64	0.6736842105263158	4	0.042105263157894736	21	0.22105263157894736	1	0	1	0	0	1	0	342299536	0	0	0
3233.0	57783	17.87287349211259	3	0.0009279307145066501	6302	1.9492731209403031	142	0.04392205381998144	141	0.04361274358181256	4	10	14	0.0	1	0.25	3	0.75	0	0.0	0	0.0	2	0.2	7	0.7	0	0.0	1	0.1	0	0.0	11	0.7857142857142857	0	0.0	3	0.21428571428571427	0	0	0	1	1	1	0	2484523928	0	0	0
4790.0	2720	0.5678496868475992	6	0.0012526096033402922	7399	1.5446764091858038	1067	0.22275574112734864	1123	0.23444676409185805	19	13	159	0.29411764705882354	0	0.0	16	0.8421052631578947	0	0.0	3	0.15789473684210525	0	0.0	13	1.0	0	0.0	0	0.0	11	0.06918238993710692	108	0.6792452830188679	11	0.06918238993710692	29	0.18238993710691823	1	0	1	1	0	1	0	110482331	0	0	0
3350.0	1900	0.5671641791044776	0	0.0	2328	0.6949253731343283	47	0.014029850746268656	105	0.03134328358208955	4	12	0	0.1111111111111111	1	0.25	3	0.75	0	0.0	0	0.0	2	0.16666666666666666	10	0.8333333333333334	0	0.0	0	0.0	0	0	0	0	0	0	0	0	1	0	1	1	1	0	0	2285982638	0	0	0
4808.0	488	0.10149750415973377	43	0.00894342762063228	3121	0.6491264559068219	2257	0.46942595673876875	2430	0.5054076539101497	44	13	122	0.42105263157894735	8	0.18181818181818182	30	0.6818181818181818	0	0.0	6	0.13636363636363635	0	0.0	11	0.8461538461538461	2	0.15384615384615385	0	0.0	4	0.03278688524590164	100	0.819672131147541	0	0.0	18	0.14754098360655737	1	0	1	1	1	1	0	104895413	1	0	1
3593.0	9	0.0025048705816866127	77	0.021430559421096576	301252	83.84414138602838	342	0.0951850821040913	135	0.037573058725299195	5	6	32	0.8	1	0.2	4	0.8	0	0.0	0	0.0	0	0.0	5	0.8333333333333334	0	0.0	1	0.16666666666666666	5	0.15625	23	0.71875	0	0.0	4	0.125	0	0	0	1	1	1	0	1425134526	0	0	0
4238.0	497	0.11727229825389335	30	0.0070788107597923545	3946	0.9310995752713545	775	0.1828692779613025	331	0.07810287871637565	6	15	145	0.5	1	0.16666666666666666	5	0.8333333333333334	0	0.0	0	0.0	0	0.0	15	1.0	0	0.0	0	0.0	21	0.14482758620689656	89	0.6137931034482759	0	0.0	35	0.2413793103448276	1	0	1	1	0	1	0	350114766	0	0	0
3294.0	0	0.0	0	0.0	486	0.14754098360655737	3	0.0009107468123861566	10	0.0030358227079538553	13	14	0	0.25	0	0.0	12	0.9230769230769231	0	0.0	1	0.07692307692307693	0	0.0	14	1.0	0	0.0	0	0.0	0	0	0	0	0	0	0	0	1	0	0	1	1	0	0	2394624993	1	0	1
3346.0	2215	0.6619844590555888	1	0.00029886431560071725	6322	1.8894202032277345	365	0.1090854751942618	389	0.11625821876867902	9	9	4	0.3333333333333333	2	0.2222222222222222	6	0.6666666666666666	0	0.0	1	0.1111111111111111	0	0.0	7	0.7777777777777778	1	0.1111111111111111	1	0.1111111111111111	3	0.75	0	0.0	0	0.0	1	0.25	1	0	0	1	1	0	0	2292143083	0	0	0
4299.0	4863	1.1311933007676205	12	0.0027913468248429866	8707	2.0253547336589905	505	0.11746917887880902	171	0.03977669225401256	8	15	0	0.7	1	0.125	7	0.875	0	0.0	0	0.0	0	0.0	15	1.0	0	0.0	0	0.0	0	0	0	0	0	0	0	0	1	0	1	0	0	0	0	312366071	0	0	0
3336.0	3227	0.967326139088729	1	0.00029976019184652276	3316	0.9940047961630696	241	0.07224220623501199	287	0.08603117505995204	12	15	0	0.6363636363636364	11	0.9166666666666666	0	0.0	0	0.0	1	0.08333333333333333	0	0.0	11	0.7333333333333333	4	0.26666666666666666	0	0.0	0	0	0	0	0	0	0	0	1	0	0	1	0	0	0	2310280190	0	0	0
3379.0	2707	0.8011245930748743	0	0.0	767	0.22699023379698136	8	0.0023675643681562593	37	0.010949985202722699	14	11	0	0.3333333333333333	2	0.14285714285714285	11	0.7857142857142857	0	0.0	1	0.07142857142857142	0	0.0	11	1.0	0	0.0	0	0.0	0	0	0	0	0	0	0	0	0	0	1	1	1	0	0	2243449855	1	0	1
3337.0	17630	5.283188492658076	1	0.00029967036260113877	5532	1.6577764459094995	299	0.08960143841774049	315	0.0943961642193587	5	9	37	0.5714285714285714	1	0.2	4	0.8	0	0.0	0	0.0	2	0.2222222222222222	5	0.5555555555555556	2	0.2222222222222222	0	0.0	7	0.1891891891891892	8	0.21621621621621623	2	0.05405405405405406	20	0.5405405405405406	1	0	1	1	1	0	0	2307249169	0	0	0
3929.0	25	0.006362942224484602	0	0.0	1873	0.47671163145838635	35	0.008908119114278442	0	0.0	7	13	54	0.0	1	0.14285714285714285	5	0.7142857142857143	0	0.0	1	0.14285714285714285	2	0.15384615384615385	10	0.7692307692307693	0	0.0	1	0.07692307692307693	5	0.09259259259259259	31	0.5740740740740741	6	0.1111111111111111	12	0.2222222222222222	0	0	1	1	0	0	0	605377564	0	0	1
4388.0	1095	0.24954421148587055	30	0.0068368277119416595	9348	2.130355515041021	1762	0.4015496809480401	0	0.0	11	9	113	0.8888888888888888	0	0.0	9	0.8181818181818182	0	0.0	2	0.18181818181818182	0	0.0	9	1.0	0	0.0	0	0.0	5	0.04424778761061947	83	0.7345132743362832	2	0.017699115044247787	23	0.20353982300884957	0	0	1	1	0	1	0	263590963	1	0	0
4750.0	572	0.12042105263157894	28	0.005894736842105263	5459	1.1492631578947368	713	0.15010526315789474	338	0.0711578947368421	12	13	140	0.21428571428571427	2	0.16666666666666666	9	0.75	0	0.0	1	0.08333333333333333	0	0.0	13	1.0	0	0.0	0	0.0	2	0.014285714285714285	111	0.7928571428571428	1	0.007142857142857143	26	0.18571428571428572	0	0	1	1	0	1	0	122721332	0	0	0
3419.0	22307	6.524422345715122	18	0.005264697279906405	67135	19.635858438139806	1296	0.3790582041532612	255	0.07458321146534075	1	7	0	0.14285714285714285	0	0.0	1	1.0	0	0.0	0	0.0	6	0.8571428571428571	0	0.0	0	0.0	1	0.14285714285714285	0	0	0	0	0	0	0	0	1	0	0	1	1	0	0	2166281273	0	0	0
2832.0	35	0.012358757062146893	1	0.00035310734463276836	156	0.05508474576271186	2	0.0007062146892655367	0	0.0	15	14	0	0.9	2	0.13333333333333333	12	0.8	0	0.0	1	0.06666666666666667	2	0.14285714285714285	12	0.8571428571428571	0	0.0	0	0.0	0	0	0	0	0	0	0	0	0	0	0	1	1	0	0	3321861183	0	0	1
3418.0	2	0.0005851375073142189	7	0.002047981275599766	506	0.14803978935049736	556	0.16266822703335285	1833	0.5362785254534815	9	14	1	0.3333333333333333	0	0.0	9	1.0	0	0.0	0	0.0	0	0.0	6	0.42857142857142855	8	0.5714285714285714	0	0.0	0	0.0	0	0.0	0	0.0	1	1.0	0	0	0	1	1	0	0	2174620748	1	0	1
3664.0	17247	4.7071506550218345	0	0.0	4634	1.2647379912663756	82	0.02237991266375546	85	0.023198689956331876	5	10	2	0.5714285714285714	1	0.2	4	0.8	0	0.0	0	0.0	0	0.0	10	1.0	0	0.0	0	0.0	0	0.0	0	0.0	2	1.0	0	0.0	0	0	1	1	1	0	0	1239749712	0	0	0
2788.0	2547	0.913558106169297	0	0.0	1095	0.39275466284074606	238	0.08536585365853659	11	0.003945480631276901	6	6	42	1.0	6	1.0	0	0.0	0	0.0	0	0.0	6	1.0	0	0.0	0	0.0	0	0.0	6	0.14285714285714285	23	0.5476190476190477	0	0.0	13	0.30952380952380953	0	0	1	0	0	0	0	3298120789	0	0	0
4385.0	14947	3.40866590649943	6	0.0013683010262257698	47471	10.825769669327252	1396	0.3183580387685291	973	0.2218928164196123	1	10	63	0.0	0	0.0	0	0.0	0	0.0	1	1.0	0	0.0	10	1.0	0	0.0	0	0.0	6	0.09523809523809523	42	0.6666666666666666	0	0.0	15	0.23809523809523808	1	0	0	1	0	0	0	265196636	0	0	0
4393.0	188	0.04279535624857728	0	0.0	5234	1.1914409287502845	35	0.00796722057819258	163	0.037104484407011154	7	8	21	0.42857142857142855	0	0.0	5	0.7142857142857143	0	0.0	2	0.2857142857142857	0	0.0	5	0.625	3	0.375	0	0.0	0	0.0	0	0.0	0	0.0	21	1.0	0	0	1	1	1	0	0	261084272	1	0	0
4617.0	2872	0.6220489495343297	3	0.000649772579597141	37774	8.181503140567468	1320	0.285899935022742	1249	0.2705219839722764	13	9	7	0.5555555555555556	2	0.15384615384615385	10	0.7692307692307693	0	0.0	1	0.07692307692307693	1	0.1111111111111111	8	0.8888888888888888	0	0.0	0	0.0	0	0.0	0	0.0	0	0.0	7	1.0	1	0	0	1	0	0	0	170054766	0	0	0
5495.0	407	0.0740673339399454	39	0.007097361237488626	3509	0.6385805277525023	550	0.10009099181073704	763	0.13885350318471337	13	9	23	0.4166666666666667	2	0.15384615384615385	10	0.7692307692307693	0	0.0	1	0.07692307692307693	1	0.1111111111111111	5	0.5555555555555556	3	0.3333333333333333	0	0.0	2	0.08695652173913043	13	0.5652173913043478	3	0.13043478260869565	5	0.21739130434782608	1	0	1	1	0	1	0	14046314	1	0	0
2792.0	103566	37.093839541547275	8	0.0028653295128939827	23691	8.48531518624642	330	0.11819484240687679	216	0.07736389684813753	9	12	107	0.36363636363636365	1	0.1111111111111111	7	0.7777777777777778	0	0.0	1	0.1111111111111111	1	0.08333333333333333	9	0.75	1	0.08333333333333333	1	0.08333333333333333	4	0.037383177570093455	76	0.7102803738317757	0	0.0	27	0.2523364485981308	1	0	1	0	0	1	0	3288028291	0	0	0
3262.0	57487	17.623237277743716	3	0.0009196811771919068	12738	3.904966278356836	477	0.14622930717351318	424	0.12998160637645617	18	14	39	0.42857142857142855	3	0.16666666666666666	13	0.7222222222222222	0	0.0	2	0.1111111111111111	2	0.14285714285714285	12	0.8571428571428571	0	0.0	0	0.0	9	0.23076923076923078	20	0.5128205128205128	0	0.0	10	0.2564102564102564	1	0	1	1	1	1	0	2434929810	0	0	0
5215.0	97	0.01860019175455417	106	0.020325982742090125	4300	0.8245445829338447	1999	0.3833173537871524	1752	0.335953978906999	15	11	119	0.5714285714285714	2	0.13333333333333333	12	0.8	0	0.0	1	0.06666666666666667	0	0.0	11	1.0	0	0.0	0	0.0	2	0.01680672268907563	96	0.8067226890756303	0	0.0	21	0.17647058823529413	1	0	1	0	0	1	0	17831065	1	0	1
3813.0	25	0.0065565171780750066	7	0.0018358248098610018	807	0.2116443745082612	281	0.07369525308156308	115	0.03015997901914503	14	14	151	0.6923076923076923	2	0.14285714285714285	11	0.7857142857142857	0	0.0	1	0.07142857142857142	3	0.21428571428571427	11	0.7857142857142857	0	0.0	0	0.0	1	0.006622516556291391	121	0.8013245033112583	0	0.0	29	0.19205298013245034	0	0	0	1	0	1	0	863278244	1	0	0
3818.0	0	0.0	0	0.0	98089	25.691199580932427	13	0.0034049240440020955	12	0.003143006809848088	6	14	135	0.0	0	0.0	0	0.0	0	0.0	6	1.0	5	0.35714285714285715	8	0.5714285714285714	0	0.0	1	0.07142857142857142	20	0.14814814814814814	84	0.6222222222222222	1	0.007407407407407408	30	0.2222222222222222	0	0	1	1	0	1	0	854201534	1	0	1
4186.0	22801	5.44696607740086	3	0.000716674629718108	8813	2.1053511705685617	154	0.03678929765886288	825	0.19708552317247968	13	6	14	0.6666666666666666	3	0.23076923076923078	8	0.6153846153846154	0	0.0	2	0.15384615384615385	2	0.3333333333333333	4	0.6666666666666666	0	0.0	0	0.0	0	0.0	0	0.0	0	0.0	14	1.0	0	0	0	1	1	0	0	381523148	0	0	0
2758.0	148659	53.901015228426395	0	0.0	27015	9.795141406816533	269	0.09753444525018129	838	0.30384336475707036	6	12	125	0.08333333333333333	1	0.16666666666666666	3	0.5	0	0.0	2	0.3333333333333333	0	0.0	12	1.0	0	0.0	0	0.0	17	0.136	64	0.512	7	0.056	37	0.296	0	0	1	0	0	1	0	3341702352	0	0	0
3528.0	5133	1.4549319727891157	1	0.0002834467120181406	2910	0.8248299319727891	319	0.09041950113378684	457	0.12953514739229025	6	15	11	0.3076923076923077	0	0.0	6	1.0	0	0.0	0	0.0	0	0.0	15	1.0	0	0.0	0	0.0	0	0.0	10	0.9090909090909091	0	0.0	1	0.09090909090909091	1	0	0	1	1	0	0	1601475798	0	0	0
2773.0	0	0.0	0	0.0	383	0.13811756220699603	2	0.000721240533717995	0	0.0	15	11	0	0.5	1	0.06666666666666667	4	0.26666666666666666	10	0.6666666666666666	0	0.0	1	0.09090909090909091	4	0.36363636363636365	6	0.5454545454545454	0	0.0	0	0	0	0	0	0	0	0	0	0	0	1	1	0	0	3415512285	1	0	0
3494.0	7202	2.0612478534630796	5	0.0014310246136233543	5223	1.4948483113909559	53	0.015168860904407555	211	0.060389238694905555	15	12	0	0.26666666666666666	0	0.0	14	0.9333333333333333	0	0.0	1	0.06666666666666667	0	0.0	11	0.9166666666666666	1	0.08333333333333333	0	0.0	0	0	0	0	0	0	0	0	0	0	0	1	1	0	0	1686033637	0	0	0
2846.0	3	0.0010541110330288123	2	0.0007027406886858749	1002	0.3520730850316233	67	0.02354181307097681	19	0.0066760365425158116	10	9	0	0.5454545454545454	2	0.2	7	0.7	0	0.0	1	0.1	0	0.0	7	0.7777777777777778	2	0.2222222222222222	0	0.0	0	0	0	0	0	0	0	0	1	0	1	1	1	1	0	3303855346	1	0	1
2683.0	25	0.009317927692881103	1	0.0003727171077152441	227	0.08460678345136041	14	0.005218039508013418	59	0.021990309355199404	5	9	62	0.0	0	0.0	0	0.0	0	0.0	5	1.0	0	0.0	9	1.0	0	0.0	0	0.0	1	0.016129032258064516	0	0.0	0	0.0	61	0.9838709677419355	0	0	0	1	1	0	0	4179350774	0	0	1
3735.0	4987	1.3352074966532799	4	0.00107095046854083	2444	0.6543507362784471	231	0.061847389558232935	204	0.05461847389558233	14	14	46	0.8333333333333334	2	0.14285714285714285	11	0.7857142857142857	0	0.0	1	0.07142857142857142	0	0.0	13	0.9285714285714286	0	0.0	1	0.07142857142857142	5	0.10869565217391304	17	0.3695652173913043	12	0.2608695652173913	12	0.2608695652173913	1	0	1	1	1	0	0	1027167481	0	0	0
3100.0	0	0.0	3	0.000967741935483871	15811	5.1003225806451615	22	0.0070967741935483875	1	0.0003225806451612903	19	15	160	0.7647058823529411	3	0.15789473684210525	12	0.631578947368421	4	0.21052631578947367	0	0.0	3	0.2	12	0.8	0	0.0	0	0.0	8	0.05	121	0.75625	4	0.025	27	0.16875	0	0	0	1	1	0	0	2817823998	1	0	1
2796.0	13979	4.99964234620887	0	0.0	5474	1.957796852646638	12	0.004291845493562232	198	0.07081545064377683	12	12	71	0.3076923076923077	1	0.08333333333333333	10	0.8333333333333334	0	0.0	1	0.08333333333333333	0	0.0	11	0.9166666666666666	0	0.0	1	0.08333333333333333	1	0.014084507042253521	55	0.7746478873239436	0	0.0	15	0.2112676056338028	0	0	0	1	1	0	0	3382678798	0	0	0
4374.0	29677	6.784865112025606	10	0.002286236854138089	11432	2.613625971650663	319	0.07293095564700502	363	0.08299039780521263	3	15	124	0.15384615384615385	2	0.6666666666666666	0	0.0	1	0.3333333333333333	0	0.0	2	0.13333333333333333	10	0.6666666666666666	3	0.2	0	0.0	15	0.12096774193548387	81	0.6532258064516129	1	0.008064516129032258	27	0.21774193548387097	0	0	1	1	0	0	0	271242521	0	0	0
2790.0	0	0.0	0	0.0	1380	0.4946236559139785	2	0.0007168458781362007	0	0.0	10	15	0	0.46153846153846156	1	0.1	8	0.8	0	0.0	1	0.1	1	0.06666666666666667	6	0.4	8	0.5333333333333333	0	0.0	0	0	0	0	0	0	0	0	0	0	0	1	1	0	0	3291174194	1	0	0
5300.0	21649	4.084716981132075	2	0.0003773584905660377	23325	4.400943396226415	889	0.16773584905660377	765	0.14433962264150943	13	11	33	0.6666666666666666	2	0.15384615384615385	10	0.7692307692307693	0	0.0	1	0.07692307692307693	0	0.0	9	0.8181818181818182	2	0.18181818181818182	0	0.0	16	0.48484848484848486	6	0.18181818181818182	2	0.06060606060606061	9	0.2727272727272727	1	0	1	1	0	1	0	16192823	0	0	0
2835.0	0	0.0	0	0.0	23864	8.417636684303352	0	0.0	1	0.0003527336860670194	1	9	0	0.0	0	0.0	0	0.0	0	0.0	1	1.0	1	0.1111111111111111	6	0.6666666666666666	1	0.1111111111111111	1	0.1111111111111111	0	0	0	0	0	0	0	0	0	0	0	1	1	0	0	3241481532	1	0	1
4463.0	50	0.01120322652924042	2	0.00044812906116961686	3708	0.8308312794084697	173	0.03876316379117186	0	0.0	5	11	96	0.5	1	0.2	4	0.8	0	0.0	0	0.0	0	0.0	9	0.8181818181818182	2	0.18181818181818182	0	0.0	0	0.0	74	0.7708333333333334	0	0.0	22	0.22916666666666666	0	0	1	1	0	1	0	230348092	0	0	0
3211.0	995	0.3098723139208969	1	0.0003114294612270321	925	0.28807225163500466	99	0.030831516661476176	0	0.0	13	10	131	0.5	5	0.38461538461538464	0	0.0	0	0.0	8	0.6153846153846154	0	0.0	10	1.0	0	0.0	0	0.0	88	0.6717557251908397	6	0.04580152671755725	0	0.0	37	0.2824427480916031	0	0	1	1	0	0	0	2535527754	0	0	1
2732.0	6	0.0021961932650073207	0	0.0	1289	0.4718155197657394	39	0.014275256222547585	171	0.06259150805270863	14	9	112	0.6363636363636364	3	0.21428571428571427	11	0.7857142857142857	0	0.0	0	0.0	1	0.1111111111111111	8	0.8888888888888888	0	0.0	0	0.0	19	0.16964285714285715	68	0.6071428571428571	0	0.0	25	0.22321428571428573	0	0	1	1	1	0	0	3637105998	0	0	1
2695.0	166	0.06159554730983302	0	0.0	384	0.1424860853432282	78	0.02894248608534323	194	0.07198515769944341	14	13	54	0.3125	2	0.14285714285714285	8	0.5714285714285714	0	0.0	4	0.2857142857142857	3	0.23076923076923078	8	0.6153846153846154	2	0.15384615384615385	0	0.0	4	0.07407407407407407	37	0.6851851851851852	0	0.0	13	0.24074074074074073	1	0	1	0	0	1	0	4041856334	0	0	0
3588.0	1687	0.4701783723522854	2	0.0005574136008918618	27302	7.609253065774805	232	0.06465997770345597	0	0.0	5	11	38	0.18181818181818182	0	0.0	5	1.0	0	0.0	0	0.0	0	0.0	10	0.9090909090909091	1	0.09090909090909091	0	0.0	2	0.05263157894736842	27	0.7105263157894737	0	0.0	9	0.23684210526315788	0	0	1	1	0	1	0	1438143824	0	0	0
3969.0	14	0.003527336860670194	20	0.005039052658100277	59090	14.88788107835727	390	0.0982615268329554	2884	0.7266313932980599	13	11	0	0.46153846153846156	2	0.15384615384615385	8	0.6153846153846154	0	0.0	3	0.23076923076923078	0	0.0	10	0.9090909090909091	1	0.09090909090909091	0	0.0	0	0	0	0	0	0	0	0	0	0	0	1	1	0	0	568579411	1	0	0
4285.0	10476	2.4448074679113185	1	0.00023337222870478414	17727	4.136989498249708	641	0.14959159859976662	529	0.1234539089848308	4	13	21	0.0	1	0.25	3	0.75	0	0.0	0	0.0	0	0.0	12	0.9230769230769231	0	0.0	1	0.07692307692307693	1	0.047619047619047616	13	0.6190476190476191	0	0.0	7	0.3333333333333333	1	0	1	1	0	0	0	320984413	0	0	0
3921.0	0	0.0	34	0.008671257332313186	652	0.16628411119612344	1972	0.5029329252741648	452	0.11527671512369293	12	12	58	0.45454545454545453	2	0.16666666666666666	9	0.75	0	0.0	1	0.08333333333333333	2	0.16666666666666666	10	0.8333333333333334	0	0.0	0	0.0	3	0.05172413793103448	45	0.7758620689655172	0	0.0	10	0.1724137931034483	0	0	1	1	0	0	0	612521318	1	0	1
4411.0	1246	0.28247562910904556	24	0.005440943096803446	1076	0.24393561550668783	1161	0.2632056223078667	435	0.09861709362956246	15	11	117	0.8333333333333334	2	0.13333333333333333	12	0.8	0	0.0	1	0.06666666666666667	2	0.18181818181818182	9	0.8181818181818182	0	0.0	0	0.0	12	0.10256410256410256	88	0.7521367521367521	0	0.0	17	0.1452991452991453	0	0	0	1	1	0	0	252499305	1	0	1
2867.0	681	0.2375305197070108	1	0.0003487966515521451	336	0.11719567492152075	27	0.009417509591907918	112	0.039065224973840254	17	12	48	0.6666666666666666	2	0.11764705882352941	14	0.8235294117647058	0	0.0	1	0.058823529411764705	2	0.16666666666666666	9	0.75	0	0.0	1	0.08333333333333333	8	0.16666666666666666	28	0.5833333333333334	2	0.041666666666666664	10	0.20833333333333334	0	0	0	1	1	0	0	3242431857	0	0	0
2891.0	5879	2.0335524040124526	0	0.0	3106	1.0743687305430647	184	0.06364579730197163	267	0.09235558630231754	7	14	28	0.21428571428571427	0	0.0	4	0.5714285714285714	0	0.0	3	0.42857142857142855	2	0.14285714285714285	12	0.8571428571428571	0	0.0	0	0.0	0	0.0	16	0.5714285714285714	1	0.03571428571428571	11	0.39285714285714285	1	0	1	1	1	0	0	3170243955	0	0	0
3995.0	3	0.000750938673341677	4	0.0010012515644555694	2746	0.6873591989987484	356	0.08911138923654568	1	0.00025031289111389235	18	11	19	0.7272727272727273	17	0.9444444444444444	0	0.0	0	0.0	1	0.05555555555555555	2	0.18181818181818182	9	0.8181818181818182	0	0.0	0	0.0	4	0.21052631578947367	11	0.5789473684210527	0	0.0	4	0.21052631578947367	0	0	1	1	1	1	0	546624895	0	0	1
5176.0	463	0.08945131375579599	130	0.02511591962905719	3201	0.6184312210200927	6862	1.3257341576506956	4769	0.9213678516228748	18	8	155	0.5	4	0.2222222222222222	11	0.6111111111111112	0	0.0	3	0.16666666666666666	0	0.0	8	1.0	0	0.0	0	0.0	1	0.0064516129032258064	128	0.8258064516129032	0	0.0	26	0.16774193548387098	1	0	1	0	0	1	0	18847106	1	0	0
4144.0	32778	7.9097490347490345	3	0.0007239382239382239	43405	10.474179536679536	255	0.06153474903474904	548	0.13223938223938225	10	9	79	0.25	0	0.0	7	0.7	0	0.0	3	0.3	0	0.0	6	0.6666666666666666	2	0.2222222222222222	1	0.1111111111111111	4	0.05063291139240506	44	0.5569620253164557	6	0.0759493670886076	25	0.31645569620253167	1	0	1	1	0	0	0	408737153	0	0	0
3623.0	3914	1.0803201766491857	0	0.0	1027	0.28346674027049407	515	0.14214739166436655	331	0.09136075075903947	14	14	23	0.8333333333333334	2	0.14285714285714285	11	0.7857142857142857	0	0.0	1	0.07142857142857142	0	0.0	14	1.0	0	0.0	0	0.0	3	0.13043478260869565	18	0.782608695652174	0	0.0	2	0.08695652173913043	1	0	1	1	1	0	0	1349424516	0	0	0
4811.0	4038	0.8393265433381834	1	0.00020785699438786114	3289	0.6836416545416754	141	0.02930783620868842	721	0.14986489295364788	3	6	0	0.3333333333333333	2	0.6666666666666666	0	0.0	0	0.0	1	0.3333333333333333	0	0.0	4	0.6666666666666666	2	0.3333333333333333	0	0.0	0	0	0	0	0	0	0	0	0	0	0	1	1	0	0	103863704	0	0	0
5095.0	1288	0.2527968596663395	1	0.00019627085377821394	21	0.0041216879293424925	115	0.022571148184494603	194	0.0380765456329735	14	7	0	0.125	2	0.14285714285714285	11	0.7857142857142857	0	0.0	1	0.07142857142857142	2	0.2857142857142857	1	0.14285714285714285	3	0.42857142857142855	1	0.14285714285714285	0	0	0	0	0	0	0	0	0	0	1	1	0	0	0	28366268	0	0	1
5004.0	55024	10.996003197442047	4	0.0007993605115907274	78422	15.671862509992007	483	0.09652278177458033	423	0.08453237410071943	2	6	0	0.4	0	0.0	2	1.0	0	0.0	0	0.0	0	0.0	5	0.8333333333333334	0	0.0	1	0.16666666666666666	0	0	0	0	0	0	0	0	1	1	1	0	0	0	0	53188032	0	0	0
3044.0	1921	0.6310775295663601	14	0.0045992115637319315	2354	0.7733245729303548	1274	0.4185282522996058	386	0.12680683311432325	33	15	153	0.5333333333333333	4	0.12121212121212122	26	0.7878787878787878	0	0.0	3	0.09090909090909091	0	0.0	15	1.0	0	0.0	0	0.0	14	0.0915032679738562	112	0.7320261437908496	0	0.0	27	0.17647058823529413	1	0	1	0	0	1	0	2898613700	0	0	0
2791.0	2443	0.8753135077033322	2	0.0007165890361877463	1309	0.46900752418487995	149	0.053385883195987104	982	0.3518452167681834	14	8	42	0.29411764705882354	2	0.14285714285714285	9	0.6428571428571429	0	0.0	3	0.21428571428571427	0	0.0	6	0.75	2	0.25	0	0.0	2	0.047619047619047616	29	0.6904761904761905	0	0.0	11	0.2619047619047619	1	0	1	1	1	1	0	3290944969	0	0	0
4223.0	17487	4.140895098271371	312	0.07388112716078617	20641	4.887757518351883	7438	1.7613071276343832	3320	0.7861709685058016	12	11	91	0.9	2	0.16666666666666666	9	0.75	0	0.0	1	0.08333333333333333	2	0.18181818181818182	9	0.8181818181818182	0	0.0	0	0.0	6	0.06593406593406594	64	0.7032967032967034	2	0.02197802197802198	19	0.2087912087912088	1	0	1	1	0	1	0	359617996	0	0	0
3067.0	2	0.0006521030322791001	4	0.0013042060645582002	930	0.30322791000978155	32	0.010433648516465601	99	0.032279100097815455	15	14	0	0.38461538461538464	2	0.13333333333333333	12	0.8	0	0.0	1	0.06666666666666667	2	0.14285714285714285	11	0.7857142857142857	1	0.07142857142857142	0	0.0	0	0	0	0	0	0	0	0	0	0	0	1	0	0	0	2839975385	1	0	1
4121.0	14354	3.4831351613685997	0	0.0	21854	5.303081776267896	99	0.02402329531667071	1183	0.2870662460567823	9	7	31	0.2857142857142857	1	0.1111111111111111	8	0.8888888888888888	0	0.0	0	0.0	0	0.0	7	1.0	0	0.0	0	0.0	0	0.0	24	0.7741935483870968	2	0.06451612903225806	5	0.16129032258064516	0	0	1	1	0	0	0	426628579	0	0	1
4773.0	0	0.0	27	0.0056568196103079825	22486	4.711083176199455	720	0.1508485229415462	1012	0.21202597946783994	13	14	77	0.8888888888888888	2	0.15384615384615385	11	0.8461538461538461	0	0.0	0	0.0	2	0.14285714285714285	11	0.7857142857142857	0	0.0	1	0.07142857142857142	9	0.11688311688311688	50	0.6493506493506493	2	0.025974025974025976	16	0.2077922077922078	0	0	0	0	0	1	0	115480038	1	0	1
3517.0	3098	0.880864373045209	0	0.0	1886	0.5362524879158374	239	0.06795564401478534	312	0.08871197042934319	8	13	46	0.3333333333333333	2	0.25	6	0.75	0	0.0	0	0.0	0	0.0	12	0.9230769230769231	0	0.0	1	0.07692307692307693	3	0.06521739130434782	33	0.717391304347826	0	0.0	10	0.21739130434782608	1	0	0	0	0	0	0	1626740209	0	0	0
4223.0	14065	3.33057068434762	5	0.0011839924224484964	31405	7.436656405399005	1070	0.2533743784039782	825	0.19535874970400188	8	10	27	0.23076923076923078	0	0.0	6	0.75	0	0.0	2	0.25	1	0.1	9	0.9	0	0.0	0	0.0	0	0.0	18	0.6666666666666666	0	0.0	9	0.3333333333333333	1	0	0	0	0	1	0	359667189	0	0	0
2793.0	0	0.0	0	0.0	827	0.29609738632295024	2	0.0007160759040458289	0	0.0	7	13	0	0.3076923076923077	2	0.2857142857142857	4	0.5714285714285714	0	0.0	1	0.14285714285714285	0	0.0	13	1.0	0	0.0	0	0.0	0	0	0	0	0	0	0	0	0	0	0	1	1	0	0	3387512331	1	0	0
4754.0	12564	2.6428270929743376	107	0.02250736222128734	5108	1.0744636095919227	3836	0.806899453092133	1072	0.22549432057214977	17	13	63	0.5454545454545454	2	0.11764705882352941	14	0.8235294117647058	0	0.0	1	0.058823529411764705	2	0.15384615384615385	11	0.8461538461538461	0	0.0	0	0.0	12	0.19047619047619047	32	0.5079365079365079	3	0.047619047619047616	16	0.25396825396825395	1	0	1	1	0	1	0	121230858	0	0	0
2675.0	2295	0.8579439252336448	3	0.0011214953271028037	4564	1.7061682242990655	304	0.11364485981308411	254	0.09495327102803738	19	14	0	0.5333333333333333	0	0.0	17	0.8947368421052632	0	0.0	2	0.10526315789473684	0	0.0	14	1.0	0	0.0	0	0.0	0	0	0	0	0	0	0	0	1	0	1	1	1	1	0	4264220174	0	0	0
4084.0	1	0.0002448579823702253	0	0.0	12236	2.9960822722820764	6	0.0014691478942213516	0	0.0	7	9	0	0.7142857142857143	2	0.2857142857142857	4	0.5714285714285714	0	0.0	1	0.14285714285714285	2	0.2222222222222222	7	0.7777777777777778	0	0.0	0	0.0	0	0	0	0	0	0	0	0	0	0	0	1	1	0	0	458167829	1	0	1
2946.0	4706	1.597420230821453	0	0.0	11760	3.9918533604887982	118	0.04005431093007468	104	0.035302104548540394	13	14	10	0.7272727272727273	12	0.9230769230769231	0	0.0	0	0.0	1	0.07692307692307693	0	0.0	12	0.8571428571428571	2	0.14285714285714285	0	0.0	7	0.7	0	0.0	0	0.0	3	0.3	1	0	1	0	0	0	0	3028997653	0	0	0
4409.0	33599	7.620548877296439	3	0.0006804264005443411	32335	7.33386255386709	645	0.14629167611703334	625	0.1417555001134044	1	12	31	0.0	0	0.0	0	0.0	0	0.0	1	1.0	0	0.0	12	1.0	0	0.0	0	0.0	4	0.12903225806451613	18	0.5806451612903226	0	0.0	9	0.2903225806451613	0	0	1	1	0	0	0	253466136	0	0	0
2773.0	0	0.0	0	0.0	371	0.13379011900468807	2	0.000721240533717995	0	0.0	8	9	0	0.8333333333333334	0	0.0	8	1.0	0	0.0	0	0.0	0	0.0	8	0.8888888888888888	1	0.1111111111111111	0	0.0	0	0	0	0	0	0	0	0	0	0	0	1	1	0	0	3312653851	1	0	0
3241.0	845	0.2607219993829065	60	0.018512804689910522	2879	0.8883060783708732	289	0.08917000925640234	526	0.1622955877815489	20	13	160	0.7333333333333333	3	0.15	13	0.65	0	0.0	4	0.2	2	0.15384615384615385	11	0.8461538461538461	0	0.0	0	0.0	2	0.0125	132	0.825	0	0.0	26	0.1625	0	0	1	0	0	1	0	2471384604	0	0	0
2895.0	1517	0.524006908462867	0	0.0	1545	0.533678756476684	60	0.02072538860103627	56	0.01934369602763385	9	15	62	0.5	1	0.1111111111111111	8	0.8888888888888888	0	0.0	0	0.0	0	0.0	14	0.9333333333333333	0	0.0	1	0.06666666666666667	2	0.03225806451612903	20	0.3225806451612903	20	0.3225806451612903	20	0.3225806451612903	0	0	1	0	0	0	0	3149682218	1	0	1
5050.0	3276	0.6487128712871287	10	0.0019801980198019802	4559	0.9027722772277228	311	0.06158415841584158	531	0.10514851485148514	11	8	101	0.5454545454545454	2	0.18181818181818182	8	0.7272727272727273	0	0.0	1	0.09090909090909091	2	0.25	4	0.5	2	0.25	0	0.0	5	0.04950495049504951	77	0.7623762376237624	0	0.0	19	0.18811881188118812	1	0	1	1	0	0	0	40719925	0	0	0
3280.0	5215	1.5899390243902438	0	0.0	3771	1.1496951219512195	184	0.05609756097560976	494	0.15060975609756097	7	9	28	0.5	1	0.14285714285714285	4	0.5714285714285714	0	0.0	2	0.2857142857142857	2	0.2222222222222222	6	0.6666666666666666	1	0.1111111111111111	0	0.0	3	0.10714285714285714	20	0.7142857142857143	0	0.0	5	0.17857142857142858	1	0	1	1	0	0	0	2428098101	0	0	0
4995.0	2644	0.5293293293293293	2	0.0004004004004004004	11800	2.3623623623623624	315	0.06306306306306306	178	0.03563563563563563	10	7	0	0.7777777777777778	2	0.2	7	0.7	0	0.0	1	0.1	0	0.0	7	1.0	0	0.0	0	0.0	0	0	0	0	0	0	0	0	1	0	1	0	0	1	0	55776825	0	0	0
3254.0	15216	4.676090964966195	4	0.001229256299938537	27804	8.544560540872771	646	0.19852489244007376	657	0.20190534726490472	8	6	26	0.2	0	0.0	6	0.75	0	0.0	2	0.25	0	0.0	5	0.8333333333333334	0	0.0	1	0.16666666666666666	3	0.11538461538461539	11	0.4230769230769231	0	0.0	12	0.46153846153846156	1	0	1	1	0	0	0	2448430657	0	0	0
5001.0	4925	0.9848030393921215	15	0.002999400119976005	72641	14.525294941011797	1993	0.39852029594081184	1657	0.3313337332533493	6	14	61	0.23076923076923078	0	0.0	6	1.0	0	0.0	0	0.0	0	0.0	14	1.0	0	0.0	0	0.0	0	0.0	41	0.6721311475409836	0	0.0	20	0.32786885245901637	1	0	1	1	0	0	0	53876295	0	0	0
4193.0	4309	1.0276651562127355	9	0.002146434533746721	63973	15.257095158597663	390	0.09301216312902456	367	0.08752683043167184	8	10	15	0.2727272727272727	1	0.125	7	0.875	0	0.0	0	0.0	1	0.1	8	0.8	0	0.0	1	0.1	1	0.06666666666666667	9	0.6	0	0.0	5	0.3333333333333333	0	0	1	1	0	0	0	377034315	0	0	0
4715.0	29738	6.3071049840933195	0	0.0	5503	1.1671261930010604	499	0.10583244962884411	254	0.053870625662778365	8	15	18	0.5454545454545454	1	0.125	7	0.875	0	0.0	0	0.0	2	0.13333333333333333	12	0.8	0	0.0	1	0.06666666666666667	2	0.1111111111111111	15	0.8333333333333334	0	0.0	1	0.05555555555555555	0	0	0	1	0	1	0	133977689	0	0	0
3622.0	0	0.0	2	0.0005521811154058532	1487	0.41054665930425177	73	0.02015461071231364	6	0.0016565433462175593	12	14	75	0.8571428571428571	0	0.0	12	1.0	0	0.0	0	0.0	0	0.0	14	1.0	0	0.0	0	0.0	9	0.12	51	0.68	0	0.0	15	0.2	0	0	1	1	1	1	0	1352111719	0	0	0
5122.0	0	0.0	149	0.029090199140960563	64133	12.5210855134713	2683	0.5238188207731355	97	0.01893791487700117	8	8	153	0.7777777777777778	3	0.375	4	0.5	0	0.0	1	0.125	3	0.375	4	0.5	0	0.0	1	0.125	8	0.05228758169934641	100	0.6535947712418301	8	0.05228758169934641	37	0.24183006535947713	0	0	0	1	0	1	0	23041645	1	0	1
4045.0	3829	0.9466007416563659	11	0.002719406674907293	12929	3.1962917181705808	486	0.12014833127317676	691	0.17082818294190358	15	12	149	0.1111111111111111	2	0.13333333333333333	6	0.4	0	0.0	7	0.4666666666666667	2	0.16666666666666666	8	0.6666666666666666	2	0.16666666666666666	0	0.0	8	0.053691275167785234	109	0.7315436241610739	0	0.0	32	0.21476510067114093	1	0	1	1	0	0	0	494294647	0	0	0
5146.0	14883	2.8921492421298094	346	0.06723668869024485	13846	2.6906335017489313	37549	7.296735328410416	3948	0.7671978235522736	22	12	143	0.6666666666666666	3	0.13636363636363635	17	0.7727272727272727	0	0.0	2	0.09090909090909091	0	0.0	12	1.0	0	0.0	0	0.0	3	0.02097902097902098	112	0.7832167832167832	8	0.055944055944055944	20	0.13986013986013987	1	0	1	0	0	1	1	20518539	0	0	0
3590.0	5882	1.6384401114206129	3	0.0008356545961002785	6558	1.826740947075209	275	0.0766016713091922	2898	0.8072423398328691	4	8	0	0.0	1	0.25	3	0.75	0	0.0	0	0.0	0	0.0	4	0.5	4	0.5	0	0.0	0	0	0	0	0	0	0	0	0	0	0	1	1	0	0	1433998988	0	0	0
5062.0	1704	0.3366258395890952	130	0.02568154879494271	10992	2.171473725800079	3590	0.7092058474911103	1364	0.26945871197155274	4	4	146	1.0	4	1.0	0	0.0	0	0.0	0	0.0	4	1.0	0	0.0	0	0.0	0	0.0	4	0.0273972602739726	119	0.815068493150685	0	0.0	23	0.15753424657534246	1	0	1	1	0	1	0	37885587	0	0	0
5427.0	2760	0.5085682697622996	110	0.020269025244149624	16285	3.0007370554634236	3900	0.718629076838032	4852	0.8940482771328543	9	9	77	1.0	0	0.0	9	1.0	0	0.0	0	0.0	0	0.0	9	1.0	0	0.0	0	0.0	5	0.06493506493506493	52	0.6753246753246753	0	0.0	20	0.2597402597402597	0	0	1	1	0	1	1	14653089	0	0	0
4358.0	3703	0.8497016980266178	0	0.0	17230	3.953648462597522	48	0.01101422670949977	154	0.03533731069297843	15	14	23	0.3125	2	0.13333333333333333	10	0.6666666666666666	0	0.0	3	0.2	0	0.0	14	1.0	0	0.0	0	0.0	5	0.21739130434782608	12	0.5217391304347826	1	0.043478260869565216	5	0.21739130434782608	0	0	0	1	1	0	0	279369388	0	0	0
3224.0	6201	1.9233870967741935	1	0.00031017369727047146	8695	2.6969602977667493	1095	0.3396401985111663	1611	0.4996898263027295	7	10	16	0.3333333333333333	0	0.0	7	1.0	0	0.0	0	0.0	1	0.1	7	0.7	2	0.2	0	0.0	0	0.0	13	0.8125	0	0.0	3	0.1875	0	0	0	1	1	0	0	2502317748	1	0	1
3874.0	1	0.0002581311306143521	14	0.0036138358286009293	8403	2.1690758905524006	47	0.012132163138874549	15	0.0038719669592152815	12	6	119	0.4	2	0.16666666666666666	9	0.75	0	0.0	1	0.08333333333333333	0	0.0	6	1.0	0	0.0	0	0.0	10	0.08403361344537816	84	0.7058823529411765	0	0.0	25	0.21008403361344538	0	0	1	1	1	1	0	738612918	0	0	1
3977.0	28990	7.2894141312547145	196	0.049283379431732464	68224	17.15463917525773	45716	11.49509680663817	304	0.07643952728187076	11	11	156	1.0	3	0.2727272727272727	8	0.7272727272727273	0	0.0	0	0.0	4	0.36363636363636365	7	0.6363636363636364	0	0.0	0	0.0	7	0.04487179487179487	123	0.7884615384615384	0	0.0	26	0.16666666666666666	1	0	1	1	0	1	0	561845963	0	0	0
4556.0	81	0.01777875329236172	15	0.003292361720807726	2862	0.6281826163301142	779	0.17098331870061456	452	0.09920983318700614	4	15	140	0.18181818181818182	4	1.0	0	0.0	0	0.0	0	0.0	2	0.13333333333333333	13	0.8666666666666667	0	0.0	0	0.0	3	0.02142857142857143	113	0.8071428571428572	0	0.0	24	0.17142857142857143	0	0	1	0	0	1	0	194139854	1	0	0
4744.0	8014	1.68929173693086	5	0.0010539629005059021	8217	1.7320826306913997	266	0.056070826306914	96	0.02023608768971332	14	13	47	0.9	2	0.14285714285714285	11	0.7857142857142857	0	0.0	1	0.07142857142857142	0	0.0	13	1.0	0	0.0	0	0.0	8	0.1702127659574468	23	0.48936170212765956	0	0.0	16	0.3404255319148936	1	0	1	1	0	0	0	124327640	0	0	0
2814.0	78837	28.01599147121535	2	0.0007107320540156361	1031	0.3663823738450604	277	0.0984363894811656	220	0.07818052594171997	1	9	21	0.0	0	0.0	0	0.0	0	0.0	1	1.0	2	0.2222222222222222	7	0.7777777777777778	0	0.0	0	0.0	0	0.0	19	0.9047619047619048	0	0.0	2	0.09523809523809523	1	0	0	1	1	1	0	3265353439	0	0	0
3134.0	1	0.0003190810465858328	0	0.0	1835	0.5855137204850032	3	0.0009572431397574984	4	0.0012763241863433313	8	15	0	0.4166666666666667	1	0.125	7	0.875	0	0.0	0	0.0	0	0.0	7	0.4666666666666667	8	0.5333333333333333	0	0.0	0	0	0	0	0	0	0	0	0	0	0	1	1	0	0	2733938400	1	0	0
3494.0	129	0.03692043503148254	0	0.0	27112	7.759587864911277	19	0.005437893531768746	423	0.12106468231253578	0	12	108	0.0	0	0	0	0	0	0	0	0	3	0.25	8	0.6666666666666666	1	0.08333333333333333	0	0.0	7	0.06481481481481481	83	0.7685185185185185	1	0.009259259259259259	17	0.1574074074074074	0	0	0	1	1	0	0	1684444903	1	0	1
4722.0	31710	6.715374841168996	15	0.0031766200762388818	10414	2.205421431596781	317	0.06713257094451504	400	0.08470986869970351	12	12	75	0.21428571428571427	2	0.16666666666666666	9	0.75	0	0.0	1	0.08333333333333333	0	0.0	11	0.9166666666666666	0	0.0	1	0.08333333333333333	4	0.05333333333333334	59	0.7866666666666666	0	0.0	12	0.16	1	0	1	1	1	0	0	131340008	0	0	0
4248.0	19504	4.5913370998116765	12	0.002824858757062147	16516	3.8879472693032016	8212	1.933145009416196	852	0.20056497175141244	14	8	160	0.5	2	0.14285714285714285	11	0.7857142857142857	0	0.0	1	0.07142857142857142	2	0.25	4	0.5	2	0.25	0	0.0	5	0.03125	129	0.80625	0	0.0	26	0.1625	1	0	1	1	0	0	0	343938801	0	0	0
4221.0	811	0.19213456526889364	1	0.00023691068467187872	2998	0.7102582326462924	219	0.051883439943141436	1360	0.322198531153755	12	11	143	0.1875	2	0.16666666666666666	9	0.75	0	0.0	1	0.08333333333333333	0	0.0	7	0.6363636363636364	4	0.36363636363636365	0	0.0	7	0.04895104895104895	103	0.7202797202797203	3	0.02097902097902098	30	0.2097902097902098	1	0	1	1	1	0	0	360991366	0	0	1
2868.0	52863	18.432008368200837	0	0.0	18440	6.429567642956764	207	0.07217573221757322	158	0.05509065550906555	4	11	0	0.3	0	0.0	3	0.75	0	0.0	1	0.25	0	0.0	11	1.0	0	0.0	0	0.0	0	0	0	0	0	0	0	0	0	0	0	0	0	1	0	3188365045	0	0	0
2888.0	35	0.012119113573407203	1	0.00034626038781163435	476	0.16481994459833796	279	0.09660664819944598	1567	0.542590027700831	20	14	0	0.5384615384615384	0	0.0	18	0.9	0	0.0	2	0.1	0	0.0	14	1.0	0	0.0	0	0.0	0	0	0	0	0	0	0	0	0	0	1	0	0	0	0	3163002619	0	0	1
3378.0	2849	0.8433984606275903	97	0.028715216104203672	37154	10.998815867377147	6264	1.8543516873889876	6334	1.8750740082889283	12	12	134	1.0	1	0.08333333333333333	9	0.75	2	0.16666666666666666	0	0.0	0	0.0	10	0.8333333333333334	2	0.16666666666666666	0	0.0	11	0.08208955223880597	96	0.7164179104477612	4	0.029850746268656716	23	0.17164179104477612	0	0	1	1	1	1	0	2244794124	1	0	1
4845.0	585	0.12074303405572756	10	0.0020639834881320948	3563	0.7353973168214655	404	0.08338493292053664	1209	0.24953560371517028	8	8	29	1.0	3	0.375	5	0.625	0	0.0	0	0.0	3	0.375	5	0.625	0	0.0	0	0.0	3	0.10344827586206896	21	0.7241379310344828	0	0.0	5	0.1724137931034483	1	0	1	1	0	1	0	95491862	0	0	0
3379.0	609	0.18023083752589525	4	0.0011837821840781297	792	0.23438887244746967	23	0.006806747558449245	0	0.0	17	9	62	0.6153846153846154	3	0.17647058823529413	13	0.7647058823529411	0	0.0	1	0.058823529411764705	3	0.3333333333333333	6	0.6666666666666666	0	0.0	0	0.0	4	0.06451612903225806	47	0.7580645161290323	0	0.0	11	0.1774193548387097	0	0	1	1	0	1	0	2244351768	1	0	1
5092.0	229	0.044972505891594655	13	0.0025530243519245877	7996	1.570306362922231	242	0.04752553024351924	550	0.10801256873527101	12	8	35	0.6	2	0.16666666666666666	9	0.75	0	0.0	1	0.08333333333333333	2	0.25	6	0.75	0	0.0	0	0.0	2	0.05714285714285714	30	0.8571428571428571	0	0.0	3	0.08571428571428572	1	0	1	1	0	1	0	29054783	0	0	0
2940.0	0	0.0	12	0.004081632653061225	17064	5.8040816326530615	536	0.18231292517006803	1	0.0003401360544217687	32	12	87	0.6428571428571429	8	0.25	21	0.65625	0	0.0	3	0.09375	4	0.3333333333333333	8	0.6666666666666666	0	0.0	0	0.0	4	0.04597701149425287	72	0.8275862068965517	0	0.0	11	0.12643678160919541	0	0	1	1	1	1	0	3062470474	0	0	0
4865.0	357	0.07338129496402877	7	0.0014388489208633094	10458	2.149640287769784	374	0.07687564234326824	943	0.19383350462487153	10	9	114	0.16666666666666666	2	0.2	7	0.7	0	0.0	1	0.1	0	0.0	7	0.7777777777777778	0	0.0	2	0.2222222222222222	16	0.14035087719298245	66	0.5789473684210527	6	0.05263157894736842	26	0.22807017543859648	0	0	1	1	0	0	0	90756949	0	0	0
3865.0	0	0.0	0	0.0	3301	0.8540750323415265	10	0.00258732212160414	25	0.00646830530401035	17	9	160	0.38461538461538464	0	0.0	16	0.9411764705882353	0	0.0	1	0.058823529411764705	1	0.1111111111111111	4	0.4444444444444444	4	0.4444444444444444	0	0.0	3	0.01875	125	0.78125	0	0.0	32	0.2	0	0	1	1	0	0	0	756782954	0	0	1
2734.0	25	0.009144111192392099	0	0.0	382	0.1397220190197513	58	0.02121433796634967	168	0.061448427212874905	16	15	0	0.7692307692307693	2	0.125	13	0.8125	0	0.0	1	0.0625	2	0.13333333333333333	12	0.8	1	0.06666666666666667	0	0.0	0	0	0	0	0	0	0	0	0	0	0	1	1	0	0	3708114795	1	0	0
2793.0	1	0.00035803795202291446	0	0.0	2425	0.8682420336555675	4	0.0014321518080916578	15	0.0053705692803437165	2	9	0	0.0	0	0.0	2	1.0	0	0.0	0	0.0	0	0.0	9	1.0	0	0.0	0	0.0	0	0	0	0	0	0	0	0	0	0	0	1	1	0	0	3287226222	1	0	1
3642.0	669	0.18369028006589785	0	0.0	2947	0.8091707852828116	540	0.14827018121911037	572	0.157056562328391	2	8	12	0.0	0	0.0	2	1.0	0	0.0	0	0.0	0	0.0	8	1.0	0	0.0	0	0.0	0	0.0	10	0.8333333333333334	0	0.0	2	0.16666666666666666	0	0	0	1	0	0	0	1299060607	0	0	0
4094.0	0	0.0	6	0.0014655593551538837	9778	2.3883732291157793	1094	0.26722032242305815	480	0.1172447484123107	19	15	152	0.8181818181818182	0	0.0	18	0.9473684210526315	0	0.0	1	0.05263157894736842	0	0.0	15	1.0	0	0.0	0	0.0	5	0.03289473684210526	113	0.743421052631579	8	0.05263157894736842	26	0.17105263157894737	0	0	1	1	1	1	0	449255296	1	0	1
3566.0	1659	0.4652271452607964	2	0.0005608524957936063	7851	2.2016264722378014	60	0.01682557487380819	129	0.0361749859786876	12	11	154	0.3333333333333333	0	0.0	11	0.9166666666666666	0	0.0	1	0.08333333333333333	0	0.0	11	1.0	0	0.0	0	0.0	4	0.025974025974025976	111	0.7207792207792207	1	0.006493506493506494	38	0.24675324675324675	1	0	1	1	1	0	0	1495947138	0	0	0
5065.0	4155	0.8203356367226061	2	0.0003948667324777887	5160	1.018756169792695	92	0.018163869693978284	98	0.01934846989141165	10	10	0	0.3333333333333333	2	0.2	7	0.7	0	0.0	1	0.1	1	0.1	7	0.7	2	0.2	0	0.0	0	0	0	0	0	0	0	0	1	0	1	1	0	0	0	37066636	0	0	0
2791.0	820	0.293801504836976	7	0.0025080616266571123	22984	8.235041203869581	304	0.10892153350053745	580	0.20781082049444644	6	8	17	0.75	0	0.0	6	1.0	0	0.0	0	0.0	0	0.0	7	0.875	1	0.125	0	0.0	0	0.0	15	0.8823529411764706	0	0.0	2	0.11764705882352941	1	0	0	1	1	0	0	3290371982	0	0	0
3205.0	24893	7.766926677067083	1	0.00031201248049921997	5807	1.8118564742589705	2425	0.7566302652106084	4699	1.4661466458658345	9	9	27	0.6	2	0.2222222222222222	6	0.6666666666666666	0	0.0	1	0.1111111111111111	1	0.1111111111111111	8	0.8888888888888888	0	0.0	0	0.0	1	0.037037037037037035	21	0.7777777777777778	1	0.037037037037037035	4	0.14814814814814814	0	0	0	1	1	0	0	2584074131	0	0	0
4134.0	5622	1.3599419448476053	1	0.00024189646831156264	5421	1.3113207547169812	219	0.05297532656023222	232	0.05611998064828253	18	12	38	0.5833333333333334	3	0.16666666666666666	13	0.7222222222222222	0	0.0	2	0.1111111111111111	2	0.16666666666666666	8	0.6666666666666666	2	0.16666666666666666	0	0.0	3	0.07894736842105263	25	0.6578947368421053	0	0.0	10	0.2631578947368421	1	0	0	0	0	0	0	415848343	0	0	0
5033.0	15544	3.088416451420624	2	0.00039737730975561295	15182	3.016491158354858	10	0.001986886548778065	116	0.02304788396582555	6	7	0	0.18181818181818182	0	0.0	0	0.0	4	0.6666666666666666	2	0.3333333333333333	0	0.0	3	0.42857142857142855	4	0.5714285714285714	0	0.0	0	0	0	0	0	0	0	0	0	0	0	1	1	0	0	44324787	0	0	0
5100.0	0	0.0	1	0.000196078431372549	1496	0.29333333333333333	23	0.0045098039215686276	69	0.013529411764705882	16	10	0	0.6363636363636364	3	0.1875	11	0.6875	0	0.0	2	0.125	0	0.0	10	1.0	0	0.0	0	0.0	0	0	0	0	0	0	0	0	0	0	0	1	1	0	0	27187128	1	0	1
3024.0	6	0.001984126984126984	0	0.0	1110	0.36706349206349204	7	0.0023148148148148147	139	0.045965608465608467	8	9	0	0.16666666666666666	0	0.0	8	1.0	0	0.0	0	0.0	0	0.0	7	0.7777777777777778	2	0.2222222222222222	0	0.0	0	0	0	0	0	0	0	0	1	0	0	1	1	0	0	2903627705	1	0	1
3265.0	3038	0.9304747320061256	1	0.00030627871362940275	10599	3.24624808575804	106	0.03246554364471669	0	0.0	6	9	0	0.0	0	0.0	0	0.0	0	0.0	6	1.0	0	0.0	7	0.7777777777777778	0	0.0	2	0.2222222222222222	0	0	0	0	0	0	0	0	0	0	1	1	0	0	0	2429671352	0	0	0
2836.0	11	0.0038787023977433005	0	0.0	481	0.16960507757404794	6	0.0021156558533145277	0	0.0	5	12	0	0.16666666666666666	0	0.0	5	1.0	0	0.0	0	0.0	0	0.0	12	1.0	0	0.0	0	0.0	0	0	0	0	0	0	0	0	0	0	0	1	1	0	0	3315537879	1	0	1
4690.0	9943	2.120042643923241	8	0.0017057569296375266	25370	5.409381663113006	263	0.05607675906183369	259	0.05522388059701493	13	14	98	0.0	0	0.0	12	0.9230769230769231	0	0.0	1	0.07692307692307693	0	0.0	14	1.0	0	0.0	0	0.0	2	0.02040816326530612	77	0.7857142857142857	4	0.04081632653061224	15	0.15306122448979592	1	0	1	0	0	0	0	143153117	0	0	0
4257.0	1112	0.2612168193563542	454	0.10664787408973456	6743	1.5839793281653747	25141	5.905802208127789	285	0.06694855532064835	15	15	100	0.8333333333333334	2	0.13333333333333333	11	0.7333333333333333	0	0.0	2	0.13333333333333333	2	0.13333333333333333	11	0.7333333333333333	0	0.0	2	0.13333333333333333	11	0.11	38	0.38	16	0.16	35	0.35	1	0	1	1	0	1	0	338286563	0	0	0
4364.0	7213	1.6528414298808434	8	0.0018331805682859762	7217	1.6537580201649862	465	0.10655362053162236	574	0.13153070577451878	13	14	70	0.6666666666666666	2	0.15384615384615385	10	0.7692307692307693	0	0.0	1	0.07692307692307693	2	0.14285714285714285	12	0.8571428571428571	0	0.0	0	0.0	0	0.0	52	0.7428571428571429	0	0.0	18	0.2571428571428571	1	0	0	1	1	0	0	276600808	0	0	0
4394.0	99960	22.74920345926263	11	0.0025034137460172965	7361	1.6752389622212107	483	0.10992262175694129	1031	0.2346381429221666	14	10	49	0.75	3	0.21428571428571427	10	0.7142857142857143	0	0.0	1	0.07142857142857142	3	0.3	7	0.7	0	0.0	0	0.0	9	0.1836734693877551	26	0.5306122448979592	2	0.04081632653061224	12	0.24489795918367346	1	0	1	1	0	0	0	260544490	0	0	0
2927.0	27	0.009224461906388794	0	0.0	119684	40.88964810386061	31	0.01059104885548343	157	0.05363853775196447	19	10	25	0.23529411764705882	0	0.0	17	0.8947368421052632	0	0.0	2	0.10526315789473684	2	0.2	8	0.8	0	0.0	0	0.0	2	0.08	21	0.84	0	0.0	2	0.08	0	0	1	1	1	1	0	3083900914	1	0	1
4366.0	185	0.0423728813559322	6	0.001374255611543747	3974	0.9102153000458085	2182	0.49977095739807603	2311	0.5293174530462667	6	10	56	0.07142857142857142	3	0.5	1	0.16666666666666666	0	0.0	2	0.3333333333333333	1	0.1	8	0.8	0	0.0	1	0.1	4	0.07142857142857142	42	0.75	0	0.0	10	0.17857142857142858	1	0	0	0	0	0	0	275519511	0	0	0
5216.0	372	0.07131901840490798	551	0.10563650306748466	50439	9.670053680981596	134968	25.875766871165645	1661	0.3184432515337423	10	10	94	1.0	4	0.4	6	0.6	0	0.0	0	0.0	4	0.4	6	0.6	0	0.0	0	0.0	10	0.10638297872340426	60	0.6382978723404256	3	0.031914893617021274	21	0.22340425531914893	1	0	1	1	0	1	0	17815585	1	0	0
3084.0	140	0.04539559014267185	0	0.0	2009	0.6514267185473411	141	0.04571984435797665	150	0.048638132295719845	10	10	129	1.0	3	0.3	6	0.6	0	0.0	1	0.1	3	0.3	6	0.6	0	0.0	1	0.1	7	0.05426356589147287	93	0.7209302325581395	0	0.0	29	0.2248062015503876	0	0	0	1	1	0	0	2803341352	1	0	1
2888.0	7597	2.630540166204986	0	0.0	1052	0.36426592797783935	473	0.16378116343490304	320	0.11080332409972299	13	14	0	0.75	2	0.15384615384615385	10	0.7692307692307693	0	0.0	1	0.07692307692307693	2	0.14285714285714285	10	0.7142857142857143	2	0.14285714285714285	0	0.0	0	0	0	0	0	0	0	0	1	0	0	1	1	0	0	3180501039	0	0	0
3188.0	4	0.0012547051442910915	9	0.0028230865746549563	2383	0.7474905897114178	154	0.04830614805520703	20	0.006273525721455458	17	11	98	0.7272727272727273	3	0.17647058823529413	13	0.7647058823529411	0	0.0	1	0.058823529411764705	3	0.2727272727272727	8	0.7272727272727273	0	0.0	0	0.0	3	0.030612244897959183	75	0.7653061224489796	0	0.0	20	0.20408163265306123	0	0	0	1	1	1	0	2581583929	1	0	1
3346.0	11	0.00328750747160789	6	0.0017931858936043037	3955	1.1820083682008369	235	0.07023311416616856	33	0.00986252241482367	12	11	84	0.9	2	0.16666666666666666	9	0.75	0	0.0	1	0.08333333333333333	2	0.18181818181818182	9	0.8181818181818182	0	0.0	0	0.0	7	0.08333333333333333	60	0.7142857142857143	0	0.0	17	0.20238095238095238	0	0	1	1	1	1	0	2292832332	1	0	0
5021.0	46	0.009161521609241188	3	0.0005974905397331209	2451	0.4881497709619598	245	0.04879506074487154	472	0.09400517825134436	13	12	145	0.9090909090909091	2	0.15384615384615385	10	0.7692307692307693	0	0.0	1	0.07692307692307693	2	0.16666666666666666	10	0.8333333333333334	0	0.0	0	0.0	2	0.013793103448275862	119	0.8206896551724138	0	0.0	24	0.16551724137931034	1	0	1	1	1	1	0	47241295	0	0	0
3663.0	27177	7.419328419328419	5	0.001365001365001365	12664	3.457275457275457	334	0.09118209118209118	352	0.0960960960960961	20	12	70	0.4117647058823529	5	0.25	11	0.55	0	0.0	4	0.2	0	0.0	12	1.0	0	0.0	0	0.0	15	0.21428571428571427	37	0.5285714285714286	0	0.0	18	0.2571428571428571	1	0	1	1	0	1	0	1241880661	0	0	0
5080.0	16153	3.179724409448819	43	0.008464566929133858	20391	4.013976377952756	1156	0.22755905511811023	973	0.19153543307086615	14	8	97	0.7777777777777778	3	0.21428571428571427	9	0.6428571428571429	0	0.0	2	0.14285714285714285	2	0.25	6	0.75	0	0.0	0	0.0	12	0.12371134020618557	68	0.7010309278350515	0	0.0	17	0.17525773195876287	1	0	1	1	1	1	0	32364630	0	0	0
3573.0	21901	6.129582983487266	5	0.001399384270920795	23083	6.460397425132942	668	0.18695773859501819	1665	0.4659949622166247	5	7	0	0.6666666666666666	4	0.8	0	0.0	0	0.0	1	0.2	0	0.0	4	0.5714285714285714	3	0.42857142857142855	0	0.0	0	0	0	0	0	0	0	0	0	0	0	1	1	0	0	1476991075	1	0	1
3243.0	1667	0.5140302189330866	0	0.0	1666	0.5137218624730188	9	0.0027752081406105457	0	0.0	15	12	95	0.15384615384615385	2	0.13333333333333333	12	0.8	0	0.0	1	0.06666666666666667	0	0.0	12	1.0	0	0.0	0	0.0	6	0.06315789473684211	78	0.8210526315789474	0	0.0	11	0.11578947368421053	0	0	0	1	1	1	0	2468059238	0	0	1
3444.0	6594	1.9146341463414633	1	0.00029036004645760743	14957	4.3429152148664345	245	0.07113821138211382	54	0.0156794425087108	5	13	36	0.25	1	0.2	2	0.4	0	0.0	2	0.4	0	0.0	12	0.9230769230769231	0	0.0	1	0.07692307692307693	0	0.0	26	0.7222222222222222	0	0.0	10	0.2777777777777778	1	0	0	1	0	0	0	706926695	0	0	0
2698.0	0	0.0	9	0.003335804299481097	6633	2.4584877687175686	438	0.16234247590808007	3218	1.1927353595255745	12	13	158	0.7692307692307693	2	0.16666666666666666	9	0.75	0	0.0	1	0.08333333333333333	2	0.15384615384615385	9	0.6923076923076923	2	0.15384615384615385	0	0.0	10	0.06329113924050633	112	0.7088607594936709	4	0.02531645569620253	32	0.20253164556962025	0	0	0	1	1	1	0	4038367361	1	0	1
4075.0	542	0.13300613496932515	5	0.001226993865030675	6091	1.494723926380368	415	0.10184049079754601	525	0.12883435582822086	5	12	134	0.09090909090909091	1	0.2	4	0.8	0	0.0	0	0.0	1	0.08333333333333333	11	0.9166666666666666	0	0.0	0	0.0	19	0.1417910447761194	86	0.6417910447761194	0	0.0	29	0.21641791044776118	1	0	1	1	1	1	0	465934469	1	0	0
3768.0	45347	12.034766454352441	5	0.001326963906581741	22325	5.924893842887474	292	0.07749469214437367	191	0.05069002123142251	5	14	128	0.07692307692307693	1	0.2	4	0.8	0	0.0	0	0.0	0	0.0	12	0.8571428571428571	0	0.0	2	0.14285714285714285	5	0.0390625	100	0.78125	0	0.0	23	0.1796875	1	0	0	1	1	0	0	956717191	0	0	0
3848.0	2468	0.6413721413721414	1	0.0002598752598752599	3876	1.0072765072765073	158	0.04106029106029106	146	0.037941787941787944	14	9	0	0.3333333333333333	0	0.0	13	0.9285714285714286	0	0.0	1	0.07142857142857142	0	0.0	9	1.0	0	0.0	0	0.0	0	0	0	0	0	0	0	0	1	0	1	0	0	1	0	794155152	0	0	0
5234.0	7791	1.4885364921666029	631	0.12055789071455865	15479	2.957393962552541	16513	3.1549484142147497	1500	0.2865876958349255	11	10	148	0.875	2	0.18181818181818182	8	0.7272727272727273	0	0.0	1	0.09090909090909091	0	0.0	10	1.0	0	0.0	0	0.0	12	0.08108108108108109	112	0.7567567567567568	0	0.0	24	0.16216216216216217	1	0	1	1	0	1	0	17373329	1	0	0
4016.0	6163	1.5346115537848606	1	0.000249003984063745	16570	4.125996015936255	333	0.08291832669322709	496	0.12350597609561753	2	14	0	0.18181818181818182	0	0.0	2	1.0	0	0.0	0	0.0	0	0.0	13	0.9285714285714286	0	0.0	1	0.07142857142857142	0	0	0	0	0	0	0	0	1	0	0	1	0	0	0	525801620	0	0	0
5096.0	4662	0.9148351648351648	63	0.012362637362637362	7342	1.4407378335949765	1307	0.2564756671899529	3177	0.6234301412872841	4	4	133	1.0	4	1.0	0	0.0	0	0.0	0	0.0	4	1.0	0	0.0	0	0.0	0	0.0	7	0.05263157894736842	105	0.7894736842105263	0	0.0	21	0.15789473684210525	0	0	1	1	0	1	0	28137647	1	0	0
5179.0	9986	1.9281714616721375	17	0.003282486966595868	15659	3.0235566711720407	345	0.06661517667503379	509	0.09828152152925275	28	14	134	0.6666666666666666	3	0.10714285714285714	18	0.6428571428571429	0	0.0	7	0.25	3	0.21428571428571427	11	0.7857142857142857	0	0.0	0	0.0	10	0.07462686567164178	95	0.7089552238805971	0	0.0	29	0.21641791044776118	0	0	1	1	0	1	0	18764906	0	0	0
3806.0	0	0.0	12	0.0031529164477141357	32277	8.480557015239096	36	0.009458749343142408	35	0.009196006305832895	14	10	0	0.46153846153846156	13	0.9285714285714286	0	0.0	0	0.0	1	0.07142857142857142	1	0.1	9	0.9	0	0.0	0	0.0	0	0	0	0	0	0	0	0	0	0	0	1	1	0	0	875124919	1	0	1
2678.0	119	0.04443614637789395	2	0.0007468259895444362	4093	1.5283793876026885	318	0.11874533233756535	545	0.20351008215085886	17	8	14	0.5	3	0.17647058823529413	10	0.5882352941176471	4	0.23529411764705882	0	0.0	3	0.375	4	0.5	1	0.125	0	0.0	2	0.14285714285714285	6	0.42857142857142855	4	0.2857142857142857	2	0.14285714285714285	0	0	0	1	1	0	0	4188494007	1	0	1
4689.0	139	0.02964384730219663	39	0.008317338451695458	8425	1.7967583706547239	267	0.05694177863083813	384	0.0818937939859245	14	15	43	0.3333333333333333	2	0.14285714285714285	11	0.7857142857142857	0	0.0	1	0.07142857142857142	3	0.2	10	0.6666666666666666	2	0.13333333333333333	0	0.0	3	0.06976744186046512	33	0.7674418604651163	0	0.0	7	0.16279069767441862	1	0	1	1	0	1	0	143448270	0	0	1
4576.0	727	0.15887237762237763	3	0.0006555944055944056	6508	1.4222027972027973	73	0.015952797202797204	69	0.015078671328671328	19	6	7	0.21428571428571427	2	0.10526315789473684	16	0.8421052631578947	0	0.0	1	0.05263157894736842	2	0.3333333333333333	4	0.6666666666666666	0	0.0	0	0.0	1	0.14285714285714285	6	0.8571428571428571	0	0.0	0	0.0	1	0	1	1	0	1	0	186325236	0	0	0
2793.0	17804	6.374507697815969	6	0.0021482277121374865	25429	9.104547081990692	729	0.26100966702470463	92	0.03293949158610813	9	9	9	0.5555555555555556	0	0.0	7	0.7777777777777778	0	0.0	2	0.2222222222222222	0	0.0	9	1.0	0	0.0	0	0.0	0	0.0	0	0.0	2	0.2222222222222222	7	0.7777777777777778	1	0	1	1	1	0	0	3386628340	0	0	1
3637.0	341	0.09375859224635688	0	0.0	1343	0.36926037943359913	194	0.053340665383557875	398	0.10943084960131977	14	12	11	0.5833333333333334	3	0.21428571428571427	11	0.7857142857142857	0	0.0	0	0.0	1	0.08333333333333333	11	0.9166666666666666	0	0.0	0	0.0	2	0.18181818181818182	8	0.7272727272727273	0	0.0	1	0.09090909090909091	1	0	1	1	0	0	0	1316215032	1	0	1
4397.0	1248	0.28382988401182624	11	0.002501705708437571	3968	0.9024334773709347	364	0.08278371617011598	843	0.1917216283829884	7	15	16	0.45454545454545453	1	0.14285714285714285	5	0.7142857142857143	0	0.0	1	0.14285714285714285	2	0.13333333333333333	11	0.7333333333333333	2	0.13333333333333333	0	0.0	0	0.0	10	0.625	2	0.125	4	0.25	1	0	1	1	0	0	0	259168509	0	0	0
4583.0	0	0.0	0	0.0	1	0.0002181976871045167	53	0.011564477416539385	0	0.0	9	8	115	0.875	2	0.2222222222222222	6	0.6666666666666666	0	0.0	1	0.1111111111111111	2	0.25	6	0.75	0	0.0	0	0.0	5	0.043478260869565216	76	0.6608695652173913	3	0.02608695652173913	31	0.26956521739130435	0	0	0	1	0	0	0	183638275	0	0	1
3575.0	1	0.0002797202797202797	5	0.0013986013986013986	2711	0.7583216783216783	394	0.11020979020979021	680	0.1902097902097902	15	13	129	0.4	3	0.2	9	0.6	0	0.0	3	0.2	0	0.0	13	1.0	0	0.0	0	0.0	10	0.07751937984496124	96	0.7441860465116279	0	0.0	23	0.17829457364341086	0	0	0	1	1	1	0	1473009950	0	0	1
4182.0	357	0.08536585365853659	15	0.003586800573888092	737	0.17623146819703492	1062	0.2539454806312769	314	0.07508369201339073	15	14	139	0.8888888888888888	2	0.13333333333333333	12	0.8	0	0.0	1	0.06666666666666667	0	0.0	14	1.0	0	0.0	0	0.0	7	0.050359712230215826	112	0.8057553956834532	0	0.0	20	0.14388489208633093	1	0	1	1	1	1	0	383785250	0	0	0
3940.0	17476	4.435532994923858	2	0.0005076142131979696	52181	13.243908629441624	460	0.116751269035533	189	0.047969543147208124	3	7	0	0.6	0	0.0	3	1.0	0	0.0	0	0.0	0	0.0	7	1.0	0	0.0	0	0.0	0	0	0	0	0	0	0	0	1	0	1	1	0	0	0	595089709	0	0	0
4752.0	41	0.008627946127946129	7	0.001473063973063973	9138	1.922979797979798	228	0.047979797979797977	168	0.03535353535353535	12	8	78	0.21428571428571427	2	0.16666666666666666	8	0.6666666666666666	2	0.16666666666666666	0	0.0	0	0.0	8	1.0	0	0.0	0	0.0	4	0.05128205128205128	59	0.7564102564102564	2	0.02564102564102564	13	0.16666666666666666	1	0	1	1	0	1	0	122034494	0	0	0
2996.0	413	0.1378504672897196	23	0.007676902536715621	2016	0.6728971962616822	237	0.07910547396528705	689	0.22997329773030709	9	8	57	0.8571428571428571	3	0.3333333333333333	5	0.5555555555555556	0	0.0	1	0.1111111111111111	3	0.375	5	0.625	0	0.0	0	0.0	11	0.19298245614035087	32	0.5614035087719298	2	0.03508771929824561	12	0.21052631578947367	1	0	0	1	0	1	0	2952698183	1	0	1
2956.0	0	0.0	2	0.0006765899864682003	2515	0.8508119079837618	219	0.07408660351826793	204	0.06901217861975643	17	12	0	0.0	3	0.17647058823529413	13	0.7647058823529411	0	0.0	1	0.058823529411764705	0	0.0	7	0.5833333333333334	5	0.4166666666666667	0	0.0	0	0	0	0	0	0	0	0	0	0	0	1	1	0	0	3026180435	1	0	1
4994.0	12	0.0024028834601521826	26	0.005206247496996396	27283	5.463155786944333	543	0.10873047657188627	941	0.18842611133360032	15	9	38	0.36363636363636365	2	0.13333333333333333	12	0.8	0	0.0	1	0.06666666666666667	2	0.2222222222222222	7	0.7777777777777778	0	0.0	0	0.0	1	0.02631578947368421	30	0.7894736842105263	0	0.0	7	0.18421052631578946	1	0	1	1	1	0	0	56138069	0	0	0
3093.0	170	0.054962819269317814	24	0.007759456838021339	713	0.2305205302295506	547	0.17685095376656967	140	0.04526349822179114	16	14	56	0.35294117647058826	2	0.125	13	0.8125	0	0.0	1	0.0625	3	0.21428571428571427	10	0.7142857142857143	1	0.07142857142857142	0	0.0	9	0.16071428571428573	33	0.5892857142857143	0	0.0	14	0.25	0	0	1	1	0	1	0	2784221536	1	0	0
2998.0	1296	0.4322881921280854	3	0.0010006671114076052	2204	0.7351567711807871	112	0.037358238825883926	247	0.08238825883922615	12	7	0	0.45454545454545453	0	0.0	11	0.9166666666666666	0	0.0	1	0.08333333333333333	0	0.0	5	0.7142857142857143	2	0.2857142857142857	0	0.0	0	0	0	0	0	0	0	0	0	0	0	1	1	0	0	2947602791	1	0	0
4699.0	3846	0.818472015322409	106	0.02255799106192807	19995	4.255160672483507	5003	1.0646946158757182	1789	0.3807193019791445	17	11	130	0.6923076923076923	3	0.17647058823529413	13	0.7647058823529411	0	0.0	1	0.058823529411764705	0	0.0	11	1.0	0	0.0	0	0.0	6	0.046153846153846156	97	0.7461538461538462	0	0.0	27	0.2076923076923077	0	0	1	1	0	1	0	139794816	0	0	0
4580.0	62390	13.62227074235808	2	0.0004366812227074236	10700	2.336244541484716	323	0.07052401746724891	301	0.06572052401746725	10	11	42	0.5454545454545454	0	0.0	7	0.7	0	0.0	3	0.3	0	0.0	11	1.0	0	0.0	0	0.0	0	0.0	34	0.8095238095238095	0	0.0	8	0.19047619047619047	1	0	1	1	1	0	0	184899969	0	0	0
4996.0	204	0.04083266613290633	93	0.018614891913530825	7570	1.5152121697357885	969	0.19395516413130504	930	0.18614891913530823	20	11	151	0.6428571428571429	2	0.1	15	0.75	0	0.0	3	0.15	1	0.09090909090909091	10	0.9090909090909091	0	0.0	0	0.0	12	0.07947019867549669	112	0.7417218543046358	0	0.0	27	0.17880794701986755	1	0	1	1	0	1	0	55662988	1	0	1
3192.0	233	0.07299498746867168	0	0.0	4321	1.3536967418546366	320	0.10025062656641603	1581	0.49530075187969924	14	10	0	0.42857142857142855	2	0.14285714285714285	11	0.7857142857142857	0	0.0	1	0.07142857142857142	2	0.2	5	0.5	3	0.3	0	0.0	0	0	0	0	0	0	0	0	0	0	0	1	1	0	0	2619185548	1	0	1
2694.0	0	0.0	0	0.0	415	0.1540460282108389	2	0.0007423904974016332	2	0.0007423904974016332	12	9	0	0.13333333333333333	0	0.0	11	0.9166666666666666	0	0.0	1	0.08333333333333333	9	1.0	0	0.0	0	0.0	0	0.0	0	0	0	0	0	0	0	0	0	0	0	1	1	0	0	4067940749	1	0	0
5073.0	11950	2.3556081214271636	84	0.01655824955647546	12812	2.5255273013995665	2306	0.45456337472895725	421	0.08298836980090676	26	12	155	0.7142857142857143	2	0.07692307692307693	22	0.8461538461538461	0	0.0	2	0.07692307692307693	2	0.16666666666666666	10	0.8333333333333334	0	0.0	0	0.0	23	0.14838709677419354	85	0.5483870967741935	5	0.03225806451612903	42	0.2709677419354839	0	0	1	1	0	1	0	34953652	1	0	0
4879.0	213	0.04365648698503792	132	0.027054724328755893	60228	12.344332855093256	1516	0.31071940971510553	243	0.049805287968846076	12	10	27	0.7777777777777778	0	0.0	10	0.8333333333333334	0	0.0	2	0.16666666666666666	0	0.0	10	1.0	0	0.0	0	0.0	0	0.0	20	0.7407407407407407	0	0.0	7	0.25925925925925924	1	0	1	1	1	1	0	87480775	1	0	0
3845.0	0	0.0	0	0.0	8536	2.220026007802341	3	0.0007802340702210664	0	0.0	16	15	0	0.9166666666666666	2	0.125	13	0.8125	0	0.0	1	0.0625	2	0.13333333333333333	13	0.8666666666666667	0	0.0	0	0.0	0	0	0	0	0	0	0	0	0	0	0	1	0	0	0	799529424	1	0	1
3223.0	8000	2.4821594787465093	2	0.0006205398696866273	6160	1.9112627986348123	258	0.08004964318957493	129	0.040024821594787464	6	14	62	0.45454545454545453	0	0.0	5	0.8333333333333334	0	0.0	1	0.16666666666666666	0	0.0	13	0.9285714285714286	0	0.0	1	0.07142857142857142	3	0.04838709677419355	43	0.6935483870967742	0	0.0	16	0.25806451612903225	1	0	0	1	1	1	0	2502597096	0	0	0
5256.0	2235	0.4252283105022831	1	0.0001902587519025875	7539	1.4343607305936072	321	0.06107305936073059	539	0.10254946727549467	11	11	51	0.75	2	0.18181818181818182	8	0.7272727272727273	0	0.0	1	0.09090909090909091	2	0.18181818181818182	9	0.8181818181818182	0	0.0	0	0.0	2	0.0392156862745098	38	0.7450980392156863	0	0.0	11	0.21568627450980393	1	0	0	1	0	0	0	16931320	0	0	0
2882.0	5586	1.9382373351839002	0	0.0	4638	1.6092990978487163	185	0.06419153365718251	350	0.12144344205412907	3	13	4	0.3333333333333333	1	0.3333333333333333	2	0.6666666666666666	0	0.0	0	0.0	2	0.15384615384615385	11	0.8461538461538461	0	0.0	0	0.0	0	0.0	0	0.0	3	0.75	1	0.25	1	0	1	1	1	0	0	3199654396	1	0	0
2694.0	42	0.015590200445434299	0	0.0	948	0.3518930957683742	701	0.2602078693392725	1165	0.43244246473645137	14	9	112	0.0	0	0.0	0	0.0	0	0.0	14	1.0	0	0.0	0	0.0	8	0.8888888888888888	1	0.1111111111111111	0	0.0	0	0.0	0	0.0	112	1.0	0	0	0	1	1	0	0	4066646536	0	0	1
4748.0	2	0.00042122999157540015	8	0.0016849199663016006	12504	2.633529907329402	152	0.03201347935973041	84	0.017691659646166806	11	13	0	0.8571428571428571	11	1.0	0	0.0	0	0.0	0	0.0	0	0.0	13	1.0	0	0.0	0	0.0	0	0	0	0	0	0	0	0	1	0	1	1	0	1	0	123214345	1	0	1
4368.0	169	0.03869047619047619	3	0.0006868131868131869	18199	4.166437728937729	97	0.022206959706959708	0	0.0	6	7	106	0.1111111111111111	6	1.0	0	0.0	0	0.0	0	0.0	2	0.2857142857142857	5	0.7142857142857143	0	0.0	0	0.0	61	0.5754716981132075	21	0.19811320754716982	0	0.0	24	0.22641509433962265	0	0	0	1	1	0	0	274553355	0	0	0
3277.0	58	0.017699115044247787	25	0.007628928898382667	2712	0.8275862068965517	71	0.021666158071406774	62	0.018919743667989014	9	12	125	0.38461538461538464	2	0.2222222222222222	6	0.6666666666666666	0	0.0	1	0.1111111111111111	0	0.0	12	1.0	0	0.0	0	0.0	4	0.032	100	0.8	0	0.0	21	0.168	1	0	1	0	0	1	0	2411403787	0	0	0
5139.0	364	0.0708309009534929	518	0.10079782058766297	39192	7.6263864565090485	18193	3.5401829149640007	11120	2.163845106051761	12	14	157	0.3125	2	0.16666666666666666	9	0.75	0	0.0	1	0.08333333333333333	1	0.07142857142857142	13	0.9285714285714286	0	0.0	0	0.0	4	0.025477707006369428	124	0.7898089171974523	0	0.0	29	0.18471337579617833	1	0	1	1	0	1	0	21125645	1	0	0
4550.0	17832	3.919120879120879	0	0.0	6769	1.4876923076923076	226	0.04967032967032967	328	0.07208791208791208	9	11	28	0.23076923076923078	2	0.2222222222222222	6	0.6666666666666666	0	0.0	1	0.1111111111111111	4	0.36363636363636365	7	0.6363636363636364	0	0.0	0	0.0	1	0.03571428571428571	23	0.8214285714285714	0	0.0	4	0.14285714285714285	0	0	0	1	0	0	0	196434444	0	0	0
2744.0	0	0.0	1	0.00036443148688046647	253	0.09220116618075802	315	0.11479591836734694	1027	0.37427113702623904	14	9	0	0.23076923076923078	0	0.0	13	0.9285714285714286	0	0.0	1	0.07142857142857142	0	0.0	7	0.7777777777777778	2	0.2222222222222222	0	0.0	0	0	0	0	0	0	0	0	0	0	1	1	1	0	0	3593771535	1	0	1
3303.0	7452	2.2561307901907357	34	0.010293672419013019	1190	0.3602785346654556	4168	1.2618831365425371	2784	0.8428701180744778	15	9	157	0.35714285714285715	5	0.3333333333333333	8	0.5333333333333333	0	0.0	2	0.13333333333333333	4	0.4444444444444444	5	0.5555555555555556	0	0.0	0	0.0	28	0.17834394904458598	103	0.6560509554140127	0	0.0	26	0.16560509554140126	0	0	1	1	0	1	0	2364414488	0	0	0
3382.0	18426	5.448255470136014	0	0.0	3126	0.9243051448846836	107	0.031638083973979894	119	0.03518628030751035	8	12	6	0.4	0	0.0	8	1.0	0	0.0	0	0.0	0	0.0	12	1.0	0	0.0	0	0.0	0	0.0	0	0.0	6	1.0	0	0.0	0	0	1	0	0	0	0	2238437917	1	0	0
3932.0	18565	4.721515768056968	8	0.002034587995930824	13201	3.357324516785351	690	0.17548321464903358	5011	1.27441505595117	20	12	32	0.5	3	0.15	14	0.7	0	0.0	3	0.15	2	0.16666666666666666	10	0.8333333333333334	0	0.0	0	0.0	6	0.1875	17	0.53125	0	0.0	9	0.28125	1	0	1	1	1	0	0	602315322	0	0	0
4592.0	0	0.0	33	0.007186411149825784	89194	19.423780487804876	114	0.024825783972125436	61	0.01328397212543554	8	10	0	0.4	2	0.25	5	0.625	0	0.0	1	0.125	1	0.1	9	0.9	0	0.0	0	0.0	0	0	0	0	0	0	0	0	0	0	1	1	0	0	0	179968583	1	0	1
5276.0	1000	0.18953752843062927	5	0.0009476876421531463	2136	0.4048521607278241	213	0.04037149355572403	66	0.012509476876421531	15	15	124	0.8461538461538461	2	0.13333333333333333	12	0.8	0	0.0	1	0.06666666666666667	2	0.13333333333333333	13	0.8666666666666667	0	0.0	0	0.0	42	0.3387096774193548	56	0.45161290322580644	0	0.0	26	0.20967741935483872	1	0	1	1	0	1	0	16570956	0	0	0
3411.0	32	0.009381413075344474	7	0.0020521841102316037	17863	5.236880680152448	17503	5.131339783054822	17	0.004983875696276752	7	9	47	0.08333333333333333	0	0.0	0	0.0	0	0.0	7	1.0	5	0.5555555555555556	3	0.3333333333333333	0	0.0	1	0.1111111111111111	8	0.1702127659574468	3	0.06382978723404255	0	0.0	36	0.7659574468085106	0	0	0	1	0	0	0	2188155468	0	0	0
4388.0	294	0.06700091157702825	6	0.0013673655423883319	9791	2.2313126709206927	172	0.03919781221513218	143	0.03258887876025524	8	10	21	0.15384615384615385	2	0.25	3	0.375	0	0.0	3	0.375	3	0.3	7	0.7	0	0.0	0	0.0	3	0.14285714285714285	16	0.7619047619047619	0	0.0	2	0.09523809523809523	1	0	1	1	0	0	0	263395921	0	0	0
2750.0	49173	17.881090909090908	1	0.0003636363636363636	5606	2.0385454545454547	275	0.1	379	0.1378181818181818	6	14	13	0.4166666666666667	0	0.0	6	1.0	0	0.0	0	0.0	0	0.0	13	0.9285714285714286	0	0.0	1	0.07142857142857142	3	0.23076923076923078	6	0.46153846153846156	0	0.0	4	0.3076923076923077	1	0	0	0	0	1	0	3528645202	0	0	0
2708.0	1079	0.3984490398818316	6	0.0022156573116691287	662	0.24446085672082718	40	0.014771048744460856	2626	0.9697193500738552	5	15	0	0.4444444444444444	1	0.2	4	0.8	0	0.0	0	0.0	0	0.0	15	1.0	0	0.0	0	0.0	0	0	0	0	0	0	0	0	0	0	0	1	1	0	0	3962411603	1	0	1
4445.0	12657	2.8474690663667044	5	0.0011248593925759281	8114	1.825421822272216	521	0.1172103487064117	312	0.0701912260967379	4	10	2	0.375	1	0.25	3	0.75	0	0.0	0	0.0	0	0.0	9	0.9	0	0.0	1	0.1	0	0.0	0	0.0	2	1.0	0	0.0	1	0	0	1	0	0	0	237345391	0	0	0
2842.0	27775	9.77304714989444	2	0.0007037297677691766	9698	3.4123856439127374	228	0.08022519352568613	191	0.06720619282195636	5	10	24	0.5714285714285714	0	0.0	4	0.8	0	0.0	1	0.2	0	0.0	10	1.0	0	0.0	0	0.0	0	0.0	19	0.7916666666666666	0	0.0	5	0.20833333333333334	0	0	1	0	0	0	0	3234273907	0	0	0
2781.0	1598	0.5746134483998562	1	0.0003595828838547285	2276	0.8184106436533621	342	0.12297734627831715	1957	0.7037037037037037	14	11	28	0.11764705882352941	3	0.21428571428571427	9	0.6428571428571429	0	0.0	2	0.14285714285714285	1	0.09090909090909091	3	0.2727272727272727	7	0.6363636363636364	0	0.0	6	0.21428571428571427	14	0.5	0	0.0	8	0.2857142857142857	0	0	0	1	1	0	0	3304675964	0	0	0
2988.0	9908	3.3159303882195448	3	0.001004016064257028	13386	4.479919678714859	166	0.05555555555555555	187	0.06258366800535475	3	7	31	0.0	0	0.0	0	0.0	0	0.0	3	1.0	3	0.42857142857142855	0	0.0	4	0.5714285714285714	0	0.0	0	0.0	0	0.0	0	0.0	31	1.0	1	0	1	1	1	0	0	2966100624	1	0	0
4718.0	31	0.006570580754557015	7	0.001483679525222552	1491	0.31602373887240354	432	0.09156422212802034	277	0.05871131835523527	6	14	82	0.4166666666666667	1	0.16666666666666666	5	0.8333333333333334	0	0.0	0	0.0	3	0.21428571428571427	11	0.7857142857142857	0	0.0	0	0.0	8	0.0975609756097561	61	0.7439024390243902	0	0.0	13	0.15853658536585366	1	0	1	1	0	1	0	132962961	1	0	1
4513.0	4138	0.9169067139375139	1	0.00022158209616662973	3752	0.8313760248171947	285	0.06315089740748947	149	0.03301573232882783	5	14	0	0.08333333333333333	1	0.2	4	0.8	0	0.0	0	0.0	1	0.07142857142857142	9	0.6428571428571429	4	0.2857142857142857	0	0.0	0	0	0	0	0	0	0	0	1	0	0	1	1	0	0	212261532	0	0	0
5080.0	2108	0.4149606299212598	21	0.004133858267716535	2722	0.5358267716535433	321	0.06318897637795276	602	0.11850393700787401	13	9	157	0.75	2	0.15384615384615385	10	0.7692307692307693	0	0.0	1	0.07692307692307693	2	0.2222222222222222	7	0.7777777777777778	0	0.0	0	0.0	10	0.06369426751592357	119	0.7579617834394905	0	0.0	28	0.17834394904458598	1	0	1	1	0	1	0	32348838	0	0	0
5111.0	19516	3.818430835452945	6	0.0011739385638818234	31409	6.145372725494033	297	0.05810995891215026	78	0.015261201330463705	5	10	38	0.375	1	0.2	4	0.8	0	0.0	0	0.0	0	0.0	10	1.0	0	0.0	0	0.0	1	0.02631578947368421	27	0.7105263157894737	0	0.0	10	0.2631578947368421	1	0	1	1	0	1	0	24910515	0	0	0
4384.0	7579	1.728786496350365	0	0.0	2968	0.677007299270073	132	0.030109489051094892	155	0.035355839416058396	6	13	20	0.1111111111111111	5	0.8333333333333334	0	0.0	0	0.0	1	0.16666666666666666	1	0.07692307692307693	12	0.9230769230769231	0	0.0	0	0.0	0	0.0	0	0.0	0	0.0	20	1.0	1	0	1	0	0	0	0	265738935	0	0	1
3393.0	111825	32.95755968169761	17	0.0050103153551429415	43715	12.883878573533746	2102	0.619510757441792	1646	0.4851164161508989	14	13	0	0.9166666666666666	2	0.14285714285714285	11	0.7857142857142857	0	0.0	1	0.07142857142857142	13	1.0	0	0.0	0	0.0	0	0.0	0	0	0	0	0	0	0	0	1	0	1	1	0	1	0	2200132293	0	0	0
5010.0	0	0.0	8	0.0015968063872255488	3415	0.6816367265469062	126	0.025149700598802394	138	0.027544910179640718	16	15	106	0.9090909090909091	2	0.125	13	0.8125	0	0.0	1	0.0625	2	0.13333333333333333	13	0.8666666666666667	0	0.0	0	0.0	2	0.018867924528301886	83	0.7830188679245284	0	0.0	21	0.19811320754716982	0	0	1	1	0	0	0	50797260	0	0	0
4541.0	6	0.0013212948689715921	17	0.003743668795419511	78741	17.34001321294869	1177	0.2591940101299273	1327	0.2922263818542171	13	12	143	0.46153846153846156	2	0.15384615384615385	10	0.7692307692307693	0	0.0	1	0.07692307692307693	0	0.0	12	1.0	0	0.0	0	0.0	5	0.03496503496503497	104	0.7272727272727273	0	0.0	34	0.23776223776223776	1	0	1	1	1	1	0	199973582	1	0	1
5040.0	91	0.018055555555555554	4	0.0007936507936507937	8640	1.7142857142857142	166	0.03293650793650794	259	0.05138888888888889	13	15	117	0.38461538461538464	2	0.15384615384615385	10	0.7692307692307693	0	0.0	1	0.07692307692307693	3	0.2	12	0.8	0	0.0	0	0.0	5	0.042735042735042736	84	0.717948717948718	0	0.0	28	0.23931623931623933	0	0	1	0	0	0	0	42752719	0	0	0
4174.0	1856	0.44465740297077144	26	0.006229036895064686	6580	1.5764254911356013	444	0.10637278390033542	793	0.18998562529947294	15	10	39	0.38461538461538464	2	0.13333333333333333	12	0.8	0	0.0	1	0.06666666666666667	2	0.2	8	0.8	0	0.0	0	0.0	2	0.05128205128205128	32	0.8205128205128205	0	0.0	5	0.1282051282051282	1	0	1	1	0	1	0	388274900	1	0	0
2793.0	1	0.00035803795202291446	0	0.0	3889	1.3924095954171143	0	0.0	2	0.0007160759040458289	9	9	0	1.0	1	0.1111111111111111	8	0.8888888888888888	0	0.0	0	0.0	1	0.1111111111111111	8	0.8888888888888888	0	0.0	0	0.0	0	0	0	0	0	0	0	0	1	0	1	1	1	0	0	3287882455	1	0	1
4762.0	42	0.00881982360352793	1	0.00020999580008399833	3001	0.6301973960520789	35	0.007349853002939942	134	0.028139437211255777	12	8	0	0.21428571428571427	0	0.0	11	0.9166666666666666	0	0.0	1	0.08333333333333333	0	0.0	4	0.5	4	0.5	0	0.0	0	0	0	0	0	0	0	0	0	0	0	1	1	0	0	118807279	1	0	1
3274.0	15769	4.816432498472816	35	0.010690287110568112	4399	1.343616371411118	2060	0.6291997556505803	1214	0.37080024434941966	15	13	75	0.8888888888888888	4	0.26666666666666666	9	0.6	0	0.0	2	0.13333333333333333	4	0.3076923076923077	9	0.6923076923076923	0	0.0	0	0.0	14	0.18666666666666668	49	0.6533333333333333	0	0.0	12	0.16	1	0	1	1	1	1	0	2415811314	0	0	0
3898.0	3555	0.9120061570035916	22	0.005643919958953309	41475	10.640071831708568	3318	0.8512057465366855	3575	0.9171369933299128	17	11	135	0.16666666666666666	3	0.17647058823529413	11	0.6470588235294118	0	0.0	3	0.17647058823529413	2	0.18181818181818182	9	0.8181818181818182	0	0.0	0	0.0	22	0.16296296296296298	81	0.6	1	0.007407407407407408	31	0.22962962962962963	1	0	1	1	0	1	0	633428724	0	0	0
2940.0	0	0.0	16	0.005442176870748299	25403	8.64047619047619	81	0.027551020408163266	0	0.0	13	15	43	0.4	2	0.15384615384615385	10	0.7692307692307693	0	0.0	1	0.07692307692307693	3	0.2	12	0.8	0	0.0	0	0.0	5	0.11627906976744186	32	0.7441860465116279	0	0.0	6	0.13953488372093023	0	0	1	1	1	0	0	3041385205	1	0	1
4066.0	1442	0.3546483030004919	0	0.0	5608	1.3792424987702903	216	0.05312346286276439	415	0.10206591244466307	9	7	30	0.25	0	0.0	8	0.8888888888888888	0	0.0	1	0.1111111111111111	0	0.0	7	1.0	0	0.0	0	0.0	1	0.03333333333333333	23	0.7666666666666667	0	0.0	6	0.2	0	0	1	1	0	1	0	475175670	0	0	0
4321.0	8457	1.9571858366118955	124	0.028697060865540386	3525	0.8157833834760472	501	0.11594538301319139	1774	0.4105531127053923	11	9	131	0.75	4	0.36363636363636365	5	0.45454545454545453	0	0.0	2	0.18181818181818182	4	0.4444444444444444	5	0.5555555555555556	0	0.0	0	0.0	10	0.07633587786259542	91	0.6946564885496184	0	0.0	30	0.22900763358778625	1	0	1	1	0	1	0	299817723	0	0	0
3084.0	3515	1.1397535667963683	1	0.00032425421530479895	883	0.28631647211413747	112	0.03631647211413749	315	0.10214007782101167	14	8	25	0.0	2	0.14285714285714285	11	0.7857142857142857	0	0.0	1	0.07142857142857142	1	0.125	5	0.625	1	0.125	1	0.125	1	0.04	16	0.64	0	0.0	8	0.32	0	0	1	0	0	0	0	2805340929	0	0	0
3941.0	9474	2.403958386196397	6	0.0015224562293834052	44920	11.39812230398376	512	0.12991626490738392	374	0.0948997716315656	10	8	0	0.25	2	0.2	8	0.8	0	0.0	0	0.0	2	0.25	6	0.75	0	0.0	0	0.0	0	0	0	0	0	0	0	0	1	0	1	1	0	1	0	594729748	0	0	0
4660.0	2151	0.46158798283261804	35	0.0075107296137339056	12948	2.778540772532189	2121	0.45515021459227467	4959	1.0641630901287553	11	10	99	0.875	2	0.18181818181818182	8	0.7272727272727273	0	0.0	1	0.09090909090909091	2	0.2	8	0.8	0	0.0	0	0.0	10	0.10101010101010101	69	0.696969696969697	0	0.0	20	0.20202020202020202	1	0	1	0	0	1	0	154573594	0	0	0
4308.0	0	0.0	110	0.0255338904363974	47364	10.994428969359332	1703	0.39531104921077065	1912	0.4438254410399257	16	15	102	0.3125	2	0.125	13	0.8125	0	0.0	1	0.0625	3	0.2	11	0.7333333333333333	1	0.06666666666666667	0	0.0	3	0.029411764705882353	84	0.8235294117647058	0	0.0	15	0.14705882352941177	0	0	1	1	0	1	0	307518247	0	0	1
4095.0	5	0.001221001221001221	27	0.006593406593406593	8226	2.0087912087912088	87	0.021245421245421246	0	0.0	12	6	105	0.14285714285714285	2	0.16666666666666666	9	0.75	0	0.0	1	0.08333333333333333	3	0.5	0	0.0	3	0.5	0	0.0	3	0.02857142857142857	77	0.7333333333333333	0	0.0	25	0.23809523809523808	0	0	1	1	0	1	0	448994100	1	0	1
5087.0	180	0.03538431295459013	3	0.0005897385492431689	10274	2.019657951641439	1153	0.22665618242579122	0	0.0	19	14	141	0.25	12	0.631578947368421	0	0.0	0	0.0	7	0.3684210526315789	12	0.8571428571428571	0	0.0	0	0.0	2	0.14285714285714285	96	0.6808510638297872	0	0.0	10	0.07092198581560284	35	0.24822695035460993	0	0	1	0	0	1	0	30120790	0	0	1
4865.0	20860	4.287769784172662	0	0.0	567	0.11654676258992806	38	0.007810894141829393	2193	0.45077081192189106	11	10	0	0.8888888888888888	2	0.18181818181818182	8	0.7272727272727273	0	0.0	1	0.09090909090909091	2	0.2	8	0.8	0	0.0	0	0.0	0	0	0	0	0	0	0	0	1	0	1	1	1	0	0	90905432	1	0	1
5072.0	18240	3.5962145110410093	295	0.05816246056782334	119812	23.62223974763407	28527	5.624408517350158	1268	0.25	14	13	152	0.9090909090909091	2	0.14285714285714285	11	0.7857142857142857	0	0.0	1	0.07142857142857142	2	0.15384615384615385	11	0.8461538461538461	0	0.0	0	0.0	61	0.40131578947368424	48	0.3157894736842105	6	0.039473684210526314	37	0.24342105263157895	1	0	0	1	0	1	1	35134309	1	0	0
4106.0	8422	2.051144666341939	29	0.007062834875791525	32330	7.873843156356552	2321	0.5652703360935217	3435	0.8365806137359961	8	15	23	0.38461538461538464	1	0.125	5	0.625	0	0.0	2	0.25	0	0.0	13	0.8666666666666667	2	0.13333333333333333	0	0.0	0	0.0	17	0.7391304347826086	0	0.0	6	0.2608695652173913	1	0	1	1	0	0	0	439163758	0	0	0
3349.0	3951	1.179755150791281	1	0.00029859659599880563	2047	0.6112272320095551	227	0.06778142729172887	654	0.19528217378321888	5	14	0	0.5555555555555556	1	0.2	4	0.8	0	0.0	0	0.0	0	0.0	10	0.7142857142857143	4	0.2857142857142857	0	0.0	0	0	0	0	0	0	0	0	0	0	0	1	1	0	0	2277481329	0	0	0
4991.0	164	0.03285914646363454	15	0.0030054097375275496	3251	0.6513724704468042	721	0.14446002805049088	1169	0.23422159887798036	17	6	153	0.5555555555555556	3	0.17647058823529413	12	0.7058823529411765	0	0.0	2	0.11764705882352941	0	0.0	6	1.0	0	0.0	0	0.0	5	0.032679738562091505	119	0.7777777777777778	0	0.0	29	0.1895424836601307	1	0	1	1	0	1	0	56843122	1	0	0
3342.0	9705	2.9039497307001794	1	0.0002992220227408737	4219	1.2624177139437462	195	0.05834829443447038	184	0.05505685218432076	6	11	28	0.8333333333333334	0	0.0	6	1.0	0	0.0	0	0.0	0	0.0	10	0.9090909090909091	0	0.0	1	0.09090909090909091	0	0.0	21	0.75	0	0.0	7	0.25	1	0	0	0	0	1	0	2300173172	0	0	0
4678.0	590	0.12612227447627192	16	0.003420265070542967	4621	0.9878153056861907	886	0.1893971782813168	388	0.08294142796066695	10	10	160	1.0	0	0.0	10	1.0	0	0.0	0	0.0	0	0.0	10	1.0	0	0.0	0	0.0	3	0.01875	121	0.75625	0	0.0	36	0.225	0	0	1	1	0	1	0	147495812	1	0	1
4174.0	17926	4.294681360804983	20	0.004791566842357451	4131	0.9896981312889315	452	0.10828941063727839	779	0.1866315285098227	14	14	79	0.6666666666666666	2	0.14285714285714285	11	0.7857142857142857	0	0.0	1	0.07142857142857142	0	0.0	14	1.0	0	0.0	0	0.0	3	0.0379746835443038	61	0.7721518987341772	0	0.0	15	0.189873417721519	1	0	1	1	0	1	0	387963785	0	0	0
3829.0	877	0.22904152520240273	0	0.0	1271	0.33194045442674325	84	0.021937842778793418	1158	0.3024288325933664	4	11	113	0.4444444444444444	1	0.25	3	0.75	0	0.0	0	0.0	2	0.18181818181818182	9	0.8181818181818182	0	0.0	0	0.0	11	0.09734513274336283	81	0.7168141592920354	0	0.0	21	0.18584070796460178	1	0	1	1	0	0	0	833985422	0	0	0
3802.0	2942	0.7738032614413467	1	0.0002630194634402946	2354	0.6191478169384534	316	0.08311415044713309	141	0.03708574434508154	12	13	29	0.6153846153846154	2	0.16666666666666666	9	0.75	0	0.0	1	0.08333333333333333	2	0.15384615384615385	11	0.8461538461538461	0	0.0	0	0.0	7	0.2413793103448276	8	0.27586206896551724	2	0.06896551724137931	12	0.41379310344827586	1	0	1	0	0	0	0	884743057	0	0	0
3421.0	42738	12.492838351359252	0	0.0	4136	1.2090032154340835	644	0.1882490499853844	467	0.13650979245834552	8	14	12	0.23076923076923078	0	0.0	7	0.875	0	0.0	1	0.125	0	0.0	10	0.7142857142857143	2	0.14285714285714285	2	0.14285714285714285	2	0.16666666666666666	0	0.0	4	0.3333333333333333	6	0.5	1	0	1	1	1	1	0	2167561110	0	0	0
5152.0	6107	1.1853649068322982	93	0.018051242236024844	832	0.16149068322981366	884	0.17158385093167702	1014	0.1968167701863354	10	9	159	0.875	2	0.2	7	0.7	0	0.0	1	0.1	0	0.0	9	1.0	0	0.0	0	0.0	4	0.025157232704402517	121	0.7610062893081762	3	0.018867924528301886	31	0.1949685534591195	1	0	1	1	1	1	0	20044700	0	0	0
4397.0	0	0.0	86	0.01955879008414828	2639	0.6001819422333409	17	0.003866272458494428	21	0.0047759836251989995	13	13	38	0.8	2	0.15384615384615385	10	0.7692307692307693	0	0.0	1	0.07692307692307693	2	0.15384615384615385	10	0.7692307692307693	1	0.07692307692307693	0	0.0	2	0.05263157894736842	26	0.6842105263157895	0	0.0	10	0.2631578947368421	0	0	1	1	1	1	0	259398560	1	0	1
3557.0	2023	0.5687377003092494	2	0.000562271577171774	2792	0.7849311217317965	313	0.08799550182738262	301	0.08462187236435198	14	8	2	0.38461538461538464	3	0.21428571428571427	9	0.6428571428571429	0	0.0	2	0.14285714285714285	5	0.625	3	0.375	0	0.0	0	0.0	0	0.0	0	0.0	0	0.0	2	1.0	1	0	0	1	0	0	0	1526209446	0	0	0
4090.0	782	0.19119804400977994	15	0.003667481662591687	15497	3.788997555012225	654	0.15990220048899756	89	0.02176039119804401	17	9	0	0.6666666666666666	3	0.17647058823529413	14	0.8235294117647058	0	0.0	0	0.0	0	0.0	9	1.0	0	0.0	0	0.0	0	0	0	0	0	0	0	0	1	0	0	1	0	1	0	452533162	0	0	0
3286.0	2194	0.667681071211199	0	0.0	1476	0.4491783323189288	61	0.01856360316494218	328	0.09981740718198417	5	11	2	0.3	0	0.0	5	1.0	0	0.0	0	0.0	0	0.0	9	0.8181818181818182	2	0.18181818181818182	0	0.0	2	1.0	0	0.0	0	0.0	0	0.0	0	0	0	1	1	0	0	2393217979	0	0	0
5349.0	1497	0.2798653954010095	457	0.08543653019255935	28355	5.300990839409235	16038	2.998317442512619	1153	0.215554309216676	10	13	96	0.5	1	0.1	8	0.8	0	0.0	1	0.1	2	0.15384615384615385	11	0.8461538461538461	0	0.0	0	0.0	4	0.041666666666666664	76	0.7916666666666666	0	0.0	16	0.16666666666666666	0	0	1	0	0	1	0	15522756	1	0	0
2870.0	11097	3.8665505226480836	18	0.0062717770034843206	8464	2.949128919860627	240	0.08362369337979095	329	0.11463414634146342	3	9	20	0.1	1	0.3333333333333333	2	0.6666666666666666	0	0.0	0	0.0	0	0.0	7	0.7777777777777778	2	0.2222222222222222	0	0.0	2	0.1	15	0.75	0	0.0	3	0.15	0	0	0	1	1	0	0	3237436366	1	0	1
2909.0	27691	9.519078721210038	1	0.00034376074252320387	20560	7.067720866277071	626	0.2151942248195256	242	0.08319009969061533	16	12	0	0.6363636363636364	2	0.125	13	0.8125	0	0.0	1	0.0625	0	0.0	12	1.0	0	0.0	0	0.0	0	0	0	0	0	0	0	0	1	0	1	1	1	0	0	3122666452	0	0	0
3050.0	175	0.05737704918032787	4	0.0013114754098360656	2083	0.6829508196721311	39	0.012786885245901639	200	0.06557377049180328	16	15	78	0.9166666666666666	2	0.125	13	0.8125	0	0.0	1	0.0625	0	0.0	15	1.0	0	0.0	0	0.0	4	0.05128205128205128	63	0.8076923076923077	0	0.0	11	0.14102564102564102	0	0	1	1	1	1	0	2893011943	1	0	1
5166.0	258	0.04994192799070848	103	0.019938056523422377	2726	0.5276809910956253	723	0.13995354239256677	623	0.12059620596205962	9	11	106	0.6666666666666666	2	0.2222222222222222	6	0.6666666666666666	0	0.0	1	0.1111111111111111	2	0.18181818181818182	6	0.5454545454545454	1	0.09090909090909091	2	0.18181818181818182	14	0.1320754716981132	76	0.7169811320754716	0	0.0	16	0.1509433962264151	1	0	1	1	0	1	0	19307503	0	0	0
3200.0	5300	1.65625	1	0.0003125	4298	1.343125	157	0.0490625	270	0.084375	8	7	53	0.2	2	0.25	5	0.625	0	0.0	1	0.125	2	0.2857142857142857	5	0.7142857142857143	0	0.0	0	0.0	1	0.018867924528301886	44	0.8301886792452831	0	0.0	8	0.1509433962264151	1	0	0	1	1	0	0	2557828094	0	0	0
3235.0	46085	14.245749613601236	3	0.0009273570324574962	17757	5.489026275115919	139	0.04296754250386399	394	0.12179289026275116	5	15	33	0.0	0	0.0	5	1.0	0	0.0	0	0.0	3	0.2	12	0.8	0	0.0	0	0.0	0	0.0	24	0.7272727272727273	0	0.0	9	0.2727272727272727	1	0	1	1	1	0	0	2480413705	0	0	0
2982.0	174154	58.40174379610999	13	0.004359490274983233	106573	35.73876592890677	447	0.14989939637826963	370	0.12407780013413816	13	10	70	0.17647058823529413	1	0.07692307692307693	3	0.23076923076923078	0	0.0	9	0.6923076923076923	1	0.1	7	0.7	2	0.2	0	0.0	0	0.0	55	0.7857142857142857	0	0.0	15	0.21428571428571427	0	0	1	0	0	0	0	2977717281	0	0	0
3444.0	697	0.20238095238095238	0	0.0	802	0.23286875725900116	7	0.0020325203252032522	0	0.0	12	12	31	0.2	6	0.5	5	0.4166666666666667	0	0.0	1	0.08333333333333333	0	0.0	12	1.0	0	0.0	0	0.0	1	0.03225806451612903	27	0.8709677419354839	0	0.0	3	0.0967741935483871	1	0	1	1	1	0	0	1948867633	0	0	1
3818.0	10045	2.630958617077004	0	0.0	8289	2.171031953902567	230	0.060240963855421686	177	0.046359350445259295	17	14	38	0.6	2	0.11764705882352941	14	0.8235294117647058	0	0.0	1	0.058823529411764705	0	0.0	11	0.7857142857142857	2	0.14285714285714285	1	0.07142857142857142	4	0.10526315789473684	22	0.5789473684210527	0	0.0	12	0.3157894736842105	1	0	1	1	1	0	0	853990454	0	0	0
2998.0	7652	2.552368245496998	0	0.0	7659	2.554703135423616	457	0.1524349566377585	348	0.11607738492328219	6	13	0	0.5	1	0.16666666666666666	5	0.8333333333333334	0	0.0	0	0.0	2	0.15384615384615385	9	0.6923076923076923	2	0.15384615384615385	0	0.0	0	0	0	0	0	0	0	0	1	0	1	1	1	0	0	2948062269	0	0	0
2712.0	4884	1.8008849557522124	0	0.0	2270	0.8370206489675516	11	0.004056047197640118	173	0.0637905604719764	3	11	0	0.125	3	1.0	0	0.0	0	0.0	0	0.0	7	0.6363636363636364	0	0.0	4	0.36363636363636365	0	0.0	0	0	0	0	0	0	0	0	0	0	0	0	0	0	0	3860569152	1	0	0
3901.0	126615	32.45706229172007	2	0.0005126890540886952	19687	5.046654703922071	1069	0.2740322994104076	346	0.08869520635734426	10	14	18	0.45454545454545453	2	0.2	7	0.7	0	0.0	1	0.1	0	0.0	11	0.7857142857142857	3	0.21428571428571427	0	0.0	3	0.16666666666666666	0	0.0	6	0.3333333333333333	9	0.5	1	0	1	1	0	0	0	630922308	0	0	0
4211.0	14	0.0033246259795772976	0	0.0	2137	0.507480408454049	89	0.021135122298741392	0	0.0	14	5	0	0.15384615384615385	3	0.21428571428571427	10	0.7142857142857143	0	0.0	1	0.07142857142857142	3	0.6	0	0.0	2	0.4	0	0.0	0	0	0	0	0	0	0	0	0	0	1	1	0	0	0	367189092	1	0	1
4156.0	2015	0.4848411934552454	0	0.0	4395	1.057507218479307	146	0.03512993262752647	109	0.02622714148219442	16	14	47	0.375	2	0.125	13	0.8125	0	0.0	1	0.0625	0	0.0	14	1.0	0	0.0	0	0.0	1	0.02127659574468085	26	0.5531914893617021	6	0.1276595744680851	14	0.2978723404255319	0	0	1	1	0	0	0	400088165	0	0	0
4706.0	672	0.14279643008924778	49	0.01041223969400765	2338	0.49681257968550785	756	0.16064598385040374	1246	0.26476838079048026	18	12	100	0.4375	3	0.16666666666666666	14	0.7777777777777778	0	0.0	1	0.05555555555555555	0	0.0	8	0.6666666666666666	4	0.3333333333333333	0	0.0	11	0.11	73	0.73	0	0.0	16	0.16	1	0	1	1	1	1	0	137141362	0	0	0
4102.0	35726	8.709410043881034	0	0.0	5143	1.2537786445636274	185	0.04509995124329595	217	0.052901023890784986	5	13	24	0.5	1	0.2	4	0.8	0	0.0	0	0.0	0	0.0	12	0.9230769230769231	0	0.0	1	0.07692307692307693	2	0.08333333333333333	11	0.4583333333333333	5	0.20833333333333334	6	0.25	1	0	0	1	0	0	0	443030647	0	0	0
2893.0	48083	16.62046318700311	15	0.005184929139301763	7551	2.6100933287245076	138	0.047701348081576216	1200	0.41479433114414105	16	12	0	0.8333333333333334	3	0.1875	10	0.625	0	0.0	3	0.1875	2	0.16666666666666666	10	0.8333333333333334	0	0.0	0	0.0	0	0	0	0	0	0	0	0	0	0	0	1	1	0	0	3152501892	1	0	1
3411.0	90	0.026385224274406333	8	0.0023453532688361184	124461	36.48812664907652	35555	10.423629434183525	24216	7.09938434476693	9	13	153	0.13333333333333333	2	0.2222222222222222	2	0.2222222222222222	0	0.0	5	0.5555555555555556	2	0.15384615384615385	8	0.6153846153846154	2	0.15384615384615385	1	0.07692307692307693	0	0.0	0	0.0	0	0.0	153	1.0	1	0	1	1	0	0	0	2188582026	1	0	1
4082.0	0	0.0	4	0.0009799118079372856	285	0.0698187163155316	289	0.07079862812346889	195	0.04777070063694268	9	9	31	1.0	9	1.0	0	0.0	0	0.0	0	0.0	0	0.0	9	1.0	0	0.0	0	0.0	3	0.0967741935483871	24	0.7741935483870968	0	0.0	4	0.12903225806451613	0	0	1	1	0	0	0	460332176	1	0	1
4110.0	4097	0.9968369829683699	235	0.057177615571776155	16618	4.04330900243309	23111	5.623114355231143	2709	0.6591240875912409	4	4	75	1.0	4	1.0	0	0.0	0	0.0	0	0.0	0	0.0	4	1.0	0	0.0	0	0.0	13	0.17333333333333334	48	0.64	0	0.0	14	0.18666666666666668	1	0	1	1	0	1	1	436100252	1	0	0
4509.0	82	0.018185850521179863	3	0.0006653359946773121	668	0.14814814814814814	195	0.04324683965402528	193	0.04280328232424041	9	12	155	0.7272727272727273	2	0.2222222222222222	6	0.6666666666666666	0	0.0	1	0.1111111111111111	0	0.0	11	0.9166666666666666	0	0.0	1	0.08333333333333333	17	0.10967741935483871	104	0.6709677419354839	4	0.025806451612903226	30	0.1935483870967742	1	0	1	0	0	1	0	213490843	0	0	0
4299.0	843	0.19609211444521982	0	0.0	2473	0.5752500581530589	233	0.054198650849034656	277	0.06443358920679228	11	12	0	0.38461538461538464	2	0.18181818181818182	8	0.7272727272727273	0	0.0	1	0.09090909090909091	0	0.0	10	0.8333333333333334	2	0.16666666666666666	0	0.0	0	0	0	0	0	0	0	0	0	0	0	1	1	0	0	312384683	0	0	0
5125.0	2450	0.47804878048780486	67	0.013073170731707317	17242	3.364292682926829	1722	0.336	997	0.19453658536585366	12	11	149	0.9090909090909091	2	0.16666666666666666	9	0.75	0	0.0	1	0.08333333333333333	0	0.0	11	1.0	0	0.0	0	0.0	5	0.03355704697986577	118	0.7919463087248322	0	0.0	26	0.174496644295302	1	0	1	1	0	1	0	22633646	0	0	0
4137.0	8933	2.159294174522601	9	0.002175489485134155	7337	1.773507372492144	227	0.05487067923616147	481	0.1162678269277254	18	11	145	0.11764705882352941	3	0.16666666666666666	13	0.7222222222222222	0	0.0	2	0.1111111111111111	1	0.09090909090909091	8	0.7272727272727273	2	0.18181818181818182	0	0.0	10	0.06896551724137931	105	0.7241379310344828	0	0.0	30	0.20689655172413793	0	0	1	1	0	0	0	414145712	0	0	0
3649.0	3623	0.9928747602082763	0	0.0	1228	0.3365305563167991	602	0.16497670594683475	475	0.13017265004110715	10	7	39	0.4444444444444444	2	0.2	7	0.7	0	0.0	1	0.1	0	0.0	5	0.7142857142857143	1	0.14285714285714285	1	0.14285714285714285	5	0.1282051282051282	28	0.717948717948718	0	0.0	6	0.15384615384615385	0	0	0	1	0	0	0	1276337329	0	0	0
3353.0	6486	1.9343871160155084	6	0.001789442290486132	3033	0.9045630778407396	494	0.14733074858335818	614	0.18311959439308081	8	5	95	0.7142857142857143	2	0.25	5	0.625	1	0.125	0	0.0	2	0.4	2	0.4	1	0.2	0	0.0	9	0.09473684210526316	65	0.6842105263157895	0	0.0	21	0.22105263157894736	0	0	1	1	1	1	0	2282003642	0	0	0
3056.0	26	0.008507853403141362	56	0.01832460732984293	1139	0.3727094240837696	416	0.13612565445026178	341	0.11158376963350786	20	14	135	0.8571428571428571	3	0.15	17	0.85	0	0.0	0	0.0	3	0.21428571428571427	11	0.7857142857142857	0	0.0	0	0.0	20	0.14814814814814814	90	0.6666666666666666	0	0.0	25	0.18518518518518517	0	0	1	1	0	1	0	2855099577	0	0	0
3645.0	20062	5.5039780521262	23	0.006310013717421125	13224	3.62798353909465	758	0.20795610425240055	679	0.18628257887517147	12	7	49	0.6	2	0.16666666666666666	9	0.75	0	0.0	1	0.08333333333333333	2	0.2857142857142857	5	0.7142857142857143	0	0.0	0	0.0	2	0.04081632653061224	39	0.7959183673469388	0	0.0	8	0.16326530612244897	1	0	1	1	0	1	0	1287101636	0	0	0
2991.0	1279	0.42761618187897027	1	0.00033433634236041456	3036	1.0150451354062187	217	0.07255098629220996	119	0.03978602474088933	4	13	91	0.3	0	0.0	3	0.75	0	0.0	1	0.25	0	0.0	13	1.0	0	0.0	0	0.0	0	0.0	70	0.7692307692307693	0	0.0	21	0.23076923076923078	0	0	1	1	0	0	0	2960017537	0	0	0
4325.0	4577	1.0582658959537572	9	0.0020809248554913293	14676	3.393294797687861	364	0.08416184971098266	560	0.12947976878612716	3	8	21	0.42857142857142855	1	0.3333333333333333	2	0.6666666666666666	0	0.0	0	0.0	2	0.25	6	0.75	0	0.0	0	0.0	1	0.047619047619047616	16	0.7619047619047619	0	0.0	4	0.19047619047619047	1	0	0	1	0	0	0	297360587	0	0	0
4990.0	54610	10.943887775551103	1	0.0002004008016032064	6731	1.3488977955911823	267	0.05350701402805611	2702	0.5414829659318637	10	7	11	0.36363636363636365	2	0.2	7	0.7	0	0.0	1	0.1	0	0.0	7	1.0	0	0.0	0	0.0	0	0.0	10	0.9090909090909091	0	0.0	1	0.09090909090909091	1	0	0	1	0	0	0	57269454	0	0	0
4064.0	3676	0.9045275590551181	1	0.00024606299212598425	3520	0.8661417322834646	154	0.03789370078740158	183	0.04502952755905512	5	11	24	0.5555555555555556	1	0.2	4	0.8	0	0.0	0	0.0	2	0.18181818181818182	9	0.8181818181818182	0	0.0	0	0.0	0	0.0	21	0.875	0	0.0	3	0.125	0	0	1	1	0	0	0	476552395	0	0	0
2759.0	7825	2.836172526277637	1	0.0003624501631025734	21439	7.770569046756071	1121	0.4063066328379848	464	0.16817687567959405	11	15	119	0.05	4	0.36363636363636365	0	0.0	0	0.0	7	0.6363636363636364	2	0.13333333333333333	9	0.6	4	0.26666666666666666	0	0.0	10	0.08403361344537816	48	0.40336134453781514	3	0.025210084033613446	58	0.48739495798319327	0	0	0	1	1	0	0	3439123665	0	0	0
3500.0	17457	4.9877142857142855	1	0.00028571428571428574	9790	2.797142857142857	237	0.06771428571428571	211	0.06028571428571428	5	9	20	0.375	1	0.2	4	0.8	0	0.0	0	0.0	0	0.0	9	1.0	0	0.0	0	0.0	1	0.05	15	0.75	0	0.0	4	0.2	0	0	0	0	0	0	0	1669422294	0	0	0
5046.0	41866	8.296868806975823	68	0.013476020610384463	209094	41.43757431629013	5195	1.0295283392786365	1614	0.31985731272294887	11	10	139	0.9	2	0.18181818181818182	8	0.7272727272727273	0	0.0	1	0.09090909090909091	2	0.2	8	0.8	0	0.0	0	0.0	17	0.1223021582733813	91	0.6546762589928058	3	0.02158273381294964	28	0.2014388489208633	0	0	0	1	0	1	0	41458916	0	0	0
4751.0	90838	19.11976426015576	1	0.00021048200378867606	19187	4.038518206693328	136	0.028625552515259944	645	0.13576089244369607	14	15	39	0.7692307692307693	2	0.14285714285714285	11	0.7857142857142857	0	0.0	1	0.07142857142857142	0	0.0	14	0.9333333333333333	0	0.0	1	0.06666666666666667	5	0.1282051282051282	28	0.717948717948718	0	0.0	6	0.15384615384615385	0	0	1	1	0	1	0	122428644	0	0	0
3122.0	12506	4.005765534913517	2	0.0006406149903907751	3034	0.9718129404228059	162	0.051889814221652786	449	0.143818065342729	5	14	110	0.5555555555555556	1	0.2	4	0.8	0	0.0	0	0.0	0	0.0	14	1.0	0	0.0	0	0.0	0	0.0	80	0.7272727272727273	4	0.03636363636363636	26	0.23636363636363636	1	0	1	0	0	0	0	2771573990	0	0	0
3584.0	38	0.010602678571428572	23	0.006417410714285714	26581	7.416573660714286	8095	2.2586495535714284	5677	1.583984375	17	11	84	0.5384615384615384	3	0.17647058823529413	12	0.7058823529411765	0	0.0	2	0.11764705882352941	3	0.2727272727272727	8	0.7272727272727273	0	0.0	0	0.0	11	0.13095238095238096	55	0.6547619047619048	0	0.0	18	0.21428571428571427	0	0	0	1	0	0	0	1449155815	1	0	1
3920.0	1425	0.3635204081632653	1	0.00025510204081632655	2494	0.6362244897959184	240	0.061224489795918366	107	0.02729591836734694	11	9	2	0.21428571428571427	2	0.18181818181818182	8	0.7272727272727273	0	0.0	1	0.09090909090909091	0	0.0	7	0.7777777777777778	2	0.2222222222222222	0	0.0	0	0.0	0	0.0	0	0.0	2	1.0	1	0	1	0	0	0	0	613080314	0	0	0
3104.0	348	0.11211340206185567	1	0.00032216494845360824	5165	1.6639819587628866	171	0.05509020618556701	136	0.04381443298969072	7	9	26	0.4	1	0.14285714285714285	5	0.7142857142857143	0	0.0	1	0.14285714285714285	0	0.0	6	0.6666666666666666	2	0.2222222222222222	1	0.1111111111111111	0	0.0	19	0.7307692307692307	0	0.0	7	0.2692307692307692	1	0	0	1	1	0	0	2769935615	0	0	0
2830.0	0	0.0	0	0.0	2708	0.9568904593639576	9	0.0031802120141342758	82	0.028975265017667843	10	9	17	0.36363636363636365	2	0.2	7	0.7	0	0.0	1	0.1	0	0.0	5	0.5555555555555556	4	0.4444444444444444	0	0.0	2	0.11764705882352941	13	0.7647058823529411	0	0.0	2	0.11764705882352941	0	0	1	1	1	1	0	3246120194	0	0	1
2735.0	104	0.038025594149908595	0	0.0	435	0.1590493601462523	141	0.051553930530164535	858	0.3137111517367459	16	12	24	0.42857142857142855	0	0.0	14	0.875	2	0.125	0	0.0	0	0.0	12	1.0	0	0.0	0	0.0	2	0.08333333333333333	19	0.7916666666666666	2	0.08333333333333333	1	0.041666666666666664	0	0	1	1	1	0	0	3692158217	1	0	1
3352.0	0	0.0	9	0.0026849642004773268	1910	0.5698090692124105	343	0.10232696897374702	0	0.0	15	14	160	0.9090909090909091	2	0.13333333333333333	12	0.8	0	0.0	1	0.06666666666666667	2	0.14285714285714285	12	0.8571428571428571	0	0.0	0	0.0	9	0.05625	116	0.725	3	0.01875	32	0.2	0	0	0	1	1	0	0	2283543823	0	0	0
2944.0	219	0.07438858695652174	18	0.006114130434782609	5361	1.820991847826087	175	0.059442934782608696	0	0.0	3	7	0	0.42857142857142855	3	1.0	0	0.0	0	0.0	0	0.0	0	0.0	5	0.7142857142857143	2	0.2857142857142857	0	0.0	0	0	0	0	0	0	0	0	0	0	0	1	1	0	0	3034488080	1	0	1
4631.0	754	0.1628158065212697	9	0.0019434247462751025	6332	1.3673072770459944	133	0.028719499028287628	412	0.0889656661628158	14	12	41	0.5	2	0.14285714285714285	11	0.7857142857142857	0	0.0	1	0.07142857142857142	0	0.0	12	1.0	0	0.0	0	0.0	1	0.024390243902439025	27	0.6585365853658537	0	0.0	13	0.3170731707317073	1	0	1	1	0	1	0	164928789	0	0	0
2659.0	0	0.0	1	0.000376081233546446	2771	1.042121098157202	8	0.003008649868371568	56	0.021060549078600978	10	12	0	0.6363636363636364	2	0.2	7	0.7	0	0.0	1	0.1	2	0.16666666666666666	7	0.5833333333333334	2	0.16666666666666666	1	0.08333333333333333	0	0	0	0	0	0	0	0	0	0	1	1	1	0	0	4358872343	1	0	1
4207.0	22567	5.364154979795579	3	0.0007130972189208462	68715	16.33349179938198	764	0.18160209175184217	458	0.10886617542191586	1	13	12	0.0	0	0.0	0	0.0	0	0.0	1	1.0	0	0.0	12	0.9230769230769231	0	0.0	1	0.07692307692307693	1	0.08333333333333333	8	0.6666666666666666	0	0.0	3	0.25	1	0	1	1	0	0	0	369679642	0	0	0
4493.0	485	0.10794569330068997	10	0.00222568439795237	5360	1.1929668373024704	3058	0.6806142888938349	20	0.00445136879590474	20	12	0	0.4	5	0.25	13	0.65	0	0.0	2	0.1	2	0.16666666666666666	9	0.75	1	0.08333333333333333	0	0.0	0	0	0	0	0	0	0	0	1	0	1	1	1	1	0	219487526	0	0	0
4201.0	57438	13.672458938348012	3	0.0007141156867412521	16879	4.0178528921685315	2127	0.5063080218995477	332	0.07902880266603189	6	11	1	0.23076923076923078	1	0.16666666666666666	5	0.8333333333333334	0	0.0	0	0.0	0	0.0	10	0.9090909090909091	0	0.0	1	0.09090909090909091	0	0.0	0	0.0	0	0.0	1	1.0	1	0	0	1	0	0	0	372612403	0	0	0
2772.0	128	0.046176046176046176	15	0.005411255411255411	1408	0.5079365079365079	148	0.05339105339105339	368	0.13275613275613277	10	9	158	0.875	2	0.2	7	0.7	0	0.0	1	0.1	2	0.2222222222222222	7	0.7777777777777778	0	0.0	0	0.0	6	0.0379746835443038	124	0.7848101265822784	0	0.0	28	0.17721518987341772	1	0	0	0	0	1	0	3418250561	0	0	0
3352.0	1707	0.5092482100238663	34	0.010143198090692125	257	0.07667064439140811	1569	0.46807875894988066	670	0.19988066825775655	35	8	147	0.2777777777777778	7	0.2	22	0.6285714285714286	0	0.0	6	0.17142857142857143	7	0.875	0	0.0	0	0.0	1	0.125	1	0.006802721088435374	122	0.8299319727891157	0	0.0	24	0.16326530612244897	1	0	1	0	0	1	0	2284100936	1	0	0
3377.0	151607	44.89398874740894	2	0.0005922416345869114	9636	2.8534201954397393	151	0.04471424341131182	124	0.03671898134438851	13	10	10	0.46153846153846156	2	0.15384615384615385	10	0.7692307692307693	0	0.0	1	0.07692307692307693	1	0.1	5	0.5	4	0.4	0	0.0	7	0.7	0	0.0	0	0.0	3	0.3	1	0	1	1	1	0	0	2227215693	0	0	0
3065.0	102	0.033278955954323	0	0.0	4412	1.4394779771615007	42	0.013703099510603589	113	0.03686786296900489	17	12	85	0.1111111111111111	2	0.11764705882352941	14	0.8235294117647058	0	0.0	1	0.058823529411764705	4	0.3333333333333333	8	0.6666666666666666	0	0.0	0	0.0	7	0.08235294117647059	58	0.6823529411764706	0	0.0	20	0.23529411764705882	0	0	1	1	1	1	0	2874039644	1	0	1
2880.0	50	0.017361111111111112	359	0.12465277777777778	11163	3.8760416666666666	234	0.08125	481	0.16701388888888888	14	12	0	0.17647058823529413	2	0.14285714285714285	11	0.7857142857142857	0	0.0	1	0.07142857142857142	0	0.0	8	0.6666666666666666	4	0.3333333333333333	0	0.0	0	0	0	0	0	0	0	0	0	0	0	1	1	0	0	3177061729	1	0	1
4226.0	3065	0.7252721249408424	3	0.000709891150023663	42420	10.037860861334595	917	0.21699006152389966	397	0.09394226218646475	5	9	20	0.6666666666666666	0	0.0	5	1.0	0	0.0	0	0.0	0	0.0	9	1.0	0	0.0	0	0.0	2	0.1	11	0.55	0	0.0	7	0.35	1	0	1	1	0	0	0	357916018	0	0	0
4893.0	9330	1.9068056407112202	3	0.0006131207847946045	37583	7.680972818311874	277	0.05661148579603515	279	0.05702023298589822	6	12	0	0.5555555555555556	1	0.16666666666666666	5	0.8333333333333334	0	0.0	0	0.0	1	0.08333333333333333	11	0.9166666666666666	0	0.0	0	0.0	0	0	0	0	0	0	0	0	1	0	1	1	0	0	0	83991923	0	0	0
4267.0	1548	0.36278415748769627	5	0.0011717834544176236	50	0.011717834544176237	31	0.0072650574173892665	10	0.002343566908835247	17	8	0	0.25	3	0.17647058823529413	12	0.7058823529411765	0	0.0	2	0.11764705882352941	3	0.375	5	0.625	0	0.0	0	0.0	0	0	0	0	0	0	0	0	1	0	1	1	0	0	0	331930998	0	0	0
2762.0	46	0.0166545981173063	0	0.0	1260	0.4561911658218682	167	0.06046343229543809	86	0.031136857349746562	18	12	133	0.75	0	0.0	16	0.8888888888888888	0	0.0	2	0.1111111111111111	2	0.16666666666666666	10	0.8333333333333334	0	0.0	0	0.0	2	0.015037593984962405	113	0.849624060150376	0	0.0	18	0.13533834586466165	0	0	0	0	0	1	0	3435945359	1	0	1
4982.0	2701	0.5421517462866319	0	0.0	3334	0.6692091529506222	291	0.05841027699718988	606	0.1216378964271377	13	9	105	0.3076923076923077	2	0.15384615384615385	10	0.7692307692307693	0	0.0	1	0.07692307692307693	0	0.0	7	0.7777777777777778	2	0.2222222222222222	0	0.0	8	0.0761904761904762	56	0.5333333333333333	9	0.08571428571428572	32	0.3047619047619048	1	0	1	1	0	0	0	59858324	0	0	0
5312.0	10746	2.0229668674698793	113	0.021272590361445784	4977	0.9369352409638554	3232	0.608433734939759	2953	0.5559111445783133	15	9	135	0.5	2	0.13333333333333333	12	0.8	0	0.0	1	0.06666666666666667	4	0.4444444444444444	5	0.5555555555555556	0	0.0	0	0.0	12	0.08888888888888889	91	0.674074074074074	0	0.0	32	0.23703703703703705	1	0	1	1	0	1	0	16031124	0	0	0
3691.0	36786	9.96640476835546	78	0.02113248442156597	37083	10.046870766729883	1598	0.4329450013546464	1776	0.4811704145218098	2	7	21	0.0	1	0.5	0	0.0	0	0.0	1	0.5	1	0.14285714285714285	3	0.42857142857142855	0	0.0	3	0.42857142857142855	1	0.047619047619047616	16	0.7619047619047619	0	0.0	4	0.19047619047619047	0	0	0	0	0	0	0	1148460439	0	0	0
3379.0	1141	0.33767386800828647	1	0.0002959455460195324	1850	0.5474992601361349	33	0.00976620301864457	130	0.03847292098253921	12	12	87	0.8181818181818182	2	0.16666666666666666	9	0.75	0	0.0	1	0.08333333333333333	3	0.25	9	0.75	0	0.0	0	0.0	3	0.034482758620689655	60	0.6896551724137931	2	0.022988505747126436	22	0.25287356321839083	1	0	1	1	0	1	0	2223496619	0	0	0
3126.0	251	0.08029430582213691	301	0.09628918746001279	8446	2.7018554062699938	185	0.05918106206014075	167	0.053422904670505436	12	12	70	0.9090909090909091	2	0.16666666666666666	9	0.75	0	0.0	1	0.08333333333333333	2	0.16666666666666666	10	0.8333333333333334	0	0.0	0	0.0	5	0.07142857142857142	51	0.7285714285714285	0	0.0	14	0.2	0	0	1	1	1	0	0	2758991280	1	0	0
2793.0	0	0.0	0	0.0	6749	2.4163981382026494	0	0.0	12	0.004296455424274973	11	15	0	0.26666666666666666	2	0.18181818181818182	8	0.7272727272727273	0	0.0	1	0.09090909090909091	3	0.2	11	0.7333333333333333	1	0.06666666666666667	0	0.0	0	0	0	0	0	0	0	0	1	0	0	1	1	0	0	3387153855	1	0	1
5076.0	33728	6.644602048857368	568	0.11189913317572892	75697	14.912726556343578	13780	2.714736012608353	5366	1.0571315996847912	14	14	153	0.2857142857142857	2	0.14285714285714285	11	0.7857142857142857	0	0.0	1	0.07142857142857142	0	0.0	14	1.0	0	0.0	0	0.0	11	0.0718954248366013	113	0.738562091503268	0	0.0	29	0.1895424836601307	1	0	1	1	0	1	1	34053569	0	0	0
3728.0	7262	1.9479613733905579	17	0.0045600858369098714	8410	2.255901287553648	2256	0.6051502145922747	886	0.23766094420600858	18	15	125	0.35714285714285715	0	0.0	16	0.8888888888888888	0	0.0	2	0.1111111111111111	0	0.0	15	1.0	0	0.0	0	0.0	7	0.056	95	0.76	0	0.0	23	0.184	0	0	1	1	1	0	0	1045929434	0	0	0
3948.0	15022	3.8049645390070923	3	0.0007598784194528875	13404	3.3951367781155017	310	0.07852077001013172	266	0.0673758865248227	16	11	70	0.35714285714285715	2	0.125	13	0.8125	0	0.0	1	0.0625	1	0.09090909090909091	8	0.7272727272727273	1	0.09090909090909091	1	0.09090909090909091	2	0.02857142857142857	53	0.7571428571428571	0	0.0	15	0.21428571428571427	1	0	1	1	0	0	0	587931107	0	0	0
4248.0	26	0.006120527306967985	7	0.001647834274952919	3790	0.8921845574387948	86	0.02024482109227872	68	0.0160075329566855	29	15	151	0.6	2	0.06896551724137931	23	0.7931034482758621	0	0.0	4	0.13793103448275862	0	0.0	15	1.0	0	0.0	0	0.0	29	0.19205298013245034	91	0.6026490066225165	0	0.0	31	0.2052980132450331	0	0	1	0	0	1	0	343743987	0	0	1
3782.0	9	0.002379693283976732	0	0.0	11408	3.0163934426229506	70	0.01850872554204125	344	0.09095716552088842	12	15	11	0.6666666666666666	0	0.0	10	0.8333333333333334	2	0.16666666666666666	0	0.0	2	0.13333333333333333	13	0.8666666666666667	0	0.0	0	0.0	0	0.0	9	0.8181818181818182	0	0.0	2	0.18181818181818182	1	0	0	1	1	0	0	927653365	0	0	0
3577.0	0	0.0	0	0.0	2129	0.5951915012580374	25	0.00698909700866648	24	0.006709533128319821	9	11	0	0.38461538461538464	2	0.2222222222222222	6	0.6666666666666666	0	0.0	1	0.1111111111111111	0	0.0	7	0.6363636363636364	4	0.36363636363636365	0	0.0	0	0	0	0	0	0	0	0	0	0	0	1	1	1	0	1466703355	0	0	0
5228.0	1295	0.24770466717674064	20	0.0038255547054322878	14366	2.7478959449120124	625	0.11954858454475899	1297	0.24808722264728386	16	12	159	0.3333333333333333	2	0.125	13	0.8125	0	0.0	1	0.0625	0	0.0	10	0.8333333333333334	2	0.16666666666666666	0	0.0	13	0.08176100628930817	118	0.7421383647798742	0	0.0	28	0.1761006289308176	0	0	1	1	0	0	0	17522173	0	0	0
3474.0	33868	9.748992515831894	9	0.0025906735751295338	40507	11.660046056419114	2556	0.7357512953367875	590	0.16983304548071387	5	15	75	0.0625	0	0.0	5	1.0	0	0.0	0	0.0	0	0.0	15	1.0	0	0.0	0	0.0	10	0.13333333333333333	47	0.6266666666666667	0	0.0	18	0.24	1	0	0	0	0	0	0	1838636550	0	0	0
3050.0	0	0.0	0	0.0	1306	0.4281967213114754	12	0.003934426229508197	43	0.014098360655737704	11	8	0	0.4444444444444444	1	0.09090909090909091	10	0.9090909090909091	0	0.0	0	0.0	2	0.25	6	0.75	0	0.0	0	0.0	0	0	0	0	0	0	0	0	0	0	0	1	1	0	0	2866224657	1	0	1
3376.0	2207	0.6537322274881516	10	0.002962085308056872	822	0.24348341232227488	1664	0.4928909952606635	362	0.10722748815165876	14	12	30	0.5	3	0.21428571428571427	8	0.5714285714285714	0	0.0	3	0.21428571428571427	2	0.16666666666666666	8	0.6666666666666666	2	0.16666666666666666	0	0.0	3	0.1	18	0.6	2	0.06666666666666667	7	0.23333333333333334	0	0	0	1	1	0	0	2248842775	0	0	0
3475.0	9351	2.690935251798561	2	0.0005755395683453237	5593	1.609496402877698	105	0.030215827338129497	222	0.06388489208633094	6	12	21	0.5	1	0.16666666666666666	4	0.6666666666666666	0	0.0	1	0.16666666666666666	3	0.25	9	0.75	0	0.0	0	0.0	1	0.047619047619047616	16	0.7619047619047619	0	0.0	4	0.19047619047619047	1	0	0	1	0	0	0	1832476196	0	0	0
4265.0	1012	0.2372801875732708	13	0.0030480656506447833	14651	3.4351699882766704	1881	0.441031652989449	621	0.14560375146541618	13	14	94	0.4166666666666667	2	0.15384615384615385	10	0.7692307692307693	0	0.0	1	0.07692307692307693	13	0.9285714285714286	0	0.0	1	0.07142857142857142	0	0.0	15	0.1595744680851064	59	0.6276595744680851	0	0.0	20	0.2127659574468085	1	0	1	1	0	0	0	333143589	0	0	0
3890.0	8849	2.2748071979434448	0	0.0	17127	4.402827763496144	491	0.12622107969151672	299	0.07686375321336761	1	10	0	0.0	0	0.0	0	0.0	0	0.0	1	1.0	1	0.1	8	0.8	0	0.0	1	0.1	0	0	0	0	0	0	0	0	0	0	1	1	0	1	0	706305578	0	0	0
3761.0	22317	5.933794203669237	5	0.0013294336612603031	49869	13.259505450678011	563	0.14969423025791012	586	0.15580962509970753	4	9	76	0.0	0	0.0	4	1.0	0	0.0	0	0.0	0	0.0	8	0.8888888888888888	1	0.1111111111111111	0	0.0	0	0.0	53	0.6973684210526315	0	0.0	23	0.3026315789473684	0	0	0	0	0	0	0	971005488	0	0	0
4328.0	330	0.07624768946395563	1	0.0002310536044362292	8016	1.8521256931608132	123	0.02841959334565619	129	0.029805914972273567	20	11	22	0.0	8	0.4	2	0.1	0	0.0	10	0.5	1	0.09090909090909091	10	0.9090909090909091	0	0.0	0	0.0	2	0.09090909090909091	16	0.7272727272727273	0	0.0	4	0.18181818181818182	1	0	0	1	0	1	0	295722548	0	0	0
4312.0	27	0.006261595547309833	91	0.021103896103896104	18961	4.397263450834879	6704	1.5547309833024119	296	0.0686456400742115	25	12	82	0.5	3	0.12	18	0.72	0	0.0	4	0.16	2	0.16666666666666666	10	0.8333333333333334	0	0.0	0	0.0	5	0.06097560975609756	64	0.7804878048780488	0	0.0	13	0.15853658536585366	0	0	1	1	1	1	1	304913975	1	0	0
3605.0	43483	12.061858529819695	83	0.02302357836338419	8953	2.483495145631068	563	0.15617198335644938	5000	1.3869625520110958	16	11	37	0.5	2	0.125	7	0.4375	0	0.0	7	0.4375	0	0.0	11	1.0	0	0.0	0	0.0	2	0.05405405405405406	28	0.7567567567567568	0	0.0	7	0.1891891891891892	1	0	1	1	1	0	0	1394548280	1	0	0
3957.0	0	0.0	3	0.000758150113722517	4653	1.1758908263836239	240	0.060652009097801364	64	0.01617386909274703	14	14	113	1.0	2	0.14285714285714285	12	0.8571428571428571	0	0.0	0	0.0	2	0.14285714285714285	12	0.8571428571428571	0	0.0	0	0.0	4	0.035398230088495575	89	0.7876106194690266	3	0.02654867256637168	17	0.1504424778761062	0	0	0	0	0	1	0	580001344	1	0	0
2863.0	5666	1.9790429619280474	1	0.00034928396786587494	5670	1.980440097799511	34	0.011875654907439748	0	0.0	15	12	0	0.29411764705882354	2	0.13333333333333333	12	0.8	0	0.0	1	0.06666666666666667	0	0.0	12	1.0	0	0.0	0	0.0	0	0	0	0	0	0	0	0	0	0	0	1	1	0	0	3252788801	1	0	1
4436.0	4823	1.0872407574391343	29	0.006537421100090171	22897	5.161632100991884	257	0.05793507664562669	282	0.06357078449053201	12	11	115	0.26666666666666666	2	0.16666666666666666	9	0.75	0	0.0	1	0.08333333333333333	2	0.18181818181818182	6	0.5454545454545454	2	0.18181818181818182	1	0.09090909090909091	17	0.14782608695652175	77	0.6695652173913044	0	0.0	21	0.1826086956521739	0	0	1	0	0	1	0	241278533	0	0	0
2736.0	3613	1.3205409356725146	2	0.0007309941520467836	6355	2.322733918128655	1819	0.6648391812865497	1866	0.6820175438596491	11	15	117	0.2777777777777778	5	0.45454545454545453	0	0.0	0	0.0	6	0.5454545454545454	2	0.13333333333333333	13	0.8666666666666667	0	0.0	0	0.0	2	0.017094017094017096	79	0.6752136752136753	5	0.042735042735042736	31	0.26495726495726496	0	0	1	1	1	0	0	3679821383	1	0	0
4288.0	4503	1.0501399253731343	3	0.0006996268656716418	11042	2.5750932835820897	454	0.10587686567164178	637	0.14855410447761194	11	7	81	0.45454545454545453	1	0.09090909090909091	6	0.5454545454545454	0	0.0	4	0.36363636363636365	0	0.0	6	0.8571428571428571	1	0.14285714285714285	0	0.0	6	0.07407407407407407	56	0.691358024691358	0	0.0	19	0.2345679012345679	0	0	1	1	0	0	0	319512145	0	0	0
2850.0	553	0.19403508771929825	5	0.0017543859649122807	603	0.21157894736842106	3	0.0010526315789473684	272	0.09543859649122807	12	15	80	0.8333333333333334	2	0.16666666666666666	9	0.75	0	0.0	1	0.08333333333333333	3	0.2	12	0.8	0	0.0	0	0.0	10	0.125	53	0.6625	0	0.0	17	0.2125	0	0	1	1	1	1	0	3299614305	1	0	1
3469.0	373	0.10752378206976074	1	0.0002882675122513693	1643	0.4736235226289997	438	0.12626117036609974	35	0.010089362928797925	14	15	138	0.9090909090909091	4	0.2857142857142857	10	0.7142857142857143	0	0.0	0	0.0	4	0.26666666666666666	10	0.6666666666666666	1	0.06666666666666667	0	0.0	5	0.036231884057971016	105	0.7608695652173914	2	0.014492753623188406	26	0.18840579710144928	0	0	1	1	1	1	0	1864506978	1	0	1
4010.0	5	0.0012468827930174563	2	0.0004987531172069825	3070	0.7655860349127181	191	0.04763092269326683	81	0.020199501246882794	17	14	0	0.8333333333333334	4	0.23529411764705882	10	0.5882352941176471	0	0.0	3	0.17647058823529413	4	0.2857142857142857	10	0.7142857142857143	0	0.0	0	0.0	0	0	0	0	0	0	0	0	0	0	1	1	1	1	0	533388903	1	0	0
3047.0	39130	12.842139809648835	123	0.04036757466360354	52021	17.072858549392844	2337	0.7669839186084674	2839	0.9317361339021989	16	14	92	0.8333333333333334	4	0.25	10	0.625	0	0.0	2	0.125	4	0.2857142857142857	10	0.7142857142857143	0	0.0	0	0.0	12	0.13043478260869565	55	0.5978260869565217	1	0.010869565217391304	24	0.2608695652173913	1	0	1	0	0	1	0	2871008877	1	0	1
5071.0	5901	1.1636758035890358	5	0.0009859988168014198	18183	3.585683297180043	380	0.0749359100769079	658	0.12975744429106684	19	12	68	0.5714285714285714	3	0.15789473684210525	14	0.7368421052631579	0	0.0	2	0.10526315789473684	0	0.0	11	0.9166666666666666	0	0.0	1	0.08333333333333333	1	0.014705882352941176	52	0.7647058823529411	0	0.0	15	0.22058823529411764	1	0	1	1	0	1	0	35528306	0	0	0
4708.0	7729	1.6416737468139337	1	0.00021240441801189465	82886	17.6053525913339	195	0.04141886151231946	194	0.041206457094307564	15	9	22	0.0	0	0.0	0	0.0	0	0.0	15	1.0	0	0.0	8	0.8888888888888888	0	0.0	1	0.1111111111111111	0	0.0	0	0.0	0	0.0	22	1.0	1	0	0	1	0	1	0	136633988	0	0	0
3589.0	1005	0.28002229033156867	10	0.0027862914460852605	1425	0.3970465310671496	191	0.05321816662022848	188	0.0523822791864029	12	12	86	0.7	4	0.3333333333333333	7	0.5833333333333334	0	0.0	1	0.08333333333333333	2	0.16666666666666666	10	0.8333333333333334	0	0.0	0	0.0	10	0.11627906976744186	62	0.7209302325581395	0	0.0	14	0.16279069767441862	0	0	1	1	0	0	0	1434623629	0	0	0
3413.0	9	0.002636976267213595	11	0.0032229709932610606	1162	0.3404629358335775	389	0.11397597421623205	2168	0.6352182830354527	11	11	117	0.8	2	0.18181818181818182	8	0.7272727272727273	0	0.0	1	0.09090909090909091	2	0.18181818181818182	8	0.7272727272727273	1	0.09090909090909091	0	0.0	8	0.06837606837606838	95	0.811965811965812	0	0.0	14	0.11965811965811966	1	0	1	0	0	1	0	2185043622	0	0	1
4441.0	289	0.06507543346093222	0	0.0	528	0.11889214140959244	9	0.002026570592208962	36	0.008106282368835848	3	10	0	0.0	0	0.0	0	0.0	0	0.0	3	1.0	1	0.1	9	0.9	0	0.0	0	0.0	0	0	0	0	0	0	0	0	0	0	0	1	1	0	0	238968490	1	0	1
3170.0	4402	1.3886435331230285	27	0.008517350157728707	3335	1.0520504731861198	90	0.028391167192429023	376	0.11861198738170348	16	14	105	0.75	2	0.125	11	0.6875	0	0.0	3	0.1875	0	0.0	13	0.9285714285714286	0	0.0	1	0.07142857142857142	4	0.0380952380952381	82	0.780952380952381	0	0.0	19	0.18095238095238095	1	0	1	1	1	0	0	2615353014	0	0	0
4243.0	2	0.0004713646005185011	23	0.005420692905962762	5424	1.2783407966061748	935	0.22036295074239926	180	0.0424228140466651	17	14	112	0.35294117647058826	4	0.23529411764705882	9	0.5294117647058824	0	0.0	4	0.23529411764705882	0	0.0	14	1.0	0	0.0	0	0.0	8	0.07142857142857142	83	0.7410714285714286	0	0.0	21	0.1875	0	0	1	1	0	1	0	347397831	1	0	1
2690.0	36064	13.406691449814126	1	0.0003717472118959108	94	0.03494423791821561	349	0.12973977695167285	0	0.0	20	13	0	0.7142857142857143	3	0.15	16	0.8	0	0.0	1	0.05	0	0.0	13	1.0	0	0.0	0	0.0	0	0	0	0	0	0	0	0	0	0	0	1	1	1	0	4104904392	1	0	1
3056.0	939	0.30726439790575916	12	0.003926701570680628	3236	1.0589005235602094	1806	0.5909685863874345	1346	0.44044502617801046	24	15	158	0.6	3	0.125	19	0.7916666666666666	0	0.0	2	0.08333333333333333	4	0.26666666666666666	10	0.6666666666666666	0	0.0	1	0.06666666666666667	7	0.04430379746835443	120	0.759493670886076	0	0.0	31	0.1962025316455696	1	0	1	1	1	1	0	2855378633	0	0	0
4743.0	29	0.00611427366645583	18	0.003795066413662239	2194	0.4625764284208307	483	0.10183428209993675	13	0.0027408812987560617	32	13	117	0.5789473684210527	4	0.125	22	0.6875	0	0.0	6	0.1875	0	0.0	12	0.9230769230769231	0	0.0	1	0.07692307692307693	11	0.09401709401709402	80	0.6837606837606838	0	0.0	26	0.2222222222222222	1	0	1	1	0	1	0	124640990	1	0	1
4751.0	15192	3.197642601557567	9	0.0018943380340980846	7299	1.5363081456535466	431	0.09071774363291939	3421	0.7200589349610609	14	8	9	0.17647058823529413	3	0.21428571428571427	7	0.5	0	0.0	4	0.2857142857142857	0	0.0	6	0.75	2	0.25	0	0.0	0	0.0	9	1.0	0	0.0	0	0.0	0	0	1	0	0	1	0	122203009	0	0	0
4853.0	268	0.05522357304759942	0	0.0	12904	2.658973830620235	501	0.10323511230166907	369	0.07603544199464249	10	11	23	0.14285714285714285	1	0.1	9	0.9	0	0.0	0	0.0	0	0.0	11	1.0	0	0.0	0	0.0	1	0.043478260869565216	14	0.6086956521739131	3	0.13043478260869565	5	0.21739130434782608	1	0	1	1	0	0	0	93576951	0	0	0
4184.0	2267	0.5418260038240917	4	0.0009560229445506692	7893	1.886472275334608	374	0.08938814531548757	297	0.07098470363288718	13	15	31	0.2777777777777778	1	0.07692307692307693	7	0.5384615384615384	2	0.15384615384615385	3	0.23076923076923078	0	0.0	14	0.9333333333333333	0	0.0	1	0.06666666666666667	1	0.03225806451612903	19	0.6129032258064516	0	0.0	11	0.3548387096774194	0	0	1	1	0	1	0	382525185	0	0	0
3298.0	2442	0.7404487568223166	70	0.021224984839296544	5850	1.7738023044269253	1220	0.3699211643420255	750	0.22741055184960582	16	14	113	0.9	3	0.1875	12	0.75	0	0.0	1	0.0625	3	0.21428571428571427	11	0.7857142857142857	0	0.0	0	0.0	15	0.13274336283185842	73	0.6460176991150443	0	0.0	25	0.22123893805309736	1	0	1	0	0	1	0	2381471500	1	0	0
4488.0	2915	0.6495098039215687	28	0.006238859180035651	5482	1.2214795008912656	977	0.2176916221033868	463	0.10316399286987522	12	13	71	0.75	2	0.16666666666666666	9	0.75	0	0.0	1	0.08333333333333333	2	0.15384615384615385	9	0.6923076923076923	2	0.15384615384615385	0	0.0	2	0.028169014084507043	57	0.8028169014084507	0	0.0	12	0.16901408450704225	1	0	1	1	0	0	0	221404952	0	0	0
3044.0	183	0.06011826544021025	2	0.000657030223390276	2674	0.878449408672799	191	0.06274638633377136	937	0.30781865965834426	13	8	141	0.4166666666666667	2	0.15384615384615385	10	0.7692307692307693	0	0.0	1	0.07692307692307693	0	0.0	6	0.75	2	0.25	0	0.0	1	0.0070921985815602835	114	0.8085106382978723	0	0.0	26	0.18439716312056736	1	0	1	1	0	1	0	2898091814	0	0	0
5073.0	0	0.0	63	0.012418687167356593	106075	20.909718115513503	490	0.09658978907944017	0	0.0	10	10	123	0.7777777777777778	7	0.7	2	0.2	0	0.0	1	0.1	0	0.0	9	0.9	0	0.0	1	0.1	12	0.0975609756097561	90	0.7317073170731707	0	0.0	21	0.17073170731707318	1	0	1	1	1	1	0	34938685	1	0	0
3271.0	2965	0.9064506267196576	1	0.0003057169061449098	2975	0.9095077957811067	173	0.0528890247630694	135	0.04127178232956282	9	7	28	0.2727272727272727	0	0.0	9	1.0	0	0.0	0	0.0	0	0.0	4	0.5714285714285714	2	0.2857142857142857	1	0.14285714285714285	6	0.21428571428571427	14	0.5	2	0.07142857142857142	6	0.21428571428571427	1	0	0	1	1	0	0	2419662654	0	0	0
4014.0	4281	1.0665171898355754	11	0.0027404085700049826	9158	2.2815146985550574	508	0.12655705032386647	553	0.13776781265570504	35	12	87	0.47058823529411764	30	0.8571428571428571	0	0.0	0	0.0	5	0.14285714285714285	2	0.16666666666666666	10	0.8333333333333334	0	0.0	0	0.0	6	0.06896551724137931	61	0.7011494252873564	0	0.0	20	0.22988505747126436	1	0	1	1	0	1	0	528899905	0	0	0
4321.0	270	0.06248553575561213	26	0.006017125665355242	3818	0.8835917611663967	1456	0.33695903725989357	1558	0.3605646841009026	16	14	75	0.35294117647058826	3	0.1875	11	0.6875	0	0.0	2	0.125	5	0.35714285714285715	8	0.5714285714285714	0	0.0	1	0.07142857142857142	8	0.10666666666666667	47	0.6266666666666667	0	0.0	20	0.26666666666666666	1	0	1	1	0	1	0	299441986	0	0	1
4424.0	241	0.0544755877034358	15	0.0033905967450271247	7264	1.6419529837251357	1542	0.3485533453887884	3880	0.8770343580470162	12	13	98	0.7692307692307693	2	0.16666666666666666	9	0.75	0	0.0	1	0.08333333333333333	0	0.0	11	0.8461538461538461	2	0.15384615384615385	0	0.0	6	0.061224489795918366	75	0.7653061224489796	0	0.0	17	0.17346938775510204	1	0	1	1	0	1	0	246456146	0	0	1
3732.0	17976	4.816720257234727	0	0.0	2881	0.7719721329046088	15	0.0040192926045016075	146	0.03912111468381565	13	12	0	0.3333333333333333	2	0.15384615384615385	10	0.7692307692307693	0	0.0	1	0.07692307692307693	0	0.0	9	0.75	3	0.25	0	0.0	0	0	0	0	0	0	0	0	0	0	0	1	1	0	0	1035280226	1	0	0
3199.0	13854	4.3307283526101905	1	0.00031259768677711783	8876	2.774617067833698	824	0.2575804939043451	454	0.1419193497968115	4	10	133	0.375	1	0.25	3	0.75	0	0.0	0	0.0	2	0.2	8	0.8	0	0.0	0	0.0	18	0.13533834586466165	81	0.6090225563909775	0	0.0	34	0.2556390977443609	1	0	1	0	0	0	0	2561662830	0	0	0
2946.0	511	0.17345553292600135	0	0.0	418	0.14188730482009504	7	0.0023761031907671417	117	0.03971486761710794	12	8	124	0.0625	5	0.4166666666666667	6	0.5	0	0.0	1	0.08333333333333333	0	0.0	7	0.875	1	0.125	0	0.0	3	0.024193548387096774	94	0.7580645161290323	0	0.0	27	0.21774193548387097	0	0	1	1	1	0	0	3031785331	0	0	1
2704.0	37	0.013683431952662722	2	0.0007396449704142012	1567	0.5795118343195266	8794	3.2522189349112427	216	0.07988165680473373	3	7	37	0.0	0	0.0	0	0.0	0	0.0	3	1.0	2	0.2857142857142857	5	0.7142857142857143	0	0.0	0	0.0	0	0.0	0	0.0	0	0.0	37	1.0	0	0	1	1	1	0	0	3943702392	0	0	0
2951.0	0	0.0	0	0.0	383	0.12978651304642494	24	0.008132836326668925	0	0.0	12	13	74	0.0	2	0.16666666666666666	9	0.75	0	0.0	1	0.08333333333333333	0	0.0	9	0.6923076923076923	4	0.3076923076923077	0	0.0	3	0.04054054054054054	55	0.7432432432432432	0	0.0	16	0.21621621621621623	0	0	1	1	1	0	0	3019448191	0	0	0
3145.0	31453	10.000953895071541	2	0.0006359300476947536	26077	8.291573926868045	382	0.12146263910969793	469	0.1491255961844197	15	13	149	0.375	3	0.2	8	0.5333333333333333	1	0.06666666666666667	3	0.2	0	0.0	13	1.0	0	0.0	0	0.0	28	0.18791946308724833	82	0.5503355704697986	1	0.006711409395973154	38	0.2550335570469799	1	0	1	1	1	0	0	2707267460	0	0	1
3322.0	7119	2.142986152919928	1	0.00030102347983142685	6898	2.0764599638771823	372	0.11198073449729079	460	0.13847080072245635	7	10	0	0.0	0	0.0	0	0.0	0	0.0	7	1.0	0	0.0	9	0.9	0	0.0	1	0.1	0	0	0	0	0	0	0	0	0	0	0	1	1	0	0	2332729243	0	0	0
2702.0	0	0.0	0	0.0	643	0.2379718726868986	3	0.0011102886750555144	0	0.0	6	9	0	0.4444444444444444	0	0.0	6	1.0	0	0.0	0	0.0	0	0.0	6	0.6666666666666666	3	0.3333333333333333	0	0.0	0	0	0	0	0	0	0	0	0	0	0	1	1	0	0	3967868833	1	0	0
4451.0	33	0.007414064255223545	0	0.0	24615	5.5302179285553805	846	0.19006964727027634	821	0.18445293192541	7	7	74	0.3	6	0.8571428571428571	0	0.0	0	0.0	1	0.14285714285714285	7	1.0	0	0.0	0	0.0	0	0.0	0	0.0	62	0.8378378378378378	0	0.0	12	0.16216216216216217	1	0	0	1	0	0	0	234643375	1	0	1
3921.0	168	0.04284621270084162	0	0.0	2618	0.6676868145881153	172	0.04386636062229023	135	0.03442999234889059	13	8	0	0.0625	2	0.15384615384615385	10	0.7692307692307693	0	0.0	1	0.07692307692307693	0	0.0	7	0.875	0	0.0	1	0.125	0	0	0	0	0	0	0	0	0	0	0	1	1	0	0	612999090	0	0	0
2981.0	590	0.197920161019792	0	0.0	2198	0.7373364642737337	124	0.04159677960415968	237	0.07950352230795035	12	7	25	0.4	2	0.16666666666666666	9	0.75	0	0.0	1	0.08333333333333333	3	0.42857142857142855	4	0.5714285714285714	0	0.0	0	0.0	9	0.36	9	0.36	0	0.0	7	0.28	0	0	1	0	0	0	0	2979585982	0	0	0
4374.0	4766	1.089620484682213	1	0.00022862368541380886	1589	0.3632830361225423	269	0.061499771376314585	325	0.07430269775948788	13	14	80	0.17647058823529413	2	0.15384615384615385	10	0.7692307692307693	0	0.0	1	0.07692307692307693	0	0.0	13	0.9285714285714286	0	0.0	1	0.07142857142857142	1	0.0125	61	0.7625	0	0.0	18	0.225	0	0	1	0	0	0	0	271458239	0	0	0
4516.0	69	0.015279007971656332	15	0.003321523472099203	1439	0.31864481842338355	93	0.02059344552701506	248	0.05491585473870682	7	7	119	0.5555555555555556	2	0.2857142857142857	4	0.5714285714285714	0	0.0	1	0.14285714285714285	0	0.0	7	1.0	0	0.0	0	0.0	4	0.03361344537815126	78	0.6554621848739496	1	0.008403361344537815	36	0.3025210084033613	1	0	1	1	1	1	0	211099583	0	0	0
4242.0	1	0.00023573785950023574	2	0.0004714757190004715	5370	1.265912305516266	67	0.015794436586515793	102	0.024045261669024046	15	10	21	0.5333333333333333	2	0.13333333333333333	12	0.8	0	0.0	1	0.06666666666666667	0	0.0	10	1.0	0	0.0	0	0.0	3	0.14285714285714285	15	0.7142857142857143	0	0.0	3	0.14285714285714285	1	0	1	0	0	1	0	347692993	1	0	1
4338.0	18500	4.264638082065468	2	0.0004610419548178884	10357	2.387505763024435	1204	0.27754725680036885	663	0.15283540802213003	27	7	0	0.35294117647058826	5	0.18518518518518517	16	0.5925925925925926	0	0.0	6	0.2222222222222222	2	0.2857142857142857	5	0.7142857142857143	0	0.0	0	0.0	0	0	0	0	0	0	0	0	1	0	0	1	0	0	0	290152391	0	0	0
4424.0	15841	3.5806962025316458	2	0.0004520795660036166	29815	6.739376130198915	551	0.12454792043399639	134	0.030289330922242313	1	11	16	0.0	0	0.0	0	0.0	0	0.0	1	1.0	0	0.0	11	1.0	0	0.0	0	0.0	0	0.0	14	0.875	0	0.0	2	0.125	1	0	1	1	0	0	0	246128588	0	0	0
4705.0	1883	0.4002125398512221	1	0.00021253985122210415	2071	0.4401700318809777	176	0.03740701381509033	0	0.0	8	11	0	0.3333333333333333	2	0.25	5	0.625	0	0.0	1	0.125	0	0.0	7	0.6363636363636364	4	0.36363636363636365	0	0.0	0	0	0	0	0	0	0	0	1	0	0	1	1	0	0	137846738	0	0	0
3387.0	2325	0.6864481842338352	38	0.011219368172423975	1515	0.44729849424269263	1035	0.30558015943312666	854	0.25214053734868613	11	11	74	0.5454545454545454	1	0.09090909090909091	7	0.6363636363636364	0	0.0	3	0.2727272727272727	1	0.09090909090909091	7	0.6363636363636364	2	0.18181818181818182	1	0.09090909090909091	5	0.06756756756756757	50	0.6756756756756757	2	0.02702702702702703	17	0.22972972972972974	0	0	1	1	0	0	0	2231476190	1	0	0
4933.0	4688	0.9503344820595986	33	0.006689641191972431	24499	4.966349077640381	4486	0.909385769308737	1222	0.24771944050273667	14	11	0	0.3333333333333333	3	0.21428571428571427	9	0.6428571428571429	0	0.0	2	0.14285714285714285	2	0.18181818181818182	8	0.7272727272727273	0	0.0	1	0.09090909090909091	0	0	0	0	0	0	0	0	1	0	1	1	0	1	0	73506786	0	0	0
3595.0	6738	1.874269819193324	1	0.0002781641168289291	3735	1.03894297635605	70	0.019471488178025034	71	0.019749652294853964	14	13	0	0.5454545454545454	3	0.21428571428571427	9	0.6428571428571429	0	0.0	2	0.14285714285714285	1	0.07692307692307693	12	0.9230769230769231	0	0.0	0	0.0	0	0	0	0	0	0	0	0	1	0	1	1	1	0	0	1420124136	0	0	0
4404.0	21041	4.777702089009991	0	0.0	11911	2.7045867393278837	575	0.13056312443233425	548	0.12443233424159855	15	15	74	0.8181818181818182	2	0.13333333333333333	12	0.8	0	0.0	1	0.06666666666666667	3	0.2	12	0.8	0	0.0	0	0.0	15	0.20270270270270271	39	0.527027027027027	0	0.0	20	0.2702702702702703	1	0	1	1	0	0	0	256106476	0	0	0
3998.0	678	0.1695847923961981	262	0.0655327663831916	3755	0.9392196098049025	779	0.19484742371185593	2248	0.5622811405702851	18	14	158	0.8	3	0.16666666666666666	11	0.6111111111111112	0	0.0	4	0.2222222222222222	0	0.0	14	1.0	0	0.0	0	0.0	3	0.0189873417721519	125	0.7911392405063291	3	0.0189873417721519	27	0.17088607594936708	0	0	1	1	0	1	0	544382991	1	0	0
2876.0	8115	2.8216272600834493	1	0.0003477051460361613	1146	0.3984700973574409	67	0.02329624478442281	105	0.03650904033379694	12	12	54	0.75	2	0.16666666666666666	9	0.75	0	0.0	1	0.08333333333333333	0	0.0	11	0.9166666666666666	1	0.08333333333333333	0	0.0	1	0.018518518518518517	45	0.8333333333333334	0	0.0	8	0.14814814814814814	0	0	1	1	1	0	0	3180093456	0	0	0
2710.0	5315	1.9612546125461254	6	0.002214022140221402	24830	9.162361623616237	871	0.3214022140221402	45	0.016605166051660517	9	12	20	0.23076923076923078	6	0.6666666666666666	3	0.3333333333333333	0	0.0	0	0.0	0	0.0	12	1.0	0	0.0	0	0.0	0	0.0	17	0.85	0	0.0	3	0.15	1	0	0	0	0	0	0	3949010962	0	0	0
5171.0	9365	1.81106169019532	0	0.0	5942	1.1491007542061498	640	0.12376716302456005	433	0.0837362212338039	11	12	34	0.16666666666666666	0	0.0	9	0.8181818181818182	0	0.0	2	0.18181818181818182	0	0.0	12	1.0	0	0.0	0	0.0	0	0.0	30	0.8823529411764706	0	0.0	4	0.11764705882352941	1	0	0	1	0	0	0	19079207	0	0	0
2859.0	1253	0.4382651276670164	1	0.0003497726477789437	1256	0.43931444561035327	19	0.00664568030779993	0	0.0	20	12	0	0.4	2	0.1	17	0.85	0	0.0	1	0.05	0	0.0	12	1.0	0	0.0	0	0.0	0	0	0	0	0	0	0	0	0	0	0	1	1	0	0	3264569385	1	0	1
3025.0	340	0.11239669421487604	19	0.00628099173553719	7654	2.5302479338842976	5764	1.9054545454545455	42	0.013884297520661157	13	7	150	0.4	5	0.38461538461538464	7	0.5384615384615384	0	0.0	1	0.07692307692307693	6	0.8571428571428571	0	0.0	0	0.0	1	0.14285714285714285	11	0.07333333333333333	113	0.7533333333333333	0	0.0	26	0.17333333333333334	1	0	1	0	0	1	0	2916294697	1	0	0
4335.0	5725	1.320645905420992	16	0.003690888119953864	23468	5.41361014994233	136	0.03137254901960784	119	0.027450980392156862	10	8	124	0.36363636363636365	4	0.4	5	0.5	0	0.0	1	0.1	0	0.0	7	0.875	1	0.125	0	0.0	8	0.06451612903225806	86	0.6935483870967742	4	0.03225806451612903	26	0.20967741935483872	1	0	1	1	1	0	0	291807276	1	0	0
4222.0	6662	1.5779251539554713	0	0.0	17397	4.120558976788252	802	0.18995736617716721	727	0.17219327333017528	11	13	20	0.8181818181818182	1	0.09090909090909091	10	0.9090909090909091	0	0.0	0	0.0	3	0.23076923076923078	10	0.7692307692307693	0	0.0	0	0.0	7	0.35	5	0.25	0	0.0	8	0.4	0	0	1	1	0	1	0	360783926	0	0	0
3964.0	38242	9.647325933400605	4	0.0010090817356205853	12488	3.150353178607467	842	0.2124117053481332	1033	0.26059535822401614	8	9	8	0.5	1	0.125	7	0.875	0	0.0	0	0.0	2	0.2222222222222222	5	0.5555555555555556	2	0.2222222222222222	0	0.0	6	0.75	0	0.0	0	0.0	2	0.25	1	0	1	1	1	0	0	573956150	0	0	0
4045.0	83	0.020519159456118666	2	0.0004944375772558715	3186	0.7876390605686032	359	0.08875154511742893	0	0.0	14	9	43	0.3076923076923077	2	0.14285714285714285	11	0.7857142857142857	0	0.0	1	0.07142857142857142	0	0.0	6	0.6666666666666666	3	0.3333333333333333	0	0.0	2	0.046511627906976744	32	0.7441860465116279	0	0.0	9	0.20930232558139536	1	0	1	1	0	0	0	494002234	0	0	1
3913.0	4809	1.2289803220035778	0	0.0	3597	0.9192435471505239	372	0.09506772297469972	202	0.05162279580884232	9	14	0	0.3076923076923077	2	0.2222222222222222	6	0.6666666666666666	0	0.0	1	0.1111111111111111	3	0.21428571428571427	9	0.6428571428571429	2	0.14285714285714285	0	0.0	0	0	0	0	0	0	0	0	0	0	0	1	0	0	0	620191805	0	0	0
4292.0	2724	0.6346691519105312	9	0.002096924510717614	88523	20.62511649580615	338	0.0787511649580615	420	0.097856477166822	4	12	46	0.36363636363636365	1	0.25	3	0.75	0	0.0	0	0.0	1	0.08333333333333333	9	0.75	2	0.16666666666666666	0	0.0	7	0.15217391304347827	30	0.6521739130434783	0	0.0	9	0.1956521739130435	1	0	1	1	1	0	0	317005888	0	0	0
3087.0	15932	5.160997732426304	1	0.00032393909944930353	2639	0.854875283446712	285	0.0923226433430515	524	0.16974408811143504	4	6	23	0.6	0	0.0	4	1.0	0	0.0	0	0.0	0	0.0	6	1.0	0	0.0	0	0.0	0	0.0	15	0.6521739130434783	3	0.13043478260869565	5	0.21739130434782608	1	0	1	1	1	0	0	2799034437	0	0	0
2640.0	11697	4.430681818181818	8	0.0030303030303030303	95181	36.05340909090909	1005	0.3806818181818182	205	0.07765151515151515	7	10	0	0.0	0	0.0	7	1.0	0	0.0	0	0.0	0	0.0	9	0.9	0	0.0	1	0.1	0	0	0	0	0	0	0	0	1	1	0	1	1	1	0	4627816519	0	0	0
4613.0	273	0.05918057663125948	0	0.0	4045	0.8768697160199437	38	0.008237589421200954	0	0.0	7	11	34	0.625	0	0.0	7	1.0	0	0.0	0	0.0	0	0.0	10	0.9090909090909091	0	0.0	1	0.09090909090909091	0	0.0	31	0.9117647058823529	0	0.0	3	0.08823529411764706	0	0	1	1	1	1	0	171958370	0	0	0
4019.0	402	0.10002488181139586	0	0.0	5150	1.2814132868872854	25	0.006220452848967405	237	0.058969893008211	5	11	0	0.3333333333333333	1	0.2	4	0.8	0	0.0	0	0.0	0	0.0	9	0.8181818181818182	2	0.18181818181818182	0	0.0	0	0	0	0	0	0	0	0	0	0	0	1	1	0	0	523247729	1	0	0
4185.0	11784	2.8157706093189963	0	0.0	2821	0.674074074074074	124	0.02962962962962963	70	0.016726403823178016	7	9	0	0.75	0	0.0	7	1.0	0	0.0	0	0.0	0	0.0	8	0.8888888888888888	0	0.0	1	0.1111111111111111	0	0	0	0	0	0	0	0	1	0	0	1	0	0	0	382361714	0	0	0
5088.0	176527	34.69477201257862	6	0.0011792452830188679	29388	5.775943396226415	272	0.05345911949685535	773	0.1519261006289308	21	9	0	0.3157894736842105	0	0.0	6	0.2857142857142857	0	0.0	15	0.7142857142857143	0	0.0	9	1.0	0	0.0	0	0.0	0	0	0	0	0	0	0	0	1	0	1	1	0	0	0	29909108	0	0	0
4904.0	1014	0.20676998368678629	11	0.0022430668841761825	46445	9.47084013050571	1624	0.33115823817292006	177	0.036092985318107666	2	13	0	0.0	2	1.0	0	0.0	0	0.0	0	0.0	2	0.15384615384615385	11	0.8461538461538461	0	0.0	0	0.0	0	0	0	0	0	0	0	0	1	0	0	1	0	1	0	81305759	0	0	0
3998.0	3	0.0007503751875937969	0	0.0	1562	0.3906953476738369	9	0.0022511255627813906	14	0.003501750875437719	11	12	11	0.5	2	0.18181818181818182	8	0.7272727272727273	0	0.0	1	0.09090909090909091	0	0.0	12	1.0	0	0.0	0	0.0	0	0.0	10	0.9090909090909091	0	0.0	1	0.09090909090909091	0	0	0	1	1	0	0	544678058	1	0	0
4558.0	0	0.0	0	0.0	9152	2.007898200965336	989	0.2169811320754717	1669	0.3661693725318122	12	10	148	0.14285714285714285	2	0.16666666666666666	9	0.75	0	0.0	1	0.08333333333333333	0	0.0	9	0.9	1	0.1	0	0.0	4	0.02702702702702703	113	0.7635135135135135	0	0.0	31	0.20945945945945946	0	0	1	1	1	1	0	193372339	1	0	1
3626.0	110	0.03033645890788748	0	0.0	1452	0.40044125758411475	15	0.004136789851075565	34	0.009376723662437948	13	8	0	0.45454545454545453	3	0.23076923076923078	7	0.5384615384615384	0	0.0	3	0.23076923076923078	4	0.5	3	0.375	0	0.0	1	0.125	0	0	0	0	0	0	0	0	0	0	1	1	1	1	0	1343037642	1	0	0
5246.0	58558	11.162409454822722	108	0.020587113991612657	24031	4.580823484559665	3455	0.6585970263057568	1863	0.3551277163553183	21	10	128	0.6	3	0.14285714285714285	10	0.47619047619047616	0	0.0	8	0.38095238095238093	0	0.0	10	1.0	0	0.0	0	0.0	11	0.0859375	86	0.671875	0	0.0	31	0.2421875	1	0	1	1	0	1	0	17113309	0	0	0
2868.0	2984	1.0404463040446303	1	0.0003486750348675035	2985	1.040794979079498	72	0.02510460251046025	916	0.3193863319386332	15	12	0	0.23529411764705882	2	0.13333333333333333	12	0.8	0	0.0	1	0.06666666666666667	0	0.0	12	1.0	0	0.0	0	0.0	0	0	0	0	0	0	0	0	0	0	0	1	1	0	0	3242533095	1	0	1
3502.0	136602	39.006853226727586	1	0.00028555111364934324	12997	3.711307824100514	1097	0.3132495716733295	2977	0.8500856653340948	1	14	0	0.1111111111111111	1	1.0	0	0.0	0	0.0	0	0.0	0	0.0	13	0.9285714285714286	0	0.0	1	0.07142857142857142	0	0	0	0	0	0	0	0	1	0	1	0	0	0	0	1663901928	0	0	0
2715.0	6	0.0022099447513812156	2	0.0007366482504604051	419	0.15432780847145489	235	0.0865561694290976	995	0.3664825046040516	13	15	80	0.5384615384615384	0	0.0	12	0.9230769230769231	0	0.0	1	0.07692307692307693	0	0.0	14	0.9333333333333333	1	0.06666666666666667	0	0.0	3	0.0375	59	0.7375	7	0.0875	11	0.1375	0	0	1	1	1	0	0	3823984878	0	0	1
4968.0	265	0.053341384863123995	18	0.0036231884057971015	18086	3.640499194847021	256	0.05152979066022544	719	0.14472624798711756	15	12	159	0.26666666666666666	7	0.4666666666666667	4	0.26666666666666666	0	0.0	4	0.26666666666666666	4	0.3333333333333333	8	0.6666666666666666	0	0.0	0	0.0	9	0.05660377358490566	125	0.7861635220125787	0	0.0	25	0.15723270440251572	1	0	1	1	0	1	0	63676663	1	0	0
2843.0	1618	0.5691171297924728	0	0.0	1644	0.5782623988744284	28	0.009848751319029195	7	0.0024621878297572987	14	15	0	0.10526315789473684	1	0.07142857142857142	12	0.8571428571428571	0	0.0	1	0.07142857142857142	0	0.0	5	0.3333333333333333	10	0.6666666666666666	0	0.0	0	0	0	0	0	0	0	0	0	0	0	1	1	0	0	3233325308	1	0	1
3689.0	331	0.08972621306587152	4	0.0010843046896177825	1520	0.4120357820547574	61	0.016535646516671186	761	0.20628896719978315	7	13	0	0.625	2	0.2857142857142857	4	0.5714285714285714	0	0.0	1	0.14285714285714285	0	0.0	13	1.0	0	0.0	0	0.0	0	0	0	0	0	0	0	0	1	0	1	1	0	0	0	1152573698	0	0	1
4320.0	10005	2.3159722222222223	8	0.001851851851851852	7411	1.7155092592592593	877	0.20300925925925925	1035	0.23958333333333334	12	12	134	0.3076923076923077	2	0.16666666666666666	9	0.75	0	0.0	1	0.08333333333333333	2	0.16666666666666666	9	0.75	1	0.08333333333333333	0	0.0	18	0.13432835820895522	91	0.6791044776119403	1	0.007462686567164179	24	0.1791044776119403	1	0	1	1	1	0	0	300196108	0	0	0
2980.0	350	0.1174496644295302	1	0.0003355704697986577	2581	0.8661073825503356	1147	0.3848993288590604	65	0.02181208053691275	20	15	0	0.7692307692307693	3	0.15	17	0.85	0	0.0	0	0.0	1	0.06666666666666667	14	0.9333333333333333	0	0.0	0	0.0	0	0	0	0	0	0	0	0	0	0	1	1	0	0	0	2980536597	0	0	0
3718.0	6720	1.8074233458848843	3	0.0008068854222700376	4371	1.1756320602474448	2141	0.5758472296933835	685	0.18423883808499192	13	13	28	0.6428571428571429	2	0.15384615384615385	9	0.6923076923076923	0	0.0	2	0.15384615384615385	0	0.0	13	1.0	0	0.0	0	0.0	2	0.07142857142857142	15	0.5357142857142857	2	0.07142857142857142	9	0.32142857142857145	1	0	1	0	0	0	0	1071604010	0	0	0
2931.0	19720	6.7280791538723985	1	0.000341180484476288	1633	0.5571477311497782	213	0.07267144319344933	1422	0.4851586489252815	10	10	131	0.7777777777777778	2	0.2	7	0.7	0	0.0	1	0.1	3	0.3	7	0.7	0	0.0	0	0.0	13	0.09923664122137404	98	0.7480916030534351	0	0.0	20	0.15267175572519084	0	0	1	0	0	0	0	3063996721	1	0	0
2867.0	5761	2.009417509591908	3	0.0010463899546564353	5795	2.021276595744681	65	0.02267178235088943	0	0.0	13	11	0	0.3333333333333333	2	0.15384615384615385	10	0.7692307692307693	0	0.0	1	0.07692307692307693	0	0.0	11	1.0	0	0.0	0	0.0	0	0	0	0	0	0	0	0	0	0	0	1	1	0	0	3243073841	1	0	1
2664.0	1	0.00037537537537537537	0	0.0	1482	0.5563063063063063	106	0.03978978978978979	52	0.01951951951951952	14	9	0	0.38461538461538464	2	0.14285714285714285	11	0.7857142857142857	0	0.0	1	0.07142857142857142	1	0.1111111111111111	6	0.6666666666666666	2	0.2222222222222222	0	0.0	0	0	0	0	0	0	0	0	1	0	0	1	1	0	0	4383007034	1	0	1
4901.0	27	0.005509079779636809	4	0.0008161599673536013	3723	0.7596408896143644	285	0.058151397673944095	141	0.028769638849214445	15	14	0	0.8888888888888888	3	0.2	11	0.7333333333333333	0	0.0	1	0.06666666666666667	3	0.21428571428571427	11	0.7857142857142857	0	0.0	0	0.0	0	0	0	0	0	0	0	0	0	0	1	1	1	1	0	82223420	0	0	1
2962.0	45	0.015192437542201216	18	0.006076975016880486	3539	1.1948008102633356	28	0.009453072248480757	79	0.026671168129642132	19	15	49	0.5714285714285714	3	0.15789473684210525	14	0.7368421052631579	0	0.0	2	0.10526315789473684	0	0.0	12	0.8	3	0.2	0	0.0	5	0.10204081632653061	39	0.7959183673469388	0	0.0	5	0.10204081632653061	0	0	1	1	1	1	0	3009372480	1	0	1
2793.0	448324	160.51700680272108	8	0.0028643036161833156	269000	96.31220909416398	911	0.32617257429287505	2842	1.0175438596491229	4	10	0	0.3	1	0.25	3	0.75	0	0.0	0	0.0	0	0.0	10	1.0	0	0.0	0	0.0	0	0	0	0	0	0	0	0	0	0	0	1	1	0	0	3287818560	0	0	1
3327.0	243	0.07303877366997295	0	0.0	4188	1.2587917042380523	151	0.04538623384430418	0	0.0	6	13	14	0.2727272727272727	1	0.16666666666666666	5	0.8333333333333334	0	0.0	0	0.0	2	0.15384615384615385	11	0.8461538461538461	0	0.0	0	0.0	0	0.0	14	1.0	0	0.0	0	0.0	1	0	0	1	1	0	0	2325291331	0	0	1
2728.0	282	0.10337243401759531	0	0.0	548	0.20087976539589442	10	0.0036656891495601175	63	0.02309384164222874	10	8	0	0.625	3	0.3	5	0.5	0	0.0	2	0.2	0	0.0	7	0.875	1	0.125	0	0.0	0	0	0	0	0	0	0	0	1	0	1	1	1	0	0	3676578139	0	0	0
2982.0	3932	1.3185781354795438	0	0.0	4799	1.6093226022803488	27	0.009054325955734407	61	0.0204560697518444	5	13	15	0.36363636363636365	1	0.2	4	0.8	0	0.0	0	0.0	1	0.07692307692307693	11	0.8461538461538461	0	0.0	1	0.07692307692307693	0	0.0	0	0.0	1	0.06666666666666667	14	0.9333333333333333	0	0	0	0	0	0	0	2982601051	0	0	0
4183.0	5587	1.3356442744441788	2	0.0004781257470714798	20736	4.957207745637103	589	0.1408080325125508	369	0.08821420033468802	5	12	21	0.4444444444444444	0	0.0	5	1.0	0	0.0	0	0.0	0	0.0	11	0.9166666666666666	0	0.0	1	0.08333333333333333	0	0.0	19	0.9047619047619048	0	0.0	2	0.09523809523809523	1	0	0	1	0	1	0	383312226	0	0	0
3538.0	21490	6.074053137365743	5	0.0014132278123233466	17028	4.812888637648389	705	0.19926512153759185	205	0.05794234030525721	1	7	0	0.16666666666666666	1	1.0	0	0.0	0	0.0	0	0.0	0	0.0	6	0.8571428571428571	0	0.0	1	0.14285714285714285	0	0	0	0	0	0	0	0	1	0	1	1	0	0	0	1574855022	0	0	0
3104.0	1765	0.5686211340206185	2	0.0006443298969072165	100134	32.25966494845361	481	0.15496134020618557	485	0.15625	18	14	69	0.19047619047619047	1	0.05555555555555555	8	0.4444444444444444	0	0.0	9	0.5	0	0.0	12	0.8571428571428571	2	0.14285714285714285	0	0.0	1	0.014492753623188406	50	0.7246376811594203	0	0.0	18	0.2608695652173913	1	0	1	0	0	0	0	2809209216	0	0	0
3669.0	2560	0.6977378032161352	1	0.0002725538293813028	1637	0.4461706186971927	201	0.05478331970564186	299	0.08149359498500953	16	14	37	0.2631578947368421	1	0.0625	14	0.875	0	0.0	1	0.0625	3	0.21428571428571427	9	0.6428571428571429	2	0.14285714285714285	0	0.0	0	0.0	27	0.7297297297297297	2	0.05405405405405406	8	0.21621621621621623	0	0	0	1	1	0	0	1220305290	0	0	0
3031.0	9599	3.166941603431211	1	0.0003299241174529858	4134	1.3639063015506434	351	0.11580336522599802	257	0.08479049818541735	2	9	0	0.3333333333333333	0	0.0	2	1.0	0	0.0	0	0.0	0	0.0	9	1.0	0	0.0	0	0.0	0	0	0	0	0	0	0	0	0	0	0	0	0	1	0	2893783443	0	0	0
2741.0	254	0.09266690988690258	0	0.0	2171	0.7920466982852974	56	0.020430499817584824	22	0.008026267785479753	14	13	70	0.9166666666666666	2	0.14285714285714285	11	0.7857142857142857	0	0.0	1	0.07142857142857142	0	0.0	13	1.0	0	0.0	0	0.0	6	0.08571428571428572	53	0.7571428571428571	2	0.02857142857142857	9	0.12857142857142856	0	0	0	1	1	0	0	3534004638	0	0	0
3816.0	14	0.003668763102725367	0	0.0	35006	9.173480083857442	85	0.022274633123689727	57	0.014937106918238994	9	12	113	0.23076923076923078	2	0.2222222222222222	6	0.6666666666666666	0	0.0	1	0.1111111111111111	3	0.25	9	0.75	0	0.0	0	0.0	9	0.07964601769911504	81	0.7168141592920354	0	0.0	23	0.20353982300884957	0	0	1	1	1	0	0	858038708	0	0	0
3345.0	7367	2.202391629297459	0	0.0	6967	2.0828101644245143	311	0.0929745889387145	247	0.07384155455904334	37	15	35	0.625	0	0.0	5	0.13513513513513514	0	0.0	32	0.8648648648648649	0	0.0	15	1.0	0	0.0	0	0.0	0	0.0	29	0.8285714285714286	0	0.0	6	0.17142857142857143	1	0	1	1	0	1	0	2293801410	1	0	0
4213.0	26463	6.281272252551626	0	0.0	2043	0.4849276050320437	352	0.0835509138381201	596	0.14146688820318062	19	14	35	0.8181818181818182	4	0.21052631578947367	15	0.7894736842105263	0	0.0	0	0.0	0	0.0	14	1.0	0	0.0	0	0.0	0	0.0	25	0.7142857142857143	0	0.0	10	0.2857142857142857	1	0	0	1	1	0	0	365765069	0	0	0
4280.0	12636	2.952336448598131	12	0.002803738317757009	9764	2.2813084112149533	704	0.16448598130841122	267	0.06238317757009346	10	7	0	0.16666666666666666	2	0.2	7	0.7	0	0.0	1	0.1	2	0.2857142857142857	4	0.5714285714285714	0	0.0	1	0.14285714285714285	0	0	0	0	0	0	0	0	1	0	1	0	0	1	0	324379088	0	0	0
4035.0	3	0.0007434944237918215	0	0.0	3007	0.7452292441140025	7	0.001734820322180917	5	0.0012391573729863693	9	15	0	0.2857142857142857	4	0.4444444444444444	3	0.3333333333333333	0	0.0	2	0.2222222222222222	2	0.13333333333333333	11	0.7333333333333333	2	0.13333333333333333	0	0.0	0	0	0	0	0	0	0	0	0	0	0	1	1	0	0	505110999	1	0	1
3931.0	13800	3.510557110150089	36	0.009157975069956754	6731	1.7122869498855253	2770	0.7046553039938946	1695	0.4311879928771305	19	12	60	0.6428571428571429	3	0.15789473684210525	14	0.7368421052631579	0	0.0	2	0.10526315789473684	0	0.0	11	0.9166666666666666	0	0.0	1	0.08333333333333333	23	0.38333333333333336	27	0.45	0	0.0	10	0.16666666666666666	0	0	1	0	0	0	0	603333105	0	0	0
4070.0	368	0.09041769041769042	2	0.0004914004914004914	90399	22.211056511056512	3602	0.885012285012285	331	0.08132678132678132	2	7	36	0.2	0	0.0	1	0.5	0	0.0	1	0.5	0	0.0	7	1.0	0	0.0	0	0.0	0	0.0	0	0.0	0	0.0	36	1.0	1	0	0	0	0	1	0	471179765	0	0	0
3199.0	0	0.0	3	0.0009377930603313535	5918	1.8499531103469835	114	0.035636136292591436	3	0.0009377930603313535	7	15	152	0.16666666666666666	1	0.14285714285714285	6	0.8571428571428571	0	0.0	0	0.0	0	0.0	10	0.6666666666666666	4	0.26666666666666666	1	0.06666666666666667	13	0.08552631578947369	100	0.6578947368421053	6	0.039473684210526314	33	0.21710526315789475	0	0	0	1	1	1	0	2561434105	1	0	0
2819.0	8138	2.886839304717985	1	0.000354735721887194	71054	25.205391982972685	58	0.020574671869457255	1245	0.44164597374955655	16	9	52	0.0	0	0.0	0	0.0	0	0.0	16	1.0	0	0.0	9	1.0	0	0.0	0	0.0	0	0.0	0	0.0	0	0.0	52	1.0	0	0	1	1	1	0	0	3256443385	0	0	1
4508.0	11728	2.601597160603372	28	0.006211180124223602	11590	2.5709849157054125	901	0.19986690328305234	797	0.17679680567879325	11	11	21	0.6	2	0.18181818181818182	8	0.7272727272727273	0	0.0	1	0.09090909090909091	0	0.0	11	1.0	0	0.0	0	0.0	2	0.09523809523809523	14	0.6666666666666666	0	0.0	5	0.23809523809523808	0	0	1	1	0	0	0	213983750	0	0	0
2700.0	744	0.27555555555555555	0	0.0	2005	0.7425925925925926	111	0.04111111111111111	131	0.048518518518518516	13	12	17	0.5833333333333334	2	0.15384615384615385	10	0.7692307692307693	0	0.0	1	0.07692307692307693	1	0.08333333333333333	10	0.8333333333333334	0	0.0	1	0.08333333333333333	3	0.17647058823529413	6	0.35294117647058826	0	0.0	8	0.47058823529411764	0	0	1	1	1	0	0	3987939853	0	0	1
5016.0	36284	7.2336523125996814	3	0.0005980861244019139	14448	2.8803827751196174	161	0.03209728867623605	294	0.05861244019138756	19	10	72	0.15789473684210525	3	0.15789473684210525	14	0.7368421052631579	0	0.0	2	0.10526315789473684	0	0.0	8	0.8	2	0.2	0	0.0	3	0.041666666666666664	53	0.7361111111111112	0	0.0	16	0.2222222222222222	1	0	1	1	1	0	0	48964118	0	0	0
4880.0	6	0.0012295081967213116	1159	0.2375	20682	4.238114754098361	258348	52.94016393442623	587	0.12028688524590164	11	10	105	0.8888888888888888	0	0.0	10	0.9090909090909091	0	0.0	1	0.09090909090909091	0	0.0	10	1.0	0	0.0	0	0.0	6	0.05714285714285714	74	0.7047619047619048	1	0.009523809523809525	24	0.22857142857142856	0	0	1	1	0	0	1	87302683	0	0	0
2872.0	151	0.05257660167130919	1	0.00034818941504178273	47	0.016364902506963788	3258	1.134401114206128	307	0.1068941504178273	3	13	84	0.0	1	0.3333333333333333	0	0.0	0	0.0	2	0.6666666666666666	1	0.07692307692307693	10	0.7692307692307693	2	0.15384615384615385	0	0.0	11	0.13095238095238096	38	0.4523809523809524	0	0.0	35	0.4166666666666667	0	0	1	0	0	0	0	3184878138	0	0	0
4814.0	7	0.0014540922309929372	144	0.029912754466140425	5338	1.1088491898628998	2163	0.4493144993768176	64	0.013294557540506855	16	15	13	0.9230769230769231	2	0.125	13	0.8125	0	0.0	1	0.0625	0	0.0	15	1.0	0	0.0	0	0.0	3	0.23076923076923078	8	0.6153846153846154	0	0.0	2	0.15384615384615385	0	0	1	0	0	0	0	102982202	0	0	0
4122.0	1396	0.3386705482775352	0	0.0	25530	6.193595342066958	260	0.06307617661329452	754	0.1829209121785541	12	12	102	1.0	0	0.0	12	1.0	0	0.0	0	0.0	0	0.0	12	1.0	0	0.0	0	0.0	4	0.0392156862745098	75	0.7352941176470589	0	0.0	23	0.22549019607843138	1	0	1	1	1	0	0	425501261	1	0	0
2783.0	137	0.04922745238950772	44	0.015810276679841896	6115	2.1972691340280273	640	0.2299676607977003	573	0.20589292130794107	20	15	133	0.7142857142857143	5	0.25	12	0.6	0	0.0	3	0.15	8	0.5333333333333333	7	0.4666666666666667	0	0.0	0	0.0	17	0.12781954887218044	88	0.6616541353383458	4	0.03007518796992481	24	0.18045112781954886	0	0	1	1	1	1	0	3303432793	1	0	0
4808.0	0	0.0	19	0.003951747088186356	17263	3.590474209650582	779	0.1620216306156406	278	0.057820299500831944	13	11	107	0.9	2	0.15384615384615385	9	0.6923076923076923	0	0.0	2	0.15384615384615385	3	0.2727272727272727	8	0.7272727272727273	0	0.0	0	0.0	5	0.04672897196261682	78	0.7289719626168224	0	0.0	24	0.22429906542056074	0	0	1	1	1	1	0	104899180	1	0	1
3711.0	0	0.0	0	0.0	7664	2.0652115332794394	12	0.0032336297493936943	6	0.0016168148746968471	13	13	0	0.6666666666666666	2	0.15384615384615385	11	0.8461538461538461	0	0.0	0	0.0	2	0.15384615384615385	11	0.8461538461538461	0	0.0	0	0.0	0	0	0	0	0	0	0	0	0	0	1	1	1	0	0	1091396210	0	0	1
5224.0	847	0.16213629402756508	14	0.002679938744257274	17175	3.2877105666156203	293	0.05608728943338438	102	0.019525267993874426	15	12	40	0.5454545454545454	0	0.0	14	0.9333333333333333	0	0.0	1	0.06666666666666667	0	0.0	12	1.0	0	0.0	0	0.0	1	0.025	29	0.725	0	0.0	10	0.25	1	0	1	1	0	0	0	17588849	0	0	0
3041.0	10126	3.329825715225255	250	0.08220979940808945	36907	12.13646826701743	2827	0.9296284117066754	3906	1.2844459059519895	18	15	51	0.8571428571428571	3	0.16666666666666666	13	0.7222222222222222	0	0.0	2	0.1111111111111111	0	0.0	15	1.0	0	0.0	0	0.0	2	0.0392156862745098	38	0.7450980392156863	0	0.0	11	0.21568627450980393	0	0	1	1	1	1	0	2901926526	1	0	1
4387.0	12173	2.7747891497606565	7	0.0015956234328698426	7735	1.7631638933211762	1109	0.25279234100752224	2018	0.45999544107590606	11	6	56	0.23076923076923078	1	0.09090909090909091	9	0.8181818181818182	0	0.0	1	0.09090909090909091	0	0.0	5	0.8333333333333334	0	0.0	1	0.16666666666666666	2	0.03571428571428571	42	0.75	0	0.0	12	0.21428571428571427	1	0	1	1	0	1	0	264184449	0	0	0
2890.0	0	0.0	0	0.0	440	0.1522491349480969	3	0.0010380622837370243	57	0.01972318339100346	4	7	0	0.1	0	0.0	4	1.0	0	0.0	0	0.0	0	0.0	3	0.42857142857142855	4	0.5714285714285714	0	0.0	0	0	0	0	0	0	0	0	0	0	0	1	1	0	0	3160187534	1	0	1
3421.0	0	0.0	0	0.0	2011	0.5878398129201988	468	0.13680210464776382	624	0.1824028061970184	13	11	0	0.26666666666666666	2	0.15384615384615385	10	0.7692307692307693	0	0.0	1	0.07692307692307693	0	0.0	11	1.0	0	0.0	0	0.0	0	0	0	0	0	0	0	0	0	0	0	1	0	0	0	2168808080	0	0	0
3794.0	0	0.0	13	0.003426462836056932	4281	1.128360569319979	88	0.02319451765946231	804	0.21191354770690565	10	13	0	0.8181818181818182	0	0.0	10	1.0	0	0.0	0	0.0	0	0.0	10	0.7692307692307693	3	0.23076923076923078	0	0.0	0	0	0	0	0	0	0	0	0	0	0	1	1	0	0	901571228	1	0	1
3519.0	3965	1.126740551292981	1	0.0002841716396703609	613	0.17419721511793124	51	0.014492753623188406	928	0.2637112816140949	3	7	28	0.3333333333333333	2	0.6666666666666666	1	0.3333333333333333	0	0.0	0	0.0	2	0.2857142857142857	4	0.5714285714285714	0	0.0	1	0.14285714285714285	4	0.14285714285714285	20	0.7142857142857143	0	0.0	4	0.14285714285714285	0	0	1	1	0	0	0	1623843493	0	0	0
2903.0	2170	0.7475025835342749	0	0.0	2044	0.7040992077161558	172	0.059249052704099206	200	0.06889424733034792	12	12	27	0.7	2	0.16666666666666666	9	0.75	0	0.0	1	0.08333333333333333	0	0.0	10	0.8333333333333334	0	0.0	2	0.16666666666666666	2	0.07407407407407407	18	0.6666666666666666	0	0.0	7	0.25925925925925924	1	0	0	1	1	0	0	3134399143	0	0	0
5092.0	2742	0.5384917517674784	0	0.0	3573	0.7016889238020424	63	0.01237234878240377	25	0.004909662215239591	7	13	4	0.6666666666666666	0	0.0	7	1.0	0	0.0	0	0.0	1	0.07692307692307693	11	0.8461538461538461	0	0.0	1	0.07692307692307693	0	0.0	4	1.0	0	0.0	0	0.0	0	0	0	1	1	0	0	29041319	0	0	0
4068.0	1548	0.3805309734513274	79	0.019419862340216323	7103	1.7460668633235006	1969	0.48402163225172073	1717	0.4220747295968535	8	10	142	0.6666666666666666	2	0.25	5	0.625	0	0.0	1	0.125	0	0.0	10	1.0	0	0.0	0	0.0	2	0.014084507042253521	114	0.8028169014084507	0	0.0	26	0.18309859154929578	0	0	0	1	0	1	0	472588972	1	0	0
4586.0	1548	0.3375490623637157	3	0.0006541648495420846	6640	1.4478848669864806	489	0.1066288704753598	136	0.02965547317924117	13	12	77	0.45454545454545453	2	0.15384615384615385	10	0.7692307692307693	0	0.0	1	0.07692307692307693	0	0.0	11	0.9166666666666666	0	0.0	1	0.08333333333333333	3	0.03896103896103896	54	0.7012987012987013	0	0.0	20	0.2597402597402597	1	0	1	1	0	1	0	182592178	0	0	0
2646.0	1498	0.5661375661375662	0	0.0	463	0.17498110355253213	64	0.02418745275888133	0	0.0	9	15	4	0.2857142857142857	0	0.0	8	0.8888888888888888	0	0.0	1	0.1111111111111111	0	0.0	11	0.7333333333333333	4	0.26666666666666666	0	0.0	0	0.0	0	0.0	0	0.0	4	1.0	0	0	1	1	1	0	0	4499219135	0	0	1
3766.0	0	0.0	29	0.007700477960701009	2175	0.5775358470525757	128	0.033988316516197555	0	0.0	11	11	157	1.0	2	0.18181818181818182	9	0.8181818181818182	0	0.0	0	0.0	0	0.0	11	1.0	0	0.0	0	0.0	11	0.07006369426751592	114	0.7261146496815286	0	0.0	32	0.20382165605095542	0	0	1	1	1	1	0	961897154	1	0	1
3773.0	54	0.014312218393851047	15	0.003975616220514179	2305	0.6109196925523456	368	0.09753511794328121	81	0.02146832759077657	6	6	126	1.0	6	1.0	0	0.0	0	0.0	0	0.0	6	1.0	0	0.0	0	0.0	0	0.0	9	0.07142857142857142	95	0.753968253968254	0	0.0	22	0.1746031746031746	0	0	1	1	0	1	0	948150980	0	0	0
2861.0	5184	1.811953862285914	2	0.0006990562740300594	5229	1.8276826284515904	34	0.01188395665851101	0	0.0	14	12	0	0.4375	2	0.14285714285714285	11	0.7857142857142857	0	0.0	1	0.07142857142857142	0	0.0	12	1.0	0	0.0	0	0.0	0	0	0	0	0	0	0	0	0	0	0	1	1	0	0	3258491597	1	0	1
5012.0	6471	1.2911013567438148	5	0.0009976057462090981	13805	2.75438946528332	134	0.026735833998403832	1269	0.2531923383878691	13	10	0	0.7777777777777778	12	0.9230769230769231	0	0.0	0	0.0	1	0.07692307692307693	0	0.0	10	1.0	0	0.0	0	0.0	0	0	0	0	0	0	0	0	0	0	1	1	0	0	0	50438882	1	0	0
3179.0	986	0.31016042780748665	0	0.0	1192	0.37496067945894934	195	0.061340044039005975	191	0.06008178672538534	12	7	0	0.3076923076923077	0	0.0	11	0.9166666666666666	0	0.0	1	0.08333333333333333	0	0.0	4	0.5714285714285714	2	0.2857142857142857	1	0.14285714285714285	0	0	0	0	0	0	0	0	1	0	0	1	1	0	0	2661524223	0	0	0
5223.0	559	0.10702661305762971	425	0.0813708596591997	12101	2.3168677005552363	6258	1.1981619758759334	2047	0.39192035228795713	18	10	151	0.3333333333333333	2	0.1111111111111111	15	0.8333333333333334	0	0.0	1	0.05555555555555555	2	0.2	8	0.8	0	0.0	0	0.0	5	0.033112582781456956	121	0.8013245033112583	0	0.0	25	0.16556291390728478	0	0	1	1	0	1	0	17621767	1	0	0
2994.0	8	0.0026720106880427524	0	0.0	674	0.22511690046760188	126	0.04208416833667335	182	0.06078824315297261	9	9	21	0.7777777777777778	2	0.2222222222222222	6	0.6666666666666666	0	0.0	1	0.1111111111111111	0	0.0	8	0.8888888888888888	0	0.0	1	0.1111111111111111	5	0.23809523809523808	14	0.6666666666666666	0	0.0	2	0.09523809523809523	1	0	1	1	1	0	0	2957206289	1	0	1
4857.0	100	0.020588840848260244	3	0.0006176652254478073	11302	2.3269507926703725	39	0.008029647930821495	717	0.14762198888202593	14	10	0	0.1875	13	0.9285714285714286	0	0.0	0	0.0	1	0.07142857142857142	7	0.7	0	0.0	3	0.3	0	0.0	0	0	0	0	0	0	0	0	1	0	1	1	0	1	0	92840722	1	0	1
4127.0	52199	12.648170583959292	9	0.002180760843227526	6232	1.5100557305548825	104	0.025199903077295856	211	0.051126726435667555	13	15	157	0.8181818181818182	2	0.15384615384615385	10	0.7692307692307693	0	0.0	1	0.07692307692307693	5	0.3333333333333333	10	0.6666666666666666	0	0.0	0	0.0	0	0.0	124	0.7898089171974523	0	0.0	33	0.21019108280254778	1	0	0	1	0	0	0	421503762	0	0	0
4062.0	151186	37.21959625800098	11	0.0027080256031511572	67929	16.72304283604136	2168	0.533727227966519	640	0.15755785327424915	10	12	27	0.0	0	0.0	9	0.9	0	0.0	1	0.1	0	0.0	12	1.0	0	0.0	0	0.0	1	0.037037037037037035	11	0.4074074074074074	4	0.14814814814814814	11	0.4074074074074074	1	0	1	1	0	0	0	479044373	0	0	0
4787.0	0	0.0	3	0.0006266973052015876	14576	3.0449133068727803	97	0.020263212868184666	0	0.0	20	15	136	0.8461538461538461	2	0.1	17	0.85	0	0.0	1	0.05	0	0.0	15	1.0	0	0.0	0	0.0	3	0.022058823529411766	112	0.8235294117647058	0	0.0	21	0.15441176470588236	0	0	1	1	1	1	0	111354647	0	0	0
5274.0	15930	3.0204778156996586	76	0.01441031475161168	14874	2.820250284414107	2191	0.4154342055365946	2254	0.4273795980280622	11	9	139	0.36363636363636365	4	0.36363636363636365	3	0.2727272727272727	0	0.0	4	0.36363636363636365	0	0.0	9	1.0	0	0.0	0	0.0	14	0.10071942446043165	94	0.6762589928057554	0	0.0	31	0.22302158273381295	1	0	1	1	0	0	0	16605976	0	0	0
2962.0	0	0.0	10	0.00337609723160027	11150	3.764348413234301	385	0.1299797434166104	12	0.004051316677920324	11	10	27	0.8571428571428571	5	0.45454545454545453	5	0.45454545454545453	0	0.0	1	0.09090909090909091	5	0.5	5	0.5	0	0.0	0	0.0	4	0.14814814814814814	20	0.7407407407407407	0	0.0	3	0.1111111111111111	0	0	1	1	1	1	0	3015205673	1	0	0
5795.0	9440	1.628990509059534	118	0.020362381363244177	19442	3.354961173425367	1538	0.26540120793787747	1415	0.2441760138050043	11	7	150	0.07142857142857142	2	0.18181818181818182	8	0.7272727272727273	0	0.0	1	0.09090909090909091	0	0.0	7	1.0	0	0.0	0	0.0	9	0.06	115	0.7666666666666667	0	0.0	26	0.17333333333333334	1	0	1	0	0	1	0	5743432	0	0	0
4768.0	122	0.025587248322147652	5	0.0010486577181208054	96150	20.16568791946309	416	0.087248322147651	195	0.04089765100671141	7	10	45	0.16666666666666666	2	0.2857142857142857	4	0.5714285714285714	0	0.0	1	0.14285714285714285	2	0.2	7	0.7	0	0.0	1	0.1	2	0.044444444444444446	37	0.8222222222222222	0	0.0	6	0.13333333333333333	0	0	1	1	0	1	0	116663132	0	0	0
4986.0	73040	14.649017248295227	19	0.003810669875651825	14967	3.0018050541516246	477	0.09566787003610108	1357	0.2721620537505014	10	10	85	0.8888888888888888	2	0.2	7	0.7	0	0.0	1	0.1	3	0.3	7	0.7	0	0.0	0	0.0	0	0.0	69	0.8117647058823529	0	0.0	16	0.18823529411764706	0	0	1	1	0	0	0	58614620	0	0	0
4275.0	249542	58.37239766081871	22	0.005146198830409357	49420	11.560233918128654	1034	0.24187134502923976	246	0.05754385964912281	13	15	107	0.9090909090909091	2	0.15384615384615385	10	0.7692307692307693	0	0.0	1	0.07692307692307693	3	0.2	12	0.8	0	0.0	0	0.0	4	0.037383177570093455	79	0.7383177570093458	3	0.028037383177570093	21	0.19626168224299065	1	0	1	1	1	1	0	327164781	0	0	0
4975.0	16221	3.260502512562814	3	0.0006030150753768845	73866	14.847437185929648	440	0.08844221105527639	414	0.08321608040201005	6	12	83	0.21428571428571427	1	0.16666666666666666	5	0.8333333333333334	0	0.0	0	0.0	0	0.0	10	0.8333333333333334	2	0.16666666666666666	0	0.0	2	0.024096385542168676	64	0.7710843373493976	0	0.0	17	0.20481927710843373	1	0	1	1	0	0	0	61694837	0	0	0
4471.0	0	0.0	38	0.008499217177365242	18	0.004025944978751957	3363	0.752180720196824	0	0.0	13	7	99	0.3076923076923077	3	0.23076923076923078	9	0.6923076923076923	0	0.0	1	0.07692307692307693	4	0.5714285714285714	0	0.0	3	0.42857142857142855	0	0.0	1	0.010101010101010102	77	0.7777777777777778	0	0.0	21	0.21212121212121213	1	0	1	1	0	1	0	227697541	1	0	1
4514.0	5140	1.1386796632698273	3	0.000664599025254763	8458	1.873726185201595	100	0.022153300841825433	334	0.07399202481169695	16	14	0	0.3125	3	0.1875	10	0.625	0	0.0	3	0.1875	2	0.14285714285714285	12	0.8571428571428571	0	0.0	0	0.0	0	0	0	0	0	0	0	0	1	0	0	1	1	0	0	211709952	0	0	0
2754.0	0	0.0	21	0.007625272331154684	26773	9.721496005809731	51	0.018518518518518517	55	0.019970951343500364	15	14	0	0.9	2	0.13333333333333333	12	0.8	0	0.0	1	0.06666666666666667	0	0.0	14	1.0	0	0.0	0	0.0	0	0	0	0	0	0	0	0	0	0	1	1	1	1	0	3494699914	1	0	0
3546.0	25290	7.131979695431472	93	0.02622673434856176	27405	7.728426395939087	4635	1.3071065989847717	4971	1.4018612521150593	13	13	130	1.0	2	0.15384615384615385	11	0.8461538461538461	0	0.0	0	0.0	2	0.15384615384615385	11	0.8461538461538461	0	0.0	0	0.0	15	0.11538461538461539	87	0.6692307692307692	0	0.0	28	0.2153846153846154	1	0	1	1	1	0	0	1556652942	0	0	0
4127.0	0	0.0	85	0.02059607463048219	29678	7.191180033922946	2150	0.5209595347710201	209	0.05064211291495033	14	15	154	0.6428571428571429	2	0.14285714285714285	11	0.7857142857142857	0	0.0	1	0.07142857142857142	0	0.0	15	1.0	0	0.0	0	0.0	7	0.045454545454545456	117	0.7597402597402597	3	0.01948051948051948	27	0.17532467532467533	0	0	1	1	0	1	0	422028183	1	0	1
5090.0	2430	0.4774066797642436	61	0.011984282907662083	22133	4.348330058939096	3835	0.7534381139489195	601	0.1180746561886051	18	14	148	0.9230769230769231	1	0.05555555555555555	17	0.9444444444444444	0	0.0	0	0.0	1	0.07142857142857142	13	0.9285714285714286	0	0.0	0	0.0	5	0.033783783783783786	124	0.8378378378378378	0	0.0	19	0.12837837837837837	1	0	1	1	0	1	0	29434783	0	0	0
5072.0	15484	3.052839116719243	17	0.0033517350157728706	86907	17.134660883280755	855	0.16857255520504733	2355	0.46431388012618297	14	11	126	0.3333333333333333	2	0.14285714285714285	11	0.7857142857142857	0	0.0	1	0.07142857142857142	0	0.0	11	1.0	0	0.0	0	0.0	5	0.03968253968253968	97	0.7698412698412699	0	0.0	24	0.19047619047619047	1	0	1	0	0	1	0	35333038	0	0	0
2742.0	84	0.030634573304157548	0	0.0	333	0.12144420131291028	128	0.046681254558716266	55	0.020058351568198397	15	14	36	0.4375	0	0.0	13	0.8666666666666667	0	0.0	2	0.13333333333333333	0	0.0	14	1.0	0	0.0	0	0.0	0	0.0	21	0.5833333333333334	5	0.1388888888888889	10	0.2777777777777778	1	0	0	1	1	0	0	3625395143	1	0	1
2892.0	17	0.005878284923928077	1	0.00034578146611341634	3856	1.3333333333333333	68	0.02351313969571231	117	0.04045643153526971	10	10	17	0.16666666666666666	0	0.0	10	1.0	0	0.0	0	0.0	2	0.2	8	0.8	0	0.0	0	0.0	2	0.11764705882352941	12	0.7058823529411765	0	0.0	3	0.17647058823529413	0	0	0	1	0	0	0	3154437062	0	0	1
4534.0	62	0.013674459638288486	22	0.004852227613586237	5722	1.2620202911336569	1016	0.22408469342743714	957	0.21107190119100133	4	8	38	0.42857142857142855	1	0.25	3	0.75	0	0.0	0	0.0	1	0.125	7	0.875	0	0.0	0	0.0	4	0.10526315789473684	27	0.7105263157894737	0	0.0	7	0.18421052631578946	0	0	1	1	0	1	0	202974156	1	0	1
3172.0	98550	31.068726355611602	3	0.0009457755359394704	36714	11.574401008827238	340	0.10718789407313997	322	0.10151324085750316	14	13	87	0.1875	0	0.0	12	0.8571428571428571	0	0.0	2	0.14285714285714285	0	0.0	13	1.0	0	0.0	0	0.0	0	0.0	72	0.8275862068965517	0	0.0	15	0.1724137931034483	1	0	1	1	1	0	0	2687837135	0	0	0
3614.0	7104	1.9656889872717211	0	0.0	2673	0.7396236856668511	222	0.061427780852241286	305	0.08439402324294411	12	12	23	0.6	2	0.16666666666666666	9	0.75	0	0.0	1	0.08333333333333333	0	0.0	10	0.8333333333333334	1	0.08333333333333333	1	0.08333333333333333	1	0.043478260869565216	20	0.8695652173913043	0	0.0	2	0.08695652173913043	1	0	0	1	1	0	0	1372316628	0	0	0
3129.0	1941	0.6203259827420902	240	0.07670182166826463	3564	1.1390220517737297	4561	1.4576542026206456	3214	1.0271652285075104	14	14	119	0.8333333333333334	2	0.14285714285714285	11	0.7857142857142857	0	0.0	1	0.07142857142857142	1	0.07142857142857142	12	0.8571428571428571	0	0.0	1	0.07142857142857142	15	0.12605042016806722	78	0.6554621848739496	1	0.008403361344537815	25	0.21008403361344538	1	0	1	1	0	1	0	2749195232	1	0	1
4325.0	7578	1.7521387283236993	1	0.00023121387283236994	15393	3.5590751445086704	774	0.17895953757225433	467	0.10797687861271676	2	9	67	0.0	0	0.0	0	0.0	0	0.0	2	1.0	0	0.0	9	1.0	0	0.0	0	0.0	4	0.05970149253731343	36	0.5373134328358209	2	0.029850746268656716	25	0.373134328358209	0	0	1	1	1	0	0	297149422	0	0	0
4001.0	5722	1.430142464383904	6	0.0014996250937265683	184	0.04598850287428143	412	0.10297425643589103	186	0.04648837790552362	9	13	44	0.7777777777777778	1	0.1111111111111111	8	0.8888888888888888	0	0.0	0	0.0	2	0.15384615384615385	11	0.8461538461538461	0	0.0	0	0.0	1	0.022727272727272728	32	0.7272727272727273	0	0.0	11	0.25	1	0	1	0	0	1	0	541959150	0	0	0
5111.0	40817	7.986108393660731	6	0.0011739385638818234	62208	12.171395030326746	1089	0.21306984934455098	1013	0.19819996086871453	5	6	0	1.0	1	0.2	4	0.8	0	0.0	0	0.0	0	0.0	6	1.0	0	0.0	0	0.0	0	0	0	0	0	0	0	0	1	0	1	1	0	0	0	24847353	0	0	0
2800.0	2	0.0007142857142857143	0	0.0	401	0.1432142857142857	46	0.016428571428571428	106	0.03785714285714286	12	10	112	0.1111111111111111	3	0.25	0	0.0	0	0.0	9	0.75	0	0.0	10	1.0	0	0.0	0	0.0	14	0.125	62	0.5535714285714286	4	0.03571428571428571	32	0.2857142857142857	0	0	1	1	1	1	0	3280135166	0	0	0
2882.0	4955	1.719292158223456	0	0.0	4644	1.6113809854267869	87	0.03018736988202637	141	0.04892435808466343	14	7	85	0.38461538461538464	2	0.14285714285714285	11	0.7857142857142857	0	0.0	1	0.07142857142857142	0	0.0	7	1.0	0	0.0	0	0.0	2	0.023529411764705882	62	0.7294117647058823	0	0.0	21	0.24705882352941178	0	0	0	1	1	0	0	3199919103	1	0	0
4711.0	12878	2.733602207599236	1	0.00021226915729144556	3372	0.7157715983867544	211	0.04478879218849501	287	0.06092124814264487	17	13	127	0.35294117647058826	2	0.11764705882352941	14	0.8235294117647058	0	0.0	1	0.058823529411764705	1	0.07692307692307693	10	0.7692307692307693	2	0.15384615384615385	0	0.0	19	0.14960629921259844	77	0.6062992125984252	0	0.0	31	0.2440944881889764	0	0	1	1	0	0	0	135554110	0	0	0
4067.0	0	0.0	6	0.0014752889107450208	51444	12.64912712072781	7172	1.7634620113105484	16	0.003934103761986722	18	13	100	0.2777777777777778	4	0.2222222222222222	11	0.6111111111111112	0	0.0	3	0.16666666666666666	4	0.3076923076923077	9	0.6923076923076923	0	0.0	0	0.0	1	0.01	78	0.78	0	0.0	21	0.21	0	0	1	1	1	0	0	473556033	1	0	0
4325.0	39	0.009017341040462428	5	0.0011560693641618498	62272	14.398150289017341	602	0.13919075144508672	498	0.11514450867052023	7	13	0	0.07142857142857142	1	0.14285714285714285	5	0.7142857142857143	0	0.0	1	0.14285714285714285	2	0.15384615384615385	9	0.6923076923076923	2	0.15384615384615385	0	0.0	0	0	0	0	0	0	0	0	1	0	0	1	0	0	0	297526355	0	0	0
5571.0	15	0.0026925148088314485	7	0.0012565069107880094	1632	0.2929456112008616	117	0.0210016155088853	1006	0.18057799317896248	4	10	107	0.18181818181818182	1	0.25	3	0.75	0	0.0	0	0.0	2	0.2	8	0.8	0	0.0	0	0.0	7	0.06542056074766354	78	0.7289719626168224	0	0.0	22	0.205607476635514	0	0	1	1	0	1	0	11117662	0	0	0
3646.0	6620	1.8156884256719692	10	0.0027427317608337905	15236	4.178826110806363	2094	0.5743280307185957	1597	0.4380142622051563	20	12	31	0.75	4	0.2	13	0.65	0	0.0	3	0.15	3	0.25	9	0.75	0	0.0	0	0.0	6	0.1935483870967742	20	0.6451612903225806	0	0.0	5	0.16129032258064516	1	0	1	1	0	1	0	1287087210	0	0	0
2729.0	37	0.013558079882740931	0	0.0	1004	0.3679003297911323	8	0.0029314767314034445	85	0.031146940271161598	5	12	0	0.23076923076923078	1	0.2	3	0.6	0	0.0	1	0.2	0	0.0	10	0.8333333333333334	2	0.16666666666666666	0	0.0	0	0	0	0	0	0	0	0	0	0	0	1	1	0	0	3669091452	0	0	0
2852.0	103	0.03611500701262272	4	0.001402524544179523	5539	1.9421458625525947	188	0.06591865357643759	1940	0.6802244039270687	13	6	98	0.6666666666666666	2	0.15384615384615385	10	0.7692307692307693	0	0.0	1	0.07692307692307693	2	0.3333333333333333	4	0.6666666666666666	0	0.0	0	0.0	8	0.08163265306122448	61	0.6224489795918368	0	0.0	29	0.29591836734693877	0	0	1	1	1	1	0	3225052286	1	0	1
2796.0	48	0.017167381974248927	23	0.008226037195994278	2389	0.8544349070100143	3205	1.146280400572246	879	0.3143776824034335	11	14	94	0.5	2	0.18181818181818182	9	0.8181818181818182	0	0.0	0	0.0	3	0.21428571428571427	11	0.7857142857142857	0	0.0	0	0.0	9	0.09574468085106383	69	0.7340425531914894	1	0.010638297872340425	15	0.1595744680851064	0	0	1	0	0	1	0	3383239815	1	0	1
5001.0	13161	2.6316736652669466	1	0.0001999600079984003	6738	1.3473305338932213	48	0.009598080383923215	106	0.021195760847830435	2	11	0	0.0	0	0.0	0	0.0	2	1.0	0	0.0	0	0.0	11	1.0	0	0.0	0	0.0	0	0	0	0	0	0	0	0	1	0	0	1	0	0	0	53863574	0	0	0
3825.0	647	0.16915032679738562	23	0.006013071895424837	2776	0.7257516339869281	457	0.11947712418300653	3218	0.8413071895424836	17	7	94	0.42857142857142855	2	0.11764705882352941	14	0.8235294117647058	0	0.0	1	0.058823529411764705	1	0.14285714285714285	6	0.8571428571428571	0	0.0	0	0.0	1	0.010638297872340425	75	0.7978723404255319	0	0.0	18	0.19148936170212766	1	0	1	1	1	1	0	842196122	0	0	0
4487.0	27610	6.153331847559617	1	0.00022286605749944285	13339	2.972810340985068	1002	0.22331178961444173	815	0.1816358368620459	3	6	0	0.5	1	0.3333333333333333	2	0.6666666666666666	0	0.0	0	0.0	4	0.6666666666666666	2	0.3333333333333333	0	0.0	0	0.0	0	0	0	0	0	0	0	0	1	0	1	1	0	1	0	221602981	0	0	0
4321.0	21293	4.927794492015737	5	0.0011571395510298543	9718	2.2490164313816248	276	0.06387410321684796	1040	0.24068502661420968	4	14	89	0.16666666666666666	1	0.25	3	0.75	0	0.0	0	0.0	3	0.21428571428571427	10	0.7142857142857143	0	0.0	1	0.07142857142857142	6	0.06741573033707865	66	0.7415730337078652	0	0.0	17	0.19101123595505617	0	0	1	1	1	0	0	299394251	1	0	0
2892.0	0	0.0	7	0.0024204702627939143	126307	43.67461964038728	52	0.017980636237897647	5	0.0017289073305670815	14	13	0	0.9090909090909091	2	0.14285714285714285	11	0.7857142857142857	0	0.0	1	0.07142857142857142	2	0.15384615384615385	11	0.8461538461538461	0	0.0	0	0.0	0	0	0	0	0	0	0	0	0	0	0	0	0	0	0	3166053603	1	0	0
3376.0	100	0.02962085308056872	0	0.0	1830	0.5420616113744076	199	0.05894549763033175	545	0.16143364928909953	16	7	0	0.0	0	0.0	0	0.0	0	0.0	16	1.0	0	0.0	5	0.7142857142857143	2	0.2857142857142857	0	0.0	0	0	0	0	0	0	0	0	0	0	0	1	1	0	0	2249090276	1	0	1
3208.0	12091	3.7690149625935163	0	0.0	3312	1.032418952618454	403	0.12562344139650872	187	0.05829177057356608	4	9	19	0.2857142857142857	0	0.0	4	1.0	0	0.0	0	0.0	0	0.0	9	1.0	0	0.0	0	0.0	0	0.0	17	0.8947368421052632	0	0.0	2	0.10526315789473684	0	0	0	1	0	0	0	2541380852	0	0	0
5184.0	7	0.0013503086419753086	11	0.0021219135802469135	17506	3.376929012345679	861	0.16608796296296297	1831	0.35320216049382713	8	8	31	1.0	0	0.0	8	1.0	0	0.0	0	0.0	0	0.0	8	1.0	0	0.0	0	0.0	3	0.0967741935483871	25	0.8064516129032258	0	0.0	3	0.0967741935483871	0	0	1	1	0	0	0	18588919	1	0	1
5088.0	4070	0.7999213836477987	7	0.0013757861635220125	2320	0.4559748427672956	495	0.0972877358490566	300	0.0589622641509434	14	14	31	0.9090909090909091	2	0.14285714285714285	11	0.7857142857142857	0	0.0	1	0.07142857142857142	2	0.14285714285714285	12	0.8571428571428571	0	0.0	0	0.0	3	0.0967741935483871	18	0.5806451612903226	0	0.0	10	0.3225806451612903	1	0	0	0	0	1	0	29910264	0	0	0
3336.0	7353	2.204136690647482	2	0.0005995203836930455	4825	1.4463429256594724	346	0.10371702637889688	275	0.08243405275779377	15	10	57	0.5454545454545454	2	0.13333333333333333	12	0.8	0	0.0	1	0.06666666666666667	2	0.2	7	0.7	0	0.0	1	0.1	1	0.017543859649122806	44	0.7719298245614035	0	0.0	12	0.21052631578947367	1	0	0	1	1	0	0	2310333698	0	0	0
4335.0	0	0.0	0	0.0	253	0.05836216839677047	3	0.0006920415224913495	2	0.000461361014994233	12	12	0	0.8181818181818182	0	0.0	11	0.9166666666666666	0	0.0	1	0.08333333333333333	0	0.0	11	0.9166666666666666	1	0.08333333333333333	0	0.0	0	0	0	0	0	0	0	0	0	0	0	1	1	0	0	292005138	1	0	1
3872.0	1428	0.368801652892562	75	0.019369834710743803	5561	1.4362086776859504	1373	0.35459710743801653	2986	0.7711776859504132	22	10	62	0.35714285714285715	3	0.13636363636363635	17	0.7727272727272727	0	0.0	2	0.09090909090909091	0	0.0	10	1.0	0	0.0	0	0.0	7	0.11290322580645161	41	0.6612903225806451	0	0.0	14	0.22580645161290322	1	0	1	0	0	1	0	743515418	0	0	0
3336.0	6327	1.8965827338129497	7	0.0020983213429256594	4406	1.3207434052757794	246	0.0737410071942446	73	0.021882494004796162	17	13	26	0.7333333333333333	0	0.0	16	0.9411764705882353	0	0.0	1	0.058823529411764705	0	0.0	13	1.0	0	0.0	0	0.0	4	0.15384615384615385	11	0.4230769230769231	5	0.19230769230769232	6	0.23076923076923078	0	0	1	1	1	1	0	2309170459	0	0	0
4685.0	0	0.0	12	0.0025613660618996796	16332	3.4860192102454644	355	0.07577374599786553	51	0.010885805763073639	11	11	106	1.0	2	0.18181818181818182	9	0.8181818181818182	0	0.0	0	0.0	1	0.09090909090909091	10	0.9090909090909091	0	0.0	0	0.0	9	0.08490566037735849	72	0.6792452830188679	3	0.02830188679245283	22	0.20754716981132076	1	0	0	1	0	0	0	144762144	1	0	0
3107.0	3327	1.0708078532346315	0	0.0	2672	0.8599935629224332	46	0.014805278403604764	375	0.12069520437721275	13	12	113	0.8888888888888888	2	0.15384615384615385	10	0.7692307692307693	0	0.0	1	0.07692307692307693	2	0.16666666666666666	10	0.8333333333333334	0	0.0	0	0.0	5	0.04424778761061947	80	0.7079646017699115	2	0.017699115044247787	26	0.23008849557522124	0	0	1	1	1	0	0	2766841169	0	0	0
4719.0	11272	2.388641661368934	3	0.0006357279084551812	54115	11.467471922017376	244	0.05170586988768807	425	0.09006145369781733	1	7	97	0.0	0	0.0	0	0.0	0	0.0	1	1.0	0	0.0	7	1.0	0	0.0	0	0.0	0	0.0	70	0.7216494845360825	0	0.0	27	0.27835051546391754	1	0	1	1	0	1	0	132457819	0	0	0
3221.0	236	0.07326917106488669	0	0.0	1382	0.42905929835454826	521	0.16175100900341507	1527	0.47407637379695744	20	15	73	0.5714285714285714	2	0.1	17	0.85	0	0.0	1	0.05	0	0.0	14	0.9333333333333333	1	0.06666666666666667	0	0.0	2	0.0273972602739726	52	0.7123287671232876	0	0.0	19	0.2602739726027397	0	0	0	1	1	0	0	2555897181	1	0	1
3454.0	10	0.0028951939779965257	15	0.004342790966994789	10550	3.0544296467863346	1156	0.3346844238563984	1361	0.39403590040532716	15	7	58	0.45454545454545453	2	0.13333333333333333	12	0.8	0	0.0	1	0.06666666666666667	0	0.0	7	1.0	0	0.0	0	0.0	0	0.0	46	0.7931034482758621	0	0.0	12	0.20689655172413793	1	0	0	1	1	1	0	1916953958	1	0	1
4133.0	67	0.016210984756835228	0	0.0	25382	6.1413017178804745	405	0.0979917735301234	317	0.07669973384950399	4	13	33	0.3333333333333333	0	0.0	4	1.0	0	0.0	0	0.0	0	0.0	13	1.0	0	0.0	0	0.0	1	0.030303030303030304	26	0.7878787878787878	0	0.0	6	0.18181818181818182	0	0	0	1	0	0	0	416802154	0	0	0
3437.0	80	0.02327611288914751	0	0.0	1022	0.2973523421588595	118	0.03433226651149258	0	0.0	15	10	18	0.5384615384615384	3	0.2	8	0.5333333333333333	0	0.0	4	0.26666666666666666	0	0.0	9	0.9	0	0.0	1	0.1	3	0.16666666666666666	10	0.5555555555555556	0	0.0	5	0.2777777777777778	1	0	1	1	0	0	0	1964221856	0	0	0
3922.0	5395	1.3755736868944417	10	0.0025497195308516064	40038	10.208567057623661	4589	1.170066292707802	1391	0.35466598674145844	10	10	0	1.0	0	0.0	10	1.0	0	0.0	0	0.0	0	0.0	10	1.0	0	0.0	0	0.0	0	0	0	0	0	0	0	0	1	0	0	1	0	0	0	611657123	1	0	0
4121.0	7	0.0016986168405726766	28	0.006794467362290706	49996	12.132006794467362	9167	2.2244600825042466	9942	2.4125212327105072	8	12	30	0.2	4	0.5	3	0.375	0	0.0	1	0.125	5	0.4166666666666667	6	0.5	0	0.0	1	0.08333333333333333	4	0.13333333333333333	21	0.7	0	0.0	5	0.16666666666666666	0	0	1	0	0	1	0	426501554	1	0	1
3035.0	10200	3.360790774299835	4	0.0013179571663920922	10629	3.502141680395387	1979	0.6520593080724877	235	0.07742998352553541	4	8	70	0.5	1	0.25	3	0.75	0	0.0	0	0.0	4	0.5	3	0.375	0	0.0	1	0.125	8	0.11428571428571428	36	0.5142857142857142	11	0.15714285714285714	15	0.21428571428571427	1	0	1	1	1	1	0	2907579835	0	0	0
4984.0	2879	0.5776484751203852	38	0.007624398073836276	6674	1.3390850722311396	2878	0.5774478330658106	1466	0.29414125200642055	20	15	110	0.8	2	0.1	17	0.85	0	0.0	1	0.05	2	0.13333333333333333	13	0.8666666666666667	0	0.0	0	0.0	7	0.06363636363636363	69	0.6272727272727273	11	0.1	23	0.20909090909090908	0	0	1	1	0	1	0	59073984	1	0	0
3285.0	316	0.09619482496194826	5	0.0015220700152207	408	0.12420091324200913	8	0.0024353120243531205	0	0.0	17	15	131	0.5454545454545454	3	0.17647058823529413	11	0.6470588235294118	0	0.0	3	0.17647058823529413	4	0.26666666666666666	11	0.7333333333333333	0	0.0	0	0.0	7	0.05343511450381679	98	0.7480916030534351	0	0.0	26	0.1984732824427481	0	0	1	1	0	0	0	2394940873	1	0	1
3194.0	2304	0.7213525360050094	1	0.00031308703819661864	3807	1.1919223544145272	188	0.058860363180964305	0	0.0	1	12	9	0.1	0	0.0	1	1.0	0	0.0	0	0.0	0	0.0	12	1.0	0	0.0	0	0.0	0	0.0	8	0.8888888888888888	0	0.0	1	0.1111111111111111	1	0	0	1	1	0	0	2615535057	0	0	0
2735.0	55	0.02010968921389397	2	0.0007312614259597807	1597	0.5839122486288848	220	0.08043875685557587	440	0.16087751371115175	12	13	0	0.6153846153846154	2	0.16666666666666666	9	0.75	0	0.0	1	0.08333333333333333	0	0.0	13	1.0	0	0.0	0	0.0	0	0	0	0	0	0	0	0	1	0	0	1	1	0	0	3599869394	0	0	0
4351.0	7707	1.7713169386347967	122	0.028039531142266146	7862	1.8069409331188233	96	0.02206389335784877	1698	0.3902551137669501	20	9	0	0.1875	2	0.1	17	0.85	0	0.0	1	0.05	1	0.1111111111111111	6	0.6666666666666666	2	0.2222222222222222	0	0.0	0	0	0	0	0	0	0	0	1	0	0	1	0	1	0	283010533	0	0	1
4156.0	795	0.19128970163618864	12	0.0028873917228103944	10690	2.5721847930702597	1102	0.2651588065447546	295	0.07098171318575554	8	8	112	1.0	8	1.0	0	0.0	0	0.0	0	0.0	0	0.0	8	1.0	0	0.0	0	0.0	7	0.0625	81	0.7232142857142857	0	0.0	24	0.21428571428571427	1	0	1	1	0	1	0	400008688	0	0	0
3197.0	27517	8.607131685955583	6	0.001876759461995621	3897	1.2189552705661557	303	0.09477635283077886	336	0.10509852987175478	6	14	27	0.14285714285714285	1	0.16666666666666666	3	0.5	0	0.0	2	0.3333333333333333	0	0.0	14	1.0	0	0.0	0	0.0	3	0.1111111111111111	14	0.5185185185185185	2	0.07407407407407407	8	0.2962962962962963	1	0	1	0	0	1	0	2606949881	0	0	0
5093.0	15785	3.099352051835853	291	0.05713724720204202	114415	22.46514824268604	121843	23.923620655802083	557	0.10936579619085018	11	10	130	0.875	2	0.18181818181818182	8	0.7272727272727273	0	0.0	1	0.09090909090909091	2	0.2	8	0.8	0	0.0	0	0.0	12	0.09230769230769231	89	0.6846153846153846	0	0.0	29	0.2230769230769231	1	0	0	1	0	0	1	28747261	0	0	0
2766.0	1444	0.5220535068691251	1	0.00036153289949385393	2617	0.9461315979754158	80	0.028922631959508314	751	0.27151120751988433	9	9	0	0.7777777777777778	2	0.2222222222222222	6	0.6666666666666666	0	0.0	1	0.1111111111111111	1	0.1111111111111111	7	0.7777777777777778	1	0.1111111111111111	0	0.0	0	0	0	0	0	0	0	0	0	0	0	1	0	0	0	3318703632	1	0	1
3709.0	3255	0.8775950390940954	3	0.0008088433540037746	3759	1.0134807225667295	125	0.033701806416823944	96	0.025882987328120787	6	15	12	0.13333333333333333	1	0.16666666666666666	3	0.5	1	0.16666666666666666	1	0.16666666666666666	1	0.06666666666666667	13	0.8666666666666667	0	0.0	1	0.06666666666666667	2	0.16666666666666666	8	0.6666666666666666	0	0.0	2	0.16666666666666666	0	0	1	1	1	0	0	1097557525	0	0	0
4323.0	203	0.04695813092759658	2	0.0004626416840157298	596	0.13786722183668748	80	0.018505667360629193	859	0.19870460328475595	9	9	0	1.0	1	0.1111111111111111	8	0.8888888888888888	0	0.0	0	0.0	0	0.0	9	1.0	0	0.0	0	0.0	0	0	0	0	0	0	0	0	1	0	0	1	1	0	0	298542616	0	0	0
3724.0	1025	0.2752416756176155	0	0.0	2614	0.7019334049409237	95	0.025510204081632654	401	0.10767991407089152	14	13	0	0.7272727272727273	0	0.0	12	0.8571428571428571	0	0.0	2	0.14285714285714285	0	0.0	12	0.9230769230769231	0	0.0	1	0.07692307692307693	0	0	0	0	0	0	0	0	0	0	0	1	1	0	0	1054172714	1	0	1
4753.0	2	0.00042078687144961075	8	0.001683147485798443	3066	0.6450662739322534	371	0.0780559646539028	723	0.15211445402903429	14	13	60	0.9	2	0.14285714285714285	11	0.7857142857142857	0	0.0	1	0.07142857142857142	0	0.0	13	1.0	0	0.0	0	0.0	6	0.1	49	0.8166666666666667	0	0.0	5	0.08333333333333333	1	0	1	1	1	1	0	121857594	1	0	1
2890.0	1149	0.39757785467128026	1	0.00034602076124567473	2092	0.7238754325259515	101	0.03494809688581315	298	0.10311418685121107	1	11	2	0.0	0	0.0	0	0.0	0	0.0	1	1.0	0	0.0	11	1.0	0	0.0	0	0.0	0	0.0	1	0.5	1	0.5	0	0.0	1	0	1	0	0	0	0	3158451774	0	0	0
2933.0	0	0.0	2	0.0006818956699624957	6314	2.152744630071599	49	0.016706443914081145	1	0.00034094783498124785	17	15	88	0.9090909090909091	3	0.17647058823529413	12	0.7058823529411765	0	0.0	2	0.11764705882352941	3	0.2	12	0.8	0	0.0	0	0.0	7	0.07954545454545454	67	0.7613636363636364	0	0.0	14	0.1590909090909091	0	0	1	1	1	0	0	3061671511	0	0	0
4119.0	12886	3.128429230395727	3611	0.8766690944403982	119354	28.976450594804565	161614	39.236222384073805	826	0.2005341102209274	15	13	153	0.6875	2	0.13333333333333333	10	0.6666666666666666	0	0.0	3	0.2	2	0.15384615384615385	11	0.8461538461538461	0	0.0	0	0.0	28	0.1830065359477124	99	0.6470588235294118	0	0.0	26	0.16993464052287582	0	0	1	0	0	1	1	428140124	0	0	0
4073.0	94210	23.130370734102627	5	0.0012275963663147557	44333	10.884605941566413	760	0.18659464767984288	952	0.23373434814632948	11	8	122	0.23076923076923078	2	0.18181818181818182	9	0.8181818181818182	0	0.0	0	0.0	1	0.125	7	0.875	0	0.0	0	0.0	7	0.05737704918032787	82	0.6721311475409836	2	0.01639344262295082	31	0.2540983606557377	1	0	1	1	0	1	0	468051558	0	0	0
5369.0	25003	4.656919351834606	0	0.0	21979	4.0936859750419075	76	0.014155336189234494	1129	0.21028124417954927	11	10	148	0.875	2	0.18181818181818182	8	0.7272727272727273	0	0.0	1	0.09090909090909091	2	0.2	8	0.8	0	0.0	0	0.0	3	0.02027027027027027	117	0.7905405405405406	0	0.0	28	0.1891891891891892	1	0	0	1	0	0	0	15296102	0	0	0
3732.0	2437	0.6530010718113612	1	0.0002679528403001072	27026	7.241693461950697	786	0.21061093247588425	359	0.09619506966773848	3	5	14	0.5	1	0.3333333333333333	2	0.6666666666666666	0	0.0	0	0.0	0	0.0	4	0.8	1	0.2	0	0.0	0	0.0	12	0.8571428571428571	0	0.0	2	0.14285714285714285	1	0	1	0	0	0	0	1035036276	0	0	0
2921.0	4398	1.5056487504279357	2	0.0006846970215679561	18907	6.472783293392673	849	0.2906538856555974	697	0.23861691201643273	1	10	6	0.0	0	0.0	0	0.0	0	0.0	1	1.0	0	0.0	9	0.9	0	0.0	1	0.1	2	0.3333333333333333	0	0.0	2	0.3333333333333333	2	0.3333333333333333	0	0	0	0	0	0	0	3087722102	0	0	0
4034.0	1805	0.4474467030242935	37	0.00917203767972236	3090	0.7659890927119485	1111	0.27540902330193356	1647	0.4082796232027764	12	12	153	0.8333333333333334	4	0.3333333333333333	7	0.5833333333333334	0	0.0	1	0.08333333333333333	3	0.25	8	0.6666666666666666	0	0.0	1	0.08333333333333333	7	0.0457516339869281	120	0.7843137254901961	0	0.0	26	0.16993464052287582	0	0	1	1	0	1	0	505833082	1	0	0
3605.0	12385	3.435506241331484	3	0.0008321775312066575	9224	2.5586685159500693	207	0.05742024965325936	388	0.10762829403606103	4	13	141	0.3	1	0.25	3	0.75	0	0.0	0	0.0	0	0.0	13	1.0	0	0.0	0	0.0	22	0.15602836879432624	89	0.6312056737588653	0	0.0	30	0.2127659574468085	0	0	1	1	0	1	0	1395091087	0	0	0
3577.0	2869	0.8020687727145652	2	0.0005591277606933184	3301	0.9228403690243221	43	0.012021246854906346	221	0.061783617556611686	5	10	0	0.4444444444444444	1	0.2	4	0.8	0	0.0	0	0.0	2	0.2	4	0.4	4	0.4	0	0.0	0	0	0	0	0	0	0	0	1	0	0	1	1	0	0	1467803281	0	0	0
4410.0	1761	0.39931972789115644	1	0.00022675736961451248	13234	3.000907029478458	1748	0.3963718820861678	436	0.09886621315192744	7	12	26	0.625	1	0.14285714285714285	6	0.8571428571428571	0	0.0	0	0.0	1	0.08333333333333333	11	0.9166666666666666	0	0.0	0	0.0	0	0.0	0	0.0	0	0.0	26	1.0	1	0	1	1	0	0	0	253191835	0	0	0
3977.0	57259	14.397535831028414	1	0.00025144581342720644	5138	1.2919285893889867	182	0.045763138043751574	342	0.0859944681921046	11	11	78	0.75	2	0.18181818181818182	8	0.7272727272727273	0	0.0	1	0.09090909090909091	0	0.0	10	0.9090909090909091	0	0.0	1	0.09090909090909091	17	0.21794871794871795	34	0.4358974358974359	10	0.1282051282051282	17	0.21794871794871795	1	0	1	1	1	0	0	562357919	0	0	0
3454.0	4009	1.160683265778807	1	0.00028951939779965256	3796	1.0990156340474813	595	0.1722640416907933	609	0.17631731325998842	7	10	65	0.5555555555555556	0	0.0	5	0.7142857142857143	0	0.0	2	0.2857142857142857	1	0.1	9	0.9	0	0.0	0	0.0	1	0.015384615384615385	46	0.7076923076923077	5	0.07692307692307693	13	0.2	0	0	1	1	1	0	0	1917806245	0	0	0
2953.0	99	0.03352522858110396	20	0.006772773450728073	5886	1.9932272265492719	621	0.21029461564510668	0	0.0	18	12	89	0.6153846153846154	3	0.16666666666666666	14	0.7777777777777778	0	0.0	1	0.05555555555555555	3	0.25	9	0.75	0	0.0	0	0.0	3	0.033707865168539325	71	0.797752808988764	0	0.0	15	0.16853932584269662	0	0	1	0	0	1	0	3032426165	1	0	1
4087.0	4142	1.013457303645706	13	0.0031808172253486667	4963	1.2143381453388793	388	0.09493516026425251	212	0.051871788597993636	10	10	158	0.5	2	0.2	7	0.7	0	0.0	1	0.1	1	0.1	9	0.9	0	0.0	0	0.0	12	0.0759493670886076	118	0.7468354430379747	4	0.02531645569620253	24	0.1518987341772152	0	0	0	1	1	1	0	455567062	1	0	0
3003.0	200	0.06660006660006661	6	0.001998001998001998	8344	2.7785547785547786	62	0.020646020646020648	51	0.016983016983016984	13	14	0	0.7	2	0.15384615384615385	10	0.7692307692307693	0	0.0	1	0.07692307692307693	2	0.14285714285714285	12	0.8571428571428571	0	0.0	0	0.0	0	0	0	0	0	0	0	0	1	0	0	0	0	0	0	2941331162	0	0	0
4119.0	54519	13.235979606700656	35	0.008497208060208788	84185	20.438213158533625	3722	0.9036173828599174	4644	1.1274581209031318	10	15	155	0.5	1	0.1	8	0.8	0	0.0	1	0.1	0	0.0	13	0.8666666666666667	0	0.0	2	0.13333333333333333	26	0.16774193548387098	80	0.5161290322580645	3	0.01935483870967742	46	0.2967741935483871	1	0	1	0	0	1	0	428238559	0	0	0
4496.0	38115	8.477535587188612	1	0.00022241992882562276	18499	4.114546263345196	657	0.14612989323843417	3624	0.806049822064057	19	12	19	0.14285714285714285	3	0.15789473684210525	12	0.631578947368421	0	0.0	4	0.21052631578947367	2	0.16666666666666666	7	0.5833333333333334	2	0.16666666666666666	1	0.08333333333333333	5	0.2631578947368421	11	0.5789473684210527	0	0.0	3	0.15789473684210525	1	0	1	1	0	0	0	218474212	0	0	0
4368.0	8	0.0018315018315018315	1	0.00022893772893772894	4136	0.9468864468864469	143	0.03273809523809524	293	0.06707875457875458	17	7	54	0.11764705882352941	3	0.17647058823529413	12	0.7058823529411765	0	0.0	2	0.11764705882352941	1	0.14285714285714285	4	0.5714285714285714	2	0.2857142857142857	0	0.0	2	0.037037037037037035	39	0.7222222222222222	0	0.0	13	0.24074074074074073	1	0	0	1	0	0	0	274556648	0	0	0
4222.0	19649	4.653955471340597	1	0.00023685457129322596	33250	7.875414495499763	1126	0.2666982472761724	902	0.21364282330648982	10	9	15	0.14285714285714285	2	0.2	7	0.7	0	0.0	1	0.1	0	0.0	7	0.7777777777777778	2	0.2222222222222222	0	0.0	0	0.0	12	0.8	0	0.0	3	0.2	1	0	1	1	1	0	0	360818412	0	0	0
4207.0	756	0.17970049916805325	7	0.0016638935108153079	106913	25.413120988828144	2331	0.5540765391014975	1238	0.2942714523413359	3	12	37	0.375	1	0.3333333333333333	2	0.6666666666666666	0	0.0	0	0.0	0	0.0	12	1.0	0	0.0	0	0.0	14	0.3783783783783784	9	0.24324324324324326	0	0.0	14	0.3783783783783784	1	0	1	1	0	0	0	369223407	0	0	0
2966.0	8	0.0026972353337828725	3	0.0010114632501685772	657	0.22151045178691842	53	0.01786918408631153	105	0.035401213755900204	16	12	0	0.3333333333333333	2	0.125	13	0.8125	0	0.0	1	0.0625	1	0.08333333333333333	11	0.9166666666666666	0	0.0	0	0.0	0	0	0	0	0	0	0	0	0	0	1	1	1	1	0	3006064373	0	0	0
3554.0	0	0.0	0	0.0	1421	0.39983117613956104	12	0.0033764772087788407	105	0.029544175576814855	13	11	19	0.5	2	0.15384615384615385	10	0.7692307692307693	0	0.0	1	0.07692307692307693	4	0.36363636363636365	6	0.5454545454545454	1	0.09090909090909091	0	0.0	2	0.10526315789473684	13	0.6842105263157895	0	0.0	4	0.21052631578947367	0	0	0	1	1	0	0	1536911095	1	0	1
2745.0	68069	24.79744990892532	504	0.18360655737704917	17053	6.212386156648452	230944	84.13260473588342	3831	1.3956284153005465	24	15	60	0.7857142857142857	3	0.125	19	0.7916666666666666	0	0.0	2	0.08333333333333333	0	0.0	15	1.0	0	0.0	0	0.0	2	0.03333333333333333	43	0.7166666666666667	0	0.0	15	0.25	1	0	1	0	0	0	1	3496371972	0	0	0
3299.0	48036	14.560775992725068	5	0.001515610791148833	6318	1.9151257956956653	275	0.08335859351318581	279	0.08457108214610488	15	14	94	0.9166666666666666	2	0.13333333333333333	12	0.8	0	0.0	1	0.06666666666666667	2	0.14285714285714285	12	0.8571428571428571	0	0.0	0	0.0	11	0.11702127659574468	59	0.6276595744680851	2	0.02127659574468085	22	0.23404255319148937	0	0	0	1	1	0	0	2370725665	0	0	0
3993.0	2803	0.7019784623090408	7	0.001753067868770348	16718	4.186826947157526	326	0.08164287503130478	987	0.24718256949661907	18	10	156	0.4117647058823529	2	0.1111111111111111	7	0.3888888888888889	0	0.0	9	0.5	0	0.0	9	0.9	0	0.0	1	0.1	15	0.09615384615384616	111	0.7115384615384616	0	0.0	30	0.19230769230769232	1	0	1	1	1	1	0	548480809	0	0	0
2738.0	1675	0.6117604090577063	0	0.0	1672	0.6106647187728269	16	0.005843681519357195	5	0.0018261504747991235	14	14	0	0.8333333333333334	2	0.14285714285714285	11	0.7857142857142857	0	0.0	1	0.07142857142857142	0	0.0	13	0.9285714285714286	0	0.0	1	0.07142857142857142	0	0	0	0	0	0	0	0	0	0	0	1	1	0	0	3566757674	1	0	1
4900.0	1236	0.2522448979591837	209	0.042653061224489794	7017	1.4320408163265306	4605	0.939795918367347	858	0.17510204081632652	18	15	34	0.47058823529411764	2	0.1111111111111111	15	0.8333333333333334	0	0.0	1	0.05555555555555555	3	0.2	11	0.7333333333333333	0	0.0	1	0.06666666666666667	4	0.11764705882352941	25	0.7352941176470589	0	0.0	5	0.14705882352941177	1	0	1	0	0	1	0	82323247	1	0	0
3048.0	164	0.05380577427821522	0	0.0	7266	2.3838582677165356	29	0.009514435695538058	7	0.0022965879265091863	13	13	0	0.8181818181818182	2	0.15384615384615385	10	0.7692307692307693	0	0.0	1	0.07692307692307693	0	0.0	12	0.9230769230769231	0	0.0	1	0.07692307692307693	0	0	0	0	0	0	0	0	0	0	0	1	1	0	0	2868782895	1	0	1
3930.0	595	0.15139949109414758	4	0.0010178117048346056	10393	2.644529262086514	209	0.053180661577608146	510	0.1297709923664122	11	14	0	0.7272727272727273	2	0.18181818181818182	8	0.7272727272727273	0	0.0	1	0.09090909090909091	0	0.0	14	1.0	0	0.0	0	0.0	0	0	0	0	0	0	0	0	1	0	1	1	0	0	0	604710704	0	0	0
2798.0	5301	1.8945675482487492	12	0.004288777698355968	65489	23.40564689063617	2101	0.7508934953538242	570	0.20371694067190851	15	12	0	0.2857142857142857	14	0.9333333333333333	0	0.0	0	0.0	1	0.06666666666666667	0	0.0	12	1.0	0	0.0	0	0.0	0	0	0	0	0	0	0	0	1	0	0	1	1	0	0	3282462541	1	0	0
3658.0	50869	13.906232914160743	13	0.003553854565336249	25524	6.977583378895571	3206	0.8764352104975396	1253	0.34253690541279386	13	14	0	0.8181818181818182	0	0.0	12	0.9230769230769231	0	0.0	1	0.07692307692307693	0	0.0	12	0.8571428571428571	2	0.14285714285714285	0	0.0	0	0	0	0	0	0	0	0	1	0	1	1	1	0	0	1254516558	0	0	0
2766.0	2	0.0007230657989877079	10	0.0036153289949385392	1561	0.564352856109906	883	0.31923355025307304	0	0.0	15	13	63	0.9	4	0.26666666666666666	9	0.6	0	0.0	2	0.13333333333333333	2	0.15384615384615385	11	0.8461538461538461	0	0.0	0	0.0	5	0.07936507936507936	44	0.6984126984126984	0	0.0	14	0.2222222222222222	0	0	0	1	1	1	0	3430082386	1	0	0
5028.0	871	0.17322991249005568	130	0.025855210819411296	42451	8.442919649960222	2090	0.4156722354813047	2564	0.5099443118536198	11	10	96	0.9	2	0.18181818181818182	8	0.7272727272727273	0	0.0	1	0.09090909090909091	2	0.2	8	0.8	0	0.0	0	0.0	8	0.08333333333333333	68	0.7083333333333334	0	0.0	20	0.20833333333333334	0	0	1	1	1	1	0	45459291	1	0	1
3414.0	11514	3.3725834797891037	25	0.007322788517867604	70750	20.72349150556532	3095	0.9065612185120093	0	0.0	16	13	99	0.2777777777777778	0	0.0	5	0.3125	0	0.0	11	0.6875	2	0.15384615384615385	11	0.8461538461538461	0	0.0	0	0.0	3	0.030303030303030304	0	0.0	0	0.0	96	0.9696969696969697	0	0	0	1	1	0	0	2173167453	0	0	0
4272.0	415	0.09714419475655431	7	0.0016385767790262173	3175	0.7432116104868914	195	0.04564606741573034	286	0.06694756554307116	14	15	41	0.9	3	0.21428571428571427	11	0.7857142857142857	0	0.0	0	0.0	4	0.26666666666666666	11	0.7333333333333333	0	0.0	0	0.0	6	0.14634146341463414	25	0.6097560975609756	0	0.0	10	0.24390243902439024	0	0	0	1	0	0	0	329361249	0	0	0
3966.0	4762	1.2007060010085728	0	0.0	2589	0.6527987897125568	93	0.023449319213313162	123	0.031013615733736764	5	8	50	0.0	1	0.2	4	0.8	0	0.0	0	0.0	2	0.25	6	0.75	0	0.0	0	0.0	1	0.02	38	0.76	0	0.0	11	0.22	0	0	1	1	0	0	0	572204901	0	0	0
3611.0	0	0.0	17	0.004707837164220438	14962	4.143450567709776	14250	3.946275270008308	6	0.001661589587371919	11	10	35	0.45454545454545453	2	0.18181818181818182	8	0.7272727272727273	0	0.0	1	0.09090909090909091	0	0.0	10	1.0	0	0.0	0	0.0	0	0.0	30	0.8571428571428571	0	0.0	5	0.14285714285714285	0	0	1	1	0	1	0	1378871144	1	0	1
2777.0	328	0.11811307166006482	1	0.00036010082823190496	1994	0.7180410514944184	21	0.007562117392870004	98	0.03528988116672668	11	14	11	0.6666666666666666	0	0.0	11	1.0	0	0.0	0	0.0	0	0.0	11	0.7857142857142857	3	0.21428571428571427	0	0.0	1	0.09090909090909091	7	0.6363636363636364	0	0.0	3	0.2727272727272727	0	0	1	0	0	0	0	3308496744	0	0	0
2960.0	24161	8.1625	1	0.00033783783783783786	2653	0.8962837837837838	194	0.06554054054054054	510	0.17229729729729729	4	15	2	0.2727272727272727	1	0.25	3	0.75	0	0.0	0	0.0	0	0.0	13	0.8666666666666667	1	0.06666666666666667	1	0.06666666666666667	0	0.0	0	0.0	0	0.0	2	1.0	1	0	1	1	1	1	0	3020613483	0	0	0
2686.0	0	0.0	0	0.0	534	0.19880863737900223	9	0.0033507073715562173	103	0.0383469843633656	14	12	0	0.2857142857142857	2	0.14285714285714285	10	0.7142857142857143	0	0.0	2	0.14285714285714285	1	0.08333333333333333	10	0.8333333333333334	1	0.08333333333333333	0	0.0	0	0	0	0	0	0	0	0	0	0	0	1	1	0	0	4128024430	1	0	0
3709.0	2	0.0005392289026691831	13	0.00350498786734969	43424	11.707737934753302	162	0.04367754111620383	96	0.025882987328120787	8	10	0	0.6	2	0.25	5	0.625	0	0.0	1	0.125	2	0.2	7	0.7	0	0.0	1	0.1	0	0	0	0	0	0	0	0	0	0	1	1	1	1	0	1097590657	1	0	0
4437.0	29307	6.605138607167005	8	0.001803020058598152	15669	3.5314401622718052	331	0.07459995492449853	2376	0.5354969574036511	13	11	143	0.5	0	0.0	12	0.9230769230769231	0	0.0	1	0.07692307692307693	0	0.0	11	1.0	0	0.0	0	0.0	7	0.04895104895104895	111	0.7762237762237763	0	0.0	25	0.17482517482517482	1	0	1	1	1	0	0	240576397	0	0	0
3986.0	1873	0.4698946312092323	14	0.0035122930255895636	4727	1.1859006522829905	20	0.005017561465127948	1384	0.347215253386854	11	10	118	0.35714285714285715	0	0.0	10	0.9090909090909091	0	0.0	1	0.09090909090909091	0	0.0	8	0.8	2	0.2	0	0.0	3	0.025423728813559324	97	0.8220338983050848	0	0.0	18	0.15254237288135594	0	0	1	1	1	0	0	554067867	1	0	1
4095.0	34302	8.376556776556777	2	0.0004884004884004884	12946	3.1614163614163613	515	0.12576312576312576	1046	0.2554334554334554	15	10	152	0.5384615384615384	1	0.06666666666666667	13	0.8666666666666667	0	0.0	1	0.06666666666666667	0	0.0	10	1.0	0	0.0	0	0.0	0	0.0	113	0.743421052631579	0	0.0	39	0.2565789473684211	1	0	1	1	1	0	0	448997280	0	0	0
4054.0	14617	3.6055747409965466	3	0.0007400098667982239	41811	10.313517513566847	237	0.058460779477059695	286	0.07054760730143068	8	9	59	0.06666666666666667	3	0.375	3	0.375	0	0.0	2	0.25	9	1.0	0	0.0	0	0.0	0	0.0	2	0.03389830508474576	41	0.6949152542372882	2	0.03389830508474576	14	0.23728813559322035	1	0	1	1	1	0	0	486123433	0	0	0
3925.0	2588	0.6593630573248408	1	0.00025477707006369424	14630	3.727388535031847	270	0.06878980891719745	188	0.04789808917197452	13	12	1	0.7	2	0.15384615384615385	9	0.6923076923076923	0	0.0	2	0.15384615384615385	0	0.0	11	0.9166666666666666	0	0.0	1	0.08333333333333333	0	0.0	0	0.0	0	0.0	1	1.0	1	0	0	1	0	0	0	609101738	0	0	0
3864.0	6665	1.724896480331263	11	0.002846790890269151	5256	1.360248447204969	497	0.1286231884057971	558	0.14440993788819875	12	8	110	0.5	2	0.16666666666666666	9	0.75	0	0.0	1	0.08333333333333333	2	0.25	6	0.75	0	0.0	0	0.0	8	0.07272727272727272	82	0.7454545454545455	0	0.0	20	0.18181818181818182	0	0	0	1	1	0	0	759916501	0	0	0
3610.0	1	0.0002770083102493075	0	0.0	5493	1.521606648199446	7	0.0019390581717451524	13	0.003601108033240997	14	12	0	0.5454545454545454	3	0.21428571428571427	9	0.6428571428571429	0	0.0	2	0.14285714285714285	0	0.0	11	0.9166666666666666	0	0.0	1	0.08333333333333333	0	0	0	0	0	0	0	0	0	0	0	1	0	0	0	1383114716	1	0	1
5605.0	9162	1.6346119536128456	367	0.06547725245316681	32476	5.794112399643176	38088	6.795361284567351	1813	0.3234611953612846	5	5	99	1.0	5	1.0	0	0.0	0	0.0	0	0.0	5	1.0	0	0.0	0	0.0	0	0.0	5	0.050505050505050504	74	0.7474747474747475	0	0.0	20	0.20202020202020202	1	0	1	0	0	1	1	10086382	1	0	0
5133.0	20097	3.9152542372881354	35	0.006818624586012079	20740	4.040522111825443	1683	0.3278784336645237	4538	0.8840833820377947	9	12	109	0.3076923076923077	2	0.2222222222222222	6	0.6666666666666666	0	0.0	1	0.1111111111111111	0	0.0	10	0.8333333333333334	2	0.16666666666666666	0	0.0	5	0.045871559633027525	72	0.6605504587155964	0	0.0	32	0.29357798165137616	1	0	1	1	0	0	0	21637115	0	0	0
4921.0	311666	63.33387522861207	29	0.005893111156269051	54215	11.017069701280228	2906	0.5905303800040642	4222	0.8579557000609632	16	12	143	0.6923076923076923	2	0.125	13	0.8125	0	0.0	1	0.0625	0	0.0	11	0.9166666666666666	0	0.0	1	0.08333333333333333	11	0.07692307692307693	104	0.7272727272727273	0	0.0	28	0.1958041958041958	1	0	1	1	0	0	0	76654598	0	0	0
3731.0	11229	3.009648887697668	0	0.0	9799	2.6263736263736264	298	0.07987134816403109	331	0.08871616188689359	10	8	24	0.25	1	0.1	7	0.7	0	0.0	2	0.2	0	0.0	8	1.0	0	0.0	0	0.0	0	0.0	15	0.625	0	0.0	9	0.375	1	0	0	1	1	0	0	1036593168	0	0	0
2763.0	222	0.08034744842562432	31	0.011219688744118711	5096	1.8443720593557726	2721	0.9847991313789359	76	0.027506333695258775	25	11	158	0.6	7	0.28	14	0.56	0	0.0	4	0.16	7	0.6363636363636364	4	0.36363636363636365	0	0.0	0	0.0	19	0.12025316455696203	102	0.6455696202531646	4	0.02531645569620253	33	0.2088607594936709	1	0	1	1	0	1	0	3322210328	1	0	0
4404.0	9225	2.094686648501362	84	0.01907356948228883	25771	5.85172570390554	22574	5.125794732061762	558	0.12670299727520437	12	13	97	0.8181818181818182	11	0.9166666666666666	0	0.0	0	0.0	1	0.08333333333333333	2	0.15384615384615385	9	0.6923076923076923	2	0.15384615384615385	0	0.0	17	0.17525773195876287	63	0.6494845360824743	0	0.0	17	0.17525773195876287	1	0	1	1	0	1	0	255797289	0	0	0
3874.0	6885	1.777232834279814	2	0.0005162622612287042	4183	1.0797625193598348	145	0.03742901393908105	353	0.09112028910686629	3	11	0	0.1	1	0.3333333333333333	2	0.6666666666666666	0	0.0	0	0.0	0	0.0	10	0.9090909090909091	0	0.0	1	0.09090909090909091	0	0	0	0	0	0	0	0	0	0	0	1	0	0	0	739043384	0	0	0
3026.0	3	0.0009914077990746861	18	0.005948446794448116	8833	2.919035029742234	4456	1.472571050892267	4842	1.6001321877065433	16	10	0	0.46153846153846156	3	0.1875	11	0.6875	0	0.0	2	0.125	2	0.2	8	0.8	0	0.0	0	0.0	0	0	0	0	0	0	0	0	0	0	0	1	1	0	0	2900371521	1	0	1
3933.0	10005	2.543859649122807	2	0.0005085176709890668	9866	2.508517670989067	237	0.060259344012204424	358	0.09102466310704296	7	14	46	0.3076923076923077	2	0.2857142857142857	4	0.5714285714285714	0	0.0	1	0.14285714285714285	0	0.0	14	1.0	0	0.0	0	0.0	2	0.043478260869565216	30	0.6521739130434783	3	0.06521739130434782	11	0.2391304347826087	1	0	1	1	0	0	0	601942084	0	0	0
4038.0	189819	47.00817236255572	88	0.021792966815255076	63335	15.68474492322932	3503	0.8675086676572561	1255	0.3107974244675582	10	9	150	0.8571428571428571	2	0.2	7	0.7	0	0.0	1	0.1	2	0.2222222222222222	7	0.7777777777777778	0	0.0	0	0.0	3	0.02	114	0.76	0	0.0	33	0.22	1	0	0	1	0	1	0	500934727	0	0	0
4895.0	2	0.00040858018386108274	6	0.0012257405515832482	1285	0.26251276813074564	311	0.06353421859039837	875	0.1787538304392237	18	15	160	0.9	3	0.16666666666666666	12	0.6666666666666666	0	0.0	3	0.16666666666666666	3	0.2	12	0.8	0	0.0	0	0.0	5	0.03125	130	0.8125	0	0.0	25	0.15625	1	0	1	0	0	1	0	83683408	1	0	1
4893.0	1324	0.27059063968935215	19	0.003883098303699162	7903	1.6151645207439198	537	0.10974862047823421	720	0.14714898835070508	17	10	143	0.6	2	0.11764705882352941	14	0.8235294117647058	0	0.0	1	0.058823529411764705	0	0.0	10	1.0	0	0.0	0	0.0	13	0.09090909090909091	99	0.6923076923076923	0	0.0	31	0.21678321678321677	1	0	1	0	0	1	0	83994707	0	0	0
3176.0	1103	0.3472921914357683	3	0.0009445843828715365	1241	0.39074307304785894	76	0.02392947103274559	53	0.016687657430730477	2	7	30	0.3333333333333333	2	1.0	0	0.0	0	0.0	0	0.0	0	0.0	7	1.0	0	0.0	0	0.0	3	0.1	14	0.4666666666666667	4	0.13333333333333333	9	0.3	1	0	0	1	0	1	0	2602920025	0	0	0
2781.0	1183	0.4253865516001438	1	0.0003595828838547285	1963	0.705861201006832	119	0.042790363178712695	485	0.17439769866954333	10	10	60	0.7777777777777778	1	0.1	8	0.8	0	0.0	1	0.1	1	0.1	8	0.8	1	0.1	0	0.0	1	0.016666666666666666	45	0.75	0	0.0	14	0.23333333333333334	0	0	1	1	1	0	0	3401279579	0	0	0
2918.0	102	0.03495544893762851	5	0.0017135023989033585	3982	1.3646333104866346	274	0.09389993145990404	859	0.29437971213159697	22	14	156	0.7333333333333333	4	0.18181818181818182	15	0.6818181818181818	0	0.0	3	0.13636363636363635	0	0.0	14	1.0	0	0.0	0	0.0	3	0.019230769230769232	130	0.8333333333333334	0	0.0	23	0.14743589743589744	0	0	1	1	1	1	0	3098421349	1	0	1
2831.0	0	0.0	0	0.0	824	0.2910632285411515	5	0.0017661603673613563	0	0.0	8	10	51	0.8571428571428571	0	0.0	8	1.0	0	0.0	0	0.0	0	0.0	10	1.0	0	0.0	0	0.0	3	0.058823529411764705	33	0.6470588235294118	4	0.0784313725490196	11	0.21568627450980393	0	0	0	1	1	1	0	3244714110	1	0	0
2790.0	172	0.06164874551971326	0	0.0	540	0.1935483870967742	70	0.025089605734767026	82	0.02939068100358423	19	13	57	0.09090909090909091	1	0.05263157894736842	6	0.3157894736842105	0	0.0	12	0.631578947368421	0	0.0	9	0.6923076923076923	4	0.3076923076923077	0	0.0	1	0.017543859649122806	46	0.8070175438596491	0	0.0	10	0.17543859649122806	0	0	1	1	1	0	0	3292981394	0	0	0
2661.0	0	0.0	1	0.0003757985719654265	557	0.20931980458474259	128	0.048102217211574594	358	0.13453588876362269	11	7	0	0.3	2	0.18181818181818182	8	0.7272727272727273	0	0.0	1	0.09090909090909091	0	0.0	7	1.0	0	0.0	0	0.0	0	0	0	0	0	0	0	0	0	0	0	1	1	0	0	4415645845	0	0	1
4055.0	38	0.0093711467324291	10	0.002466091245376079	3726	0.918865598027127	1715	0.42293464858199753	217	0.053514180024660914	5	13	134	0.5555555555555556	1	0.2	4	0.8	0	0.0	0	0.0	0	0.0	13	1.0	0	0.0	0	0.0	3	0.022388059701492536	104	0.7761194029850746	2	0.014925373134328358	25	0.1865671641791045	0	0	1	1	0	1	0	484698262	1	0	0
3512.0	27296	7.7722095671981775	2	0.0005694760820045558	40970	11.665717539863326	97	0.027619589977220957	541	0.15404328018223234	16	15	125	0.9	2	0.125	13	0.8125	0	0.0	1	0.0625	0	0.0	15	1.0	0	0.0	0	0.0	12	0.096	87	0.696	0	0.0	26	0.208	1	0	1	1	0	1	0	1639245974	1	0	1
3274.0	29269	8.939828955406231	0	0.0	20238	6.181429444105071	253	0.07727550397067807	727	0.22205253512522907	11	12	102	0.8333333333333334	2	0.18181818181818182	8	0.7272727272727273	0	0.0	1	0.09090909090909091	2	0.16666666666666666	9	0.75	0	0.0	1	0.08333333333333333	10	0.09803921568627451	43	0.4215686274509804	20	0.19607843137254902	29	0.28431372549019607	1	0	1	1	1	0	0	2442864796	1	0	1
4263.0	1119	0.2624912033779029	15	0.003518648838845883	48025	11.265540699038237	34242	8.032371569317382	1020	0.23926812104152007	1	13	45	0.0	0	0.0	0	0.0	0	0.0	1	1.0	2	0.15384615384615385	11	0.8461538461538461	0	0.0	0	0.0	1	0.022222222222222223	33	0.7333333333333333	0	0.0	11	0.24444444444444444	1	0	1	0	0	0	0	334653607	0	0	0
4689.0	223	0.04755811473661761	18	0.003838771593090211	3172	0.6764768607378973	734	0.15653657496267862	82	0.01748773725741096	13	13	91	1.0	2	0.15384615384615385	11	0.8461538461538461	0	0.0	0	0.0	2	0.15384615384615385	11	0.8461538461538461	0	0.0	0	0.0	15	0.16483516483516483	54	0.5934065934065934	2	0.02197802197802198	20	0.21978021978021978	0	0	1	0	0	1	0	143599785	0	0	0
3697.0	64	0.017311333513659724	86	0.023262104408980255	28588	7.732756288882878	38982	10.544225047335678	36	0.009737625101433596	10	7	14	0.6666666666666666	2	0.2	7	0.7	0	0.0	1	0.1	1	0.14285714285714285	5	0.7142857142857143	1	0.14285714285714285	0	0.0	3	0.21428571428571427	10	0.7142857142857143	0	0.0	1	0.07142857142857142	0	0	1	1	1	1	0	1131784363	1	0	1
4053.0	1883	0.46459412780656306	4	0.0009869232667160128	3792	0.9356032568467801	90	0.02220577350111029	697	0.17197137922526523	13	15	0	0.4666666666666667	2	0.15384615384615385	10	0.7692307692307693	0	0.0	1	0.07692307692307693	1	0.06666666666666667	14	0.9333333333333333	0	0.0	0	0.0	0	0	0	0	0	0	0	0	0	0	0	1	0	0	0	486893755	0	0	0
2793.0	0	0.0	0	0.0	1029	0.3684210526315789	2	0.0007160759040458289	0	0.0	14	13	0	0.7857142857142857	2	0.14285714285714285	11	0.7857142857142857	0	0.0	1	0.07142857142857142	2	0.15384615384615385	10	0.7692307692307693	1	0.07692307692307693	0	0.0	0	0	0	0	0	0	0	0	0	0	0	1	1	0	0	3387713409	1	0	0
4964.0	11193	2.2548348106365834	4	0.0008058017727639	11707	2.3583803384367448	272	0.0547945205479452	361	0.07272360999194198	10	10	127	0.4166666666666667	2	0.2	7	0.7	0	0.0	1	0.1	0	0.0	10	1.0	0	0.0	0	0.0	7	0.05511811023622047	51	0.4015748031496063	2	0.015748031496062992	67	0.5275590551181102	1	0	1	1	0	0	0	64596170	0	0	0
4885.0	3685	0.7543500511770727	2	0.00040941658137154553	26994	5.525895598771751	406	0.08311156601842375	844	0.17277379733879222	15	12	93	0.8	4	0.26666666666666666	8	0.5333333333333333	0	0.0	3	0.2	4	0.3333333333333333	8	0.6666666666666666	0	0.0	0	0.0	27	0.2903225806451613	39	0.41935483870967744	0	0.0	27	0.2903225806451613	0	0	0	1	0	0	0	86026453	0	0	0
4344.0	2057	0.4735267034990792	6	0.0013812154696132596	61857	14.2396408839779	6352	1.4622467771639043	700	0.16114180478821363	15	9	0	0.14285714285714285	2	0.13333333333333333	12	0.8	0	0.0	1	0.06666666666666667	1	0.1111111111111111	8	0.8888888888888888	0	0.0	0	0.0	0	0	0	0	0	0	0	0	1	0	0	1	0	0	0	286812376	0	0	0
2794.0	1085	0.3883321403006442	2	0.0007158196134574087	2166	0.7752326413743736	208	0.0744452397995705	671	0.24015748031496062	17	13	48	0.6666666666666666	2	0.11764705882352941	14	0.8235294117647058	0	0.0	1	0.058823529411764705	2	0.15384615384615385	11	0.8461538461538461	0	0.0	0	0.0	5	0.10416666666666667	34	0.7083333333333334	0	0.0	9	0.1875	0	0	1	1	1	0	0	3385862362	0	0	0
4235.0	56	0.013223140495867768	5	0.0011806375442739079	8058	1.90271546635183	149	0.03518299881936245	15	0.0035419126328217238	17	14	44	0.8333333333333334	2	0.11764705882352941	14	0.8235294117647058	0	0.0	1	0.058823529411764705	2	0.14285714285714285	12	0.8571428571428571	0	0.0	0	0.0	3	0.06818181818181818	31	0.7045454545454546	0	0.0	10	0.22727272727272727	1	0	1	1	0	0	0	352200933	0	0	1
3295.0	23907	7.2555386949924126	166	0.050379362670713204	14165	4.298937784522003	10378	3.1496206373292868	370	0.11229135053110774	17	10	149	0.5833333333333334	2	0.11764705882352941	14	0.8235294117647058	0	0.0	1	0.058823529411764705	3	0.3	7	0.7	0	0.0	0	0.0	21	0.14093959731543623	94	0.6308724832214765	1	0.006711409395973154	33	0.2214765100671141	1	0	1	1	1	1	1	2377771243	0	0	0
3535.0	27133	7.6755304101838755	2	0.0005657708628005657	1503	0.42517680339462516	264	0.07468175388967468	926	0.26195190947666197	4	13	0	0.2727272727272727	1	0.25	3	0.75	0	0.0	0	0.0	0	0.0	13	1.0	0	0.0	0	0.0	0	0	0	0	0	0	0	0	0	0	0	1	1	0	0	1583016193	0	0	0
4195.0	2172	0.5177592371871276	0	0.0	52379	12.48605482717521	1109	0.26436233611442195	1008	0.24028605482717522	19	12	33	0.23529411764705882	3	0.15789473684210525	11	0.5789473684210527	0	0.0	5	0.2631578947368421	3	0.25	9	0.75	0	0.0	0	0.0	10	0.30303030303030304	19	0.5757575757575758	0	0.0	4	0.12121212121212122	0	0	0	1	0	1	0	376482052	0	0	0
4659.0	56771	12.185232882592832	49	0.010517278385919725	77066	16.541317879373256	1440	0.30907920154539603	2194	0.4709165056879159	18	8	125	0.0	0	0.0	0	0.0	0	0.0	18	1.0	0	0.0	6	0.75	2	0.25	0	0.0	7	0.056	23	0.184	0	0.0	95	0.76	0	0	1	1	1	0	0	154773766	0	0	0
3157.0	6519	2.064935064935065	2	0.0006335128286347799	4891	1.549255622426354	398	0.12606905289832118	423	0.13398796325625595	12	8	27	0.14285714285714285	2	0.16666666666666666	8	0.6666666666666666	0	0.0	2	0.16666666666666666	2	0.25	6	0.75	0	0.0	0	0.0	0	0.0	20	0.7407407407407407	0	0.0	7	0.25925925925925924	0	0	0	1	1	1	0	2675222804	0	0	0
4305.0	244	0.056678281068524974	1	0.00023228803716608595	33658	7.81835075493612	1246	0.2894308943089431	957	0.22229965156794426	7	13	24	0.14285714285714285	4	0.5714285714285714	0	0.0	0	0.0	3	0.42857142857142855	0	0.0	13	1.0	0	0.0	0	0.0	0	0.0	19	0.7916666666666666	0	0.0	5	0.20833333333333334	1	0	0	1	0	1	0	309324061	0	0	0
2757.0	0	0.0	13	0.004715270221254987	366	0.13275299238302501	8	0.0029017047515415306	587	0.21291258614435982	7	10	109	0.875	3	0.42857142857142855	4	0.5714285714285714	0	0.0	0	0.0	3	0.3	6	0.6	0	0.0	1	0.1	6	0.05504587155963303	82	0.7522935779816514	1	0.009174311926605505	20	0.1834862385321101	0	0	1	1	1	1	0	3454511422	1	0	1
5289.0	58718	11.1019096237474	23	0.004348648137644167	24400	4.613348459065986	1179	0.22291548496880317	1227	0.2319909245604084	16	10	119	0.45454545454545453	0	0.0	15	0.9375	0	0.0	1	0.0625	0	0.0	10	1.0	0	0.0	0	0.0	15	0.12605042016806722	84	0.7058823529411765	0	0.0	20	0.16806722689075632	0	0	1	1	0	0	0	16378198	0	0	0
4357.0	7268	1.6681202662382373	9	0.0020656414964425065	18743	4.301813174202433	360	0.08262565985770025	601	0.13793894881799404	13	12	94	0.23529411764705882	2	0.15384615384615385	10	0.7692307692307693	0	0.0	1	0.07692307692307693	0	0.0	12	1.0	0	0.0	0	0.0	8	0.0851063829787234	66	0.7021276595744681	2	0.02127659574468085	18	0.19148936170212766	0	0	1	1	0	1	0	280160615	0	0	0
3075.0	2790	0.9073170731707317	1	0.0003252032520325203	3245	1.0552845528455284	495	0.16097560975609757	857	0.2786991869918699	13	13	100	0.42857142857142855	2	0.15384615384615385	10	0.7692307692307693	0	0.0	1	0.07692307692307693	0	0.0	10	0.7692307692307693	2	0.15384615384615385	1	0.07692307692307693	10	0.1	66	0.66	0	0.0	24	0.24	1	0	0	1	1	0	0	2826791273	0	0	0
2704.0	19658	7.269970414201183	3	0.0011094674556213018	20024	7.405325443786983	498	0.1841715976331361	1244	0.46005917159763315	12	11	157	0.25	0	0.0	4	0.3333333333333333	0	0.0	8	0.6666666666666666	3	0.2727272727272727	8	0.7272727272727273	0	0.0	0	0.0	14	0.08917197452229299	108	0.6878980891719745	0	0.0	35	0.2229299363057325	1	0	1	1	0	1	0	3944737160	0	0	0
4989.0	58	0.011625576267789137	5	0.0010022048506714773	15486	3.1040288634996993	235	0.04710362798155943	0	0.0	4	9	145	0.1	2	0.5	2	0.5	0	0.0	0	0.0	2	0.2222222222222222	4	0.4444444444444444	3	0.3333333333333333	0	0.0	32	0.2206896551724138	79	0.5448275862068965	6	0.041379310344827586	28	0.19310344827586207	0	0	1	1	0	0	0	57616787	0	0	0
3344.0	178	0.053229665071770335	3	0.0008971291866028708	5818	1.7398325358851674	39	0.01166267942583732	14	0.004186602870813397	8	8	0	1.0	2	0.25	6	0.75	0	0.0	0	0.0	2	0.25	6	0.75	0	0.0	0	0.0	0	0	0	0	0	0	0	0	0	0	0	0	0	0	0	2295261625	1	0	0
4055.0	266	0.0655980271270037	87	0.021454993834771886	64118	15.812083847102343	332	0.08187422934648582	32	0.007891491985203452	15	13	35	0.29411764705882354	2	0.13333333333333333	12	0.8	0	0.0	1	0.06666666666666667	0	0.0	11	0.8461538461538461	2	0.15384615384615385	0	0.0	29	0.8285714285714286	0	0.0	0	0.0	6	0.17142857142857143	1	0	0	1	1	0	0	484731323	0	0	0
4432.0	36	0.008122743682310469	3	0.0006768953068592057	29790	6.721570397111913	391	0.08822202166064982	52	0.011732851985559567	14	13	156	0.8888888888888888	13	0.9285714285714286	0	0.0	0	0.0	1	0.07142857142857142	1	0.07692307692307693	12	0.9230769230769231	0	0.0	0	0.0	9	0.057692307692307696	111	0.7115384615384616	6	0.038461538461538464	30	0.19230769230769232	0	0	1	1	0	1	0	242821575	1	0	1
3439.0	41	0.0119220703692934	2	0.0005815644082582146	1559	0.45332945623727827	133	0.03867403314917127	125	0.036347775516138416	11	14	55	0.6666666666666666	2	0.18181818181818182	8	0.7272727272727273	0	0.0	1	0.09090909090909091	3	0.21428571428571427	11	0.7857142857142857	0	0.0	0	0.0	5	0.09090909090909091	25	0.45454545454545453	10	0.18181818181818182	15	0.2727272727272727	0	0	1	1	1	1	0	1961028044	1	0	0
2654.0	19	0.007159005275056519	0	0.0	305	0.11492087415222306	18	0.006782215523737754	17	0.00640542577241899	9	12	27	0.7777777777777778	0	0.0	9	1.0	0	0.0	0	0.0	0	0.0	9	0.75	3	0.25	0	0.0	6	0.2222222222222222	16	0.5925925925925926	0	0.0	5	0.18518518518518517	0	0	1	1	0	0	0	4494944719	0	0	0
5543.0	2	0.00036081544290095615	191	0.034457874797041314	15048	2.714775392386794	1449	0.26141078838174275	2221	0.4006855493415118	8	8	120	1.0	0	0.0	8	1.0	0	0.0	0	0.0	0	0.0	8	1.0	0	0.0	0	0.0	4	0.03333333333333333	94	0.7833333333333333	0	0.0	22	0.18333333333333332	0	0	1	1	1	1	0	12052952	1	0	1
4544.0	2325	0.5116637323943662	10	0.0022007042253521128	3251	0.7154489436619719	1004	0.22095070422535212	883	0.19432218309859156	17	14	104	0.8181818181818182	5	0.29411764705882354	12	0.7058823529411765	0	0.0	0	0.0	2	0.14285714285714285	12	0.8571428571428571	0	0.0	0	0.0	2	0.019230769230769232	63	0.6057692307692307	14	0.1346153846153846	25	0.2403846153846154	1	0	1	1	0	1	0	198912491	1	0	0
2837.0	0	0.0	71	0.025026436376454	1533	0.5403595347197744	49	0.017271765949947126	33	0.01163200563976031	16	15	29	0.9	2	0.125	13	0.8125	0	0.0	1	0.0625	2	0.13333333333333333	13	0.8666666666666667	0	0.0	0	0.0	4	0.13793103448275862	19	0.6551724137931034	0	0.0	6	0.20689655172413793	0	0	0	1	1	0	0	3312511473	0	0	1
3857.0	21001	5.44490536686544	4	0.0010370754472387865	14866	3.8542908996629506	590	0.15296862846772102	3370	0.8737360642986778	16	9	158	0.17647058823529413	0	0.0	13	0.8125	0	0.0	3	0.1875	0	0.0	6	0.6666666666666666	3	0.3333333333333333	0	0.0	0	0.0	132	0.8354430379746836	0	0.0	26	0.16455696202531644	1	0	1	1	1	0	0	773679619	1	0	0
5035.0	3781	0.7509433962264151	49	0.009731876861966237	17012	3.378748758689176	288	0.05719960278053625	275	0.05461767626613704	13	5	115	0.15384615384615385	2	0.15384615384615385	10	0.7692307692307693	0	0.0	1	0.07692307692307693	3	0.6	0	0.0	2	0.4	0	0.0	10	0.08695652173913043	88	0.7652173913043478	0	0.0	17	0.14782608695652175	1	0	1	1	0	1	0	44001801	1	0	0
4337.0	0	0.0	2	0.0004611482591653217	25298	5.833064330182154	19	0.004380908462070556	42	0.009684113442471755	11	15	0	0.375	2	0.18181818181818182	8	0.7272727272727273	0	0.0	1	0.09090909090909091	3	0.2	12	0.8	0	0.0	0	0.0	0	0	0	0	0	0	0	0	0	0	0	1	1	0	0	290499084	1	0	1
2964.0	6619	2.2331309041835357	0	0.0	19228	6.487179487179487	491	0.16565452091767882	319	0.10762483130904184	12	13	0	0.7777777777777778	0	0.0	11	0.9166666666666666	0	0.0	1	0.08333333333333333	0	0.0	10	0.7692307692307693	3	0.23076923076923078	0	0.0	0	0	0	0	0	0	0	0	0	0	0	1	1	0	0	3005999630	0	0	0
4146.0	442	0.10660877954655089	0	0.0	6799	1.639893873613121	204	0.049204052098408106	363	0.08755426917510854	18	15	95	0.8333333333333334	1	0.05555555555555555	16	0.8888888888888888	0	0.0	1	0.05555555555555555	1	0.06666666666666667	14	0.9333333333333333	0	0.0	0	0.0	19	0.2	47	0.49473684210526314	0	0.0	29	0.30526315789473685	1	0	1	1	0	0	0	406727193	0	0	0
3447.0	31324	9.087322309254423	1	0.0002901073397156948	4911	1.4247171453437772	130	0.037713954163040325	516	0.1496953872932985	13	15	0	0.8333333333333334	0	0.0	13	1.0	0	0.0	0	0.0	0	0.0	13	0.8666666666666667	2	0.13333333333333333	0	0.0	0	0	0	0	0	0	0	0	0	0	0	1	1	0	0	1941596719	1	0	1
3120.0	38762	12.423717948717949	1	0.0003205128205128205	8111	2.599679487179487	474	0.1519230769230769	685	0.21955128205128205	6	14	18	0.3333333333333333	1	0.16666666666666666	5	0.8333333333333334	0	0.0	0	0.0	0	0.0	14	1.0	0	0.0	0	0.0	1	0.05555555555555555	14	0.7777777777777778	0	0.0	3	0.16666666666666666	1	0	0	1	1	1	0	2778671666	0	0	0
3716.0	4475	1.2042518837459635	84	0.022604951560818085	84261	22.675188374596342	577	0.15527448869752422	281	0.0756189451022605	19	10	139	0.3888888888888889	3	0.15789473684210525	14	0.7368421052631579	0	0.0	2	0.10526315789473684	0	0.0	10	1.0	0	0.0	0	0.0	8	0.05755395683453238	101	0.7266187050359713	1	0.007194244604316547	29	0.20863309352517986	1	0	1	1	0	1	0	1077652021	0	0	0
3586.0	4378	1.2208588957055215	4	0.0011154489682097045	2598	0.724484104852203	106	0.029559397657557166	370	0.10317902955939766	5	6	46	0.8333333333333334	1	0.2	4	0.8	0	0.0	0	0.0	1	0.16666666666666666	4	0.6666666666666666	0	0.0	1	0.16666666666666666	3	0.06521739130434782	36	0.782608695652174	0	0.0	7	0.15217391304347827	1	0	1	0	0	0	0	1442867772	0	0	0
4358.0	4615	1.0589720055071135	6	0.0013767783386874712	28405	6.517898118402937	695	0.15947682423129875	1383	0.3173474070674621	12	11	40	0.05263157894736842	6	0.5	0	0.0	0	0.0	6	0.5	1	0.09090909090909091	8	0.7272727272727273	2	0.18181818181818182	0	0.0	16	0.4	14	0.35	2	0.05	8	0.2	1	0	0	1	0	1	0	279374398	0	0	0
5128.0	9965	1.9432527301092044	8	0.0015600624024961	6624	1.2917316692667706	386	0.07527301092043681	993	0.1936427457098284	11	12	120	0.6	2	0.18181818181818182	8	0.7272727272727273	0	0.0	1	0.09090909090909091	0	0.0	12	1.0	0	0.0	0	0.0	8	0.06666666666666667	91	0.7583333333333333	0	0.0	21	0.175	1	0	1	1	0	0	0	22293055	0	0	0
2890.0	0	0.0	1	0.00034602076124567473	592	0.20484429065743945	38	0.01314878892733564	0	0.0	12	12	0	1.0	1	0.08333333333333333	11	0.9166666666666666	0	0.0	0	0.0	1	0.08333333333333333	11	0.9166666666666666	0	0.0	0	0.0	0	0	0	0	0	0	0	0	0	0	0	1	1	0	0	3160025664	1	0	0
3425.0	6055	1.7678832116788321	67	0.01956204379562044	7793	2.2753284671532845	3959	1.1559124087591242	620	0.181021897810219	17	15	156	0.9	5	0.29411764705882354	10	0.5882352941176471	0	0.0	2	0.11764705882352941	5	0.3333333333333333	10	0.6666666666666666	0	0.0	0	0.0	15	0.09615384615384616	111	0.7115384615384616	0	0.0	30	0.19230769230769232	1	0	1	1	0	1	0	2161551948	0	0	0
3828.0	12429	3.2468652037617556	0	0.0	3663	0.9568965517241379	89	0.023249738766980145	512	0.13375130616509928	19	11	56	0.3888888888888889	1	0.05263157894736842	14	0.7368421052631579	0	0.0	4	0.21052631578947367	0	0.0	11	1.0	0	0.0	0	0.0	0	0.0	41	0.7321428571428571	2	0.03571428571428571	13	0.23214285714285715	0	0	0	1	0	0	0	836479597	0	0	0
3241.0	176	0.054304227090404195	0	0.0	23668	7.302684356680037	289	0.08917000925640234	1097	0.3384757790805307	15	14	0	0.875	3	0.2	11	0.7333333333333333	0	0.0	1	0.06666666666666667	0	0.0	14	1.0	0	0.0	0	0.0	0	0	0	0	0	0	0	0	0	0	0	1	1	0	0	2470783608	0	0	1
5007.0	3655	0.7299780307569402	171	0.0341521869382864	75697	15.118234471739564	9617	1.920711004593569	10539	2.1048532055122826	47	10	140	0.3157894736842105	8	0.1702127659574468	32	0.6808510638297872	0	0.0	7	0.14893617021276595	3	0.3	6	0.6	1	0.1	0	0.0	17	0.12142857142857143	84	0.6	12	0.08571428571428572	27	0.19285714285714287	1	0	1	1	0	1	0	51948170	1	0	1
4805.0	0	0.0	0	0.0	1482	0.3084287200832466	148	0.030801248699271592	220	0.045785639958376693	14	9	0	0.16666666666666666	4	0.2857142857142857	9	0.6428571428571429	0	0.0	1	0.07142857142857142	3	0.3333333333333333	5	0.5555555555555556	0	0.0	1	0.1111111111111111	0	0	0	0	0	0	0	0	0	0	0	0	0	0	0	105786020	1	0	1
4975.0	37565	7.5507537688442214	60	0.012060301507537688	36069	7.250050251256281	3600	0.7236180904522613	2549	0.5123618090452261	9	13	103	0.5	2	0.2222222222222222	5	0.5555555555555556	0	0.0	2	0.2222222222222222	1	0.07692307692307693	9	0.6923076923076923	3	0.23076923076923078	0	0.0	17	0.1650485436893204	63	0.6116504854368932	0	0.0	23	0.22330097087378642	1	0	1	1	0	0	0	61860520	0	0	0
3763.0	18634	4.951900079723624	2	0.0005314908317831517	5344	1.4201435025245814	323	0.08583576933297901	375	0.09965453095934095	3	13	0	0.3	0	0.0	3	1.0	0	0.0	0	0.0	2	0.15384615384615385	8	0.6153846153846154	2	0.15384615384615385	1	0.07692307692307693	0	0	0	0	0	0	0	0	1	0	0	1	1	0	0	968059567	0	0	0
4171.0	0	0.0	3	0.0007192519779429394	3722	0.8923519539678734	154	0.03692160153440422	24	0.005754015823543515	18	11	151	0.5714285714285714	3	0.16666666666666666	13	0.7222222222222222	0	0.0	2	0.1111111111111111	5	0.45454545454545453	5	0.45454545454545453	0	0.0	1	0.09090909090909091	4	0.026490066225165563	110	0.7284768211920529	6	0.039735099337748346	31	0.2052980132450331	0	0	1	1	0	1	0	390146736	1	0	0
2825.0	6955	2.461946902654867	1	0.00035398230088495576	21304	7.541238938053097	263	0.09309734513274336	125	0.04424778761061947	4	9	14	0.0	0	0.0	0	0.0	0	0.0	4	1.0	0	0.0	4	0.4444444444444444	2	0.2222222222222222	3	0.3333333333333333	0	0.0	0	0.0	0	0.0	14	1.0	0	0	1	1	1	1	0	3250678471	1	0	0
3969.0	1236	0.31141345427059713	26	0.00655076845553036	3853	0.9707734945830184	3854	0.9710254472159234	894	0.2252456538170824	9	8	124	0.8888888888888888	1	0.1111111111111111	7	0.7777777777777778	0	0.0	1	0.1111111111111111	1	0.125	7	0.875	0	0.0	0	0.0	7	0.056451612903225805	96	0.7741935483870968	0	0.0	21	0.1693548387096774	0	0	1	1	0	1	0	569043660	1	0	0
3127.0	40702	13.016309561880396	2	0.0006395906619763352	2375	0.759513911096898	235	0.07515190278221938	746	0.238567316917173	6	13	98	0.6	1	0.16666666666666666	5	0.8333333333333334	0	0.0	0	0.0	0	0.0	12	0.9230769230769231	1	0.07692307692307693	0	0.0	8	0.08163265306122448	60	0.6122448979591837	5	0.05102040816326531	25	0.25510204081632654	1	0	1	1	1	0	0	2749819601	1	0	0
2848.0	33	0.011587078651685394	1	0.00035112359550561797	309	0.10849719101123595	59	0.02071629213483146	202	0.07092696629213484	9	14	70	0.5	2	0.2222222222222222	6	0.6666666666666666	0	0.0	1	0.1111111111111111	3	0.21428571428571427	11	0.7857142857142857	0	0.0	0	0.0	8	0.11428571428571428	48	0.6857142857142857	1	0.014285714285714285	13	0.18571428571428572	0	0	0	1	1	0	0	3229067995	1	0	1
3407.0	504	0.1479307308482536	0	0.0	204	0.05987672439095979	36	0.010566480774875257	10	0.0029351335485764602	14	14	24	0.8333333333333334	0	0.0	13	0.9285714285714286	0	0.0	1	0.07142857142857142	0	0.0	13	0.9285714285714286	0	0.0	1	0.07142857142857142	1	0.041666666666666664	14	0.5833333333333334	0	0.0	9	0.375	0	0	1	1	1	0	0	2195466974	0	0	0
4387.0	147	0.0335080920902667	188	0.04285388648279006	5264	1.1999088215181217	19831	4.520401185320265	117	0.026669705949395942	4	10	154	0.5	4	1.0	0	0.0	0	0.0	0	0.0	5	0.5	5	0.5	0	0.0	0	0.0	14	0.09090909090909091	110	0.7142857142857143	4	0.025974025974025976	26	0.16883116883116883	0	0	0	1	1	1	0	264121073	1	0	0
3217.0	400	0.12433944668946223	7	0.002175940317065589	1255	0.39011501398818776	86	0.02673298103823438	88	0.02735467827168169	18	10	0	0.6363636363636364	3	0.16666666666666666	13	0.7222222222222222	0	0.0	2	0.1111111111111111	2	0.2	8	0.8	0	0.0	0	0.0	0	0	0	0	0	0	0	0	0	0	0	1	1	0	0	2562353909	0	0	0
4040.0	1992	0.49306930693069306	0	0.0	12488	3.091089108910891	535	0.13242574257425743	431	0.10668316831683168	13	6	58	0.07692307692307693	3	0.23076923076923078	8	0.6153846153846154	0	0.0	2	0.15384615384615385	2	0.3333333333333333	3	0.5	0	0.0	1	0.16666666666666666	5	0.08620689655172414	36	0.6206896551724138	2	0.034482758620689655	15	0.25862068965517243	1	0	0	0	0	0	0	498477816	0	0	0
4941.0	1785	0.3612629022465088	0	0.0	616	0.12467111920663833	65	0.013155231734466708	67	0.013560008095527222	9	10	29	0.5454545454545454	0	0.0	9	1.0	0	0.0	0	0.0	0	0.0	8	0.8	2	0.2	0	0.0	2	0.06896551724137931	22	0.7586206896551724	0	0.0	5	0.1724137931034483	1	0	0	1	1	0	0	71379711	0	0	0
4310.0	35414	8.216705336426914	24	0.005568445475638051	17074	3.9614849187935035	512	0.11879350348027842	393	0.09118329466357308	11	11	6	1.0	2	0.18181818181818182	9	0.8181818181818182	0	0.0	0	0.0	2	0.18181818181818182	9	0.8181818181818182	0	0.0	0	0.0	1	0.16666666666666666	4	0.6666666666666666	0	0.0	1	0.16666666666666666	1	0	1	1	1	0	0	306408194	0	0	0
3668.0	8197	2.234732824427481	1	0.0002726281352235551	5282	1.440021810250818	892	0.24318429661941113	640	0.17448200654307525	11	8	0	0.6	2	0.18181818181818182	8	0.7272727272727273	0	0.0	1	0.09090909090909091	2	0.25	6	0.75	0	0.0	0	0.0	0	0	0	0	0	0	0	0	1	0	1	1	1	0	0	1226091284	0	0	0
3576.0	85467	23.9001677852349	117	0.03271812080536913	78198	21.86744966442953	3977	1.1121364653243848	3698	1.034116331096197	14	11	61	0.2857142857142857	2	0.14285714285714285	11	0.7857142857142857	0	0.0	1	0.07142857142857142	2	0.18181818181818182	7	0.6363636363636364	2	0.18181818181818182	0	0.0	1	0.01639344262295082	49	0.8032786885245902	0	0.0	11	0.18032786885245902	1	0	1	1	0	0	0	1468771094	0	0	0
5011.0	334	0.066653362602275	5	0.000997804829375374	25053	4.99960087806825	430	0.08581121532628218	186	0.03711833965276392	25	13	116	0.3333333333333333	4	0.16	17	0.68	0	0.0	4	0.16	0	0.0	13	1.0	0	0.0	0	0.0	12	0.10344827586206896	81	0.6982758620689655	0	0.0	23	0.19827586206896552	0	0	1	1	0	1	0	50785046	0	0	0
2692.0	153	0.056835066864784546	0	0.0	186	0.06909361069836553	40	0.014858841010401188	120	0.04457652303120357	8	11	18	0.36363636363636365	1	0.125	7	0.875	0	0.0	0	0.0	0	0.0	11	1.0	0	0.0	0	0.0	1	0.05555555555555555	14	0.7777777777777778	0	0.0	3	0.16666666666666666	0	0	0	1	1	0	0	4084149018	1	0	1
3485.0	496	0.1423242467718795	1	0.00028694404591104734	1381	0.39626972740315636	249	0.07144906743185078	754	0.2163558106169297	18	9	71	0.25	1	0.05555555555555555	14	0.7777777777777778	0	0.0	3	0.16666666666666666	0	0.0	8	0.8888888888888888	0	0.0	1	0.1111111111111111	2	0.028169014084507043	58	0.8169014084507042	0	0.0	11	0.15492957746478872	0	0	1	1	1	1	0	1709484829	0	0	0
2789.0	18	0.006453926138400861	69	0.0247400501972033	3214	1.152384367156687	453	0.16242380781642166	766	0.27465041233417	9	9	89	1.0	1	0.1111111111111111	8	0.8888888888888888	0	0.0	0	0.0	1	0.1111111111111111	8	0.8888888888888888	0	0.0	0	0.0	10	0.11235955056179775	62	0.6966292134831461	0	0.0	17	0.19101123595505617	0	0	0	1	1	0	0	3295996710	1	0	1
2810.0	191	0.06797153024911032	2	0.0007117437722419929	256	0.0911032028469751	3	0.0010676156583629894	0	0.0	8	8	96	0.1	2	0.25	5	0.625	0	0.0	1	0.125	0	0.0	8	1.0	0	0.0	0	0.0	9	0.09375	71	0.7395833333333334	0	0.0	16	0.16666666666666666	0	0	1	1	0	0	0	3268602666	0	0	1
5106.0	7465	1.4620054837446141	75	0.014688601645123384	78721	15.417352134743439	1652	0.3235409322365844	3616	0.7081864473168821	13	7	84	0.5	2	0.15384615384615385	10	0.7692307692307693	0	0.0	1	0.07692307692307693	2	0.2857142857142857	5	0.7142857142857143	0	0.0	0	0.0	2	0.023809523809523808	61	0.7261904761904762	0	0.0	21	0.25	1	0	1	1	0	0	0	25865004	0	0	0
4994.0	51520	10.316379655586704	22	0.004405286343612335	187101	37.4651581898278	616	0.12334801762114538	476	0.09531437725270324	18	14	137	0.15789473684210525	3	0.16666666666666666	4	0.2222222222222222	0	0.0	11	0.6111111111111112	1	0.07142857142857142	13	0.9285714285714286	0	0.0	0	0.0	9	0.06569343065693431	84	0.6131386861313869	2	0.014598540145985401	42	0.30656934306569344	1	0	0	1	0	0	0	56109876	0	0	0
3892.0	7313	1.8789825282631039	683	0.17548818088386434	24359	6.258735868448099	96045	24.67754367934224	791	0.20323741007194246	15	9	61	0.5454545454545454	3	0.2	11	0.7333333333333333	0	0.0	1	0.06666666666666667	4	0.4444444444444444	5	0.5555555555555556	0	0.0	0	0.0	6	0.09836065573770492	39	0.639344262295082	4	0.06557377049180328	12	0.19672131147540983	1	0	1	1	0	1	1	702278455	1	0	0
4345.0	16184	3.724741081703107	1	0.00023014959723820482	22164	5.101035673187572	383	0.08814729574223246	171	0.039355581127733026	6	12	11	0.5555555555555556	1	0.16666666666666666	5	0.8333333333333334	0	0.0	0	0.0	0	0.0	12	1.0	0	0.0	0	0.0	1	0.09090909090909091	7	0.6363636363636364	0	0.0	3	0.2727272727272727	1	0	1	1	0	0	0	286059321	0	0	0
5130.0	819	0.15964912280701754	2	0.0003898635477582846	7333	1.4294346978557504	118	0.02300194931773879	217	0.04230019493177388	5	13	140	0.5	1	0.2	4	0.8	0	0.0	0	0.0	3	0.23076923076923078	10	0.7692307692307693	0	0.0	0	0.0	2	0.014285714285714285	104	0.7428571428571429	0	0.0	34	0.24285714285714285	0	0	0	1	0	1	0	21965624	0	0	0
4626.0	44	0.009511456982274102	15	0.00324254215304799	2313	0.5	7098	1.5343709468223088	5	0.00108084738434933	20	15	55	0.9090909090909091	2	0.1	18	0.9	0	0.0	0	0.0	2	0.13333333333333333	13	0.8666666666666667	0	0.0	0	0.0	14	0.2545454545454545	22	0.4	4	0.07272727272727272	15	0.2727272727272727	0	0	1	1	0	1	0	166882121	1	0	1
4313.0	13472	3.123579874797125	0	0.0	12163	2.820078831439833	773	0.17922559703222815	953	0.22095988870855554	13	13	69	0.7777777777777778	2	0.15384615384615385	10	0.7692307692307693	0	0.0	1	0.07692307692307693	3	0.23076923076923078	10	0.7692307692307693	0	0.0	0	0.0	0	0.0	54	0.782608695652174	0	0.0	15	0.21739130434782608	1	0	1	1	0	0	0	304393027	0	0	0
2989.0	51	0.01706256273001004	51	0.01706256273001004	634	0.21211107393777184	144	0.04817664770826363	218	0.07293409166945466	20	13	122	0.5714285714285714	2	0.1	17	0.85	0	0.0	1	0.05	2	0.15384615384615385	11	0.8461538461538461	0	0.0	0	0.0	7	0.05737704918032787	88	0.7213114754098361	2	0.01639344262295082	25	0.20491803278688525	0	0	1	1	0	1	0	2965318498	1	0	1
3764.0	1272	0.3379383634431456	0	0.0	831	0.22077577045696067	132	0.03506907545164718	104	0.02763018065887354	6	13	0	0.36363636363636365	0	0.0	6	1.0	0	0.0	0	0.0	0	0.0	10	0.7692307692307693	3	0.23076923076923078	0	0.0	0	0	0	0	0	0	0	0	0	0	0	1	1	0	0	965192557	0	0	0
3145.0	577	0.1834658187599364	0	0.0	530	0.1685214626391097	26	0.008267090620031796	101	0.032114467408585055	15	14	0	0.5333333333333333	3	0.2	10	0.6666666666666666	0	0.0	2	0.13333333333333333	13	0.9285714285714286	1	0.07142857142857142	0	0.0	0	0.0	0	0	0	0	0	0	0	0	1	0	1	1	1	0	0	2707450740	0	0	0
3040.0	43854	14.425657894736842	29	0.009539473684210526	10586	3.482236842105263	463	0.15230263157894736	404	0.13289473684210526	9	13	160	0.6666666666666666	2	0.2222222222222222	6	0.6666666666666666	0	0.0	1	0.1111111111111111	2	0.15384615384615385	11	0.8461538461538461	0	0.0	0	0.0	26	0.1625	98	0.6125	5	0.03125	31	0.19375	0	0	1	1	1	0	0	2881514381	0	0	0
2975.0	289	0.09714285714285714	8	0.002689075630252101	1156	0.38857142857142857	785	0.2638655462184874	564	0.1895798319327731	12	12	144	0.8181818181818182	3	0.25	7	0.5833333333333334	0	0.0	2	0.16666666666666666	0	0.0	12	1.0	0	0.0	0	0.0	14	0.09722222222222222	98	0.6805555555555556	4	0.027777777777777776	28	0.19444444444444445	1	0	1	1	1	1	0	2990025622	1	0	1
2715.0	1	0.00036832412523020257	1	0.00036832412523020257	779	0.2869244935543278	27	0.009944751381215469	21	0.0077348066298342545	14	10	0	0.7777777777777778	2	0.14285714285714285	11	0.7857142857142857	0	0.0	1	0.07142857142857142	2	0.2	8	0.8	0	0.0	0	0.0	0	0	0	0	0	0	0	0	0	0	0	1	1	0	0	3829803932	1	0	1
3573.0	5351	1.4976210467394346	0	0.0	7127	1.994682339770501	157	0.04394066610691296	0	0.0	1	12	36	0.0	1	1.0	0	0.0	0	0.0	0	0.0	2	0.16666666666666666	9	0.75	0	0.0	1	0.08333333333333333	1	0.027777777777777776	27	0.75	0	0.0	8	0.2222222222222222	0	0	0	0	0	0	0	1477585832	0	0	0
2705.0	679	0.2510166358595194	3	0.0011090573012939	5968	2.2062846580406656	232	0.08576709796672828	71	0.02624768946395564	1	8	8	0.0	0	0.0	0	0.0	0	0.0	1	1.0	0	0.0	8	1.0	0	0.0	0	0.0	0	0.0	7	0.875	0	0.0	1	0.125	0	0	0	1	1	0	0	3986746283	0	0	0
4054.0	1955	0.48223976319684264	82	0.020226936359151456	3595	0.8867784903798718	2833	0.6988159842131229	832	0.20522940305870746	16	14	63	0.9166666666666666	3	0.1875	11	0.6875	0	0.0	2	0.125	3	0.21428571428571427	11	0.7857142857142857	0	0.0	0	0.0	5	0.07936507936507936	44	0.6984126984126984	4	0.06349206349206349	10	0.15873015873015872	0	0	1	1	0	1	0	485960656	1	0	0
5293.0	190	0.03589646703192896	4	0.0007557150954090308	210	0.039675042508974113	26	0.0049121481201587006	85	0.016058945777441904	8	10	0	0.16666666666666666	0	0.0	8	1.0	0	0.0	0	0.0	0	0.0	7	0.7	3	0.3	0	0.0	0	0	0	0	0	0	0	0	0	0	0	1	0	0	0	16313297	1	0	0
4656.0	607	0.13036941580756015	33	0.007087628865979381	27007	5.800472508591065	26439	5.678479381443299	27704	5.950171821305842	18	13	112	0.2222222222222222	3	0.16666666666666666	10	0.5555555555555556	0	0.0	5	0.2777777777777778	0	0.0	13	1.0	0	0.0	0	0.0	5	0.044642857142857144	85	0.7589285714285714	0	0.0	22	0.19642857142857142	1	0	1	1	0	1	0	155790304	1	0	1
3833.0	1326	0.345943125489173	111	0.028959039916514478	5491	1.4325593529872163	3036	0.792068875554396	2060	0.5374380380902687	17	14	69	0.8181818181818182	0	0.0	14	0.8235294117647058	0	0.0	3	0.17647058823529413	0	0.0	14	1.0	0	0.0	0	0.0	1	0.014492753623188406	56	0.8115942028985508	0	0.0	12	0.17391304347826086	1	0	1	0	0	0	0	824978402	1	0	0
3346.0	4659	1.3924088463837418	277	0.08278541542139868	99934	29.86670651524208	51108	15.274357441721458	1513	0.45218170950388525	19	12	140	0.9230769230769231	5	0.2631578947368421	12	0.631578947368421	0	0.0	2	0.10526315789473684	5	0.4166666666666667	7	0.5833333333333334	0	0.0	0	0.0	18	0.12857142857142856	90	0.6428571428571429	7	0.05	25	0.17857142857142858	1	0	0	1	0	1	1	2293099507	1	0	0
4349.0	32107	7.382616693492757	26	0.005978385835824327	17630	4.053805472522419	1235	0.2839733272016556	2399	0.5516210623131754	9	11	156	0.07142857142857142	1	0.1111111111111111	8	0.8888888888888888	0	0.0	0	0.0	2	0.18181818181818182	5	0.45454545454545453	4	0.36363636363636365	0	0.0	27	0.17307692307692307	98	0.6282051282051282	0	0.0	31	0.1987179487179487	1	0	1	1	0	1	0	284044309	0	0	0
3379.0	914	0.2704942290618526	0	0.0	953	0.2820361053566144	251	0.07428233205090264	27	0.007990529742527374	10	12	34	0.2	1	0.1	6	0.6	0	0.0	3	0.3	1	0.08333333333333333	8	0.6666666666666666	2	0.16666666666666666	1	0.08333333333333333	4	0.11764705882352941	25	0.7352941176470589	0	0.0	5	0.14705882352941177	0	0	1	1	1	0	0	2243111964	1	0	0
3778.0	116	0.03070407623080995	3	0.0007940709370037057	2932	0.776071995764955	615	0.16278454208575965	652	0.1725780836421387	20	15	103	0.8333333333333334	4	0.2	11	0.55	0	0.0	5	0.25	4	0.26666666666666666	11	0.7333333333333333	0	0.0	0	0.0	10	0.0970873786407767	73	0.7087378640776699	0	0.0	20	0.1941747572815534	0	0	0	1	0	1	0	935717924	1	0	1
5134.0	37104	7.2271133619010515	9	0.001753019088430074	25218	4.911959485781067	553	0.10771328398909233	1879	0.3659914296844566	13	11	156	0.42857142857142855	0	0.0	12	0.9230769230769231	0	0.0	1	0.07692307692307693	1	0.09090909090909091	10	0.9090909090909091	0	0.0	0	0.0	12	0.07692307692307693	111	0.7115384615384616	0	0.0	33	0.21153846153846154	1	0	1	1	1	0	0	21539881	0	0	0
4181.0	434	0.10380291796221	2	0.00047835446065534564	2454	0.5869409232241091	374	0.08945228414254963	129	0.03085386271226979	6	10	0	0.625	1	0.16666666666666666	5	0.8333333333333334	0	0.0	0	0.0	1	0.1	7	0.7	2	0.2	0	0.0	0	0	0	0	0	0	0	0	1	0	1	1	0	0	0	384494633	0	0	0
4044.0	727	0.17977250247279922	1	0.0002472799208704253	6565	1.6233926805143422	285	0.07047477744807122	76	0.018793273986152326	9	9	112	1.0	2	0.2222222222222222	7	0.7777777777777778	0	0.0	0	0.0	0	0.0	9	1.0	0	0.0	0	0.0	3	0.026785714285714284	89	0.7946428571428571	0	0.0	20	0.17857142857142858	0	0	1	1	0	0	0	495283255	0	0	0
3974.0	5849	1.4718168092601913	287	0.07221942627075995	47272	11.895319577252138	29262	7.363361852038248	137	0.03447408152994464	18	15	126	0.9166666666666666	6	0.3333333333333333	9	0.5	0	0.0	3	0.16666666666666666	6	0.4	9	0.6	0	0.0	0	0.0	7	0.05555555555555555	91	0.7222222222222222	2	0.015873015873015872	26	0.20634920634920634	1	0	1	1	0	1	1	564538442	1	0	0
3891.0	0	0.0	2	0.0005140066820868671	5010	1.287586738627602	109	0.02801336417373426	424	0.10896941660241583	9	13	38	0.36363636363636365	1	0.1111111111111111	8	0.8888888888888888	0	0.0	0	0.0	2	0.15384615384615385	11	0.8461538461538461	0	0.0	0	0.0	1	0.02631578947368421	29	0.7631578947368421	0	0.0	8	0.21052631578947367	0	0	1	1	1	0	0	704523342	1	0	1
5064.0	5556	1.0971563981042654	15	0.002962085308056872	3076	0.6074249605055292	518	0.10229067930489731	796	0.15718799368088468	16	12	85	0.8181818181818182	2	0.125	13	0.8125	0	0.0	1	0.0625	0	0.0	12	1.0	0	0.0	0	0.0	6	0.07058823529411765	63	0.7411764705882353	0	0.0	16	0.18823529411764706	1	0	1	1	0	0	0	37530732	0	0	0
5300.0	346	0.06528301886792452	134	0.025283018867924528	327	0.06169811320754717	4406	0.8313207547169811	669	0.12622641509433963	19	10	48	0.4166666666666667	10	0.5263157894736842	0	0.0	0	0.0	9	0.47368421052631576	10	1.0	0	0.0	0	0.0	0	0.0	0	0.0	41	0.8541666666666666	0	0.0	7	0.14583333333333334	0	0	1	1	0	1	0	16198774	1	0	1
3963.0	91245	23.02422407267222	43	0.010850365884430987	1922	0.4849861216250315	300	0.0757002271006813	1882	0.47489275801160735	13	12	0	0.9090909090909091	3	0.23076923076923078	9	0.6923076923076923	0	0.0	1	0.07692307692307693	3	0.25	9	0.75	0	0.0	0	0.0	0	0	0	0	0	0	0	0	0	0	0	1	0	0	0	574270581	0	0	0
3343.0	410	0.1226443314388274	3	0.0008973975471133712	2269	0.6787316781334131	183	0.05474125037391565	1496	0.4475022434938678	15	8	19	0.45454545454545453	1	0.06666666666666667	13	0.8666666666666667	0	0.0	1	0.06666666666666667	2	0.25	6	0.75	0	0.0	0	0.0	1	0.05263157894736842	15	0.7894736842105263	0	0.0	3	0.15789473684210525	1	0	0	1	1	1	0	2297015419	0	0	0
5134.0	38470	7.493182703544994	56	0.01090767432800935	21205	4.130307752239969	9861	1.9207245812232177	6357	1.2382158161277756	2	12	95	0.18181818181818182	2	1.0	0	0.0	0	0.0	0	0.0	5	0.4166666666666667	7	0.5833333333333334	0	0.0	0	0.0	10	0.10526315789473684	62	0.6526315789473685	0	0.0	23	0.24210526315789474	1	0	1	1	0	1	0	21605503	0	0	0
3341.0	19	0.005686920083807243	6	0.0017958695001496557	1116	0.33403172702783596	133	0.0398084405866507	0	0.0	4	9	0	0.75	4	1.0	0	0.0	0	0.0	0	0.0	2	0.2222222222222222	6	0.6666666666666666	1	0.1111111111111111	0	0.0	0	0	0	0	0	0	0	0	0	0	1	0	0	1	0	2302078086	0	0	0
3723.0	535	0.14370131614289552	29	0.0077894171367177	3489	0.9371474617244158	2543	0.683051302712866	176	0.0472737040021488	14	13	155	0.9	4	0.2857142857142857	9	0.6428571428571429	0	0.0	1	0.07142857142857142	4	0.3076923076923077	9	0.6923076923076923	0	0.0	0	0.0	16	0.1032258064516129	115	0.7419354838709677	0	0.0	24	0.15483870967741936	0	0	1	0	0	1	0	1058270342	0	0	1
4771.0	18	0.0037727939635296584	4	0.0008383986585621463	7066	1.4810312303500315	250	0.05239991616013415	0	0.0	7	9	58	0.16666666666666666	1	0.14285714285714285	6	0.8571428571428571	0	0.0	0	0.0	1	0.1111111111111111	8	0.8888888888888888	0	0.0	0	0.0	4	0.06896551724137931	43	0.7413793103448276	2	0.034482758620689655	9	0.15517241379310345	1	0	1	1	1	1	0	116010130	1	0	1
4256.0	397	0.09328007518796992	2	0.00046992481203007516	1173	0.2756109022556391	12	0.002819548872180451	0	0.0	16	10	144	0.23529411764705882	2	0.125	13	0.8125	0	0.0	1	0.0625	0	0.0	4	0.4	6	0.6	0	0.0	5	0.034722222222222224	109	0.7569444444444444	0	0.0	30	0.20833333333333334	0	0	1	1	0	0	0	338914454	1	0	1
4046.0	770	0.1903114186851211	3	0.0007414730598121602	11246	2.7795353435491843	117	0.028917449332674247	67	0.016559565002471577	18	14	152	0.5333333333333333	2	0.1111111111111111	15	0.8333333333333334	0	0.0	1	0.05555555555555555	0	0.0	11	0.7857142857142857	3	0.21428571428571427	0	0.0	6	0.039473684210526314	114	0.75	0	0.0	32	0.21052631578947367	1	0	1	0	0	1	0	493038766	0	0	0
2703.0	0	0.0	3	0.0011098779134295228	3453	1.2774694783573808	244	0.09027007029226786	1017	0.3762486126526082	9	10	0	0.875	1	0.1111111111111111	8	0.8888888888888888	0	0.0	0	0.0	1	0.1	8	0.8	1	0.1	0	0.0	0	0	0	0	0	0	0	0	0	0	0	1	1	0	0	4000918709	1	0	1
2986.0	130	0.043536503683858	0	0.0	1988	0.6657736101808439	43	0.014400535833891493	77	0.02578700602813128	13	14	8	0.36363636363636365	2	0.15384615384615385	8	0.6153846153846154	0	0.0	3	0.23076923076923078	0	0.0	10	0.7142857142857143	4	0.2857142857142857	0	0.0	1	0.125	5	0.625	0	0.0	2	0.25	1	0	0	1	1	0	0	2972708023	0	0	0
5048.0	23992	4.752773375594295	8	0.001584786053882726	7597	1.5049524564183836	343	0.06794770206022187	436	0.08637083993660856	12	12	62	0.46153846153846156	0	0.0	11	0.9166666666666666	0	0.0	1	0.08333333333333333	0	0.0	12	1.0	0	0.0	0	0.0	2	0.03225806451612903	51	0.8225806451612904	0	0.0	9	0.14516129032258066	1	0	1	1	0	0	0	41135292	0	0	0
2825.0	93	0.032920353982300886	3	0.0010619469026548673	648	0.22938053097345132	397	0.14053097345132742	1043	0.36920353982300885	12	10	126	0.9	3	0.25	6	0.5	1	0.08333333333333333	2	0.16666666666666666	1	0.1	8	0.8	1	0.1	0	0.0	28	0.2222222222222222	70	0.5555555555555556	6	0.047619047619047616	22	0.1746031746031746	1	0	1	1	0	1	0	3337612493	1	0	1
3408.0	3166	0.9289906103286385	0	0.0	3364	0.9870892018779343	312	0.09154929577464789	315	0.09242957746478873	10	13	18	0.46153846153846156	2	0.2	7	0.7	0	0.0	1	0.1	1	0.07692307692307693	9	0.6923076923076923	2	0.15384615384615385	1	0.07692307692307693	4	0.2222222222222222	3	0.16666666666666666	6	0.3333333333333333	5	0.2777777777777778	0	0	0	1	1	0	0	2193190099	0	0	0
3345.0	0	0.0	6	0.0017937219730941704	8829	2.639461883408072	26	0.007772795216741405	92	0.027503736920777278	15	11	0	0.21052631578947367	2	0.13333333333333333	12	0.8	0	0.0	1	0.06666666666666667	0	0.0	9	0.8181818181818182	2	0.18181818181818182	0	0.0	0	0	0	0	0	0	0	0	1	0	1	1	1	0	0	2286005470	1	0	1
3219.0	3999	1.2423112767940354	1	0.00031065548306927616	4617	1.434296365330848	83	0.025784405094749923	169	0.052500776638707676	11	12	22	0.26666666666666666	2	0.18181818181818182	8	0.7272727272727273	0	0.0	1	0.09090909090909091	0	0.0	12	1.0	0	0.0	0	0.0	2	0.09090909090909091	18	0.8181818181818182	0	0.0	2	0.09090909090909091	1	0	0	1	1	0	0	2558700766	0	0	0
4704.0	49428	10.50765306122449	46	0.00977891156462585	13646	2.9009353741496597	3183	0.6766581632653061	3672	0.7806122448979592	15	6	84	0.5454545454545454	2	0.13333333333333333	12	0.8	0	0.0	1	0.06666666666666667	0	0.0	6	1.0	0	0.0	0	0.0	3	0.03571428571428571	64	0.7619047619047619	0	0.0	17	0.20238095238095238	1	0	1	0	0	1	0	138161380	0	0	0
2894.0	191	0.06599861782999308	0	0.0	644	0.22252937111264687	2	0.000691085003455425	9	0.0031098825155494126	16	14	0	0.4666666666666667	3	0.1875	12	0.75	0	0.0	1	0.0625	0	0.0	9	0.6428571428571429	4	0.2857142857142857	1	0.07142857142857142	0	0	0	0	0	0	0	0	0	0	0	1	1	0	0	3160976631	1	0	0
3425.0	2724	0.7953284671532846	3	0.0008759124087591241	11265	3.2890510948905107	819	0.23912408759124087	748	0.2183941605839416	8	12	0	0.6	1	0.125	6	0.75	0	0.0	1	0.125	1	0.08333333333333333	10	0.8333333333333334	1	0.08333333333333333	0	0.0	0	0	0	0	0	0	0	0	1	0	0	1	1	0	0	2156588279	0	0	0
3644.0	647	0.17755214050493962	5	0.0013721185510428102	5254	1.4418221734357848	49	0.01344676180021954	1061	0.2911635565312843	9	10	0	0.23076923076923078	1	0.1111111111111111	8	0.8888888888888888	0	0.0	0	0.0	0	0.0	8	0.8	2	0.2	0	0.0	0	0	0	0	0	0	0	0	0	0	1	1	1	0	0	1291136252	1	0	1
4076.0	4225	1.0365554465161924	11	0.0026987242394504417	10608	2.602551521099117	551	0.13518155053974484	577	0.1415603532875368	11	11	18	0.8	2	0.18181818181818182	8	0.7272727272727273	0	0.0	1	0.09090909090909091	2	0.18181818181818182	8	0.7272727272727273	1	0.09090909090909091	0	0.0	0	0.0	14	0.7777777777777778	0	0.0	4	0.2222222222222222	1	0	0	1	1	0	0	465153276	0	0	0
4166.0	40416	9.701392222755642	11	0.002640422467594815	44678	10.724435909745559	755	0.18122899663946232	56	0.01344215074411906	3	7	0	0.125	0	0.0	1	0.3333333333333333	0	0.0	2	0.6666666666666666	0	0.0	7	1.0	0	0.0	0	0.0	0	0	0	0	0	0	0	0	1	0	1	1	0	0	0	393686282	0	0	0
4918.0	1542	0.31354209028060187	10	0.0020333468889792597	2718	0.5526636844245628	193	0.03924359495729972	541	0.11000406669377796	11	11	9	0.8181818181818182	2	0.18181818181818182	8	0.7272727272727273	0	0.0	1	0.09090909090909091	0	0.0	10	0.9090909090909091	0	0.0	1	0.09090909090909091	2	0.2222222222222222	6	0.6666666666666666	0	0.0	1	0.1111111111111111	1	0	1	1	0	1	0	77393163	0	0	0
4885.0	5555	1.1371545547594677	3	0.0006141248720573184	8724	1.7858751279426817	316	0.0646878198567042	325	0.06653019447287616	4	8	0	0.375	0	0.0	4	1.0	0	0.0	0	0.0	0	0.0	8	1.0	0	0.0	0	0.0	0	0	0	0	0	0	0	0	0	0	1	0	0	0	0	86125841	0	0	0
3295.0	8401	2.5496206373292867	1	0.00030349013657056146	9401	2.8531107738998482	557	0.16904400606980274	506	0.1535660091047041	7	9	3	0.36363636363636365	1	0.14285714285714285	6	0.8571428571428571	0	0.0	0	0.0	0	0.0	7	0.7777777777777778	1	0.1111111111111111	1	0.1111111111111111	0	0.0	0	0.0	0	0.0	3	1.0	1	0	0	1	1	0	0	2377559323	0	0	0
4678.0	17154	3.6669516887558786	43	0.009191962377084225	82350	17.603676784950835	4082	0.8725951261222745	4763	1.0181701581872595	13	11	157	0.11764705882352941	3	0.23076923076923078	7	0.5384615384615384	0	0.0	3	0.23076923076923078	0	0.0	5	0.45454545454545453	6	0.5454545454545454	0	0.0	29	0.18471337579617833	86	0.5477707006369427	5	0.03184713375796178	37	0.2356687898089172	1	0	1	1	0	1	0	147369259	0	0	0
4084.0	10451	2.559010773751224	0	0.0	10079	2.4679236043095005	347	0.08496571988246816	225	0.05509304603330069	9	11	35	0.125	0	0.0	8	0.8888888888888888	0	0.0	1	0.1111111111111111	0	0.0	10	0.9090909090909091	0	0.0	1	0.09090909090909091	4	0.11428571428571428	21	0.6	0	0.0	10	0.2857142857142857	1	0	1	0	0	1	0	458632493	0	0	0
5085.0	1535	0.30186823992133727	15	0.0029498525073746312	40389	7.942772861356932	2010	0.3952802359882006	176	0.03461160275319567	5	13	0	0.4166666666666667	0	0.0	5	1.0	0	0.0	0	0.0	0	0.0	12	0.9230769230769231	1	0.07692307692307693	0	0.0	0	0	0	0	0	0	0	0	1	0	1	1	1	0	0	30731587	0	0	0
3455.0	187	0.05412445730824891	8	0.0023154848046309695	1646	0.476410998552822	2269	0.6567293777134587	116	0.03357452966714906	12	14	121	0.7692307692307693	2	0.16666666666666666	9	0.75	0	0.0	1	0.08333333333333333	4	0.2857142857142857	9	0.6428571428571429	0	0.0	1	0.07142857142857142	6	0.049586776859504134	89	0.7355371900826446	0	0.0	26	0.21487603305785125	1	0	1	1	0	1	0	1913843024	0	0	0
5086.0	150	0.029492725127801808	38	0.007471490365709791	3118	0.6130554463232403	518	0.10184821077467558	1104	0.21706645694062132	10	11	154	0.875	0	0.0	10	1.0	0	0.0	0	0.0	0	0.0	10	0.9090909090909091	0	0.0	1	0.09090909090909091	8	0.05194805194805195	74	0.4805194805194805	0	0.0	72	0.4675324675324675	1	0	1	1	0	1	0	30485864	0	0	0
2925.0	1349	0.4611965811965812	129	0.0441025641025641	1058	0.3617094017094017	948	0.3241025641025641	1440	0.49230769230769234	22	14	160	0.6923076923076923	3	0.13636363636363635	17	0.7727272727272727	0	0.0	2	0.09090909090909091	5	0.35714285714285715	9	0.6428571428571429	0	0.0	0	0.0	5	0.03125	111	0.69375	11	0.06875	33	0.20625	1	0	1	1	1	0	0	3074829696	1	0	0
4424.0	29054	6.567359855334539	313	0.070750452079566	12983	2.934674502712477	3664	0.8282097649186256	4855	1.0974231464737794	13	15	157	0.26666666666666666	2	0.15384615384615385	10	0.7692307692307693	0	0.0	1	0.07692307692307693	3	0.2	12	0.8	0	0.0	0	0.0	16	0.10191082802547771	118	0.7515923566878981	0	0.0	23	0.1464968152866242	0	0	1	1	1	0	0	246377868	0	0	0
3023.0	6544	2.164737016209064	0	0.0	1858	0.6146212371816077	230	0.07608336089976844	480	0.1587826662256037	12	15	6	0.6923076923076923	2	0.16666666666666666	9	0.75	0	0.0	1	0.08333333333333333	0	0.0	11	0.7333333333333333	4	0.26666666666666666	0	0.0	0	0.0	6	1.0	0	0.0	0	0.0	1	0	0	1	1	0	0	2904616336	0	0	0
2667.0	3053	1.144731908511436	4	0.0014998125234345708	10632	3.986501687289089	47	0.017622797150356206	107	0.04011998500187477	5	15	0	0.0	1	0.2	4	0.8	0	0.0	0	0.0	8	0.5333333333333333	5	0.3333333333333333	2	0.13333333333333333	0	0.0	0	0	0	0	0	0	0	0	0	0	1	1	1	0	0	4274498962	1	0	1
4940.0	305	0.06174089068825911	67	0.013562753036437248	23087	4.673481781376518	3792	0.7676113360323886	2	0.0004048582995951417	5	15	144	0.23076923076923078	3	0.6	0	0.0	0	0.0	2	0.4	3	0.2	12	0.8	0	0.0	0	0.0	27	0.1875	65	0.4513888888888889	22	0.1527777777777778	30	0.20833333333333334	0	0	1	1	0	1	0	71560604	1	0	0
5430.0	0	0.0	64	0.011786372007366482	6054	1.1149171270718232	799	0.14714548802946592	896	0.16500920810313074	16	11	159	0.29411764705882354	1	0.0625	13	0.8125	0	0.0	2	0.125	0	0.0	10	0.9090909090909091	0	0.0	1	0.09090909090909091	12	0.07547169811320754	97	0.610062893081761	15	0.09433962264150944	35	0.22012578616352202	0	0	1	1	0	1	0	14626205	1	0	1
3064.0	282	0.09203655352480418	0	0.0	595	0.19419060052219322	111	0.03622715404699739	14	0.0045691906005221935	9	13	69	0.0	2	0.2222222222222222	6	0.6666666666666666	0	0.0	1	0.1111111111111111	0	0.0	10	0.7692307692307693	3	0.23076923076923078	0	0.0	0	0.0	50	0.7246376811594203	3	0.043478260869565216	16	0.2318840579710145	1	0	0	1	1	0	0	2874240426	0	0	0
4046.0	7	0.0017301038062283738	5	0.001235788433020267	5884	1.4542758279782502	346	0.08551655956500247	0	0.0	12	12	0	0.2	2	0.16666666666666666	9	0.75	0	0.0	1	0.08333333333333333	0	0.0	11	0.9166666666666666	1	0.08333333333333333	0	0.0	0	0	0	0	0	0	0	0	1	0	0	1	0	0	0	493497789	0	0	1
4863.0	3909	0.8038247995064774	81	0.016656384947563233	8201	1.68640756734526	5078	1.0442113921447667	630	0.1295496607032696	20	6	78	0.5454545454545454	3	0.15	15	0.75	0	0.0	2	0.1	0	0.0	6	1.0	0	0.0	0	0.0	6	0.07692307692307693	58	0.7435897435897436	0	0.0	14	0.1794871794871795	1	0	1	1	0	1	0	91450870	1	0	0
3119.0	15169	4.863417762103238	1	0.0003206155819172812	6790	2.176979801218339	542	0.1737736453991664	991	0.31773004168002567	5	9	0	0.5555555555555556	1	0.2	4	0.8	0	0.0	0	0.0	1	0.1111111111111111	4	0.4444444444444444	4	0.4444444444444444	0	0.0	0	0	0	0	0	0	0	0	0	0	0	1	1	0	0	2756242935	0	0	0
5027.0	15	0.002983887010145216	22	0.00437636761487965	7287	1.4495723095285458	461	0.0917047941117963	44	0.0087527352297593	34	15	141	0.42105263157894735	5	0.14705882352941177	22	0.6470588235294118	0	0.0	7	0.20588235294117646	0	0.0	15	1.0	0	0.0	0	0.0	13	0.09219858156028368	104	0.7375886524822695	0	0.0	24	0.1702127659574468	0	0	1	1	0	1	0	45805059	1	0	1
2798.0	0	0.0	0	0.0	648	0.2315939957112223	2	0.0007147962830593281	0	0.0	17	13	0	0.7272727272727273	3	0.17647058823529413	14	0.8235294117647058	0	0.0	0	0.0	2	0.15384615384615385	11	0.8461538461538461	0	0.0	0	0.0	0	0	0	0	0	0	0	0	0	0	0	1	1	0	0	3282398730	1	0	0
4790.0	16477	3.439874739039666	14	0.0029227557411273487	26647	5.563048016701462	276	0.05762004175365344	831	0.17348643006263048	9	12	37	0.36363636363636365	2	0.2222222222222222	6	0.6666666666666666	0	0.0	1	0.1111111111111111	2	0.16666666666666666	10	0.8333333333333334	0	0.0	0	0.0	0	0.0	20	0.5405405405405406	0	0.0	17	0.4594594594594595	1	0	1	1	0	0	0	110308877	0	0	0
4798.0	641	0.13359733222175907	7	0.0014589412255106293	39088	8.146727803251355	801	0.1669445602334306	730	0.15214672780325136	1	11	46	0.0	0	0.0	0	0.0	0	0.0	1	1.0	2	0.18181818181818182	8	0.7272727272727273	0	0.0	1	0.09090909090909091	1	0.021739130434782608	37	0.8043478260869565	0	0.0	8	0.17391304347826086	0	0	1	1	0	0	0	108113443	0	0	0
2814.0	193	0.06858564321250889	2	0.0007107320540156361	526	0.1869225302061123	15	0.005330490405117271	48	0.017057569296375266	5	8	74	0.2222222222222222	1	0.2	4	0.8	0	0.0	0	0.0	0	0.0	8	1.0	0	0.0	0	0.0	0	0.0	61	0.8243243243243243	0	0.0	13	0.17567567567567569	0	0	0	1	1	0	0	3262737960	0	0	1
5060.0	543	0.10731225296442688	16	0.0031620553359683794	55611	10.990316205533597	481	0.09505928853754941	318	0.06284584980237154	8	15	28	0.5454545454545454	1	0.125	7	0.875	0	0.0	0	0.0	1	0.06666666666666667	14	0.9333333333333333	0	0.0	0	0.0	0	0.0	23	0.8214285714285714	0	0.0	5	0.17857142857142858	0	1	1	1	0	1	0	38514217	0	0	0
4447.0	6	0.0013492241960872497	7	0.0015740948954351248	1882	0.4232066561727007	279	0.06273892511805712	130	0.029233190915223747	16	15	137	0.8181818181818182	3	0.1875	11	0.6875	0	0.0	2	0.125	0	0.0	14	0.9333333333333333	0	0.0	1	0.06666666666666667	6	0.043795620437956206	88	0.6423357664233577	11	0.08029197080291971	32	0.23357664233576642	0	0	1	1	0	1	0	236580395	1	0	1
2663.0	4048	1.5200901239203906	1	0.0003755163349605708	2851	1.0705970709725874	597	0.22418325197146075	2378	0.8929778445362373	6	15	0	0.5454545454545454	0	0.0	6	1.0	0	0.0	0	0.0	0	0.0	13	0.8666666666666667	2	0.13333333333333333	0	0.0	0	0	0	0	0	0	0	0	0	0	0	1	1	0	0	4314820157	1	0	1
4767.0	31552	6.618837843507447	2	0.0004195510803440319	19744	4.141808265156283	638	0.13383679462974618	823	0.17264526956156911	6	9	117	0.75	1	0.16666666666666666	5	0.8333333333333334	0	0.0	0	0.0	0	0.0	9	1.0	0	0.0	0	0.0	6	0.05128205128205128	85	0.7264957264957265	2	0.017094017094017096	24	0.20512820512820512	1	0	1	1	0	1	0	116993598	1	0	0
5369.0	2273	0.4233563047122369	198	0.036878375861426706	14987	2.791395045632334	8336	1.552616874650773	921	0.17154032408269695	4	12	157	0.375	1	0.25	3	0.75	0	0.0	0	0.0	0	0.0	12	1.0	0	0.0	0	0.0	15	0.09554140127388536	100	0.6369426751592356	7	0.044585987261146494	35	0.2229299363057325	1	0	1	0	0	1	0	15298125	0	0	0
3889.0	4475	1.150681409102597	22	0.00565698122910774	6940	1.7845204422730778	288	0.0740550269992286	580	0.14913859604011315	12	11	154	0.9090909090909091	0	0.0	11	0.9166666666666666	0	0.0	1	0.08333333333333333	0	0.0	11	1.0	0	0.0	0	0.0	15	0.09740259740259741	94	0.6103896103896104	8	0.05194805194805195	37	0.24025974025974026	1	0	1	1	1	1	0	709602894	1	0	0
4741.0	51	0.010757224214300781	2	0.0004218519299725796	426	0.08985446108415945	25	0.005273149124657245	54	0.01139000210925965	20	7	46	0.15789473684210525	3	0.15	15	0.75	0	0.0	2	0.1	0	0.0	5	0.7142857142857143	1	0.14285714285714285	1	0.14285714285714285	2	0.043478260869565216	30	0.6521739130434783	0	0.0	14	0.30434782608695654	0	0	1	1	0	0	0	125218383	0	0	0
4067.0	240	0.059011556429800834	39	0.009589377919842636	84887	20.87214162773543	2313	0.5687238750922056	2435	0.5987214162773543	13	7	79	0.23076923076923078	1	0.07692307692307693	10	0.7692307692307693	0	0.0	2	0.15384615384615385	2	0.2857142857142857	5	0.7142857142857143	0	0.0	0	0.0	15	0.189873417721519	45	0.569620253164557	0	0.0	19	0.24050632911392406	0	0	1	1	1	0	0	474263130	1	0	0
2989.0	0	0.0	1	0.00033456005352960856	3727	1.2469053195048512	142	0.04750752760120441	317	0.10605553696888592	4	11	23	0.0	0	0.0	0	0.0	0	0.0	4	1.0	2	0.18181818181818182	9	0.8181818181818182	0	0.0	0	0.0	0	0.0	0	0.0	0	0.0	23	1.0	0	0	0	1	1	0	0	2961731166	1	0	1
2658.0	53	0.0199398043641836	0	0.0	517	0.1945071482317532	205	0.07712565838976675	0	0.0	5	6	0	0.0	0	0.0	0	0.0	0	0.0	5	1.0	2	0.3333333333333333	3	0.5	1	0.16666666666666666	0	0.0	0	0	0	0	0	0	0	0	0	0	0	1	1	0	0	4451757672	0	0	1
4995.0	32079	6.4222222222222225	43	0.008608608608608608	26286	5.262462462462462	1570	0.31431431431431434	762	0.15255255255255254	16	15	150	0.8	2	0.125	13	0.8125	0	0.0	1	0.0625	2	0.13333333333333333	12	0.8	1	0.06666666666666667	0	0.0	19	0.12666666666666668	102	0.68	4	0.02666666666666667	25	0.16666666666666666	1	0	1	1	0	1	0	55963258	0	0	0
2840.0	8895	3.132042253521127	12	0.004225352112676056	85902	30.24718309859155	177	0.06232394366197183	431	0.15176056338028168	5	9	2	0.4444444444444444	1	0.2	4	0.8	0	0.0	0	0.0	0	0.0	8	0.8888888888888888	0	0.0	1	0.1111111111111111	2	1.0	0	0.0	0	0.0	0	0.0	0	0	0	1	1	0	0	3236736642	0	0	0
4782.0	16315	3.4117524048515264	66	0.013801756587202008	4445	0.9295273943956504	10809	2.2603513174404015	1784	0.3730656629025512	13	12	133	0.9090909090909091	2	0.15384615384615385	10	0.7692307692307693	0	0.0	1	0.07692307692307693	0	0.0	12	1.0	0	0.0	0	0.0	4	0.03007518796992481	106	0.7969924812030075	0	0.0	23	0.17293233082706766	1	0	1	1	0	1	0	112619155	0	0	0
3440.0	5	0.0014534883720930232	0	0.0	39742	11.552906976744186	3	0.0008720930232558139	21	0.006104651162790698	6	6	0	0.25	1	0.16666666666666666	5	0.8333333333333334	0	0.0	0	0.0	0	0.0	6	1.0	0	0.0	0	0.0	0	0	0	0	0	0	0	0	0	0	0	1	1	0	0	712847001	1	0	1
4262.0	268	0.06288127639605819	35	0.008212106992022525	8284	1.94368840919756	299	0.07015485687470671	404	0.09479117785077429	6	6	139	0.5	2	0.3333333333333333	3	0.5	0	0.0	1	0.16666666666666666	0	0.0	6	1.0	0	0.0	0	0.0	29	0.20863309352517986	76	0.5467625899280576	0	0.0	34	0.2446043165467626	1	0	0	1	0	1	0	335376027	0	0	0
4831.0	0	0.0	0	0.0	5399	1.1175740012419788	2	0.00041399296211964395	0	0.0	3	15	0	0.3	3	1.0	0	0.0	0	0.0	0	0.0	15	1.0	0	0.0	0	0.0	0	0.0	0	0	0	0	0	0	0	0	0	0	1	1	1	0	0	98725558	1	0	1
5082.0	312	0.06139315230224321	2	0.0003935458480913026	228	0.0448642266824085	87	0.017119244391971666	237	0.046635182998819365	11	8	90	0.75	2	0.18181818181818182	8	0.7272727272727273	0	0.0	1	0.09090909090909091	0	0.0	8	1.0	0	0.0	0	0.0	12	0.13333333333333333	59	0.6555555555555556	0	0.0	19	0.2111111111111111	1	0	1	0	0	1	0	31338179	0	0	0
4237.0	2358	0.5565258437573755	2	0.0004720320981826764	7371	1.739674297852254	455	0.10738730233655888	399	0.09417040358744394	3	9	9	0.375	1	0.3333333333333333	2	0.6666666666666666	0	0.0	0	0.0	2	0.2222222222222222	6	0.6666666666666666	1	0.1111111111111111	0	0.0	3	0.3333333333333333	0	0.0	2	0.2222222222222222	4	0.4444444444444444	1	0	1	1	0	0	0	350858952	0	0	0
4378.0	1	0.00022841480127912289	2	0.00045682960255824577	13411	3.063270899954317	145	0.03312014618547282	73	0.01667428049337597	12	14	65	0.42857142857142855	2	0.16666666666666666	9	0.75	0	0.0	1	0.08333333333333333	3	0.21428571428571427	11	0.7857142857142857	0	0.0	0	0.0	5	0.07692307692307693	46	0.7076923076923077	0	0.0	14	0.2153846153846154	0	0	1	1	0	0	0	269102797	0	0	0
4178.0	5991	1.4339396840593586	86	0.0205840114887506	13947	3.3382000957395883	5002	1.1972235519387266	1627	0.3894207754906654	19	9	103	0.8	4	0.21052631578947367	12	0.631578947368421	0	0.0	3	0.15789473684210525	3	0.3333333333333333	6	0.6666666666666666	0	0.0	0	0.0	7	0.06796116504854369	71	0.6893203883495146	4	0.038834951456310676	21	0.20388349514563106	1	0	1	0	0	1	0	385904339	1	0	0
3304.0	18	0.005447941888619854	5	0.001513317191283293	3447	1.0432808716707023	179	0.05417675544794189	308	0.09322033898305085	17	11	153	0.16666666666666666	4	0.23529411764705882	8	0.47058823529411764	0	0.0	5	0.29411764705882354	1	0.09090909090909091	10	0.9090909090909091	0	0.0	0	0.0	6	0.0392156862745098	110	0.7189542483660131	0	0.0	37	0.24183006535947713	0	0	0	1	0	0	0	2361870980	0	0	0
2799.0	62	0.022150768131475526	3	0.0010718113612004287	7175	2.563415505537692	59	0.021078956770275097	564	0.2015005359056806	13	13	31	0.75	0	0.0	12	0.9230769230769231	0	0.0	1	0.07692307692307693	0	0.0	12	0.9230769230769231	1	0.07692307692307693	0	0.0	0	0.0	0	0.0	6	0.1935483870967742	25	0.8064516129032258	0	0	1	1	0	1	0	3281628907	1	0	1
4046.0	7230	1.786950074147306	1	0.00024715768660405336	444	0.10973801285219971	287	0.07093425605536333	338	0.08353929807217005	5	14	0	0.45454545454545453	0	0.0	5	1.0	0	0.0	0	0.0	0	0.0	13	0.9285714285714286	0	0.0	1	0.07142857142857142	0	0	0	0	0	0	0	0	1	0	1	1	0	0	0	493596397	0	0	0
3598.0	10	0.0027793218454697055	13	0.003613118399110617	1969	0.547248471372985	260	0.07226236798221233	271	0.07531962201222901	18	11	160	0.38461538461538464	2	0.1111111111111111	15	0.8333333333333334	0	0.0	1	0.05555555555555555	4	0.36363636363636365	7	0.6363636363636364	0	0.0	0	0.0	8	0.05	122	0.7625	3	0.01875	27	0.16875	1	0	1	1	1	1	0	1413000943	1	0	1
4595.0	140366	30.547551686615886	16	0.003482045701849837	34946	7.605223068552775	502	0.10924918389553863	1703	0.370620239390642	18	11	158	0.23529411764705882	1	0.05555555555555555	12	0.6666666666666666	0	0.0	5	0.2777777777777778	0	0.0	11	1.0	0	0.0	0	0.0	6	0.0379746835443038	114	0.7215189873417721	4	0.02531645569620253	34	0.21518987341772153	1	0	1	1	1	0	0	178794231	0	0	0
5011.0	124235	24.792456595489924	96	0.019157852724007184	49737	9.925563759728597	7007	1.3983236878866494	908	0.18120135701456794	11	11	117	1.0	2	0.18181818181818182	9	0.8181818181818182	0	0.0	0	0.0	2	0.18181818181818182	9	0.8181818181818182	0	0.0	0	0.0	6	0.05128205128205128	90	0.7692307692307693	0	0.0	21	0.1794871794871795	0	0	1	1	0	1	0	50523916	0	0	0
3789.0	1398	0.36896278701504354	0	0.0	2013	0.5312747426761678	76	0.020058062813407232	311	0.08207970440749539	7	7	37	1.0	1	0.14285714285714285	4	0.5714285714285714	2	0.2857142857142857	0	0.0	0	0.0	5	0.7142857142857143	2	0.2857142857142857	0	0.0	1	0.02702702702702703	27	0.7297297297297297	0	0.0	9	0.24324324324324326	0	0	0	1	1	0	0	913305372	0	0	0
3967.0	111	0.027980841946054952	0	0.0	5741	1.4471893118225359	288	0.07259894126543988	257	0.06478447189311823	4	11	38	0.375	0	0.0	4	1.0	0	0.0	0	0.0	2	0.18181818181818182	9	0.8181818181818182	0	0.0	0	0.0	0	0.0	10	0.2631578947368421	18	0.47368421052631576	10	0.2631578947368421	0	0	1	1	0	1	0	570601271	0	0	0
3091.0	2832	0.916208346813329	4	0.0012940795858945326	12028	3.8912973147848593	639	0.20672921384665158	190	0.06146878032999029	6	10	102	0.625	1	0.16666666666666666	5	0.8333333333333334	0	0.0	0	0.0	1	0.1	5	0.5	4	0.4	0	0.0	19	0.18627450980392157	61	0.5980392156862745	0	0.0	22	0.21568627450980393	0	0	1	1	0	0	0	2833854266	1	0	0
4976.0	1275	0.2562299035369775	5	0.0010048231511254019	12531	2.5182877813504825	1046	0.2102090032154341	877	0.1762459807073955	15	14	14	0.8888888888888888	2	0.13333333333333333	12	0.8	0	0.0	1	0.06666666666666667	2	0.14285714285714285	12	0.8571428571428571	0	0.0	0	0.0	4	0.2857142857142857	9	0.6428571428571429	0	0.0	1	0.07142857142857142	0	0	0	1	0	0	0	61615934	0	0	0
3573.0	12	0.0033585222502099076	2	0.000559753708368318	7727	2.1626084522809963	497	0.139098796529527	707	0.1978729359082004	12	7	0	0.6666666666666666	2	0.16666666666666666	9	0.75	0	0.0	1	0.08333333333333333	0	0.0	6	0.8571428571428571	1	0.14285714285714285	0	0.0	0	0	0	0	0	0	0	0	0	0	1	1	1	0	0	1478061896	0	0	0
3085.0	3771	1.2223662884927067	2	0.0006482982171799027	7929	2.5701782820097243	188	0.06094003241491086	1359	0.4405186385737439	14	10	111	0.6363636363636364	0	0.0	14	1.0	0	0.0	0	0.0	0	0.0	9	0.9	1	0.1	0	0.0	2	0.018018018018018018	83	0.7477477477477478	0	0.0	26	0.23423423423423423	1	0	1	1	0	0	0	2838900554	1	0	1
4565.0	536	0.11741511500547645	118	0.025848849945235487	14863	3.2558598028477546	5706	1.249945235487404	4873	1.0674698795180724	18	10	0	0.75	2	0.1111111111111111	13	0.7222222222222222	1	0.05555555555555555	2	0.1111111111111111	2	0.2	7	0.7	1	0.1	0	0.0	0	0	0	0	0	0	0	0	1	0	0	1	0	0	0	190754647	1	0	1
4298.0	141	0.03280595625872499	0	0.0	482	0.11214518380642159	9	0.0020939972080037225	70	0.016286644951140065	12	12	0	0.8333333333333334	2	0.16666666666666666	9	0.75	0	0.0	1	0.08333333333333333	2	0.16666666666666666	9	0.75	1	0.08333333333333333	0	0.0	0	0	0	0	0	0	0	0	0	0	0	1	1	0	0	313028442	0	0	0
4637.0	1428	0.3079577312917835	33	0.007116670260944576	3989	0.8602544748759974	1297	0.27970670692257926	1876	0.40457192150097043	13	13	130	1.0	2	0.15384615384615385	11	0.8461538461538461	0	0.0	0	0.0	2	0.15384615384615385	11	0.8461538461538461	0	0.0	0	0.0	10	0.07692307692307693	99	0.7615384615384615	0	0.0	21	0.16153846153846155	0	0	1	1	0	1	0	162770784	1	0	0
3790.0	0	0.0	6	0.0015831134564643799	1644	0.4337730870712401	41	0.010817941952506595	398	0.10501319261213721	14	13	0	0.9	0	0.0	13	0.9285714285714286	0	0.0	1	0.07142857142857142	0	0.0	13	1.0	0	0.0	0	0.0	0	0	0	0	0	0	0	0	0	0	1	0	0	0	0	909537120	1	0	1
3242.0	41272	12.730413325107959	4	0.0012338062924120913	9530	2.9395434916718077	391	0.12060456508328192	385	0.11875385564466379	13	13	57	0.8333333333333334	0	0.0	12	0.9230769230769231	0	0.0	1	0.07692307692307693	0	0.0	12	0.9230769230769231	0	0.0	1	0.07692307692307693	1	0.017543859649122806	40	0.7017543859649122	0	0.0	16	0.2807017543859649	1	0	1	0	0	0	0	2470014818	0	0	0
2676.0	120	0.04484304932735426	1	0.0003736920777279522	260	0.09715994020926756	7	0.002615844544095665	43	0.016068759342301942	17	15	0	0.3157894736842105	2	0.11764705882352941	14	0.8235294117647058	0	0.0	1	0.058823529411764705	0	0.0	11	0.7333333333333333	4	0.26666666666666666	0	0.0	0	0	0	0	0	0	0	0	0	0	0	1	1	0	0	4203016035	0	0	1
4189.0	25819	6.1635235139651465	1	0.00023872045834328001	8256	1.9708761040821199	348	0.08307471950346144	368	0.08784912867032704	11	6	45	0.45454545454545453	0	0.0	10	0.9090909090909091	0	0.0	1	0.09090909090909091	0	0.0	5	0.8333333333333334	0	0.0	1	0.16666666666666666	0	0.0	37	0.8222222222222222	0	0.0	8	0.17777777777777778	0	0	0	1	1	0	0	379521795	0	0	0
4997.0	206	0.04122473484090454	0	0.0	5551	1.1108665199119472	97	0.019411646988192914	59	0.01180708425055033	6	12	35	0.5454545454545454	1	0.16666666666666666	5	0.8333333333333334	0	0.0	0	0.0	2	0.16666666666666666	9	0.75	0	0.0	1	0.08333333333333333	6	0.17142857142857143	19	0.5428571428571428	2	0.05714285714285714	8	0.22857142857142856	0	0	0	1	0	0	0	55291753	0	0	0
4819.0	41257	8.561319775887114	66	0.013695787507781698	34309	7.119526872795186	744	0.15438887736044823	875	0.18157294044407554	15	9	83	0.5384615384615384	1	0.06666666666666667	13	0.8666666666666667	0	0.0	1	0.06666666666666667	1	0.1111111111111111	8	0.8888888888888888	0	0.0	0	0.0	6	0.07228915662650602	55	0.6626506024096386	0	0.0	22	0.26506024096385544	1	0	1	0	0	0	0	101543796	0	0	0
3170.0	109800	34.63722397476341	7	0.0022082018927444794	79693	25.1397476340694	199	0.06277602523659306	287	0.09053627760252365	5	11	25	0.3333333333333333	0	0.0	5	1.0	0	0.0	0	0.0	0	0.0	11	1.0	0	0.0	0	0.0	0	0.0	16	0.64	0	0.0	9	0.36	0	0	0	0	0	0	0	2614587271	0	0	0
3112.0	5286	1.698586118251928	1	0.00032133676092544985	21103	6.781169665809768	259	0.08322622107969152	320	0.10282776349614396	11	12	30	0.3	0	0.0	10	0.9090909090909091	0	0.0	1	0.09090909090909091	0	0.0	12	1.0	0	0.0	0	0.0	0	0.0	14	0.4666666666666667	5	0.16666666666666666	11	0.36666666666666664	1	0	0	1	1	0	0	2763354004	0	0	0
4561.0	19154	4.199517649638238	18	0.0039465029598772195	28333	6.212014909011182	1805	0.3957465468099101	927	0.20324490243367682	10	9	47	0.8333333333333334	2	0.2	7	0.7	0	0.0	1	0.1	2	0.2222222222222222	7	0.7777777777777778	0	0.0	0	0.0	9	0.19148936170212766	10	0.2127659574468085	2	0.0425531914893617	26	0.5531914893617021	1	0	0	0	0	1	0	192180117	0	0	0
2643.0	0	0.0	1	0.00037835792659856227	422	0.15966704502459325	3	0.0011350737797956867	77	0.029133560348089293	16	15	0	1.0	0	0.0	16	1.0	0	0.0	0	0.0	0	0.0	15	1.0	0	0.0	0	0.0	0	0	0	0	0	0	0	0	0	0	0	1	1	0	0	4601655193	1	0	1
2856.0	933	0.32668067226890757	23	0.008053221288515405	487	0.17051820728291317	441	0.15441176470588236	428	0.14985994397759103	12	11	59	0.875	2	0.16666666666666666	9	0.75	0	0.0	1	0.08333333333333333	0	0.0	11	1.0	0	0.0	0	0.0	1	0.01694915254237288	48	0.8135593220338984	0	0.0	10	0.1694915254237288	0	0	1	1	1	0	0	3291410337	0	0	0
4877.0	6022	1.2347754767274963	144	0.029526348164855443	3799	0.7789624769325405	3354	0.687717859339758	3310	0.6786959196227189	6	15	123	0.23076923076923078	1	0.16666666666666666	5	0.8333333333333334	0	0.0	0	0.0	2	0.13333333333333333	13	0.8666666666666667	0	0.0	0	0.0	18	0.14634146341463414	74	0.6016260162601627	2	0.016260162601626018	29	0.23577235772357724	1	0	1	1	0	1	0	87912354	0	0	0
3392.0	28301	8.343455188679245	1	0.00029481132075471697	13394	3.948702830188679	216	0.06367924528301887	194	0.057193396226415096	14	8	11	0.0	0	0.0	13	0.9285714285714286	0	0.0	1	0.07142857142857142	0	0.0	5	0.625	2	0.25	1	0.125	1	0.09090909090909091	9	0.8181818181818182	0	0.0	1	0.09090909090909091	1	0	1	1	1	0	0	2201333669	1	0	0
4349.0	385	0.08852609795355254	0	0.0	6714	1.5438031731432513	151	0.03472062543113359	107	0.024603357093584733	2	13	12	0.18181818181818182	2	1.0	0	0.0	0	0.0	0	0.0	0	0.0	12	0.9230769230769231	0	0.0	1	0.07692307692307693	2	0.16666666666666666	7	0.5833333333333334	0	0.0	3	0.25	0	0	1	0	0	0	0	283914149	0	0	0
4572.0	1983	0.43372703412073493	2	0.0004374453193350831	19089	4.175196850393701	273	0.05971128608923885	215	0.047025371828521435	15	15	3	0.7	2	0.13333333333333333	12	0.8	0	0.0	1	0.06666666666666667	0	0.0	15	1.0	0	0.0	0	0.0	0	0.0	0	0.0	0	0.0	3	1.0	1	0	1	1	0	0	0	188084143	0	0	0
4151.0	30696	7.39484461575524	1	0.0002409058058299205	68057	16.3953264273669	941	0.22669236328595518	557	0.13418453384726572	11	11	2	0.06666666666666667	10	0.9090909090909091	0	0.0	0	0.0	1	0.09090909090909091	2	0.18181818181818182	9	0.8181818181818182	0	0.0	0	0.0	0	0.0	0	0.0	0	0.0	2	1.0	1	0	1	1	0	1	0	403173316	0	0	0
3201.0	2315	0.7232114964073727	0	0.0	1279	0.39956263667603875	180	0.056232427366447985	393	0.12277413308341144	6	15	111	0.5454545454545454	1	0.16666666666666666	5	0.8333333333333334	0	0.0	0	0.0	0	0.0	14	0.9333333333333333	1	0.06666666666666667	0	0.0	3	0.02702702702702703	80	0.7207207207207207	1	0.009009009009009009	27	0.24324324324324326	1	0	0	1	1	0	0	2595483597	0	0	0
3704.0	5908	1.5950323974082072	1	0.0002699784017278618	7564	2.0421166306695464	265	0.07154427645788337	75	0.020248380129589634	9	9	4	0.0	4	0.4444444444444444	5	0.5555555555555556	0	0.0	0	0.0	0	0.0	9	1.0	0	0.0	0	0.0	0	0.0	0	0.0	0	0.0	4	1.0	0	0	1	1	0	0	0	1112944590	0	0	0
4026.0	62	0.015399900645802286	4	0.0009935419771485345	1329	0.3301043219076006	109	0.027074018877297566	21	0.005216095380029807	13	10	145	0.8	2	0.15384615384615385	10	0.7692307692307693	0	0.0	1	0.07692307692307693	0	0.0	9	0.9	0	0.0	1	0.1	5	0.034482758620689655	116	0.8	0	0.0	24	0.16551724137931034	1	0	1	1	1	1	0	516632569	1	0	0
3444.0	44	0.012775842044134728	0	0.0	671	0.1948315911730546	103	0.029907084785133566	358	0.10394889663182347	14	14	0	0.8181818181818182	13	0.9285714285714286	0	0.0	0	0.0	1	0.07142857142857142	0	0.0	13	0.9285714285714286	1	0.07142857142857142	0	0.0	0	0	0	0	0	0	0	0	1	0	0	1	1	0	0	1949052924	0	0	0
2887.0	2536	0.8784205057152754	7	0.0024246622791825423	8417	2.9154832005542084	258	0.08936612400415657	316	0.10945618288881191	9	13	87	0.7	0	0.0	9	1.0	0	0.0	0	0.0	0	0.0	9	0.6923076923076923	4	0.3076923076923077	0	0.0	0	0.0	72	0.8275862068965517	0	0.0	15	0.1724137931034483	0	0	1	1	1	0	0	3163287565	0	0	0
3909.0	83	0.021233051931440265	0	0.0	267	0.06830391404451266	20	0.005116398055768739	81	0.02072141212586339	20	8	8	0.6	1	0.05	15	0.75	0	0.0	4	0.2	0	0.0	8	1.0	0	0.0	0	0.0	0	0.0	0	0.0	6	0.75	2	0.25	0	0	1	1	0	1	0	623407119	0	0	0
2866.0	7254	2.5310537334263783	7	0.0024424284717376133	7340	2.5610607117934405	53	0.01849267271458479	0	0.0	13	11	0	0.1875	2	0.15384615384615385	10	0.7692307692307693	0	0.0	1	0.07692307692307693	0	0.0	11	1.0	0	0.0	0	0.0	0	0	0	0	0	0	0	0	0	0	0	1	1	0	0	3244584983	1	0	1
3410.0	10751	3.1527859237536657	0	0.0	1375	0.4032258064516129	66	0.01935483870967742	47	0.01378299120234604	17	15	0	0.5714285714285714	2	0.11764705882352941	14	0.8235294117647058	0	0.0	1	0.058823529411764705	0	0.0	12	0.8	2	0.13333333333333333	1	0.06666666666666667	0	0	0	0	0	0	0	0	0	0	1	1	1	0	0	2189291576	1	0	0
3459.0	9097	2.6299508528476436	0	0.0	2232	0.645273200346921	38	0.010985834056085574	121	0.03498120844174617	9	11	48	0.2727272727272727	2	0.2222222222222222	4	0.4444444444444444	0	0.0	3	0.3333333333333333	0	0.0	11	1.0	0	0.0	0	0.0	5	0.10416666666666667	33	0.6875	0	0.0	10	0.20833333333333334	1	0	1	1	0	0	0	1902145598	0	0	0
4409.0	9337	2.117713767294171	4	0.0009072352007257881	1623	0.36811068269448854	1165	0.2642322522113858	766	0.17373554093898844	14	14	122	1.0	11	0.7857142857142857	0	0.0	3	0.21428571428571427	0	0.0	11	0.7857142857142857	0	0.0	3	0.21428571428571427	0	0.0	23	0.1885245901639344	72	0.5901639344262295	6	0.04918032786885246	21	0.1721311475409836	1	0	1	1	0	1	0	253554752	1	0	0
3874.0	4953	1.278523489932886	2	0.0005162622612287042	6121	1.580020650490449	102	0.02632937532266391	112	0.028910686628807435	6	12	39	0.45454545454545453	1	0.16666666666666666	5	0.8333333333333334	0	0.0	0	0.0	2	0.16666666666666666	8	0.6666666666666666	2	0.16666666666666666	0	0.0	6	0.15384615384615385	21	0.5384615384615384	0	0.0	12	0.3076923076923077	1	0	1	1	1	0	0	737734728	0	0	0
2792.0	0	0.0	0	0.0	483	0.1729942693409742	2	0.0007163323782234957	0	0.0	4	12	0	0.4444444444444444	1	0.25	3	0.75	0	0.0	0	0.0	1	0.08333333333333333	3	0.25	8	0.6666666666666666	0	0.0	0	0	0	0	0	0	0	0	0	0	0	1	1	0	0	3289231435	1	0	0
4449.0	21935	4.930321420543942	3	0.0006743088334457181	23638	5.313104068329962	1597	0.3589570690042706	1363	0.3063609799955046	1	15	34	0.0	0	0.0	0	0.0	0	0.0	1	1.0	0	0.0	12	0.8	0	0.0	3	0.2	1	0.029411764705882353	16	0.47058823529411764	2	0.058823529411764705	15	0.4411764705882353	1	0	1	1	0	1	0	235417676	0	0	0
5054.0	683	0.13514048278591215	4	0.0007914523149980214	7444	1.4728927582113178	99	0.01958844479620103	363	0.07182429758607044	8	9	46	0.7142857142857143	2	0.25	4	0.5	0	0.0	2	0.25	0	0.0	9	1.0	0	0.0	0	0.0	6	0.13043478260869565	32	0.6956521739130435	0	0.0	8	0.17391304347826086	1	0	1	1	0	0	0	39661642	0	0	0
2859.0	1089	0.3809024134312697	1	0.0003497726477789437	1092	0.38195173137460653	17	0.005946135012242042	0	0.0	11	12	0	0.14285714285714285	2	0.18181818181818182	8	0.7272727272727273	0	0.0	1	0.09090909090909091	0	0.0	12	1.0	0	0.0	0	0.0	0	0	0	0	0	0	0	0	0	0	0	1	1	0	0	3267489874	1	0	1
3699.0	29863	8.073263044065964	0	0.0	16515	4.464720194647202	606	0.16382806163828062	308	0.08326574749932414	12	12	0	0.8888888888888888	0	0.0	11	0.9166666666666666	0	0.0	1	0.08333333333333333	0	0.0	12	1.0	0	0.0	0	0.0	0	0	0	0	0	0	0	0	1	0	0	0	0	0	0	1124003922	0	0	0
2747.0	2308	0.8401892974153622	3	0.0010921004732435385	30024	10.929741536221332	410	0.14925373134328357	129	0.04696032034947215	5	7	107	0.2857142857142857	1	0.2	4	0.8	0	0.0	0	0.0	0	0.0	7	1.0	0	0.0	0	0.0	14	0.1308411214953271	64	0.5981308411214953	2	0.018691588785046728	27	0.2523364485981308	1	0	0	1	0	0	0	3471601759	1	0	0
3373.0	0	0.0	0	0.0	28406	8.421583160391343	49	0.014527127186480878	37	0.010969463385710051	8	10	123	0.6	2	0.25	5	0.625	0	0.0	1	0.125	0	0.0	7	0.7	3	0.3	0	0.0	1	0.008130081300813009	100	0.8130081300813008	0	0.0	22	0.17886178861788618	0	0	0	1	1	1	0	2254221422	0	0	0
5530.0	0	0.0	15	0.0027124773960217	859	0.1553345388788427	97	0.017540687160940326	178	0.03218806509945751	11	11	124	0.9	2	0.18181818181818182	8	0.7272727272727273	0	0.0	1	0.09090909090909091	3	0.2727272727272727	8	0.7272727272727273	0	0.0	0	0.0	4	0.03225806451612903	93	0.75	0	0.0	27	0.21774193548387097	1	0	1	0	0	1	0	12595312	1	0	1
3481.0	13637	3.9175524274633724	1	0.0002872737719046251	1956	0.5619074978454467	106	0.03045101982189026	217	0.06233840850330365	6	12	11	0.3333333333333333	1	0.16666666666666666	3	0.5	0	0.0	2	0.3333333333333333	2	0.16666666666666666	7	0.5833333333333334	2	0.16666666666666666	1	0.08333333333333333	2	0.18181818181818182	8	0.7272727272727273	0	0.0	1	0.09090909090909091	1	0	1	1	1	0	0	1723166832	0	0	0
2887.0	46	0.01593349497748528	0	0.0	660	0.228611014894354	227	0.07862833391063388	512	0.1773467267059231	11	15	0	0.875	2	0.18181818181818182	8	0.7272727272727273	0	0.0	1	0.09090909090909091	2	0.13333333333333333	13	0.8666666666666667	0	0.0	0	0.0	0	0	0	0	0	0	0	0	0	0	0	1	1	0	0	3164188794	1	0	1
5111.0	2168	0.42418313441596556	3	0.0005869692819409117	6510	1.2737233418117786	222	0.04343572686362747	353	0.06906671884171395	17	13	0	0.35714285714285715	3	0.17647058823529413	13	0.7647058823529411	0	0.0	1	0.058823529411764705	4	0.3076923076923077	9	0.6923076923076923	0	0.0	0	0.0	0	0	0	0	0	0	0	0	0	0	1	1	0	0	0	24883323	0	0	0
3526.0	225	0.0638116846284742	1	0.0002836074872376631	7009	1.9878048780487805	1590	0.4509359047078843	88	0.024957458876914352	12	12	11	1.0	0	0.0	12	1.0	0	0.0	0	0.0	0	0.0	12	1.0	0	0.0	0	0.0	0	0.0	8	0.7272727272727273	0	0.0	3	0.2727272727272727	0	0	1	1	1	0	0	1605070976	1	0	1
3534.0	8	0.0022637238256932655	0	0.0	6576	1.8607809847198642	11	0.00311262026032824	91	0.025749858517260894	14	15	16	0.7777777777777778	2	0.14285714285714285	11	0.7857142857142857	0	0.0	1	0.07142857142857142	2	0.13333333333333333	13	0.8666666666666667	0	0.0	0	0.0	2	0.125	13	0.8125	0	0.0	1	0.0625	0	0	1	1	0	0	0	1587081356	1	0	1
4152.0	40267	9.698217726396917	2	0.0004816955684007707	9340	2.249518304431599	184	0.04431599229287091	709	0.17076107899807322	9	9	98	0.7777777777777778	0	0.0	8	0.8888888888888888	0	0.0	1	0.1111111111111111	0	0.0	8	0.8888888888888888	0	0.0	1	0.1111111111111111	5	0.05102040816326531	76	0.7755102040816326	1	0.01020408163265306	16	0.16326530612244897	1	0	1	1	1	0	0	402976909	0	0	0
3706.0	1680	0.4533189422558014	5	0.0013491635186184566	15823	4.269562871019968	519	0.1400431732325958	41	0.011063140852671344	9	9	37	1.0	9	1.0	0	0.0	0	0.0	0	0.0	0	0.0	9	1.0	0	0.0	0	0.0	2	0.05405405405405406	24	0.6486486486486487	0	0.0	11	0.2972972972972973	0	0	0	1	0	0	0	1105801358	0	0	0
4009.0	8997	2.2442005487652783	1	0.0002494387627837366	9118	2.2743826390621105	611	0.15240708406086306	885	0.22075330506360688	5	8	44	0.375	1	0.2	2	0.4	0	0.0	2	0.4	2	0.25	6	0.75	0	0.0	0	0.0	16	0.36363636363636365	12	0.2727272727272727	2	0.045454545454545456	14	0.3181818181818182	0	0	1	1	0	0	0	533885079	0	0	0
3558.0	671	0.18858909499718943	0	0.0	10993	3.089657110736369	140	0.03934794828555368	123	0.03456998313659359	10	10	0	0.7777777777777778	2	0.2	7	0.7	0	0.0	1	0.1	0	0.0	9	0.9	0	0.0	1	0.1	0	0	0	0	0	0	0	0	1	0	1	1	0	0	0	1523642533	0	0	0
3962.0	435	0.10979303382130237	48	0.012115093387178193	3249	0.820040383644624	1106	0.2791519434628975	454	0.11458859162039374	10	9	148	0.8888888888888888	4	0.4	5	0.5	0	0.0	1	0.1	4	0.4444444444444444	5	0.5555555555555556	0	0.0	0	0.0	8	0.05405405405405406	113	0.7635135135135135	0	0.0	27	0.18243243243243243	0	0	1	1	0	1	0	575402168	1	0	0
3561.0	0	0.0	0	0.0	801	0.22493681550126368	5	0.0014040999719180005	26	0.007301319853973603	20	8	0	0.5384615384615384	0	0.0	19	0.95	0	0.0	1	0.05	0	0.0	8	1.0	0	0.0	0	0.0	0	0	0	0	0	0	0	0	0	0	0	1	1	0	0	1515532488	1	0	1
2940.0	228	0.07755102040816327	1	0.0003401360544217687	429	0.14591836734693878	15	0.00510204081632653	49	0.016666666666666666	13	12	0	0.9	0	0.0	12	0.9230769230769231	0	0.0	1	0.07692307692307693	2	0.16666666666666666	10	0.8333333333333334	0	0.0	0	0.0	0	0	0	0	0	0	0	0	0	0	1	1	1	0	0	3060478163	0	0	0
2784.0	0	0.0	0	0.0	426	0.15301724137931033	2	0.0007183908045977011	0	0.0	4	13	0	0.07692307692307693	0	0.0	4	1.0	0	0.0	0	0.0	1	0.07692307692307693	12	0.9230769230769231	0	0.0	0	0.0	0	0	0	0	0	0	0	0	0	0	0	1	1	0	0	3396939995	1	0	0
3826.0	888	0.23209618400418192	20	0.005227391531625719	4180	1.0925248301097752	1399	0.36565603763721904	1969	0.514636696288552	20	13	146	0.7692307692307693	2	0.1	17	0.85	0	0.0	1	0.05	0	0.0	13	1.0	0	0.0	0	0.0	5	0.03424657534246575	113	0.773972602739726	0	0.0	28	0.1917808219178082	1	0	1	1	0	1	0	840642788	0	0	0
5081.0	638	0.12556583349734304	3	0.000590434953749262	1506	0.2963983467821295	78	0.015351308797480812	235	0.04625073804369219	14	12	34	0.26666666666666666	13	0.9285714285714286	0	0.0	0	0.0	1	0.07142857142857142	0	0.0	12	1.0	0	0.0	0	0.0	1	0.029411764705882353	26	0.7647058823529411	0	0.0	7	0.20588235294117646	0	0	1	1	0	0	0	31648644	0	0	0
5816.0	26591	4.572042640990372	93	0.015990371389270976	46197	7.94308803301238	3789	0.6514786795048143	4994	0.8586657496561211	13	7	152	0.46153846153846156	2	0.15384615384615385	8	0.6153846153846154	0	0.0	3	0.23076923076923078	0	0.0	6	0.8571428571428571	1	0.14285714285714285	0	0.0	10	0.06578947368421052	115	0.756578947368421	0	0.0	27	0.17763157894736842	1	0	1	0	0	1	0	4419831	0	0	0
4363.0	13360	3.06211322484529	106	0.024295209718083886	15558	3.5658950263580107	9968	2.2846665138666054	1494	0.3424249369699748	32	11	31	0.3181818181818182	2	0.0625	16	0.5	0	0.0	14	0.4375	2	0.18181818181818182	9	0.8181818181818182	0	0.0	0	0.0	0	0.0	0	0.0	0	0.0	31	1.0	1	0	1	1	1	1	0	276885764	0	0	0
3961.0	62	0.01565261297652108	13	0.003281999495077001	1973	0.49810653875284017	1616	0.4079777833880333	4171	1.0530169149204747	16	15	155	0.8461538461538461	2	0.125	13	0.8125	0	0.0	1	0.0625	0	0.0	14	0.9333333333333333	1	0.06666666666666667	0	0.0	3	0.01935483870967742	125	0.8064516129032258	0	0.0	27	0.17419354838709677	0	0	0	1	1	1	0	576499978	1	0	1
5199.0	26569	5.110405847278323	64	0.012310059626851317	50336	9.681861896518562	1854	0.3566070398153491	1892	0.36391613771879205	11	8	132	0.3076923076923077	0	0.0	10	0.9090909090909091	0	0.0	1	0.09090909090909091	0	0.0	4	0.5	4	0.5	0	0.0	0	0.0	99	0.75	0	0.0	33	0.25	1	0	1	1	0	1	0	18231565	0	0	0
3724.0	8024	2.154672395273899	0	0.0	26952	7.237379162191193	588	0.15789473684210525	542	0.14554242749731472	4	10	18	0.09090909090909091	0	0.0	3	0.75	0	0.0	1	0.25	0	0.0	9	0.9	0	0.0	1	0.1	2	0.1111111111111111	11	0.6111111111111112	0	0.0	5	0.2777777777777778	1	0	1	1	1	0	0	1054224655	0	0	0
4627.0	6309	1.3635184784957857	5	0.001080613788631943	4025	0.869894099848714	456	0.09855197752323319	434	0.09379727685325265	15	12	32	0.8461538461538461	3	0.2	9	0.6	0	0.0	3	0.2	3	0.25	9	0.75	0	0.0	0	0.0	4	0.125	22	0.6875	0	0.0	6	0.1875	1	0	1	1	0	1	0	166654232	0	0	0
4405.0	3340	0.7582292849035187	0	0.0	3746	0.8503972758229285	216	0.04903518728717367	946	0.21475595913734394	10	9	31	0.8571428571428571	2	0.2	7	0.7	0	0.0	1	0.1	2	0.2222222222222222	7	0.7777777777777778	0	0.0	0	0.0	2	0.06451612903225806	22	0.7096774193548387	0	0.0	7	0.22580645161290322	0	0	1	1	0	0	0	255373617	0	0	0
3518.0	25575	7.269755542922115	5	0.0014212620807276862	11129	3.163445139283684	551	0.156623081296191	369	0.10488914155770324	17	15	14	0.2631578947368421	5	0.29411764705882354	5	0.29411764705882354	0	0.0	7	0.4117647058823529	2	0.13333333333333333	11	0.7333333333333333	2	0.13333333333333333	0	0.0	2	0.14285714285714285	9	0.6428571428571429	0	0.0	3	0.21428571428571427	1	0	1	1	1	1	0	1624682809	0	0	0
4797.0	9290	1.936627058578278	3	0.0006253908692933083	9070	1.8907650614967688	219	0.045653533458411506	287	0.05982905982905983	13	15	84	0.5384615384615384	7	0.5384615384615384	0	0.0	0	0.0	6	0.46153846153846156	2	0.13333333333333333	12	0.8	0	0.0	1	0.06666666666666667	6	0.07142857142857142	66	0.7857142857142857	0	0.0	12	0.14285714285714285	1	0	1	1	0	0	0	108425531	0	0	0
4844.0	3020	0.6234516928158547	90	0.018579686209744012	1172	0.24194880264244426	3212	0.6630883567299752	379	0.0782411230388109	21	8	125	0.25	2	0.09523809523809523	10	0.47619047619047616	4	0.19047619047619047	5	0.23809523809523808	0	0.0	4	0.5	4	0.5	0	0.0	10	0.08	88	0.704	1	0.008	26	0.208	1	0	1	0	0	1	0	95760717	0	0	1
4266.0	1355	0.3176277543366151	0	0.0	2546	0.596812001875293	74	0.017346460384435068	98	0.02297233942803563	13	9	24	0.0	1	0.07692307692307693	7	0.5384615384615384	0	0.0	5	0.38461538461538464	2	0.2222222222222222	7	0.7777777777777778	0	0.0	0	0.0	5	0.20833333333333334	15	0.625	0	0.0	4	0.16666666666666666	1	0	0	1	0	0	0	332738908	0	0	0
3185.0	258	0.08100470957613815	1	0.0003139717425431711	839	0.2634222919937206	95	0.029827315541601257	438	0.13751962323390896	11	14	74	0.6	2	0.18181818181818182	8	0.7272727272727273	0	0.0	1	0.09090909090909091	2	0.14285714285714285	12	0.8571428571428571	0	0.0	0	0.0	3	0.04054054054054054	55	0.7432432432432432	0	0.0	16	0.21621621621621623	0	0	1	1	1	0	0	2641211740	0	0	0
3087.0	129	0.04178814382896016	13	0.004211208292840946	1036	0.3356009070294785	304	0.09847748623258827	972	0.31486880466472306	11	11	107	1.0	1	0.09090909090909091	10	0.9090909090909091	0	0.0	0	0.0	0	0.0	11	1.0	0	0.0	0	0.0	2	0.018691588785046728	90	0.8411214953271028	0	0.0	15	0.14018691588785046	0	0	1	1	1	1	0	2797875551	1	0	1
5047.0	2791	0.5530017832375669	284	0.056271052110164456	14184	2.81038240538934	1705	0.3378244501684169	2271	0.44997027937388545	18	11	157	0.6666666666666666	3	0.16666666666666666	13	0.7222222222222222	0	0.0	2	0.1111111111111111	0	0.0	11	1.0	0	0.0	0	0.0	11	0.07006369426751592	118	0.7515923566878981	2	0.012738853503184714	26	0.16560509554140126	1	0	1	1	0	1	0	41365886	1	0	0
4345.0	15	0.0034522439585730723	0	0.0	6174	1.4209436133486766	52	0.011967779056386652	20	0.004602991944764097	8	11	0	0.0	0	0.0	0	0.0	0	0.0	8	1.0	3	0.2727272727272727	7	0.6363636363636364	0	0.0	1	0.09090909090909091	0	0	0	0	0	0	0	0	0	0	0	1	0	0	0	286126462	0	0	0
3929.0	375	0.09544413336726902	0	0.0	5602	1.4258080936625095	63	0.016034614405701197	334	0.08500890811911428	18	15	83	0.17647058823529413	4	0.2222222222222222	12	0.6666666666666666	0	0.0	2	0.1111111111111111	1	0.06666666666666667	14	0.9333333333333333	0	0.0	0	0.0	14	0.1686746987951807	44	0.5301204819277109	0	0.0	25	0.30120481927710846	1	0	1	1	0	1	0	605565315	1	0	1
3293.0	2525	0.7667780139690252	0	0.0	4884	1.4831460674157304	673	0.20437291223808077	571	0.17339811721834195	15	14	22	0.6153846153846154	1	0.06666666666666667	12	0.8	0	0.0	2	0.13333333333333333	2	0.14285714285714285	12	0.8571428571428571	0	0.0	0	0.0	3	0.13636363636363635	12	0.5454545454545454	0	0.0	7	0.3181818181818182	0	0	1	1	1	1	0	2381148548	0	0	0
4120.0	3635	0.8822815533980582	2	0.0004854368932038835	19414	4.712135922330097	464	0.11262135922330097	306	0.07427184466019418	4	12	18	0.2727272727272727	1	0.25	3	0.75	0	0.0	0	0.0	2	0.16666666666666666	7	0.5833333333333334	2	0.16666666666666666	1	0.08333333333333333	4	0.2222222222222222	6	0.3333333333333333	0	0.0	8	0.4444444444444444	1	0	1	1	1	1	0	427061639	0	0	0
2827.0	0	0.0	1	0.00035373187124159886	638	0.22568093385214008	29	0.010258224266006368	17	0.006013441811107181	13	12	160	0.9090909090909091	2	0.15384615384615385	10	0.7692307692307693	0	0.0	1	0.07692307692307693	2	0.16666666666666666	10	0.8333333333333334	0	0.0	0	0.0	11	0.06875	128	0.8	0	0.0	21	0.13125	0	0	1	1	1	1	0	3332419978	1	0	1
3262.0	0	0.0	2	0.0006131207847946045	2143	0.6569589209074188	7	0.002145922746781116	32	0.009809932556713672	8	8	72	1.0	0	0.0	8	1.0	0	0.0	0	0.0	0	0.0	8	1.0	0	0.0	0	0.0	6	0.08333333333333333	41	0.5694444444444444	5	0.06944444444444445	20	0.2777777777777778	0	0	0	1	1	1	0	2435346834	1	0	1
5009.0	9025	1.8017568376921542	3	0.0005989219405070872	15070	3.008584547813935	78	0.015571970453184269	890	0.1776801756837692	12	6	4	0.0	1	0.08333333333333333	6	0.5	0	0.0	5	0.4166666666666667	6	1.0	0	0.0	0	0.0	0	0.0	3	0.75	0	0.0	0	0.0	1	0.25	0	0	1	1	0	0	0	51474841	1	0	1
2875.0	475	0.16521739130434782	0	0.0	499	0.17356521739130434	2	0.0006956521739130435	0	0.0	16	11	69	0.3076923076923077	2	0.125	13	0.8125	0	0.0	1	0.0625	0	0.0	10	0.9090909090909091	1	0.09090909090909091	0	0.0	3	0.043478260869565216	50	0.7246376811594203	2	0.028985507246376812	14	0.2028985507246377	0	0	1	1	1	0	0	3181441434	1	0	1
5049.0	34945	6.921172509407803	12	0.0023767082590612004	22922	4.539908892850069	1539	0.3048128342245989	5000	0.9902951079421668	24	6	151	0.35294117647058826	3	0.125	12	0.5	0	0.0	9	0.375	0	0.0	6	1.0	0	0.0	0	0.0	16	0.10596026490066225	101	0.6688741721854304	0	0.0	34	0.2251655629139073	1	0	1	1	0	1	0	40776090	0	0	0
5043.0	53676	10.643664485425342	234	0.04640095181439619	64486	12.787229823517748	20317	4.028752726551656	990	0.19631171921475313	13	10	101	0.7777777777777778	3	0.23076923076923078	7	0.5384615384615384	0	0.0	3	0.23076923076923078	3	0.3	7	0.7	0	0.0	0	0.0	12	0.1188118811881188	66	0.6534653465346535	0	0.0	23	0.22772277227722773	1	0	1	1	1	0	1	42185151	0	0	0
3412.0	624	0.182883939038687	74	0.021688159437280186	9243	2.708968347010551	354	0.10375146541617819	220	0.06447831184056271	16	12	119	0.8	4	0.25	12	0.75	0	0.0	0	0.0	4	0.3333333333333333	8	0.6666666666666666	0	0.0	0	0.0	11	0.09243697478991597	71	0.5966386554621849	12	0.10084033613445378	25	0.21008403361344538	0	0	1	1	0	1	0	2185310671	1	0	0
3394.0	4637	1.3662345315262228	9	0.0026517383618149676	5159	1.5200353565114908	15730	4.634649381261049	157	0.04625810253388332	3	8	23	0.375	1	0.3333333333333333	2	0.6666666666666666	0	0.0	0	0.0	1	0.125	7	0.875	0	0.0	0	0.0	4	0.17391304347826086	12	0.5217391304347826	2	0.08695652173913043	5	0.21739130434782608	1	0	0	0	0	1	0	2218930639	0	0	0
3501.0	0	0.0	0	0.0	2218	0.6335332762067981	12	0.003427592116538132	39	0.011139674378748929	20	11	0	0.08333333333333333	4	0.2	0	0.0	0	0.0	16	0.8	0	0.0	7	0.6363636363636364	4	0.36363636363636365	0	0.0	0	0	0	0	0	0	0	0	0	0	0	1	0	0	0	1668149720	0	0	0
5118.0	670	0.13091051191871825	103	0.02012504884720594	6755	1.319851504493943	4401	0.8599062133645955	4309	0.8419304415787418	10	11	136	0.6666666666666666	2	0.2	7	0.7	0	0.0	1	0.1	0	0.0	11	1.0	0	0.0	0	0.0	18	0.1323529411764706	94	0.6911764705882353	2	0.014705882352941176	22	0.16176470588235295	1	0	1	1	1	1	0	23622114	0	0	0
5115.0	2746	0.5368523949169111	291	0.05689149560117302	21060	4.117302052785924	3855	0.7536656891495601	1192	0.23304007820136852	11	7	148	0.5	2	0.18181818181818182	8	0.7272727272727273	0	0.0	1	0.09090909090909091	2	0.2857142857142857	5	0.7142857142857143	0	0.0	0	0.0	16	0.10810810810810811	86	0.581081081081081	3	0.02027027027027027	43	0.2905405405405405	1	0	1	1	0	1	0	24162790	0	0	0
4245.0	3859	0.9090694935217903	1	0.00023557126030624264	9009	2.12226148409894	202	0.047585394581861014	139	0.03274440518256773	7	13	0	0.2727272727272727	0	0.0	7	1.0	0	0.0	0	0.0	2	0.15384615384615385	9	0.6923076923076923	0	0.0	2	0.15384615384615385	0	0	0	0	0	0	0	0	0	0	0	1	0	0	0	345813518	0	0	0
4096.0	284	0.0693359375	0	0.0	3931	0.959716796875	690	0.16845703125	2001	0.488525390625	13	10	0	0.0	0	0.0	0	0.0	0	0.0	13	1.0	0	0.0	6	0.6	4	0.4	0	0.0	0	0	0	0	0	0	0	0	1	0	1	1	1	0	0	447918615	0	0	0
3062.0	336	0.10973220117570215	0	0.0	991	0.3236446766819073	336	0.10973220117570215	311	0.10156760287393861	5	13	2	0.3333333333333333	1	0.2	4	0.8	0	0.0	0	0.0	0	0.0	12	0.9230769230769231	0	0.0	1	0.07692307692307693	0	0.0	0	0.0	0	0.0	2	1.0	0	0	0	1	1	0	0	2844553761	0	0	0
4375.0	6	0.0013714285714285714	17	0.0038857142857142857	2873	0.6566857142857143	85	0.019428571428571427	129	0.029485714285714285	11	10	108	0.875	2	0.18181818181818182	8	0.7272727272727273	0	0.0	1	0.09090909090909091	2	0.2	8	0.8	0	0.0	0	0.0	9	0.08333333333333333	74	0.6851851851851852	3	0.027777777777777776	22	0.2037037037037037	0	0	1	0	0	1	0	271004201	0	0	0
3589.0	16302	4.542212315408191	19	0.005293953747561995	9304	2.5923655614377266	8095	2.2555029256060184	823	0.22931178601281693	4	6	31	0.42857142857142855	1	0.25	2	0.5	0	0.0	1	0.25	3	0.5	2	0.3333333333333333	0	0.0	1	0.16666666666666666	7	0.22580645161290322	9	0.2903225806451613	0	0.0	15	0.4838709677419355	1	0	1	1	1	1	0	1436693034	0	0	0
4234.0	1699	0.40127538970240906	1	0.00023618327822390176	7372	1.7411431270666038	72	0.017005196032120924	0	0.0	8	11	44	0.21428571428571427	1	0.125	6	0.75	0	0.0	1	0.125	1	0.09090909090909091	10	0.9090909090909091	0	0.0	0	0.0	1	0.022727272727272728	34	0.7727272727272727	0	0.0	9	0.20454545454545456	0	0	1	1	0	0	0	352825934	0	0	0
3890.0	59	0.015167095115681234	8	0.002056555269922879	5007	1.287146529562982	675	0.17352185089974292	453	0.11645244215938304	15	15	0	1.0	1	0.06666666666666667	13	0.8666666666666667	1	0.06666666666666667	0	0.0	0	0.0	14	0.9333333333333333	1	0.06666666666666667	0	0.0	0	0	0	0	0	0	0	0	1	0	0	1	1	0	0	706835023	1	0	0
4177.0	19089	4.5700263346899686	3	0.0007182188173330142	17614	4.2169020828345705	326	0.0780464448168542	238	0.05697869284175246	5	9	12	0.2	0	0.0	5	1.0	0	0.0	0	0.0	0	0.0	8	0.8888888888888888	0	0.0	1	0.1111111111111111	1	0.08333333333333333	8	0.6666666666666666	0	0.0	3	0.25	1	0	1	1	0	0	0	386642514	0	0	0
4410.0	4717	1.0696145124716554	93	0.02108843537414966	8836	2.003628117913832	4432	1.0049886621315194	4252	0.964172335600907	15	12	154	0.2777777777777778	3	0.2	10	0.6666666666666666	0	0.0	2	0.13333333333333333	0	0.0	10	0.8333333333333334	2	0.16666666666666666	0	0.0	10	0.06493506493506493	114	0.7402597402597403	4	0.025974025974025976	26	0.16883116883116883	0	0	1	1	0	1	0	253030995	1	0	0
2903.0	0	0.0	3	0.0010334137099552187	2218	0.7640372028935584	7	0.002411298656562177	36	0.012400964519462624	18	15	0	0.8461538461538461	3	0.16666666666666666	12	0.6666666666666666	0	0.0	3	0.16666666666666666	3	0.2	12	0.8	0	0.0	0	0.0	0	0	0	0	0	0	0	0	0	0	0	1	0	0	0	3131503199	1	0	1
4481.0	4063	0.9067172506137023	6	0.0013389868332961392	4072	0.9087257308636465	636	0.14193260432939075	630	0.14059361749609461	15	8	156	0.5454545454545454	2	0.13333333333333333	12	0.8	0	0.0	1	0.06666666666666667	3	0.375	5	0.625	0	0.0	0	0.0	11	0.07051282051282051	117	0.75	0	0.0	28	0.1794871794871795	1	0	1	0	0	1	0	223900261	1	0	0
4093.0	8230	2.0107500610798925	2	0.0004886391399951136	10117	2.4717810896652823	1496	0.365502076716345	1178	0.2878084534571219	12	15	28	0.5714285714285714	0	0.0	11	0.9166666666666666	0	0.0	1	0.08333333333333333	0	0.0	13	0.8666666666666667	2	0.13333333333333333	0	0.0	19	0.6785714285714286	0	0.0	0	0.0	9	0.32142857142857145	1	0	1	1	1	0	0	450228840	0	0	0
4062.0	110	0.02708025603151157	98	0.0241260462826194	16427	4.0440669620876415	2892	0.7119645494830132	913	0.22476612506154603	10	10	61	1.0	1	0.1	9	0.9	0	0.0	0	0.0	1	0.1	9	0.9	0	0.0	0	0.0	1	0.01639344262295082	51	0.8360655737704918	0	0.0	9	0.14754098360655737	1	0	1	1	0	1	0	478622315	0	0	0
4764.0	4531	0.9510915197313182	1	0.00020990764063811922	3609	0.7575566750629723	91	0.01910159529806885	135	0.028337531486146095	16	12	42	0.375	0	0.0	15	0.9375	0	0.0	1	0.0625	0	0.0	11	0.9166666666666666	0	0.0	1	0.08333333333333333	0	0.0	28	0.6666666666666666	2	0.047619047619047616	12	0.2857142857142857	1	0	1	1	0	0	0	117928569	0	0	0
3048.0	8	0.0026246719160104987	0	0.0	2917	0.9570209973753281	65	0.021325459317585303	32	0.010498687664041995	16	14	0	0.3333333333333333	1	0.0625	15	0.9375	0	0.0	0	0.0	0	0.0	14	1.0	0	0.0	0	0.0	0	0	0	0	0	0	0	0	0	0	0	1	1	0	0	2894295673	0	0	0
3441.0	19462	5.655913978494624	8	0.0023249055507120024	19890	5.780296425457716	415	0.12060447544318512	371	0.1078174949142691	12	14	91	0.5454545454545454	2	0.16666666666666666	9	0.75	0	0.0	1	0.08333333333333333	0	0.0	14	1.0	0	0.0	0	0.0	15	0.16483516483516483	48	0.5274725274725275	4	0.04395604395604396	24	0.26373626373626374	1	0	1	0	0	1	0	710259321	0	0	0
3237.0	281	0.08680877355576151	1	0.00030892801977139327	1079	0.3333333333333333	167	0.05159097930182267	306	0.09453197405004633	5	15	22	0.16666666666666666	0	0.0	5	1.0	0	0.0	0	0.0	0	0.0	15	1.0	0	0.0	0	0.0	19	0.8636363636363636	0	0.0	0	0.0	3	0.13636363636363635	0	0	1	1	0	0	0	2476208768	0	0	0
3432.0	72	0.02097902097902098	0	0.0	2269	0.6611305361305362	75	0.021853146853146852	19	0.005536130536130536	6	15	44	0.5	6	1.0	0	0.0	0	0.0	0	0.0	7	0.4666666666666667	7	0.4666666666666667	0	0.0	1	0.06666666666666667	8	0.18181818181818182	25	0.5681818181818182	0	0.0	11	0.25	1	0	1	1	1	0	0	1978839685	1	0	0
3192.0	361	0.1130952380952381	14	0.0043859649122807015	10810	3.386591478696742	237	0.07424812030075188	667	0.20895989974937343	11	9	160	0.3076923076923077	2	0.18181818181818182	8	0.7272727272727273	0	0.0	1	0.09090909090909091	0	0.0	8	0.8888888888888888	1	0.1111111111111111	0	0.0	8	0.05	118	0.7375	0	0.0	34	0.2125	0	0	1	1	1	1	0	2574267014	1	0	0
3090.0	2338	0.7566343042071197	0	0.0	1607	0.5200647249190938	346	0.11197411003236246	276	0.08932038834951456	5	8	0	1.0	1	0.2	4	0.8	0	0.0	0	0.0	0	0.0	8	1.0	0	0.0	0	0.0	0	0	0	0	0	0	0	0	1	0	0	1	1	0	0	2788405899	0	0	0
2703.0	0	0.0	0	0.0	605	0.2238253792082871	3	0.0011098779134295228	0	0.0	12	12	0	0.8181818181818182	2	0.16666666666666666	9	0.75	0	0.0	1	0.08333333333333333	0	0.0	11	0.9166666666666666	0	0.0	1	0.08333333333333333	0	0	0	0	0	0	0	0	0	0	0	1	1	0	0	4004311695	1	0	0
3856.0	44348	11.501037344398341	2	0.0005186721991701245	20753	5.382002074688796	1222	0.31690871369294604	756	0.19605809128630705	28	13	101	0.2916666666666667	3	0.10714285714285714	18	0.6428571428571429	0	0.0	7	0.25	2	0.15384615384615385	11	0.8461538461538461	0	0.0	0	0.0	16	0.15841584158415842	63	0.6237623762376238	6	0.0594059405940594	16	0.15841584158415842	1	0	1	1	0	1	0	774828691	0	0	0
3862.0	125	0.03236664940445365	2	0.0005178663904712584	7664	1.9844640082858622	5	0.001294665976178146	4	0.0010357327809425167	20	13	0	0.6153846153846154	3	0.15	15	0.75	0	0.0	2	0.1	2	0.15384615384615385	11	0.8461538461538461	0	0.0	0	0.0	0	0	0	0	0	0	0	0	0	0	0	1	1	0	0	764179099	1	0	1
3585.0	1367	0.3813110181311018	1	0.0002789400278940028	4080	1.1380753138075315	88	0.024546722454672244	115	0.03207810320781032	4	8	9	0.42857142857142855	0	0.0	4	1.0	0	0.0	0	0.0	0	0.0	7	0.875	0	0.0	1	0.125	0	0.0	6	0.6666666666666666	2	0.2222222222222222	1	0.1111111111111111	1	0	1	1	1	1	0	1446851233	0	0	0
4433.0	1080	0.24362734040153394	2	0.00045116174148432213	10757	2.4265734265734267	252	0.05684637942702459	70	0.015790660951951276	13	12	29	0.25	2	0.15384615384615385	10	0.7692307692307693	0	0.0	1	0.07692307692307693	3	0.25	8	0.6666666666666666	0	0.0	1	0.08333333333333333	1	0.034482758620689655	20	0.6896551724137931	0	0.0	8	0.27586206896551724	0	0	0	1	0	0	0	242201256	0	0	1
3175.0	2799	0.8815748031496063	1	0.00031496062992125983	2787	0.8777952755905511	99	0.031181102362204723	445	0.14015748031496064	4	15	3	0.0	0	0.0	4	1.0	0	0.0	0	0.0	0	0.0	11	0.7333333333333333	4	0.26666666666666666	0	0.0	0	0.0	3	1.0	0	0.0	0	0.0	1	0	1	1	0	1	0	2604430016	0	0	0
3726.0	0	0.0	6	0.001610305958132045	8295	2.2262479871175525	368	0.09876543209876543	382	0.1025228126677402	14	11	69	0.7777777777777778	2	0.14285714285714285	11	0.7857142857142857	0	0.0	1	0.07142857142857142	0	0.0	11	1.0	0	0.0	0	0.0	7	0.10144927536231885	47	0.6811594202898551	0	0.0	15	0.21739130434782608	0	0	1	1	0	0	0	1050096331	1	0	1
4438.0	9564	2.1550247859396126	48	0.010815682739972961	14742	3.321766561514196	1386	0.31230283911671924	1313	0.29585398828301035	3	13	0	0.2	1	0.3333333333333333	2	0.6666666666666666	0	0.0	0	0.0	2	0.15384615384615385	11	0.8461538461538461	0	0.0	0	0.0	0	0	0	0	0	0	0	0	1	0	0	1	0	0	0	240399054	1	0	0
3994.0	22736	5.692538808212318	2	0.000500751126690035	33726	8.444166249374062	353	0.08838257386079118	196	0.049073610415623435	3	6	8	0.5	1	0.3333333333333333	2	0.6666666666666666	0	0.0	0	0.0	0	0.0	4	0.6666666666666666	1	0.16666666666666666	1	0.16666666666666666	5	0.625	0	0.0	0	0.0	3	0.375	1	0	0	1	0	1	0	547336911	0	0	0
3220.0	0	0.0	0	0.0	7280	2.260869565217391	6	0.0018633540372670807	3	0.0009316770186335404	7	15	152	0.06666666666666667	1	0.14285714285714285	6	0.8571428571428571	0	0.0	0	0.0	0	0.0	10	0.6666666666666666	4	0.26666666666666666	1	0.06666666666666667	13	0.08552631578947369	100	0.6578947368421053	6	0.039473684210526314	33	0.21710526315789475	0	0	0	1	1	1	0	2512155349	1	0	0
3459.0	2617	0.7565770453888407	6	0.0017346053772766695	4805	1.3891298063023996	433	0.125180688060133	337	0.09742700202370627	5	7	0	0.0	0	0.0	0	0.0	0	0.0	5	1.0	0	0.0	5	0.7142857142857143	0	0.0	2	0.2857142857142857	0	0	0	0	0	0	0	0	1	0	1	1	0	0	0	1901195994	0	0	0
3614.0	8794	2.4333148865522967	2	0.0005534034311012728	132	0.036524626452684006	473	0.13087991145545103	609	0.16851134477033758	11	8	0	0.3333333333333333	2	0.18181818181818182	8	0.7272727272727273	0	0.0	1	0.09090909090909091	0	0.0	7	0.875	1	0.125	0	0.0	0	0	0	0	0	0	0	0	0	0	0	1	1	0	0	1373336288	0	0	0
3063.0	7826	2.555011426705844	0	0.0	4250	1.3875285667646098	424	0.13842637936663402	462	0.15083251714005877	11	10	0	0.8888888888888888	2	0.18181818181818182	8	0.7272727272727273	0	0.0	1	0.09090909090909091	0	0.0	10	1.0	0	0.0	0	0.0	0	0	0	0	0	0	0	0	1	0	1	1	1	0	0	2877305570	0	0	0
4258.0	374	0.0878346641615782	11	0.0025833724753405356	19826	4.656176608736496	150	0.035227806481916396	206	0.04837952090183185	13	14	146	0.5454545454545454	2	0.15384615384615385	10	0.7692307692307693	0	0.0	1	0.07692307692307693	3	0.21428571428571427	11	0.7857142857142857	0	0.0	0	0.0	7	0.04794520547945205	109	0.7465753424657534	0	0.0	30	0.2054794520547945	0	0	1	1	0	0	0	338031335	0	0	0
2677.0	381	0.1423234964512514	3	0.0011206574523720584	798	0.2980948823309675	5	0.0018677624206200972	5	0.0018677624206200972	14	13	0	0.9	2	0.14285714285714285	11	0.7857142857142857	0	0.0	1	0.07142857142857142	2	0.15384615384615385	11	0.8461538461538461	0	0.0	0	0.0	0	0	0	0	0	0	0	0	0	0	0	1	1	0	0	4194644729	0	0	0
4380.0	30574	6.980365296803653	18	0.00410958904109589	71808	16.394520547945206	2720	0.6210045662100456	864	0.19726027397260273	2	12	34	0.08333333333333333	1	0.5	0	0.0	0	0.0	1	0.5	2	0.16666666666666666	10	0.8333333333333334	0	0.0	0	0.0	17	0.5	6	0.17647058823529413	0	0.0	11	0.3235294117647059	1	0	1	0	0	1	0	268366600	0	0	0
4735.0	1235	0.2608236536430834	5	0.0010559662090813093	13600	2.8722280887011618	499	0.10538542766631467	126	0.026610348468848997	5	10	31	0.5714285714285714	1	0.2	4	0.8	0	0.0	0	0.0	2	0.2	6	0.6	2	0.2	0	0.0	1	0.03225806451612903	24	0.7741935483870968	0	0.0	6	0.1935483870967742	0	0	1	1	0	1	0	127251210	0	0	0
5282.0	15558	2.945475198788338	30	0.005679666792881484	13979	2.646535403256342	1141	0.2160166603559258	0	0.0	9	6	93	0.3333333333333333	2	0.2222222222222222	6	0.6666666666666666	0	0.0	1	0.1111111111111111	0	0.0	6	1.0	0	0.0	0	0.0	2	0.021505376344086023	73	0.7849462365591398	0	0.0	18	0.1935483870967742	0	0	1	1	0	1	0	16478990	0	0	0
2802.0	0	0.0	1	0.00035688793718772306	5685	2.0289079229122056	18	0.006423982869379015	0	0.0	12	12	98	0.7142857142857143	0	0.0	11	0.9166666666666666	0	0.0	1	0.08333333333333333	0	0.0	11	0.9166666666666666	0	0.0	1	0.08333333333333333	2	0.02040816326530612	73	0.7448979591836735	0	0.0	23	0.23469387755102042	0	0	1	1	0	0	0	3373740826	0	0	0
4862.0	87	0.017893870835047305	7	0.001439736733854381	25962	5.339777869189634	655	0.13471822295351707	448	0.09214315096668038	19	14	102	0.4117647058823529	2	0.10526315789473684	15	0.7894736842105263	0	0.0	2	0.10526315789473684	3	0.21428571428571427	11	0.7857142857142857	0	0.0	0	0.0	20	0.19607843137254902	65	0.6372549019607843	0	0.0	17	0.16666666666666666	1	0	1	1	0	0	0	91665181	0	0	0
4563.0	120	0.026298487836949377	34	0.00745123822046899	1389	0.304404996712689	710	0.15559938636861714	2178	0.47731755424063116	13	14	136	0.5714285714285714	2	0.15384615384615385	10	0.7692307692307693	0	0.0	1	0.07692307692307693	3	0.21428571428571427	10	0.7142857142857143	1	0.07142857142857142	0	0.0	9	0.0661764705882353	99	0.7279411764705882	0	0.0	28	0.20588235294117646	1	0	1	1	0	1	0	191361825	0	0	0
3102.0	2698	0.8697614442295294	0	0.0	1350	0.43520309477756286	119	0.03836234687298517	136	0.04384268214055448	17	14	48	0.3333333333333333	14	0.8235294117647058	0	0.0	0	0.0	3	0.17647058823529413	0	0.0	14	1.0	0	0.0	0	0.0	6	0.125	31	0.6458333333333334	0	0.0	11	0.22916666666666666	1	0	0	0	0	0	0	2771923762	0	0	0
3667.0	20823	5.678483774202345	3	0.0008181074447777475	10008	2.7292064357785657	667	0.18189255522225253	537	0.1464412326152168	34	15	50	0.28	0	0.0	25	0.7352941176470589	0	0.0	9	0.2647058823529412	0	0.0	14	0.9333333333333333	0	0.0	1	0.06666666666666667	0	0.0	36	0.72	0	0.0	14	0.28	1	0	1	1	0	0	0	1226470194	0	0	0
4035.0	62649	15.52639405204461	43	0.010656753407682776	74234	18.397521685254027	1858	0.46047087980173484	2462	0.6101610904584882	9	10	80	0.3333333333333333	0	0.0	9	1.0	0	0.0	0	0.0	0	0.0	8	0.8	2	0.2	0	0.0	18	0.225	40	0.5	3	0.0375	19	0.2375	1	0	1	1	1	0	0	505049911	0	0	0
2989.0	17712	5.925727668116427	41	0.01371696219471395	22688	7.5904984944797596	13788	4.612914018066243	4432	1.4827701572432253	7	10	70	0.4	4	0.5714285714285714	3	0.42857142857142855	0	0.0	0	0.0	6	0.6	4	0.4	0	0.0	0	0.0	3	0.04285714285714286	56	0.8	0	0.0	11	0.15714285714285714	0	0	1	0	0	1	0	2965844794	0	0	0
4962.0	3789	0.7636033857315598	4	0.0008061265618702137	20505	4.132406287787183	338	0.06811769447803305	508	0.10237807335751713	12	10	37	0.38461538461538464	2	0.16666666666666666	9	0.75	0	0.0	1	0.08333333333333333	2	0.2	4	0.4	4	0.4	0	0.0	5	0.13513513513513514	25	0.6756756756756757	0	0.0	7	0.1891891891891892	1	0	1	1	0	0	0	65401664	0	0	0
4369.0	664	0.15197985809109635	3	0.000686655985351339	6215	1.422522316319524	209	0.04783703364614328	227	0.05195696955825132	6	11	0	0.625	1	0.16666666666666666	5	0.8333333333333334	0	0.0	0	0.0	1	0.09090909090909091	8	0.7272727272727273	2	0.18181818181818182	0	0.0	0	0	0	0	0	0	0	0	1	0	0	1	1	0	0	274002752	0	0	0
2757.0	362	0.13130214000725426	3	0.001088139281828074	437	0.15850562205295612	6	0.002176278563656148	0	0.0	2	6	25	0.3333333333333333	2	1.0	0	0.0	0	0.0	0	0.0	3	0.5	3	0.5	0	0.0	0	0.0	3	0.12	18	0.72	0	0.0	4	0.16	0	0	1	1	0	1	0	3357946692	1	0	1
4299.0	2200	0.5117469178878808	0	0.0	4005	0.9316120027913468	284	0.06606187485461736	197	0.0458246103745057	13	11	98	0.5	2	0.15384615384615385	10	0.7692307692307693	0	0.0	1	0.07692307692307693	0	0.0	9	0.8181818181818182	2	0.18181818181818182	0	0.0	1	0.01020408163265306	75	0.7653061224489796	0	0.0	22	0.22448979591836735	0	0	1	1	1	0	0	312931148	1	0	0
3246.0	1029	0.3170055452865065	0	0.0	1026	0.31608133086876156	2	0.0006161429451632779	0	0.0	15	11	88	0.1111111111111111	2	0.13333333333333333	12	0.8	0	0.0	1	0.06666666666666667	0	0.0	11	1.0	0	0.0	0	0.0	6	0.06818181818181818	71	0.8068181818181818	0	0.0	11	0.125	0	0	0	1	1	1	0	2462643037	1	0	1
3304.0	1596	0.4830508474576271	0	0.0	1286	0.38922518159806296	82	0.024818401937046004	238	0.07203389830508475	12	15	64	0.4375	2	0.16666666666666666	8	0.6666666666666666	0	0.0	2	0.16666666666666666	0	0.0	15	1.0	0	0.0	0	0.0	1	0.015625	49	0.765625	0	0.0	14	0.21875	0	0	1	1	1	1	0	2362930014	0	0	0
2734.0	98	0.03584491587417703	1	0.000365764447695684	8631	3.1569129480614486	112	0.040965618141916606	172	0.06291148500365765	18	11	86	0.3333333333333333	5	0.2777777777777778	12	0.6666666666666666	0	0.0	1	0.05555555555555555	0	0.0	8	0.7272727272727273	2	0.18181818181818182	1	0.09090909090909091	27	0.313953488372093	43	0.5	0	0.0	16	0.18604651162790697	0	0	0	1	1	0	0	3709252467	1	0	1
4086.0	19339	4.732990699951053	0	0.0	8281	2.0266764561918746	509	0.1245717082721488	286	0.06999510523739598	10	11	62	0.25	0	0.0	10	1.0	0	0.0	0	0.0	2	0.18181818181818182	9	0.8181818181818182	0	0.0	0	0.0	8	0.12903225806451613	39	0.6290322580645161	0	0.0	15	0.24193548387096775	1	0	1	1	1	0	0	456717176	0	0	0
3592.0	14942	4.159799554565701	60	0.01670378619153675	22021	6.130567928730512	677	0.18847438752783965	3421	0.9523942093541202	19	14	123	0.5294117647058824	3	0.15789473684210525	14	0.7368421052631579	0	0.0	2	0.10526315789473684	0	0.0	11	0.7857142857142857	3	0.21428571428571427	0	0.0	4	0.032520325203252036	82	0.6666666666666666	0	0.0	37	0.3008130081300813	1	0	1	1	1	0	0	1427698556	0	0	0
3714.0	7131	1.920032310177706	16	0.004308023694130318	10250	2.759827679052235	447	0.12035541195476575	995	0.26790522347872914	14	14	102	0.8333333333333334	2	0.14285714285714285	11	0.7857142857142857	0	0.0	1	0.07142857142857142	2	0.14285714285714285	11	0.7857142857142857	1	0.07142857142857142	0	0.0	10	0.09803921568627451	72	0.7058823529411765	1	0.00980392156862745	19	0.18627450980392157	1	0	1	1	1	0	0	1083552643	0	0	0
4751.0	1762	0.3708692906756472	3	0.0006314460113660282	20679	4.352557356346033	1094	0.2302673121448116	299	0.06293411913281415	6	8	0	0.5	1	0.16666666666666666	4	0.6666666666666666	0	0.0	1	0.16666666666666666	1	0.125	5	0.625	2	0.25	0	0.0	0	0	0	0	0	0	0	0	1	0	0	1	0	0	0	122483591	0	0	0
4294.0	0	0.0	0	0.0	7089	1.650908244061481	1	0.0002328830926874709	0	0.0	13	15	0	0.75	2	0.15384615384615385	10	0.7692307692307693	0	0.0	1	0.07692307692307693	5	0.3333333333333333	10	0.6666666666666666	0	0.0	0	0.0	0	0	0	0	0	0	0	0	0	0	1	1	1	1	0	316109708	1	0	0
3234.0	2311	0.7145949288806431	127	0.03927025355596784	22409	6.929189857761286	721	0.22294372294372294	550	0.17006802721088435	20	10	87	0.6153846153846154	3	0.15	15	0.75	0	0.0	2	0.1	2	0.2	8	0.8	0	0.0	0	0.0	8	0.09195402298850575	64	0.735632183908046	0	0.0	15	0.1724137931034483	0	0	1	1	1	0	0	2482090896	1	0	1
2961.0	3023	1.0209388720027017	4	0.0013508949679162446	18694	6.313407632556569	246	0.08308004052684904	65	0.021952043228638973	9	15	89	0.26666666666666666	6	0.6666666666666666	0	0.0	0	0.0	3	0.3333333333333333	0	0.0	15	1.0	0	0.0	0	0.0	26	0.29213483146067415	40	0.449438202247191	1	0.011235955056179775	22	0.24719101123595505	0	0	1	0	0	1	0	3017831314	0	0	0
3607.0	20103	5.5733296368172995	7	0.0019406709176601053	7646	2.1197671194898806	90	0.024951483227058497	191	0.05295259218186859	14	11	0	0.3076923076923077	3	0.21428571428571427	9	0.6428571428571429	0	0.0	2	0.14285714285714285	2	0.18181818181818182	9	0.8181818181818182	0	0.0	0	0.0	0	0	0	0	0	0	0	0	0	0	0	1	0	0	0	1390556054	1	0	0
3370.0	11305	3.35459940652819	2	0.0005934718100890207	13570	4.026706231454006	1385	0.41097922848664686	941	0.27922848664688427	11	10	19	0.46153846153846156	2	0.18181818181818182	8	0.7272727272727273	0	0.0	1	0.09090909090909091	2	0.2	8	0.8	0	0.0	0	0.0	8	0.42105263157894735	7	0.3684210526315789	0	0.0	4	0.21052631578947367	0	0	1	1	0	0	0	2257630110	0	0	0
4035.0	6517	1.6151177199504336	8	0.001982651796778191	47789	11.84361833952912	843	0.20892193308550186	2104	0.5214374225526642	8	9	88	0.0	0	0.0	0	0.0	0	0.0	8	1.0	0	0.0	3	0.3333333333333333	6	0.6666666666666666	0	0.0	0	0.0	0	0.0	0	0.0	88	1.0	1	0	1	1	1	0	0	505000901	1	0	0
5959.0	3446	0.5782849471387816	88	0.01476757845276053	8624	1.447222688370532	1189	0.1995301225037758	2918	0.4896794764222185	13	7	47	0.5555555555555556	2	0.15384615384615385	10	0.7692307692307693	0	0.0	1	0.07692307692307693	0	0.0	7	1.0	0	0.0	0	0.0	7	0.14893617021276595	28	0.5957446808510638	0	0.0	12	0.2553191489361702	0	0	1	0	0	1	0	13253	0	0	0
3404.0	36367	10.683607520564042	7	0.002056404230317274	116894	34.34018801410106	2244	0.6592244418331374	1743	0.5120446533490012	8	8	0	0.18181818181818182	0	0.0	7	0.875	0	0.0	1	0.125	0	0.0	8	1.0	0	0.0	0	0.0	0	0	0	0	0	0	0	0	0	0	1	1	1	1	0	2202170310	0	0	0
2821.0	0	0.0	0	0.0	1204	0.4267990074441687	18	0.006380716058135413	179	0.06345267635590217	5	8	0	0.1111111111111111	3	0.6	0	0.0	0	0.0	2	0.4	3	0.375	5	0.625	0	0.0	0	0.0	0	0	0	0	0	0	0	0	0	0	0	1	1	0	0	3343397847	1	0	0
2825.0	0	0.0	2	0.0007079646017699115	2901	1.0269026548672566	36	0.012743362831858408	330	0.1168141592920354	13	13	0	1.0	2	0.15384615384615385	11	0.8461538461538461	0	0.0	0	0.0	2	0.15384615384615385	11	0.8461538461538461	0	0.0	0	0.0	0	0	0	0	0	0	0	0	0	0	0	1	0	0	0	3250222040	1	0	1
3800.0	15	0.003947368421052632	4	0.0010526315789473684	3154	0.83	104	0.02736842105263158	200	0.05263157894736842	13	13	24	0.3076923076923077	2	0.15384615384615385	10	0.7692307692307693	0	0.0	1	0.07692307692307693	0	0.0	11	0.8461538461538461	0	0.0	2	0.15384615384615385	3	0.125	19	0.7916666666666666	0	0.0	2	0.08333333333333333	1	0	1	1	0	1	0	889795548	1	0	0
2929.0	1	0.0003414134516899966	1	0.0003414134516899966	2698	0.9211334926596108	13	0.004438374871969956	115	0.03926254694434961	12	12	0	1.0	0	0.0	12	1.0	0	0.0	0	0.0	0	0.0	12	1.0	0	0.0	0	0.0	0	0	0	0	0	0	0	0	1	0	0	1	1	0	0	3068425183	0	0	0
5266.0	1523	0.28921382453475125	70	0.013292821876186859	5956	1.1310292442081276	2543	0.48290922901633115	2308	0.43828332700341815	9	11	77	0.2857142857142857	4	0.4444444444444444	4	0.4444444444444444	0	0.0	1	0.1111111111111111	2	0.18181818181818182	9	0.8181818181818182	0	0.0	0	0.0	9	0.11688311688311688	53	0.6883116883116883	0	0.0	15	0.19480519480519481	0	0	1	1	0	1	0	16724972	1	0	0
4367.0	1051	0.24066865124799633	2	0.0004579803068468056	12450	2.850927410121365	485	0.11106022441035035	376	0.08610029768719946	11	10	42	0.4166666666666667	2	0.18181818181818182	8	0.7272727272727273	0	0.0	1	0.09090909090909091	3	0.3	5	0.5	0	0.0	2	0.2	2	0.047619047619047616	35	0.8333333333333334	0	0.0	5	0.11904761904761904	0	0	1	1	0	0	0	275198963	0	0	0
5006.0	2234	0.446264482620855	5	0.000998801438274071	19647	3.924690371554135	194	0.03875349580503396	421	0.08409908110267679	10	13	34	0.6363636363636364	0	0.0	9	0.9	0	0.0	1	0.1	0	0.0	13	1.0	0	0.0	0	0.0	3	0.08823529411764706	25	0.7352941176470589	0	0.0	6	0.17647058823529413	1	0	1	1	0	0	0	52474890	0	0	0
5103.0	14856	2.911228689006467	3	0.0005878894767783657	11742	2.300999412110523	211	0.04134822653341172	894	0.17519106407995297	11	7	27	0.16666666666666666	2	0.18181818181818182	8	0.7272727272727273	0	0.0	1	0.09090909090909091	0	0.0	3	0.42857142857142855	4	0.5714285714285714	0	0.0	5	0.18518518518518517	17	0.6296296296296297	0	0.0	5	0.18518518518518517	0	0	1	1	0	0	0	26604578	0	0	0
3451.0	4980	1.4430599826137351	3	0.0008693132425383947	3191	0.9246595189800058	86	0.024920312952767313	1060	0.30715734569689945	15	8	28	0.5454545454545454	2	0.13333333333333333	12	0.8	0	0.0	1	0.06666666666666667	2	0.25	6	0.75	0	0.0	0	0.0	2	0.07142857142857142	18	0.6428571428571429	0	0.0	8	0.2857142857142857	1	0	1	1	1	0	0	1925362728	0	0	1
3822.0	15093	3.9489795918367347	1	0.00026164311878597594	5652	1.4788069073783359	360	0.09419152276295134	219	0.05729984301412873	5	6	8	0.25	1	0.2	4	0.8	0	0.0	0	0.0	2	0.3333333333333333	4	0.6666666666666666	0	0.0	0	0.0	1	0.125	7	0.875	0	0.0	0	0.0	0	0	0	1	1	0	0	846476335	0	0	0
4891.0	9077	1.8558576978123082	14	0.0028624003271314658	15299	3.1279901860560213	237	0.04845634839501124	396	0.08096503782457574	13	7	90	0.75	2	0.15384615384615385	10	0.7692307692307693	0	0.0	1	0.07692307692307693	0	0.0	7	1.0	0	0.0	0	0.0	5	0.05555555555555555	62	0.6888888888888889	0	0.0	23	0.25555555555555554	1	0	1	0	0	1	0	84685887	0	0	0
4364.0	55	0.012603116406966087	39	0.008936755270394134	24351	5.579972502291476	32	0.007332722273143905	128	0.02933088909257562	4	7	0	0.0	1	0.25	3	0.75	0	0.0	0	0.0	0	0.0	6	0.8571428571428571	1	0.14285714285714285	0	0.0	0	0	0	0	0	0	0	0	0	0	0	1	1	0	0	276591681	1	0	1
3950.0	15	0.0037974683544303796	53	0.013417721518987341	21436	5.426835443037975	385	0.09746835443037975	480	0.12151898734177215	16	14	150	0.5	2	0.125	13	0.8125	0	0.0	1	0.0625	2	0.14285714285714285	12	0.8571428571428571	0	0.0	0	0.0	3	0.02	118	0.7866666666666666	0	0.0	29	0.19333333333333333	1	0	0	1	1	1	0	587035713	1	0	1
3359.0	7004	2.085144388210777	1	0.00029770765108663293	1440	0.42869901756475143	179	0.05328966954450729	381	0.11342661506400714	5	14	90	0.5555555555555556	0	0.0	5	1.0	0	0.0	0	0.0	2	0.14285714285714285	12	0.8571428571428571	0	0.0	0	0.0	0	0.0	75	0.8333333333333334	0	0.0	15	0.16666666666666666	1	0	0	1	1	0	0	2273637470	0	0	0
3051.0	50	0.01638806948541462	0	0.0	1255	0.4113405440839069	16	0.005244182235332678	0	0.0	19	9	140	0.5	4	0.21052631578947367	14	0.7368421052631579	0	0.0	1	0.05263157894736842	4	0.4444444444444444	5	0.5555555555555556	0	0.0	0	0.0	4	0.02857142857142857	113	0.8071428571428572	0	0.0	23	0.16428571428571428	0	0	1	1	1	1	0	2864723044	1	0	1
3169.0	178	0.05616913852950457	1	0.0003155569580309246	2180	0.6879141685074156	84	0.026506784474597665	226	0.07131587251498896	18	11	0	0.6153846153846154	3	0.16666666666666666	11	0.6111111111111112	0	0.0	4	0.2222222222222222	2	0.18181818181818182	8	0.7272727272727273	1	0.09090909090909091	0	0.0	0	0	0	0	0	0	0	0	0	0	0	1	0	0	0	2618602598	1	0	1
3797.0	385	0.10139583882012115	5	0.001316829075585989	12100	3.186726362918093	275	0.07242559915722939	0	0.0	22	7	51	0.16666666666666666	4	0.18181818181818182	15	0.6818181818181818	0	0.0	3	0.13636363636363635	0	0.0	5	0.7142857142857143	2	0.2857142857142857	0	0.0	0	0.0	40	0.7843137254901961	0	0.0	11	0.21568627450980393	1	0	0	1	1	0	0	895349876	0	0	0
2684.0	6895	2.5689269746646795	2	0.0007451564828614009	9868	3.676602086438152	297	0.11065573770491803	139	0.05178837555886736	7	15	0	0.0	0	0.0	0	0.0	0	0.0	7	1.0	0	0.0	14	0.9333333333333333	0	0.0	1	0.06666666666666667	0	0	0	0	0	0	0	0	1	0	0	1	1	0	0	4166710393	0	0	0
3253.0	48628	14.948662772825084	5	0.001537042729787888	24173	7.430986781432524	374	0.11497079618813404	442	0.1358745773132493	5	13	0	0.5	0	0.0	5	1.0	0	0.0	0	0.0	0	0.0	13	1.0	0	0.0	0	0.0	0	0	0	0	0	0	0	0	1	0	0	1	1	0	0	2451649658	0	0	0
3243.0	9407	2.900709219858156	7	0.002158495220474869	8640	2.664199814986124	442	0.13629355534998458	239	0.07369719395621338	4	13	6	0.36363636363636365	0	0.0	4	1.0	0	0.0	0	0.0	0	0.0	12	0.9230769230769231	0	0.0	1	0.07692307692307693	3	0.5	0	0.0	2	0.3333333333333333	1	0.16666666666666666	1	0	1	1	1	0	0	2514678910	0	0	0
4582.0	15170	3.3107813182016588	20	0.004364906154517678	14489	3.1621562636403318	3984	0.8694893059799215	149	0.0325185508511567	13	11	159	0.4	3	0.23076923076923078	8	0.6153846153846154	0	0.0	2	0.15384615384615385	0	0.0	11	1.0	0	0.0	0	0.0	12	0.07547169811320754	119	0.7484276729559748	0	0.0	28	0.1761006289308176	1	0	1	0	0	1	1	184022143	0	0	0
3447.0	170	0.04931824775166812	10	0.002901073397156948	1775	0.5149405279953583	472	0.13693066434580795	1082	0.31389614157238177	13	10	152	0.26666666666666666	2	0.15384615384615385	10	0.7692307692307693	0	0.0	1	0.07692307692307693	0	0.0	7	0.7	3	0.3	0	0.0	3	0.019736842105263157	121	0.7960526315789473	0	0.0	28	0.18421052631578946	0	0	1	1	0	1	0	1941877892	0	0	1
3290.0	2539	0.7717325227963526	2	0.0006079027355623101	26572	8.076595744680851	694	0.2109422492401216	559	0.16990881458966564	20	7	30	0.1875	1	0.05	16	0.8	0	0.0	3	0.15	0	0.0	7	1.0	0	0.0	0	0.0	0	0.0	26	0.8666666666666667	0	0.0	4	0.13333333333333333	1	0	1	1	1	1	0	2406102160	0	0	0
4335.0	1	0.0002306805074971165	0	0.0	2748	0.6339100346020762	27	0.006228373702422145	0	0.0	11	11	39	1.0	2	0.18181818181818182	9	0.8181818181818182	0	0.0	0	0.0	2	0.18181818181818182	9	0.8181818181818182	0	0.0	0	0.0	5	0.1282051282051282	28	0.717948717948718	0	0.0	6	0.15384615384615385	0	0	0	1	1	1	0	291615891	1	0	1
4084.0	7182	1.7585700293829578	15	0.003672869735553379	101830	24.93388834476004	2460	0.6023506366307542	2283	0.5590107737512243	6	11	131	0.25	1	0.16666666666666666	5	0.8333333333333334	0	0.0	0	0.0	0	0.0	9	0.8181818181818182	0	0.0	2	0.18181818181818182	6	0.04580152671755725	88	0.6717557251908397	10	0.07633587786259542	27	0.20610687022900764	0	0	0	1	1	0	0	458257566	0	0	0
2713.0	1285	0.47364541098415036	2	0.0007371913011426465	1630	0.6008109104312569	11	0.004054552156284556	27	0.009952082565425728	7	12	0	0.36363636363636365	0	0.0	7	1.0	0	0.0	0	0.0	0	0.0	12	1.0	0	0.0	0	0.0	0	0	0	0	0	0	0	0	0	0	0	0	0	0	0	3847320734	0	0	0
4298.0	11649	2.710330386226152	3	0.0006979990693345743	12816	2.981852024197301	955	0.22219637040483947	660	0.15355979525360633	6	12	0	0.5555555555555556	0	0.0	5	0.8333333333333334	0	0.0	1	0.16666666666666666	0	0.0	11	0.9166666666666666	0	0.0	1	0.08333333333333333	0	0	0	0	0	0	0	0	1	0	1	1	0	1	0	313357514	0	0	0
3603.0	77870	21.61254510130447	34	0.009436580627255066	67876	18.838745489869552	979	0.2717180127671385	842	0.23369414376908132	10	11	157	0.7	2	0.2	7	0.7	0	0.0	1	0.1	1	0.09090909090909091	8	0.7272727272727273	2	0.18181818181818182	0	0.0	11	0.07006369426751592	111	0.7070063694267515	0	0.0	35	0.2229299363057325	1	0	1	1	1	1	0	1399878871	0	0	0
2772.0	105	0.03787878787878788	0	0.0	666	0.24025974025974026	373	0.13455988455988455	205	0.07395382395382395	8	8	23	1.0	1	0.125	4	0.5	3	0.375	0	0.0	0	0.0	5	0.625	3	0.375	0	0.0	3	0.13043478260869565	18	0.782608695652174	0	0.0	2	0.08695652173913043	1	0	1	1	1	1	0	3313546470	1	0	0
2716.0	0	0.0	0	0.0	543	0.19992636229749633	2	0.0007363770250368188	0	0.0	10	9	0	0.875	2	0.2	7	0.7	0	0.0	1	0.1	2	0.2222222222222222	7	0.7777777777777778	0	0.0	0	0.0	0	0	0	0	0	0	0	0	0	0	0	1	1	0	0	3891754217	1	0	0
5152.0	13943	2.706327639751553	8	0.0015527950310559005	27335	5.305706521739131	349	0.06774068322981366	1069	0.20749223602484473	5	11	71	0.625	1	0.2	4	0.8	0	0.0	0	0.0	0	0.0	11	1.0	0	0.0	0	0.0	6	0.08450704225352113	54	0.7605633802816901	0	0.0	11	0.15492957746478872	1	0	1	0	0	1	0	20100340	0	0	0
3794.0	21844	5.757511860832894	6	0.0015814443858724301	12865	3.3908803373748024	836	0.22034791776489193	1174	0.3094359515023722	16	12	93	0.625	2	0.125	13	0.8125	0	0.0	1	0.0625	0	0.0	10	0.8333333333333334	2	0.16666666666666666	0	0.0	9	0.0967741935483871	62	0.6666666666666666	4	0.043010752688172046	18	0.1935483870967742	1	0	1	1	1	0	0	901166336	0	0	0
2681.0	9845	3.6721372622155912	3	0.0011189854531891085	22513	8.397239835882134	719	0.268183513614323	1435	0.5352480417754569	12	14	67	0.5714285714285714	2	0.16666666666666666	9	0.75	0	0.0	1	0.08333333333333333	0	0.0	12	0.8571428571428571	2	0.14285714285714285	0	0.0	6	0.08955223880597014	40	0.5970149253731343	0	0.0	21	0.31343283582089554	0	0	0	1	1	0	0	4161025282	0	0	0
5043.0	14865	2.9476502082093994	176	0.03489986119373389	115410	22.88518738845925	18874	3.7426135236962126	3431	0.6803489986119373	40	10	160	0.16666666666666666	5	0.125	19	0.475	1	0.025	15	0.375	0	0.0	10	1.0	0	0.0	0	0.0	20	0.125	85	0.53125	8	0.05	47	0.29375	1	0	1	1	0	1	0	42267914	0	0	0
3246.0	1012	0.31176833025261863	1	0.00030807147258163895	1025	0.3157732593961799	5	0.0015403573629081946	0	0.0	16	11	0	0.17647058823529413	2	0.125	13	0.8125	0	0.0	1	0.0625	0	0.0	11	1.0	0	0.0	0	0.0	0	0	0	0	0	0	0	0	0	0	0	1	1	0	0	2462856456	0	0	1
3232.0	7648	2.366336633663366	0	0.0	8609	2.663675742574257	399	0.1234529702970297	413	0.12778465346534654	12	11	0	0.875	0	0.0	11	0.9166666666666666	0	0.0	1	0.08333333333333333	2	0.18181818181818182	9	0.8181818181818182	0	0.0	0	0.0	0	0	0	0	0	0	0	0	0	0	1	1	1	0	0	2485859611	0	0	0
2877.0	63	0.021897810218978103	0	0.0	1226	0.42613833854709765	5	0.001737921445950643	5	0.001737921445950643	1	15	16	0.0	0	0.0	0	0.0	0	0.0	1	1.0	0	0.0	15	1.0	0	0.0	0	0.0	0	0.0	0	0.0	0	0.0	16	1.0	0	0	1	1	1	0	0	3179001127	0	0	0
4905.0	4	0.0008154943934760449	0	0.0	4578	0.9333333333333333	109	0.022222222222222223	79	0.016106014271151887	10	9	0	0.8571428571428571	2	0.2	7	0.7	0	0.0	1	0.1	1	0.1111111111111111	8	0.8888888888888888	0	0.0	0	0.0	0	0	0	0	0	0	0	0	1	0	1	1	0	0	0	80999737	1	0	1
3971.0	0	0.0	0	0.0	3928	0.989171493326618	90	0.022664316293125156	74	0.018635104507680685	12	9	137	0.21428571428571427	2	0.16666666666666666	10	0.8333333333333334	0	0.0	0	0.0	3	0.3333333333333333	6	0.6666666666666666	0	0.0	0	0.0	10	0.072992700729927	98	0.7153284671532847	2	0.014598540145985401	27	0.19708029197080293	0	0	1	1	1	1	0	567588156	1	0	1
2671.0	154	0.05765630849868963	10	0.0037439161362785474	795	0.2976413328341445	1068	0.3998502433545489	0	0.0	16	13	131	0.4	2	0.125	12	0.75	0	0.0	2	0.125	2	0.15384615384615385	11	0.8461538461538461	0	0.0	0	0.0	8	0.061068702290076333	90	0.6870229007633588	1	0.007633587786259542	32	0.24427480916030533	0	0	0	1	1	0	0	4238472515	0	0	0
4202.0	4850	1.15421227986673	8	0.0019038553069966682	6233	1.4833412660637793	217	0.05164207520228463	487	0.11589719181342217	7	7	57	1.0	3	0.42857142857142855	2	0.2857142857142857	2	0.2857142857142857	0	0.0	3	0.42857142857142855	2	0.2857142857142857	2	0.2857142857142857	0	0.0	10	0.17543859649122806	37	0.6491228070175439	0	0.0	10	0.17543859649122806	1	0	1	1	0	0	0	372274501	0	0	0
3142.0	254	0.08084022915340547	6	0.0019096117122851686	706	0.22469764481222151	157	0.04996817313812858	133	0.04232972628898791	8	10	40	0.7142857142857143	1	0.125	7	0.875	0	0.0	0	0.0	2	0.2	7	0.7	0	0.0	1	0.1	4	0.1	29	0.725	0	0.0	7	0.175	1	0	1	0	0	0	0	2714432840	0	0	0
3761.0	13307	3.538154746078171	0	0.0	2481	0.6596649827173624	315	0.0837543206593991	325	0.0864131879819197	6	12	23	0.3333333333333333	0	0.0	6	1.0	0	0.0	0	0.0	0	0.0	12	1.0	0	0.0	0	0.0	0	0.0	19	0.8260869565217391	0	0.0	4	0.17391304347826086	1	0	0	1	1	0	0	972830029	0	0	0
3923.0	65	0.016568952332398676	8	0.002039255671679837	3257	0.8302319653326535	300	0.07647208768799388	477	0.12159061942391028	13	13	105	1.0	3	0.23076923076923078	10	0.7692307692307693	0	0.0	0	0.0	3	0.23076923076923078	10	0.7692307692307693	0	0.0	0	0.0	5	0.047619047619047616	77	0.7333333333333333	0	0.0	23	0.21904761904761905	1	0	1	1	0	0	0	610710862	0	0	0
3833.0	1323	0.34516044873467255	0	0.0	797	0.20793112444560397	37	0.009653013305504827	684	0.17845030002608922	1	11	0	0.1111111111111111	0	0.0	1	1.0	0	0.0	0	0.0	0	0.0	11	1.0	0	0.0	0	0.0	0	0	0	0	0	0	0	0	0	0	0	1	1	0	0	824292696	0	0	1
3516.0	0	0.0	9	0.002559726962457338	3879	1.1032423208191127	9	0.002559726962457338	55	0.01564277588168373	13	9	32	0.8888888888888888	2	0.15384615384615385	10	0.7692307692307693	0	0.0	1	0.07692307692307693	2	0.2222222222222222	7	0.7777777777777778	0	0.0	0	0.0	0	0.0	27	0.84375	0	0.0	5	0.15625	0	0	1	1	1	0	0	1630352731	1	0	1
3723.0	8474	2.2761214074670963	0	0.0	4515	1.2127316680096696	288	0.07735697018533441	295	0.07923717432178351	6	10	0	0.5714285714285714	1	0.16666666666666666	5	0.8333333333333334	0	0.0	0	0.0	1	0.1	5	0.5	4	0.4	0	0.0	0	0	0	0	0	0	0	0	0	0	0	1	1	0	0	1056650594	0	0	0
3545.0	10797	3.0456981664315936	1	0.00028208744710860365	10541	2.9734837799717915	99	0.027926657263751764	152	0.042877291960507755	5	13	0	0.16666666666666666	1	0.2	4	0.8	0	0.0	0	0.0	3	0.23076923076923078	8	0.6153846153846154	0	0.0	2	0.15384615384615385	0	0	0	0	0	0	0	0	0	0	1	1	1	0	0	1558984046	0	0	0
3894.0	51	0.013097072419106317	83	0.021314843348741654	149705	38.44504365690806	2734	0.7021058038007191	154	0.03954802259887006	10	9	156	0.875	2	0.2	7	0.7	0	0.0	1	0.1	0	0.0	9	1.0	0	0.0	0	0.0	15	0.09615384615384616	108	0.6923076923076923	2	0.01282051282051282	31	0.1987179487179487	0	0	0	1	0	1	0	637056372	1	0	0
4349.0	3086	0.7095884111289952	162	0.03724994251552081	12984	2.985513911243964	20294	4.66636008277765	3979	0.9149229707978845	23	14	161	0.8	3	0.13043478260869565	18	0.782608695652174	0	0.0	2	0.08695652173913043	3	0.21428571428571427	11	0.7857142857142857	0	0.0	0	0.0	8	0.049689440993788817	125	0.7763975155279503	1	0.006211180124223602	27	0.16770186335403728	1	0	1	1	0	1	0	284112256	1	0	0
2837.0	190	0.06697215368346845	6	0.0021149101163200562	969	0.34155798378568913	2138	0.7536129714487134	1089	0.3838561861120902	13	5	140	0.3333333333333333	5	0.38461538461538464	6	0.46153846153846156	0	0.0	2	0.15384615384615385	5	1.0	0	0.0	0	0.0	0	0.0	14	0.1	100	0.7142857142857143	0	0.0	26	0.18571428571428572	0	0	0	0	0	1	0	3313759618	1	0	1
3766.0	138027	36.650823154540625	13	0.0034519383961763143	46850	12.440254912373872	713	0.1893255443441317	331	0.08789166224110462	4	8	106	0.5	0	0.0	4	1.0	0	0.0	0	0.0	0	0.0	6	0.75	0	0.0	2	0.25	0	0.0	0	0.0	4	0.03773584905660377	102	0.9622641509433962	0	0	1	1	0	0	0	962688391	0	0	0
4984.0	34180	6.857945425361156	32	0.006420545746388443	32265	6.473715890850722	884	0.17736757624398075	761	0.15268860353130015	21	11	133	0.17647058823529413	4	0.19047619047619047	11	0.5238095238095238	0	0.0	6	0.2857142857142857	2	0.18181818181818182	7	0.6363636363636364	2	0.18181818181818182	0	0.0	12	0.09022556390977443	95	0.7142857142857143	0	0.0	26	0.19548872180451127	1	0	1	1	0	0	0	59176333	0	0	0
3840.0	4129	1.0752604166666666	4	0.0010416666666666667	16656	4.3375	442	0.11510416666666666	404	0.10520833333333333	12	9	39	0.45454545454545453	2	0.16666666666666666	9	0.75	0	0.0	1	0.08333333333333333	1	0.1111111111111111	8	0.8888888888888888	0	0.0	0	0.0	1	0.02564102564102564	26	0.6666666666666666	2	0.05128205128205128	10	0.2564102564102564	1	0	1	1	1	0	0	811709832	0	0	0
3489.0	27	0.007738607050730868	964	0.2762969332186873	212381	60.87159644597306	121303	34.767268558326165	606	0.17368873602751506	3	7	64	0.0	0	0.0	0	0.0	0	0.0	3	1.0	0	0.0	7	1.0	0	0.0	0	0.0	0	0.0	0	0.0	0	0.0	64	1.0	0	0	1	1	0	0	0	1700033959	1	0	0
2710.0	1	0.00036900369003690036	0	0.0	986	0.3638376383763838	2	0.0007380073800738007	1	0.00036900369003690036	5	13	0	0.45454545454545453	1	0.2	4	0.8	0	0.0	0	0.0	1	0.07692307692307693	4	0.3076923076923077	8	0.6153846153846154	0	0.0	0	0	0	0	0	0	0	0	0	0	0	1	1	0	0	3944740275	1	0	1
4057.0	0	0.0	0	0.0	2315	0.5706186837564703	17	0.004190288390436283	46	0.011338427409415824	11	10	154	0.8888888888888888	2	0.18181818181818182	8	0.7272727272727273	0	0.0	1	0.09090909090909091	2	0.2	8	0.8	0	0.0	0	0.0	16	0.1038961038961039	107	0.6948051948051948	2	0.012987012987012988	29	0.18831168831168832	0	0	0	1	1	1	0	483194292	1	0	1
3892.0	60609	15.572713257965056	32	0.008221993833504625	171	0.04393627954779034	875	0.22482014388489208	318	0.08170606372045221	17	11	130	0.6153846153846154	3	0.17647058823529413	12	0.7058823529411765	0	0.0	2	0.11764705882352941	0	0.0	10	0.9090909090909091	0	0.0	1	0.09090909090909091	7	0.05384615384615385	98	0.7538461538461538	0	0.0	25	0.19230769230769232	1	0	1	1	1	1	0	703165878	0	0	0
3532.0	7121	2.0161381653454136	1	0.00028312570781426955	3013	0.8530577576443941	150	0.04246885617214043	194	0.05492638731596829	17	14	75	0.23529411764705882	3	0.17647058823529413	12	0.7058823529411765	0	0.0	2	0.11764705882352941	0	0.0	11	0.7857142857142857	3	0.21428571428571427	0	0.0	0	0.0	59	0.7866666666666666	0	0.0	16	0.21333333333333335	0	0	0	1	1	0	0	1590506935	0	0	0
4900.0	6	0.0012244897959183673	4	0.0008163265306122449	2220	0.4530612244897959	140	0.02857142857142857	0	0.0	14	14	114	0.7692307692307693	2	0.14285714285714285	9	0.6428571428571429	0	0.0	3	0.21428571428571427	1	0.07142857142857142	13	0.9285714285714286	0	0.0	0	0.0	9	0.07894736842105263	89	0.7807017543859649	0	0.0	16	0.14035087719298245	1	0	1	0	0	1	0	82425278	1	0	1
3684.0	111	0.03013029315960912	1	0.0002714440825190011	2302	0.6248642779587406	45	0.012214983713355049	841	0.2282844733984799	17	15	127	0.7857142857142857	2	0.11764705882352941	12	0.7058823529411765	0	0.0	3	0.17647058823529413	3	0.2	12	0.8	0	0.0	0	0.0	4	0.031496062992125984	98	0.7716535433070866	0	0.0	25	0.1968503937007874	0	0	0	1	0	0	0	1167422912	0	0	0
3053.0	504	0.16508352440222732	1	0.00032754667540124465	2018	0.6609891909597118	67	0.021945627251883395	132	0.043236161152964296	16	11	123	0.3076923076923077	0	0.0	14	0.875	0	0.0	2	0.125	0	0.0	11	1.0	0	0.0	0	0.0	14	0.11382113821138211	69	0.5609756097560976	10	0.08130081300813008	30	0.24390243902439024	0	0	1	0	0	0	0	2861200834	0	0	0
3858.0	12564	3.2566096423017106	1	0.0002592016588906169	4626	1.1990668740279937	377	0.09771902540176257	244	0.06324520476931052	10	8	10	0.5555555555555556	2	0.2	7	0.7	0	0.0	1	0.1	0	0.0	7	0.875	1	0.125	0	0.0	2	0.2	7	0.7	0	0.0	1	0.1	1	0	1	0	0	1	0	770831810	0	0	0
5120.0	10602	2.070703125	4	0.00078125	20970	4.095703125	1039	0.2029296875	388	0.07578125	13	13	117	0.8333333333333334	2	0.15384615384615385	10	0.7692307692307693	0	0.0	1	0.07692307692307693	2	0.15384615384615385	10	0.7692307692307693	0	0.0	1	0.07692307692307693	15	0.1282051282051282	70	0.5982905982905983	1	0.008547008547008548	31	0.26495726495726496	1	0	0	1	0	0	0	23295435	0	0	0
4114.0	1035	0.25157997083130773	0	0.0	36053	8.763490520175012	383	0.09309674282936314	558	0.13563441905687895	7	8	24	0.5	4	0.5714285714285714	0	0.0	0	0.0	3	0.42857142857142855	0	0.0	4	0.5	4	0.5	0	0.0	1	0.041666666666666664	17	0.7083333333333334	0	0.0	6	0.25	1	0	0	1	0	0	0	432190936	0	0	0
4815.0	516	0.10716510903426792	58	0.012045690550363447	5418	1.125233644859813	2073	0.4305295950155763	616	0.12793354101765317	18	14	87	0.8461538461538461	3	0.16666666666666666	13	0.7222222222222222	0	0.0	2	0.1111111111111111	0	0.0	14	1.0	0	0.0	0	0.0	6	0.06896551724137931	69	0.7931034482758621	0	0.0	12	0.13793103448275862	1	0	1	1	0	1	0	102659558	0	0	0
5108.0	223	0.04365700861393892	33	0.006460454189506656	1598	0.3128425998433829	346	0.06773688332028191	316	0.06186374314800313	14	10	36	0.7272727272727273	2	0.14285714285714285	11	0.7857142857142857	0	0.0	1	0.07142857142857142	1	0.1	9	0.9	0	0.0	0	0.0	4	0.1111111111111111	25	0.6944444444444444	0	0.0	7	0.19444444444444445	0	0	1	1	0	1	0	25507308	0	0	0
3880.0	1386	0.35721649484536083	7	0.0018041237113402063	25259	6.510051546391753	399	0.10283505154639175	348	0.08969072164948454	12	12	61	0.7777777777777778	2	0.16666666666666666	9	0.75	0	0.0	1	0.08333333333333333	0	0.0	11	0.9166666666666666	0	0.0	1	0.08333333333333333	2	0.03278688524590164	48	0.7868852459016393	0	0.0	11	0.18032786885245902	0	0	0	1	0	0	0	724907522	0	0	0
2690.0	722	0.2684014869888476	1	0.0003717472118959108	1405	0.5223048327137546	172	0.06394052044609666	191	0.07100371747211896	3	11	35	0.0	0	0.0	0	0.0	0	0.0	3	1.0	0	0.0	11	1.0	0	0.0	0	0.0	4	0.11428571428571428	5	0.14285714285714285	0	0.0	26	0.7428571428571429	0	0	1	1	1	0	0	4097930772	0	0	0
3571.0	41379	11.587510501260152	8	0.0022402688322598714	108482	30.37860543265192	2014	0.5639876785214226	983	0.27527303276393167	4	8	60	0.8	1	0.25	3	0.75	0	0.0	0	0.0	0	0.0	7	0.875	0	0.0	1	0.125	8	0.13333333333333333	33	0.55	0	0.0	19	0.31666666666666665	1	0	0	1	1	0	0	1482339860	0	0	0
4954.0	45	0.009083568833266048	162	0.03270084779975777	17645	3.561768268066209	16330	3.296326201049657	115	0.023213564796124343	12	11	84	0.875	2	0.16666666666666666	9	0.75	0	0.0	1	0.08333333333333333	2	0.18181818181818182	9	0.8181818181818182	0	0.0	0	0.0	2	0.023809523809523808	68	0.8095238095238095	0	0.0	14	0.16666666666666666	1	0	1	1	0	1	0	67679771	1	0	0
4751.0	278	0.05851399705325195	0	0.0	800	0.16838560303094086	156	0.032835192591033464	255	0.053672910966112396	12	12	6	0.3076923076923077	2	0.16666666666666666	9	0.75	0	0.0	1	0.08333333333333333	2	0.16666666666666666	10	0.8333333333333334	0	0.0	0	0.0	2	0.3333333333333333	3	0.5	0	0.0	1	0.16666666666666666	0	0	1	1	1	0	0	122484275	0	0	0
3367.0	6538	1.9417879417879418	43	0.012771012771012771	70718	21.003267003267002	4733	1.4057024057024057	5260	1.5622215622215623	18	14	169	0.7142857142857143	2	0.1111111111111111	14	0.7777777777777778	0	0.0	2	0.1111111111111111	0	0.0	14	1.0	0	0.0	0	0.0	28	0.16568047337278108	107	0.6331360946745562	5	0.029585798816568046	29	0.17159763313609466	1	0	1	0	0	0	0	2243245631	0	0	0
3792.0	7167	1.8900316455696202	2	0.0005274261603375527	2423	0.6389767932489452	353	0.09309071729957806	354	0.09335443037974683	5	7	130	0.1111111111111111	1	0.2	4	0.8	0	0.0	0	0.0	0	0.0	6	0.8571428571428571	0	0.0	1	0.14285714285714285	7	0.05384615384615385	42	0.3230769230769231	0	0.0	81	0.6230769230769231	0	0	0	0	0	1	0	906425923	0	0	0
3515.0	37	0.010526315789473684	9	0.0025604551920341396	7264	2.0665718349928874	83	0.023613086770981506	63	0.017923186344238975	9	12	53	0.3076923076923077	1	0.1111111111111111	8	0.8888888888888888	0	0.0	0	0.0	1	0.08333333333333333	11	0.9166666666666666	0	0.0	0	0.0	1	0.018867924528301886	41	0.7735849056603774	0	0.0	11	0.20754716981132076	1	0	0	1	1	0	0	1633515085	1	0	1
2918.0	43	0.014736120630568882	3	0.001028101439342015	823	0.2820424948594928	86	0.029472241261137764	172	0.05894448252227553	20	10	100	0.6153846153846154	3	0.15	13	0.65	0	0.0	4	0.2	0	0.0	10	1.0	0	0.0	0	0.0	1	0.01	84	0.84	0	0.0	15	0.15	0	0	1	0	0	1	0	3095754327	1	0	0
3245.0	0	0.0	0	0.0	544	0.16764252696456086	12	0.0036979969183359015	0	0.0	11	12	0	0.2	2	0.18181818181818182	8	0.7272727272727273	0	0.0	1	0.09090909090909091	0	0.0	12	1.0	0	0.0	0	0.0	0	0	0	0	0	0	0	0	0	0	0	1	1	0	0	2464953955	1	0	1
2762.0	32851	11.893917451122375	8	0.002896451846488052	85601	30.992396813902968	249	0.09015206372194062	108	0.0391020999275887	5	9	59	0.42857142857142855	0	0.0	5	1.0	0	0.0	0	0.0	0	0.0	5	0.5555555555555556	3	0.3333333333333333	1	0.1111111111111111	7	0.11864406779661017	34	0.576271186440678	3	0.05084745762711865	15	0.2542372881355932	1	0	1	0	0	0	0	3324245616	0	0	0
2916.0	204	0.06995884773662552	0	0.0	1129	0.3871742112482853	88	0.03017832647462277	76	0.02606310013717421	8	10	0	0.4444444444444444	0	0.0	7	0.875	0	0.0	1	0.125	0	0.0	10	1.0	0	0.0	0	0.0	0	0	0	0	0	0	0	0	0	0	0	1	1	0	0	3100554872	0	0	0
3024.0	53900	17.824074074074073	3	0.000992063492063492	17649	5.836309523809524	402	0.13293650793650794	405	0.13392857142857142	6	9	19	0.2727272727272727	0	0.0	6	1.0	0	0.0	0	0.0	0	0.0	9	1.0	0	0.0	0	0.0	0	0.0	18	0.9473684210526315	0	0.0	1	0.05263157894736842	0	0	1	1	1	0	0	2903963259	0	0	0
4907.0	156	0.03179131852455676	20	0.004075810067250866	2284	0.4654575096800489	733	0.14937843896474423	1652	0.33666191155492153	11	11	134	1.0	2	0.18181818181818182	9	0.8181818181818182	0	0.0	0	0.0	2	0.18181818181818182	9	0.8181818181818182	0	0.0	0	0.0	6	0.04477611940298507	108	0.8059701492537313	0	0.0	20	0.14925373134328357	0	0	1	1	0	1	0	80459395	0	0	0
3642.0	53	0.014552443712246019	1	0.0002745744096650192	5233	1.4368478857770455	673	0.18478857770455792	388	0.10653487095002746	4	8	0	0.5714285714285714	1	0.25	3	0.75	0	0.0	0	0.0	0	0.0	7	0.875	0	0.0	1	0.125	0	0	0	0	0	0	0	0	1	0	1	1	0	0	0	1301640848	0	0	0
5070.0	8765	1.7287968441814596	1	0.0001972386587771203	7049	1.390335305719921	139	0.027416173570019724	363	0.07159763313609467	7	11	42	0.8571428571428571	1	0.14285714285714285	6	0.8571428571428571	0	0.0	0	0.0	2	0.18181818181818182	9	0.8181818181818182	0	0.0	0	0.0	2	0.047619047619047616	26	0.6190476190476191	2	0.047619047619047616	12	0.2857142857142857	1	0	1	1	0	0	0	35616416	0	0	0
5053.0	18	0.0035622402533148625	30	0.005937067088858104	2870	0.5679794181674253	1993	0.3944191569364734	575	0.11379378586978033	12	12	126	0.3076923076923077	4	0.3333333333333333	7	0.5833333333333334	0	0.0	1	0.08333333333333333	2	0.16666666666666666	10	0.8333333333333334	0	0.0	0	0.0	15	0.11904761904761904	85	0.6746031746031746	2	0.015873015873015872	24	0.19047619047619047	1	0	1	0	0	1	0	40122045	1	0	1
3220.0	1952	0.6062111801242236	4	0.0012422360248447205	4731	1.4692546583850932	276	0.08571428571428572	46	0.014285714285714285	1	13	64	0.0	0	0.0	1	1.0	0	0.0	0	0.0	0	0.0	10	0.7692307692307693	2	0.15384615384615385	1	0.07692307692307693	0	0.0	0	0.0	47	0.734375	17	0.265625	1	0	0	1	1	0	0	2512664264	1	0	0
3626.0	963	0.2655819084390513	6	0.001654715940430226	2658	0.7330391616105901	367	0.1012134583563155	823	0.22697186982901268	12	14	30	0.6666666666666666	0	0.0	10	0.8333333333333334	0	0.0	2	0.16666666666666666	4	0.2857142857142857	10	0.7142857142857143	0	0.0	0	0.0	5	0.16666666666666666	20	0.6666666666666666	0	0.0	5	0.16666666666666666	0	0	1	1	0	1	0	1341355722	1	0	1
3664.0	2755	0.7519104803493449	28	0.007641921397379912	1389	0.3790938864628821	126	0.034388646288209604	129	0.035207423580786025	11	7	0	0.4	2	0.18181818181818182	8	0.7272727272727273	0	0.0	1	0.09090909090909091	0	0.0	6	0.8571428571428571	1	0.14285714285714285	0	0.0	0	0	0	0	0	0	0	0	0	0	0	1	1	0	0	1240102604	0	0	0
2882.0	589401	204.51110340041637	233	0.08084663428174879	681689	236.53331020124912	11664	4.047189451769604	11459	3.976058292852186	33	14	159	0.28	4	0.12121212121212122	20	0.6060606060606061	0	0.0	9	0.2727272727272727	2	0.14285714285714285	8	0.5714285714285714	4	0.2857142857142857	0	0.0	30	0.18867924528301888	85	0.5345911949685535	5	0.031446540880503145	39	0.24528301886792453	0	0	1	0	0	0	0	3201005265	1	0	1
3102.0	281	0.09058671824629272	46	0.014829142488716958	5779	1.8629916183107673	34356	11.075435203094777	4	0.0012894906511927789	7	14	160	0.875	1	0.14285714285714285	6	0.8571428571428571	0	0.0	0	0.0	0	0.0	14	1.0	0	0.0	0	0.0	7	0.04375	126	0.7875	0	0.0	27	0.16875	1	0	1	1	1	1	0	2812540626	1	0	0
5090.0	1064	0.20903732809430256	151	0.029666011787819253	21135	4.152259332023576	11739	2.306286836935167	168	0.033005893909626716	13	12	159	0.38461538461538464	2	0.15384615384615385	10	0.7692307692307693	0	0.0	1	0.07692307692307693	0	0.0	12	1.0	0	0.0	0	0.0	4	0.025157232704402517	118	0.7421383647798742	4	0.025157232704402517	33	0.20754716981132076	0	0	1	1	0	1	0	29488860	1	0	1
5031.0	186	0.03697078115682767	9	0.0017889087656529517	2233	0.44384814152256014	606	0.12045319022063208	532	0.10574438481415226	19	11	30	0.375	2	0.10526315789473684	16	0.8421052631578947	0	0.0	1	0.05263157894736842	0	0.0	11	1.0	0	0.0	0	0.0	1	0.03333333333333333	25	0.8333333333333334	0	0.0	4	0.13333333333333333	0	0	0	1	0	0	0	44857059	0	0	0
5107.0	2	0.00039161934599569217	21	0.004112003132954768	5821	1.1398081065204622	66	0.012923438417857843	75	0.014685725474838457	11	8	0	0.6363636363636364	2	0.18181818181818182	8	0.7272727272727273	0	0.0	1	0.09090909090909091	0	0.0	8	1.0	0	0.0	0	0.0	0	0	0	0	0	0	0	0	1	0	1	0	0	0	0	25622254	1	0	1
3806.0	9841	2.5856542301629006	3	0.0007882291119285339	11605	3.0491329479768785	487	0.127955859169732	495	0.13005780346820808	5	13	58	0.5	1	0.2	4	0.8	0	0.0	0	0.0	2	0.15384615384615385	11	0.8461538461538461	0	0.0	0	0.0	6	0.10344827586206896	25	0.43103448275862066	0	0.0	27	0.46551724137931033	1	0	0	0	0	0	0	875001590	0	0	0
5144.0	10814	2.1022550544323484	2511	0.4881415241057543	66448	12.917573872472785	167731	32.60711508553655	3536	0.687402799377916	14	13	153	0.875	2	0.14285714285714285	11	0.7857142857142857	0	0.0	1	0.07142857142857142	2	0.15384615384615385	11	0.8461538461538461	0	0.0	0	0.0	11	0.0718954248366013	110	0.7189542483660131	0	0.0	32	0.20915032679738563	1	0	1	1	0	1	1	20707070	0	0	0
3220.0	0	0.0	3	0.0009316770186335404	275	0.08540372670807453	650	0.20186335403726707	3	0.0009316770186335404	17	15	150	0.7692307692307693	3	0.17647058823529413	13	0.7647058823529411	0	0.0	1	0.058823529411764705	5	0.3333333333333333	9	0.6	0	0.0	1	0.06666666666666667	9	0.06	116	0.7733333333333333	0	0.0	25	0.16666666666666666	0	0	1	1	1	1	0	2512221956	1	0	1
2905.0	7	0.0024096385542168677	0	0.0	670	0.2306368330464716	4	0.001376936316695353	22	0.007573149741824441	12	14	70	0.6923076923076923	0	0.0	11	0.9166666666666666	0	0.0	1	0.08333333333333333	0	0.0	11	0.7857142857142857	3	0.21428571428571427	0	0.0	2	0.02857142857142857	52	0.7428571428571429	0	0.0	16	0.22857142857142856	1	0	1	1	1	0	0	3130980117	1	0	0
3865.0	14263	3.6902975420439845	2	0.000517464424320828	2222	0.5749029754204399	376	0.09728331177231565	747	0.19327296248382925	12	13	111	0.7272727272727273	2	0.16666666666666666	9	0.75	0	0.0	1	0.08333333333333333	2	0.15384615384615385	9	0.6923076923076923	2	0.15384615384615385	0	0.0	4	0.036036036036036036	86	0.7747747747747747	0	0.0	21	0.1891891891891892	1	0	1	1	0	0	0	757937941	0	0	0
2767.0	10408	3.761474521142031	2	0.0007228044813877846	11648	4.209613299602458	51	0.018431514275388507	387	0.13986266714853632	15	14	24	0.6428571428571429	2	0.13333333333333333	11	0.7333333333333333	0	0.0	2	0.13333333333333333	0	0.0	12	0.8571428571428571	2	0.14285714285714285	0	0.0	2	0.08333333333333333	17	0.7083333333333334	0	0.0	5	0.20833333333333334	0	0	1	0	0	0	0	3317839639	0	0	1
5112.0	3083	0.6030907668231612	17	0.003325508607198748	16155	3.160211267605634	454	0.08881064162754304	450	0.0880281690140845	9	6	91	0.0	4	0.4444444444444444	1	0.1111111111111111	0	0.0	4	0.4444444444444444	2	0.3333333333333333	4	0.6666666666666666	0	0.0	0	0.0	4	0.04395604395604396	72	0.7912087912087912	0	0.0	15	0.16483516483516483	1	0	1	1	0	0	0	24672033	0	0	0
3976.0	244	0.0613682092555332	0	0.0	2550	0.6413480885311871	146	0.036720321931589535	202	0.05080482897384306	11	12	0	0.6666666666666666	2	0.18181818181818182	8	0.7272727272727273	0	0.0	1	0.09090909090909091	2	0.16666666666666666	8	0.6666666666666666	2	0.16666666666666666	0	0.0	0	0	0	0	0	0	0	0	0	0	1	1	0	0	0	562984758	0	0	0
2808.0	16	0.005698005698005698	0	0.0	921	0.327991452991453	237	0.08440170940170941	243	0.08653846153846154	14	15	55	0.17647058823529413	0	0.0	13	0.9285714285714286	0	0.0	1	0.07142857142857142	0	0.0	14	0.9333333333333333	0	0.0	1	0.06666666666666667	7	0.12727272727272726	35	0.6363636363636364	0	0.0	13	0.23636363636363636	0	0	1	1	1	0	0	3271063357	0	0	1
4064.0	47654	11.725885826771654	9	0.0022145669291338582	16820	4.1387795275590555	286	0.0703740157480315	794	0.1953740157480315	9	6	0	0.375	2	0.2222222222222222	6	0.6666666666666666	0	0.0	1	0.1111111111111111	0	0.0	4	0.6666666666666666	2	0.3333333333333333	0	0.0	0	0	0	0	0	0	0	0	1	0	1	1	1	0	0	476919617	1	0	1
5450.0	2254	0.41357798165137616	90	0.01651376146788991	6092	1.1177981651376148	891	0.16348623853211008	742	0.1361467889908257	14	14	110	0.8333333333333334	2	0.14285714285714285	11	0.7857142857142857	0	0.0	1	0.07142857142857142	3	0.21428571428571427	11	0.7857142857142857	0	0.0	0	0.0	4	0.03636363636363636	85	0.7727272727272727	0	0.0	21	0.19090909090909092	0	0	1	0	0	1	0	14366543	0	0	0
3975.0	6125	1.5408805031446542	10	0.0025157232704402514	7213	1.8145911949685534	521	0.13106918238993712	1922	0.4835220125786164	11	10	26	0.38461538461538464	0	0.0	11	1.0	0	0.0	0	0.0	2	0.2	8	0.8	0	0.0	0	0.0	0	0.0	23	0.8846153846153846	0	0.0	3	0.11538461538461539	0	0	1	1	1	1	0	563640153	1	0	0
4483.0	8375	1.8681686370733883	1	0.00022306491188935982	7304	1.629266116439884	555	0.1238010260985947	449	0.10015614543832255	12	10	12	0.7	2	0.16666666666666666	9	0.75	0	0.0	1	0.08333333333333333	2	0.2	8	0.8	0	0.0	0	0.0	3	0.25	6	0.5	0	0.0	3	0.25	0	0	1	1	1	0	0	222967641	0	0	0
4030.0	1735	0.4305210918114144	199	0.049379652605459054	5079	1.2602977667493795	681	0.16898263027295285	102	0.025310173697270472	9	9	51	1.0	2	0.2222222222222222	7	0.7777777777777778	0	0.0	0	0.0	2	0.2222222222222222	7	0.7777777777777778	0	0.0	0	0.0	1	0.0196078431372549	42	0.8235294117647058	0	0.0	8	0.1568627450980392	1	0	1	0	0	1	0	512276319	1	0	1
5128.0	27629	5.387870514820593	1567	0.30557722308892354	29396	5.732449297971919	58384	11.385335413416536	2486	0.48478939157566303	13	12	159	0.8888888888888888	6	0.46153846153846156	6	0.46153846153846156	0	0.0	1	0.07692307692307693	6	0.5	6	0.5	0	0.0	0	0.0	3	0.018867924528301886	125	0.7861635220125787	0	0.0	31	0.1949685534591195	0	0	1	1	0	1	0	22263651	1	0	0
4234.0	6123	1.4461502125649504	0	0.0	12839	3.0323571091166746	248	0.05857345299952763	327	0.07723193197921586	8	12	27	1.0	4	0.5	4	0.5	0	0.0	0	0.0	0	0.0	12	1.0	0	0.0	0	0.0	0	0.0	0	0.0	0	0.0	27	1.0	1	0	0	1	1	0	0	352909198	0	0	0
2794.0	459	0.1642806012884753	1	0.00035790980672870435	784	0.28060128847530424	34	0.012168933428775949	178	0.06370794559770938	12	11	67	0.9	2	0.16666666666666666	9	0.75	0	0.0	1	0.08333333333333333	2	0.18181818181818182	9	0.8181818181818182	0	0.0	0	0.0	10	0.14925373134328357	44	0.6567164179104478	0	0.0	13	0.19402985074626866	1	0	0	1	1	0	0	3286661012	0	0	0
3800.0	1590	0.41842105263157897	5	0.0013157894736842105	13701	3.6055263157894735	490	0.12894736842105264	368	0.0968421052631579	4	11	138	0.2222222222222222	0	0.0	4	1.0	0	0.0	0	0.0	0	0.0	11	1.0	0	0.0	0	0.0	1	0.007246376811594203	113	0.8188405797101449	0	0.0	24	0.17391304347826086	0	0	0	1	1	0	0	889730977	0	0	0
3418.0	4605	1.347279110590989	38	0.011117612638970159	1297	0.3794616734932709	245	0.07167934464599181	297	0.0868929198361615	25	12	144	0.5625	2	0.08	21	0.84	0	0.0	2	0.08	0	0.0	11	0.9166666666666666	0	0.0	1	0.08333333333333333	22	0.1527777777777778	90	0.625	0	0.0	32	0.2222222222222222	1	0	1	0	0	1	0	2173761470	1	0	0
3757.0	421	0.11205749268033005	16	0.004258717061485228	938	0.24966728772957147	16	0.004258717061485228	512	0.1362789459675273	7	12	0	0.375	2	0.2857142857142857	4	0.5714285714285714	0	0.0	1	0.14285714285714285	2	0.16666666666666666	4	0.3333333333333333	6	0.5	0	0.0	0	0	0	0	0	0	0	0	0	0	0	1	0	1	0	980236250	1	0	1
4065.0	130	0.03198031980319803	6	0.0014760147601476014	1273	0.3131611316113161	102	0.025092250922509225	348	0.08560885608856089	19	8	33	0.4375	3	0.15789473684210525	14	0.7368421052631579	0	0.0	2	0.10526315789473684	3	0.375	5	0.625	0	0.0	0	0.0	4	0.12121212121212122	21	0.6363636363636364	0	0.0	8	0.24242424242424243	0	0	1	1	0	1	0	476264444	0	0	0
3598.0	9013	2.5050027793218455	9	0.0025013896609227346	3184	0.8849360755975542	662	0.1839911061700945	686	0.19066147859922178	16	15	149	0.9	2	0.125	13	0.8125	0	0.0	1	0.0625	2	0.13333333333333333	13	0.8666666666666667	0	0.0	0	0.0	14	0.09395973154362416	95	0.6375838926174496	0	0.0	40	0.2684563758389262	1	0	1	1	0	1	0	1411627010	0	0	0
3505.0	15	0.0042796005706134095	0	0.0	561	0.16005706134094153	45	0.012838801711840228	71	0.020256776034236805	15	14	131	0.8181818181818182	4	0.26666666666666666	11	0.7333333333333333	0	0.0	0	0.0	2	0.14285714285714285	11	0.7857142857142857	0	0.0	1	0.07142857142857142	14	0.10687022900763359	87	0.6641221374045801	5	0.03816793893129771	25	0.19083969465648856	0	0	1	1	0	1	0	1658632219	0	0	0
4387.0	19	0.004330977889218144	295	0.06724413038522908	20302	4.627763847731935	439	0.1000683838614087	0	0.0	12	12	146	0.4166666666666667	2	0.16666666666666666	9	0.75	0	0.0	1	0.08333333333333333	3	0.25	9	0.75	0	0.0	0	0.0	8	0.0547945205479452	115	0.7876712328767124	0	0.0	23	0.15753424657534246	0	0	1	1	0	1	0	264288300	0	0	0
4914.0	1187	0.24155474155474155	13	0.0026455026455026454	12965	2.638380138380138	241	0.049043549043549045	464	0.09442409442409443	12	10	105	0.26666666666666666	2	0.16666666666666666	9	0.75	0	0.0	1	0.08333333333333333	2	0.2	8	0.8	0	0.0	0	0.0	6	0.05714285714285714	84	0.8	0	0.0	15	0.14285714285714285	1	0	1	1	0	1	0	78542892	0	0	0
3875.0	124805	32.207741935483874	0	0.0	31509	8.131354838709678	746	0.19251612903225807	282	0.0727741935483871	15	15	35	0.35294117647058826	0	0.0	14	0.9333333333333333	0	0.0	1	0.06666666666666667	2	0.13333333333333333	12	0.8	1	0.06666666666666667	0	0.0	0	0.0	27	0.7714285714285715	0	0.0	8	0.22857142857142856	1	0	1	1	1	0	0	736016430	0	0	0
4196.0	1168	0.2783603431839847	302	0.07197330791229743	24700	5.886558627264061	9611	2.290514775977121	4908	1.1696854146806481	19	11	60	0.75	3	0.15789473684210525	14	0.7368421052631579	0	0.0	2	0.10526315789473684	3	0.2727272727272727	8	0.7272727272727273	0	0.0	0	0.0	3	0.05	45	0.75	0	0.0	12	0.2	0	0	1	1	0	1	0	375437372	1	0	1
4414.0	3600	0.8155867693701858	0	0.0	2991	0.677616674218396	190	0.043044857272315364	280	0.06343452650657	4	14	0	0.36363636363636365	1	0.25	3	0.75	0	0.0	0	0.0	2	0.14285714285714285	12	0.8571428571428571	0	0.0	0	0.0	0	0	0	0	0	0	0	0	1	0	0	1	1	0	0	250951747	0	0	0
3322.0	3359	1.0111378687537629	0	0.0	2952	0.8886213124623721	187	0.056291390728476824	148	0.044551475015051176	13	11	0	0.6363636363636364	2	0.15384615384615385	10	0.7692307692307693	0	0.0	1	0.07692307692307693	0	0.0	10	0.9090909090909091	0	0.0	1	0.09090909090909091	0	0	0	0	0	0	0	0	0	0	0	1	1	0	0	2332555379	0	0	0
5003.0	704	0.14071557065760543	1	0.0001998800719568259	113081	22.60263841694983	1456	0.29102538476913853	301	0.0601639016590046	9	7	27	0.4444444444444444	2	0.2222222222222222	5	0.5555555555555556	0	0.0	2	0.2222222222222222	0	0.0	6	0.8571428571428571	0	0.0	1	0.14285714285714285	0	0.0	23	0.8518518518518519	0	0.0	4	0.14814814814814814	1	0	1	1	0	0	0	53524603	0	0	0
3906.0	1294	0.33128520225294417	2	0.0005120327700972862	3878	0.992831541218638	186	0.047619047619047616	223	0.057091653865847414	10	13	54	0.1111111111111111	2	0.2	4	0.4	0	0.0	4	0.4	3	0.23076923076923078	7	0.5384615384615384	2	0.15384615384615385	1	0.07692307692307693	5	0.09259259259259259	41	0.7592592592592593	0	0.0	8	0.14814814814814814	1	0	1	1	0	0	0	626145415	0	0	0
3987.0	2431	0.6097316277903185	0	0.0	1576	0.39528467519438176	322	0.08076247805367444	268	0.0672184599949837	14	13	0	0.3125	2	0.14285714285714285	11	0.7857142857142857	0	0.0	1	0.07142857142857142	0	0.0	12	0.9230769230769231	0	0.0	1	0.07692307692307693	0	0	0	0	0	0	0	0	0	0	0	1	1	0	0	553842839	0	0	0
2682.0	5	0.0018642803877703207	8	0.002982848620432513	2	0.0007457121551081282	533	0.19873228933631618	1392	0.5190156599552572	11	11	157	0.8	2	0.18181818181818182	8	0.7272727272727273	0	0.0	1	0.09090909090909091	2	0.18181818181818182	8	0.7272727272727273	0	0.0	1	0.09090909090909091	3	0.01910828025477707	116	0.7388535031847133	0	0.0	38	0.24203821656050956	0	0	1	0	0	0	0	4157896858	1	0	1
3637.0	3207	0.8817706901292274	27	0.0074237008523508384	5223	1.4360736871047566	361	0.09925762991476492	1222	0.33599120153973056	24	11	52	0.5	3	0.125	18	0.75	0	0.0	3	0.125	1	0.09090909090909091	10	0.9090909090909091	0	0.0	0	0.0	5	0.09615384615384616	37	0.7115384615384616	0	0.0	10	0.19230769230769232	1	0	1	1	1	1	0	1317009564	0	0	0
4446.0	3222	0.7246963562753036	6	0.001349527665317139	10336	2.324786324786325	101	0.022717049032838506	763	0.17161493477282952	11	15	71	0.125	2	0.18181818181818182	8	0.7272727272727273	0	0.0	1	0.09090909090909091	0	0.0	15	1.0	0	0.0	0	0.0	9	0.1267605633802817	46	0.647887323943662	0	0.0	16	0.22535211267605634	1	0	1	1	0	0	0	237058205	0	0	0
4917.0	67221	13.671140939597315	151	0.030709782387634738	70088	14.254220052877772	1764	0.3587553386211104	932	0.18954647142566605	17	10	42	0.4	0	0.0	15	0.8823529411764706	0	0.0	2	0.11764705882352941	0	0.0	10	1.0	0	0.0	0	0.0	0	0.0	32	0.7619047619047619	0	0.0	10	0.23809523809523808	1	0	1	1	0	1	0	77756581	0	0	0
3053.0	6303	2.0645266950540453	2	0.0006550933508024893	5257	1.7219128725843433	152	0.04978709466098919	188	0.061578774975434	11	13	0	0.9	2	0.18181818181818182	8	0.7272727272727273	0	0.0	1	0.09090909090909091	0	0.0	13	1.0	0	0.0	0	0.0	0	0	0	0	0	0	0	0	1	0	1	1	1	0	0	2889365683	0	0	0
3088.0	0	0.0	6	0.0019430051813471502	28786	9.321891191709845	11	0.003562176165803109	6	0.0019430051813471502	10	14	0	0.8	1	0.1	9	0.9	0	0.0	0	0.0	2	0.14285714285714285	11	0.7857142857142857	0	0.0	1	0.07142857142857142	0	0	0	0	0	0	0	0	0	0	0	1	1	0	0	2835691706	1	0	0
5287.0	27359	5.1747682996028	11	0.0020805749952714204	16616	3.1428031019481746	309	0.058445243048988085	687	0.12994136561376962	14	11	149	0.3125	2	0.14285714285714285	11	0.7857142857142857	0	0.0	1	0.07142857142857142	0	0.0	7	0.6363636363636364	4	0.36363636363636365	0	0.0	22	0.1476510067114094	92	0.6174496644295302	1	0.006711409395973154	34	0.22818791946308725	0	0	1	1	1	0	0	16398533	0	0	0
3514.0	6000	1.707455890722823	0	0.0	71258	20.27831531018782	1261	0.35885031303357995	1063	0.3025042686397268	6	8	11	0.0	0	0.0	0	0.0	0	0.0	6	1.0	0	0.0	7	0.875	0	0.0	1	0.125	1	0.09090909090909091	9	0.8181818181818182	0	0.0	1	0.09090909090909091	1	0	1	1	0	1	0	1635760326	0	0	0
3842.0	34575	8.999219156689225	1	0.0002602811035918792	8345	2.1720458094742323	868	0.22592399791775117	1078	0.2805830296720458	12	12	45	0.4166666666666667	2	0.16666666666666666	9	0.75	0	0.0	1	0.08333333333333333	0	0.0	10	0.8333333333333334	0	0.0	2	0.16666666666666666	2	0.044444444444444446	28	0.6222222222222222	0	0.0	15	0.3333333333333333	1	0	0	1	0	0	0	807860436	0	0	0
4491.0	3526	0.7851258071698953	17	0.0037853484747272324	1551	0.3453573814295257	443	0.09864172790024493	1811	0.40325094633711867	11	10	108	0.2857142857142857	2	0.18181818181818182	8	0.7272727272727273	0	0.0	1	0.09090909090909091	0	0.0	10	1.0	0	0.0	0	0.0	16	0.14814814814814814	74	0.6851851851851852	0	0.0	18	0.16666666666666666	1	0	1	1	0	0	0	220494041	0	0	1
4072.0	632	0.15520628683693516	0	0.0	2600	0.6385068762278978	359	0.0881630648330059	281	0.06900785854616896	11	11	0	1.0	2	0.18181818181818182	9	0.8181818181818182	0	0.0	0	0.0	0	0.0	11	1.0	0	0.0	0	0.0	0	0	0	0	0	0	0	0	1	0	0	1	1	0	0	469760228	0	0	0
4341.0	2251	0.5185441142593873	6	0.00138217000691085	28425	6.548030407740152	107	0.024648698456576825	88	0.0202718267680258	10	14	98	0.21428571428571427	9	0.9	0	0.0	0	0.0	1	0.1	0	0.0	13	0.9285714285714286	0	0.0	1	0.07142857142857142	4	0.04081632653061224	72	0.7346938775510204	1	0.01020408163265306	21	0.21428571428571427	1	0	1	1	0	1	0	288061685	1	0	0
2969.0	12	0.0040417649040080834	0	0.0	668	0.22499157965644997	77	0.02593465813405187	102	0.03435500168406871	15	10	101	0.21428571428571427	3	0.2	11	0.7333333333333333	0	0.0	1	0.06666666666666667	4	0.4	6	0.6	0	0.0	0	0.0	7	0.06930693069306931	66	0.6534653465346535	4	0.039603960396039604	24	0.2376237623762376	0	0	1	1	1	0	0	2998417670	0	0	0
4515.0	1543	0.34174972314507196	22	0.0048726467331118494	5943	1.3162790697674418	1200	0.26578073089701	2771	0.6137320044296789	6	14	149	0.4444444444444444	1	0.16666666666666666	5	0.8333333333333334	0	0.0	0	0.0	2	0.14285714285714285	12	0.8571428571428571	0	0.0	0	0.0	14	0.09395973154362416	111	0.7449664429530202	0	0.0	24	0.1610738255033557	1	0	1	1	0	1	0	211646733	0	0	0
4119.0	77	0.018693857732459334	0	0.0	1157	0.2808934207331877	30	0.007283321194464676	260	0.06312211701869386	4	7	50	0.5714285714285714	1	0.25	3	0.75	0	0.0	0	0.0	1	0.14285714285714285	6	0.8571428571428571	0	0.0	0	0.0	2	0.04	37	0.74	0	0.0	11	0.22	0	0	1	1	0	1	0	428161313	1	0	0
5090.0	7813	1.5349705304518664	31	0.006090373280943025	20112	3.9512770137524558	1527	0.3	1607	0.3157170923379175	15	14	50	0.9	2	0.13333333333333333	12	0.8	0	0.0	1	0.06666666666666667	0	0.0	14	1.0	0	0.0	0	0.0	5	0.1	36	0.72	0	0.0	9	0.18	1	0	1	1	0	1	0	29341989	0	0	0
4213.0	17364	4.121528601946356	4	0.0009494422027059103	19805	4.700925706147638	507	0.12034179919297412	261	0.061951103726560645	2	10	11	0.0	2	1.0	0	0.0	0	0.0	0	0.0	0	0.0	9	0.9	0	0.0	1	0.1	2	0.18181818181818182	4	0.36363636363636365	2	0.18181818181818182	3	0.2727272727272727	0	0	1	1	0	1	0	366147882	0	0	0
4405.0	3824	0.8681044267877412	1	0.00022701475595913735	1466	0.3328036322360953	222	0.05039727582292849	260	0.05902383654937571	13	10	41	0.8181818181818182	2	0.15384615384615385	8	0.6153846153846154	0	0.0	3	0.23076923076923078	2	0.2	8	0.8	0	0.0	0	0.0	6	0.14634146341463414	22	0.5365853658536586	0	0.0	13	0.3170731707317073	0	0	1	1	0	0	0	255310143	0	0	0
3566.0	3579	1.0036455412226584	20	0.005608524957936063	20143	5.648625911385306	1915	0.5370162647223781	192	0.0538418395961862	18	9	158	0.058823529411764705	3	0.16666666666666666	13	0.7222222222222222	0	0.0	2	0.1111111111111111	5	0.5555555555555556	0	0.0	4	0.4444444444444444	0	0.0	12	0.0759493670886076	122	0.7721518987341772	0	0.0	24	0.1518987341772152	0	0	1	1	0	1	0	1495120194	0	0	0
3207.0	1037	0.32335516058621766	0	0.0	1460	0.4552541315871531	174	0.05425631431244153	166	0.05176177112566261	4	15	53	0.2727272727272727	1	0.25	3	0.75	0	0.0	0	0.0	2	0.13333333333333333	11	0.7333333333333333	1	0.06666666666666667	1	0.06666666666666667	3	0.05660377358490566	33	0.6226415094339622	3	0.05660377358490566	14	0.2641509433962264	0	0	0	1	1	0	0	2580511047	0	0	0
2851.0	1810	0.634864959663276	0	0.0	2454	0.8607506138197124	446	0.156436338126973	376	0.13188354963170817	7	14	0	0.7777777777777778	0	0.0	7	1.0	0	0.0	0	0.0	0	0.0	14	1.0	0	0.0	0	0.0	0	0	0	0	0	0	0	0	1	0	0	1	1	0	0	3297753431	0	0	0
3997.0	333	0.08331248436327246	1290	0.3227420565424068	164228	41.08781586189642	9592	2.3997998498874153	10820	2.7070302727045283	12	12	60	0.875	2	0.16666666666666666	9	0.75	0	0.0	1	0.08333333333333333	3	0.25	9	0.75	0	0.0	0	0.0	7	0.11666666666666667	33	0.55	5	0.08333333333333333	15	0.25	0	0	1	1	1	1	0	544799064	0	0	1
2863.0	738	0.25777156828501574	5	0.0017464198393293748	1208	0.42193503318197695	37	0.012923506811037374	186	0.06496681802305274	15	15	0	0.8461538461538461	2	0.13333333333333333	12	0.8	0	0.0	1	0.06666666666666667	0	0.0	15	1.0	0	0.0	0	0.0	0	0	0	0	0	0	0	0	0	0	0	1	1	0	0	3251632475	1	0	1
3253.0	47992	14.753150937596065	7	0.002151859821703043	45000	13.833384568090993	734	0.22563787273286198	229	0.07039655702428528	3	12	14	0.08333333333333333	0	0.0	1	0.3333333333333333	0	0.0	2	0.6666666666666666	0	0.0	12	1.0	0	0.0	0	0.0	0	0.0	10	0.7142857142857143	1	0.07142857142857142	3	0.21428571428571427	1	0	0	0	0	1	0	2451028326	0	0	0
4975.0	148	0.029748743718592964	710	0.14271356783919598	28900	5.809045226130653	79638	16.007638190954776	107	0.02150753768844221	17	10	68	0.6363636363636364	3	0.17647058823529413	10	0.5882352941176471	0	0.0	4	0.23529411764705882	2	0.2	8	0.8	0	0.0	0	0.0	7	0.10294117647058823	50	0.7352941176470589	0	0.0	11	0.16176470588235295	0	0	0	1	0	1	1	61766010	1	0	0
2691.0	0	0.0	162	0.06020066889632107	2332	0.8665923448532145	72	0.026755852842809364	14	0.005202526941657376	9	10	131	0.7	2	0.2222222222222222	6	0.6666666666666666	0	0.0	1	0.1111111111111111	0	0.0	10	1.0	0	0.0	0	0.0	14	0.10687022900763359	90	0.6870229007633588	0	0.0	27	0.20610687022900764	0	0	1	1	1	1	0	4087003520	0	0	0
2876.0	51831	18.021905424200277	5	0.0017385257301808068	55733	19.37865090403338	299	0.10396383866481224	247	0.08588317107093185	17	11	21	0.2777777777777778	3	0.17647058823529413	11	0.6470588235294118	0	0.0	3	0.17647058823529413	0	0.0	10	0.9090909090909091	1	0.09090909090909091	0	0.0	1	0.047619047619047616	17	0.8095238095238095	0	0.0	3	0.14285714285714285	0	0	0	1	1	0	0	3225319816	0	0	0
3287.0	1	0.000304228780042592	11	0.003346516580468512	14388	4.377243687252814	53	0.016124125342257378	75	0.022817158503194403	8	7	122	0.875	3	0.375	4	0.5	0	0.0	1	0.125	3	0.42857142857142855	4	0.5714285714285714	0	0.0	0	0.0	20	0.16393442622950818	69	0.5655737704918032	3	0.02459016393442623	30	0.2459016393442623	0	0	1	1	0	1	0	2391701899	1	0	1
4629.0	2129	0.45992655001080146	3	0.0006480881399870382	51510	11.127673363577447	1040	0.22467055519550658	786	0.169799092676604	5	7	3	0.2222222222222222	1	0.2	4	0.8	0	0.0	0	0.0	0	0.0	6	0.8571428571428571	0	0.0	1	0.14285714285714285	3	1.0	0	0.0	0	0.0	0	0.0	1	0	0	1	0	0	0	165624209	0	0	0
3076.0	574	0.18660598179453836	74	0.024057217165149546	6720	2.184655396618986	412	0.13394018205461639	577	0.1875812743823147	19	13	66	0.7857142857142857	3	0.15789473684210525	14	0.7368421052631579	0	0.0	2	0.10526315789473684	0	0.0	13	1.0	0	0.0	0	0.0	7	0.10606060606060606	47	0.7121212121212122	0	0.0	12	0.18181818181818182	1	0	1	1	0	1	0	2853501332	1	0	0
4865.0	0	0.0	2	0.00041109969167523125	3	0.0006166495375128469	2801	0.5757451181911614	6	0.0012332990750256938	13	15	82	0.9166666666666666	3	0.23076923076923078	9	0.6923076923076923	0	0.0	1	0.07692307692307693	0	0.0	15	1.0	0	0.0	0	0.0	4	0.04878048780487805	63	0.7682926829268293	0	0.0	15	0.18292682926829268	0	0	0	1	1	1	0	90880405	1	0	1
4842.0	20	0.004130524576621231	32	0.00660883932259397	2031	0.419454770755886	232	0.04791408508880628	403	0.0832300702189178	10	10	40	0.45454545454545453	2	0.2	7	0.7	0	0.0	1	0.1	0	0.0	10	1.0	0	0.0	0	0.0	4	0.1	30	0.75	0	0.0	6	0.15	0	0	1	1	1	1	0	96139671	0	0	0
5095.0	87	0.017075564278704613	97	0.01903827281648675	8531	1.6743866535819432	2107	0.4135426889106968	189	0.03709519136408243	20	8	160	0.3333333333333333	6	0.3	11	0.55	0	0.0	3	0.15	7	0.875	0	0.0	0	0.0	1	0.125	10	0.0625	122	0.7625	0	0.0	28	0.175	0	0	0	1	1	1	0	28408224	0	0	0
2997.0	59	0.019686353019686353	0	0.0	699	0.23323323323323322	30	0.01001001001001001	133	0.04437771104437771	11	15	35	0.14285714285714285	2	0.18181818181818182	8	0.7272727272727273	0	0.0	1	0.09090909090909091	0	0.0	4	0.26666666666666666	11	0.7333333333333333	0	0.0	4	0.11428571428571428	26	0.7428571428571429	0	0.0	5	0.14285714285714285	0	0	1	1	1	0	0	2951281068	1	0	1
3856.0	1767	0.45824688796680496	2	0.0005186721991701245	4442	1.1519709543568464	154	0.03993775933609958	211	0.05471991701244813	13	13	5	1.0	2	0.15384615384615385	11	0.8461538461538461	0	0.0	0	0.0	2	0.15384615384615385	11	0.8461538461538461	0	0.0	0	0.0	4	0.8	0	0.0	0	0.0	1	0.2	1	0	1	1	1	0	0	776337842	0	0	0
4535.0	1430	0.3153252480705623	0	0.0	16597	3.659757442116869	314	0.06923925027563396	312	0.06879823594266814	13	12	14	0.2727272727272727	1	0.07692307692307693	12	0.9230769230769231	0	0.0	0	0.0	0	0.0	12	1.0	0	0.0	0	0.0	1	0.07142857142857142	10	0.7142857142857143	0	0.0	3	0.21428571428571427	1	0	0	1	0	0	0	202602943	0	0	0
4394.0	1080	0.24578971324533455	2	0.0004551661356395084	56792	12.924897587619482	748	0.17023213472917614	664	0.1511151570323168	14	8	24	0.35714285714285715	2	0.14285714285714285	10	0.7142857142857143	0	0.0	2	0.14285714285714285	1	0.125	6	0.75	0	0.0	1	0.125	3	0.125	13	0.5416666666666666	0	0.0	8	0.3333333333333333	1	0	0	1	0	0	0	260848068	0	0	0
4083.0	23231	5.689688954200343	4	0.0009796718099436689	18540	4.5407788390889054	876	0.2145481263776635	591	0.14474650991917706	13	12	22	0.4166666666666667	0	0.0	12	0.9230769230769231	0	0.0	1	0.07692307692307693	0	0.0	8	0.6666666666666666	3	0.25	1	0.08333333333333333	0	0.0	17	0.7727272727272727	0	0.0	5	0.22727272727272727	1	0	0	1	0	1	0	459585992	0	0	0
2700.0	407	0.15074074074074073	0	0.0	951	0.3522222222222222	133	0.04925925925925926	146	0.05407407407407407	9	11	0	0.0625	1	0.1111111111111111	8	0.8888888888888888	0	0.0	0	0.0	0	0.0	9	0.8181818181818182	2	0.18181818181818182	0	0.0	0	0	0	0	0	0	0	0	0	0	0	1	1	0	0	4027111173	0	0	0
4351.0	1316	0.30245920478051025	357	0.08205010342450011	28194	6.479889680533211	3043	0.6993794529993105	1094	0.2514364513904849	11	11	120	0.3333333333333333	2	0.18181818181818182	4	0.36363636363636365	0	0.0	5	0.45454545454545453	0	0.0	11	1.0	0	0.0	0	0.0	4	0.03333333333333333	99	0.825	0	0.0	17	0.14166666666666666	0	0	1	1	0	1	0	283113965	1	0	0
3574.0	7641	2.1379406827084497	17	0.004756575265808618	10579	2.959988808058198	812	0.22719641857862338	787	0.22020145495243423	12	10	46	0.3076923076923077	2	0.16666666666666666	9	0.75	0	0.0	1	0.08333333333333333	0	0.0	7	0.7	3	0.3	0	0.0	1	0.021739130434782608	35	0.7608695652173914	0	0.0	10	0.21739130434782608	1	0	1	1	1	0	0	1475262986	0	0	0
3281.0	92	0.02804023163669613	0	0.0	3815	1.162755257543432	177	0.053946967387991464	309	0.0941786040841207	15	10	0	0.1875	1	0.06666666666666667	12	0.8	0	0.0	2	0.13333333333333333	0	0.0	8	0.8	2	0.2	0	0.0	0	0	0	0	0	0	0	0	0	0	0	1	0	0	0	2401319456	1	0	1
5517.0	74391	13.483958673191951	133	0.02410730469458039	69606	12.616639477977161	2016	0.36541598694942906	1596	0.28928765633496467	6	3	21	0.0	0	0.0	0	0.0	0	0.0	6	1.0	0	0.0	2	0.6666666666666666	1	0.3333333333333333	0	0.0	2	0.09523809523809523	11	0.5238095238095238	0	0.0	8	0.38095238095238093	1	0	1	1	0	1	0	13089332	0	0	0
4079.0	2086	0.5113998529051238	1	0.00024515812699190976	8597	2.1076244177494483	2052	0.5030644765873988	352	0.08629566070115224	1	7	0	0.0	0	0.0	0	0.0	0	0.0	1	1.0	0	0.0	6	0.8571428571428571	0	0.0	1	0.14285714285714285	0	0	0	0	0	0	0	0	1	0	1	1	1	0	0	463256144	1	0	0
4873.0	910	0.18674327929406936	4	0.0008208495793145906	1790	0.3673301867432793	84	0.017237841165606404	84	0.017237841165606404	4	7	40	0.375	0	0.0	4	1.0	0	0.0	0	0.0	0	0.0	7	1.0	0	0.0	0	0.0	5	0.125	29	0.725	0	0.0	6	0.15	1	0	1	1	1	0	0	88930901	0	0	0
4803.0	0	0.0	20	0.00416406412658755	1692	0.35227982510930667	702	0.146158650843223	483	0.10056214865708932	13	9	165	0.6	3	0.23076923076923078	8	0.6153846153846154	0	0.0	2	0.15384615384615385	0	0.0	8	0.8888888888888888	1	0.1111111111111111	0	0.0	14	0.08484848484848485	98	0.593939393939394	11	0.06666666666666667	42	0.2545454545454545	0	0	1	1	0	1	0	106281577	1	0	1
4113.0	191	0.046438123024556285	1	0.00024313153415998054	3139	0.7631898857281789	227	0.055190858254315585	0	0.0	14	11	7	0.46153846153846156	2	0.14285714285714285	10	0.7142857142857143	0	0.0	2	0.14285714285714285	6	0.5454545454545454	4	0.36363636363636365	0	0.0	1	0.09090909090909091	0	0.0	3	0.42857142857142855	2	0.2857142857142857	2	0.2857142857142857	0	0	0	1	1	0	0	433617525	0	0	0
3882.0	13845	3.5664605873261204	17	0.004379185986604843	72448	18.662545079855743	1915	0.4933024214322514	1774	0.4569809376609995	23	14	158	0.22727272727272727	2	0.08695652173913043	7	0.30434782608695654	0	0.0	14	0.6086956521739131	2	0.14285714285714285	12	0.8571428571428571	0	0.0	0	0.0	4	0.02531645569620253	115	0.7278481012658228	0	0.0	39	0.2468354430379747	0	0	1	1	1	0	0	722942581	0	0	0
5072.0	454	0.08951104100946372	1867	0.3680993690851735	22898	4.514589905362776	71794	14.154968454258675	4792	0.944794952681388	9	8	156	0.4444444444444444	2	0.2222222222222222	6	0.6666666666666666	0	0.0	1	0.1111111111111111	3	0.375	5	0.625	0	0.0	0	0.0	12	0.07692307692307693	120	0.7692307692307693	0	0.0	24	0.15384615384615385	0	0	1	1	0	1	1	35289761	1	0	0
4256.0	5794	1.3613721804511278	17	0.003994360902255639	6247	1.4678101503759398	278	0.06531954887218046	1327	0.3117951127819549	14	14	14	0.8333333333333334	2	0.14285714285714285	11	0.7857142857142857	0	0.0	1	0.07142857142857142	2	0.14285714285714285	11	0.7857142857142857	1	0.07142857142857142	0	0.0	2	0.14285714285714285	11	0.7857142857142857	0	0.0	1	0.07142857142857142	0	0	1	1	0	0	0	339360417	1	0	0
4253.0	60	0.014107688690336233	2	0.00047025628967787447	4186	0.9842464142957912	91	0.021396661180343286	210	0.04937691041617682	18	13	24	0.6	3	0.16666666666666666	13	0.7222222222222222	0	0.0	2	0.1111111111111111	2	0.15384615384615385	10	0.7692307692307693	0	0.0	1	0.07692307692307693	5	0.20833333333333334	11	0.4583333333333333	2	0.08333333333333333	6	0.25	1	0	1	1	0	1	0	341146276	0	0	0
5135.0	4026	0.784031158714703	47	0.009152872444011684	17437	3.3957156767283347	1199	0.2334956183057449	1188	0.23135345666991236	9	13	160	0.6666666666666666	2	0.2222222222222222	6	0.6666666666666666	0	0.0	1	0.1111111111111111	3	0.23076923076923078	10	0.7692307692307693	0	0.0	0	0.0	6	0.0375	117	0.73125	0	0.0	37	0.23125	1	0	1	1	0	1	0	21527205	0	0	0
3468.0	25108	7.239907727797001	26	0.007497116493656286	9910	2.8575547866205304	76	0.02191464821222607	0	0.0	14	13	156	0.75	2	0.14285714285714285	10	0.7142857142857143	0	0.0	2	0.14285714285714285	2	0.15384615384615385	10	0.7692307692307693	0	0.0	1	0.07692307692307693	22	0.14102564102564102	82	0.5256410256410257	3	0.019230769230769232	49	0.3141025641025641	1	0	1	1	0	1	0	1866103464	0	0	1
4403.0	24283	5.51510333863275	8	0.0018169429934135816	9253	2.101521689756984	296	0.06722689075630252	491	0.11151487622075858	13	13	143	1.0	1	0.07692307692307693	12	0.9230769230769231	0	0.0	0	0.0	1	0.07692307692307693	12	0.9230769230769231	0	0.0	0	0.0	4	0.027972027972027972	108	0.7552447552447552	0	0.0	31	0.21678321678321677	1	0	1	1	0	0	0	256342733	1	0	0
5369.0	17	0.003166325200223505	24	0.004470106165021419	1411	0.2628049916185509	108	0.020115477742596387	93	0.017321661389458	8	8	153	1.0	0	0.0	8	1.0	0	0.0	0	0.0	0	0.0	8	1.0	0	0.0	0	0.0	9	0.058823529411764705	119	0.7777777777777778	0	0.0	25	0.16339869281045752	0	0	1	1	1	1	0	15301343	1	0	1
4237.0	89999	21.24120840217135	60	0.014160962945480292	411628	97.15081425536937	10960	2.586735898041067	9093	2.1460939343875385	14	12	82	0.45454545454545453	2	0.14285714285714285	9	0.6428571428571429	0	0.0	3	0.21428571428571427	0	0.0	12	1.0	0	0.0	0	0.0	2	0.024390243902439025	64	0.7804878048780488	0	0.0	16	0.1951219512195122	1	0	1	1	1	1	0	351222498	0	0	0
4401.0	494	0.11224721654169507	0	0.0	17996	4.089070665757783	637	0.14473983185639627	581	0.13201545103385595	9	14	50	0.3076923076923077	2	0.2222222222222222	6	0.6666666666666666	0	0.0	1	0.1111111111111111	0	0.0	8	0.5714285714285714	0	0.0	6	0.42857142857142855	0	0.0	39	0.78	0	0.0	11	0.22	1	0	1	1	0	0	0	257640074	0	0	0
4351.0	16	0.0036773155596414617	3	0.000689496667432774	5579	1.2822339692024822	47	0.010802114456446793	40	0.009193288899103653	14	13	34	0.8888888888888888	3	0.21428571428571427	10	0.7142857142857143	0	0.0	1	0.07142857142857142	3	0.23076923076923078	10	0.7692307692307693	0	0.0	0	0.0	4	0.11764705882352941	26	0.7647058823529411	0	0.0	4	0.11764705882352941	0	0	1	1	1	1	0	282966767	1	0	1
3023.0	3006	0.9943764472378432	5	0.0016539861065167053	6700	2.2163413827323852	85	0.02811776381078399	1242	0.4108501488587496	19	13	0	0.21052631578947367	18	0.9473684210526315	0	0.0	0	0.0	1	0.05263157894736842	0	0.0	9	0.6923076923076923	4	0.3076923076923077	0	0.0	0	0	0	0	0	0	0	0	1	0	1	1	1	0	0	2918873840	1	0	0
5456.0	18070	3.311950146627566	175	0.032074780058651026	10781	1.9759897360703813	8239	1.5100806451612903	8825	1.6174853372434017	15	6	7	0.5	2	0.13333333333333333	12	0.8	0	0.0	1	0.06666666666666667	0	0.0	6	1.0	0	0.0	0	0.0	1	0.14285714285714285	6	0.8571428571428571	0	0.0	0	0.0	1	0	1	0	0	1	1	14318328	0	0	0
3107.0	1870	0.6018667524943676	5	0.0016092693916961698	11095	3.5709687801738013	442	0.14225941422594143	386	0.12423559703894432	14	13	64	0.25	2	0.14285714285714285	7	0.5	0	0.0	5	0.35714285714285715	2	0.15384615384615385	8	0.6153846153846154	2	0.15384615384615385	1	0.07692307692307693	3	0.046875	47	0.734375	0	0.0	14	0.21875	1	0	1	0	0	1	0	2767502085	0	0	0
3296.0	1611	0.4887742718446602	13	0.003944174757281553	8961	2.71875	149	0.04520631067961165	197	0.05976941747572816	5	9	35	0.625	1	0.2	4	0.8	0	0.0	0	0.0	1	0.1111111111111111	8	0.8888888888888888	0	0.0	0	0.0	2	0.05714285714285714	22	0.6285714285714286	0	0.0	11	0.3142857142857143	0	0	1	1	1	0	0	2375973638	0	0	0
3555.0	20088	5.650632911392405	0	0.0	8347	2.347960618846695	36	0.010126582278481013	243	0.06835443037974684	10	9	0	0.08333333333333333	1	0.1	3	0.3	0	0.0	6	0.6	1	0.1111111111111111	7	0.7777777777777778	0	0.0	1	0.1111111111111111	0	0	0	0	0	0	0	0	1	0	1	1	1	0	0	1532869387	0	0	0
3317.0	38	0.011456135061802835	0	0.0	26279	7.922520349713596	69	0.0208019294543262	51	0.015375339161893277	16	12	128	0.3333333333333333	1	0.0625	10	0.625	0	0.0	5	0.3125	1	0.08333333333333333	10	0.8333333333333334	0	0.0	1	0.08333333333333333	11	0.0859375	86	0.671875	1	0.0078125	30	0.234375	0	0	1	1	0	1	0	2342739973	1	0	1
3200.0	0	0.0	4	0.00125	2404	0.75125	5	0.0015625	5	0.0015625	14	14	0	1.0	2	0.14285714285714285	12	0.8571428571428571	0	0.0	0	0.0	2	0.14285714285714285	12	0.8571428571428571	0	0.0	0	0.0	0	0	0	0	0	0	0	0	0	0	0	1	1	0	0	2559048510	1	0	0
4059.0	1341	0.3303769401330377	1	0.0002463661000246366	9210	2.269031781226903	274	0.06750431140675044	239	0.05888149790588815	6	15	59	0.125	6	1.0	0	0.0	0	0.0	0	0.0	3	0.2	10	0.6666666666666666	2	0.13333333333333333	0	0.0	12	0.2033898305084746	33	0.559322033898305	0	0.0	14	0.23728813559322035	1	0	1	1	0	0	0	481016648	0	0	0
4463.0	5504	1.2332511763387857	5	0.001120322652924042	9583	2.147210396594219	219	0.049070132198073046	1963	0.43983867353797895	13	11	16	0.125	2	0.15384615384615385	10	0.7692307692307693	0	0.0	1	0.07692307692307693	0	0.0	7	0.6363636363636364	4	0.36363636363636365	0	0.0	2	0.125	10	0.625	0	0.0	4	0.25	0	0	1	1	1	0	0	230488919	0	0	0
5055.0	31	0.006132542037586548	0	0.0	632	0.12502472799208705	234	0.04629080118694362	1244	0.24609297725024729	17	11	66	0.25	3	0.17647058823529413	12	0.7058823529411765	0	0.0	2	0.11764705882352941	2	0.18181818181818182	8	0.7272727272727273	0	0.0	1	0.09090909090909091	5	0.07575757575757576	42	0.6363636363636364	1	0.015151515151515152	18	0.2727272727272727	0	0	1	1	0	0	0	39566167	0	0	1
3282.0	245	0.07464960390006094	4	0.001218769043266301	291	0.0886654478976234	18	0.005484460694698354	0	0.0	18	15	158	0.8461538461538461	3	0.16666666666666666	13	0.7222222222222222	0	0.0	2	0.1111111111111111	3	0.2	12	0.8	0	0.0	0	0.0	7	0.04430379746835443	122	0.7721518987341772	0	0.0	29	0.18354430379746836	0	0	1	1	1	1	0	2399877985	1	0	1
2664.0	3361	1.2616366366366367	2	0.0007507507507507507	3477	1.3051801801801801	204	0.07657657657657657	2787	1.0461711711711712	11	9	2	0.4	1	0.09090909090909091	9	0.8181818181818182	0	0.0	1	0.09090909090909091	0	0.0	9	1.0	0	0.0	0	0.0	0	0.0	0	0.0	2	1.0	0	0.0	0	0	0	1	1	0	0	4302224242	1	0	1
3710.0	4	0.001078167115902965	0	0.0	8756	2.36010781671159	197	0.05309973045822102	3	0.0008086253369272237	12	11	84	0.9	4	0.3333333333333333	7	0.5833333333333334	0	0.0	1	0.08333333333333333	4	0.36363636363636365	7	0.6363636363636364	0	0.0	0	0.0	4	0.047619047619047616	66	0.7857142857142857	0	0.0	14	0.16666666666666666	0	0	1	1	0	1	0	1095760777	1	0	1
3573.0	21	0.005877413937867338	24	0.006717044500419815	1109	0.31038343129023227	24	0.006717044500419815	35	0.009795689896445563	50	11	131	0.5	6	0.12	39	0.78	0	0.0	5	0.1	2	0.18181818181818182	9	0.8181818181818182	0	0.0	0	0.0	7	0.05343511450381679	97	0.7404580152671756	0	0.0	27	0.20610687022900764	0	0	1	1	0	1	0	1477753758	1	0	1
4049.0	19848	4.9019510990368	237	0.05853297110397629	14281	3.527043714497407	32175	7.946406520128427	677	0.16720177821684368	12	11	156	0.5833333333333334	1	0.08333333333333333	7	0.5833333333333334	0	0.0	4	0.3333333333333333	2	0.18181818181818182	9	0.8181818181818182	0	0.0	0	0.0	17	0.10897435897435898	100	0.6410256410256411	2	0.01282051282051282	37	0.23717948717948717	1	0	1	0	0	1	0	490535839	0	0	0
3249.0	406	0.12496152662357649	0	0.0	5271	1.6223453370267775	231	0.07109879963065559	68	0.020929516774392122	17	9	15	0.35714285714285715	2	0.11764705882352941	12	0.7058823529411765	0	0.0	3	0.17647058823529413	1	0.1111111111111111	8	0.8888888888888888	0	0.0	0	0.0	2	0.13333333333333333	9	0.6	0	0.0	4	0.26666666666666666	1	0	0	1	1	0	0	2458401698	0	0	0
2892.0	258	0.08921161825726141	124	0.042876901798063624	117816	40.738589211618255	319	0.1103042876901798	1657	0.5729598893499308	7	6	84	0.0	6	0.8571428571428571	0	0.0	0	0.0	1	0.14285714285714285	0	0.0	5	0.8333333333333334	1	0.16666666666666666	0	0.0	6	0.07142857142857142	56	0.6666666666666666	1	0.011904761904761904	21	0.25	0	0	0	1	1	1	0	3167484837	1	0	1
5117.0	20142	3.9362907953879227	40	0.007817080320500294	12061	2.357045143638851	352	0.06879030682040257	1227	0.2397889388313465	13	9	141	0.4	2	0.15384615384615385	10	0.7692307692307693	0	0.0	1	0.07692307692307693	0	0.0	7	0.7777777777777778	2	0.2222222222222222	0	0.0	16	0.11347517730496454	96	0.6808510638297872	2	0.014184397163120567	27	0.19148936170212766	1	0	1	1	1	0	0	23827203	0	0	0
4218.0	19	0.0045045045045045045	4	0.000948316737790422	12410	2.942152678994784	393	0.09317211948790896	0	0.0	12	10	0	0.13333333333333333	0	0.0	11	0.9166666666666666	0	0.0	1	0.08333333333333333	0	0.0	10	1.0	0	0.0	0	0.0	0	0	0	0	0	0	0	0	1	0	1	1	0	1	0	363068363	1	0	1
5223.0	96	0.018380241240666284	3	0.0005743825387708214	6301	1.2063947922649818	48	0.009190120620333142	358	0.06854298295998468	16	12	28	0.46153846153846156	2	0.125	13	0.8125	0	0.0	1	0.0625	2	0.16666666666666666	10	0.8333333333333334	0	0.0	0	0.0	3	0.10714285714285714	21	0.75	0	0.0	4	0.14285714285714285	0	0	0	1	0	0	0	17611734	1	0	0
4661.0	388	0.08324393906886934	43	0.009225488092683974	8835	1.8955159836944862	804	0.17249517270971895	1759	0.3773868268611886	11	9	117	0.8888888888888888	9	0.8181818181818182	0	0.0	0	0.0	2	0.18181818181818182	9	1.0	0	0.0	0	0.0	0	0.0	7	0.05982905982905983	83	0.7094017094017094	1	0.008547008547008548	26	0.2222222222222222	1	0	1	1	0	1	0	154155992	1	0	0
4416.0	0	0.0	4	0.0009057971014492754	8146	1.8446557971014492	26	0.00588768115942029	32	0.007246376811594203	19	14	101	0.3333333333333333	3	0.15789473684210525	12	0.631578947368421	0	0.0	4	0.21052631578947367	3	0.21428571428571427	11	0.7857142857142857	0	0.0	0	0.0	11	0.10891089108910891	72	0.7128712871287128	0	0.0	18	0.1782178217821782	0	0	1	1	0	1	0	250231768	1	0	1
2834.0	499	0.17607621736062104	23	0.008115737473535639	7595	2.6799576570218773	111	0.03916725476358504	479	0.16901905434015527	9	11	0	0.3333333333333333	0	0.0	9	1.0	0	0.0	0	0.0	0	0.0	8	0.7272727272727273	3	0.2727272727272727	0	0.0	0	0	0	0	0	0	0	0	0	0	0	1	1	0	0	3318512601	0	0	0
4984.0	158	0.03170144462279294	1	0.00020064205457463884	3788	0.7600321027287319	45	0.009028892455858748	74	0.014847512038523275	14	7	0	0.46153846153846156	3	0.21428571428571427	10	0.7142857142857143	0	0.0	1	0.07142857142857142	0	0.0	7	1.0	0	0.0	0	0.0	0	0	0	0	0	0	0	0	0	0	0	1	1	0	0	58997732	1	0	0
4782.0	62	0.012965286491007947	4	0.000836470096194061	1504	0.31451275616896696	273	0.05708908406524467	134	0.028021748222501044	18	10	68	0.6363636363636364	4	0.2222222222222222	11	0.6111111111111112	0	0.0	3	0.16666666666666666	3	0.3	7	0.7	0	0.0	0	0.0	5	0.07352941176470588	51	0.75	0	0.0	12	0.17647058823529413	1	0	1	1	0	1	0	112802789	1	0	1
4428.0	4904	1.1074977416440832	0	0.0	18416	4.158988256549232	125	0.028229448961156277	185	0.041779584462511295	6	6	54	0.375	0	0.0	6	1.0	0	0.0	0	0.0	0	0.0	5	0.8333333333333334	0	0.0	1	0.16666666666666666	1	0.018518518518518517	46	0.8518518518518519	0	0.0	7	0.12962962962962962	0	0	1	1	0	0	0	244530155	0	0	0
3380.0	0	0.0	10	0.0029585798816568047	4048	1.1976331360946746	192	0.05680473372781065	141	0.04171597633136095	10	10	0	0.0	0	0.0	0	0.0	0	0.0	10	1.0	2	0.2	5	0.5	2	0.2	1	0.1	0	0	0	0	0	0	0	0	0	0	0	1	1	0	0	2242313196	1	0	1
3395.0	0	0.0	10	0.0029455081001472753	4528	1.3337260677466862	1241	0.36553755522827686	1705	0.5022091310751104	14	13	33	0.9	2	0.14285714285714285	11	0.7857142857142857	0	0.0	1	0.07142857142857142	0	0.0	13	1.0	0	0.0	0	0.0	0	0.0	28	0.8484848484848485	0	0.0	5	0.15151515151515152	0	0	1	1	0	0	0	2218376174	0	0	1
2961.0	403	0.13610266801756163	12	0.004052684903748734	6138	2.072948328267477	1275	0.43059777102330293	77	0.026004728132387706	13	12	66	0.8181818181818182	6	0.46153846153846156	5	0.38461538461538464	0	0.0	2	0.15384615384615385	11	0.9166666666666666	0	0.0	0	0.0	1	0.08333333333333333	10	0.15151515151515152	43	0.6515151515151515	0	0.0	13	0.19696969696969696	1	0	0	1	1	1	0	3018439679	1	0	1
2687.0	1	0.0003721622627465575	0	0.0	421	0.15668031261630072	3	0.0011164867882396724	3	0.0011164867882396724	12	15	0	0.3888888888888889	2	0.16666666666666666	9	0.75	0	0.0	1	0.08333333333333333	2	0.13333333333333333	5	0.3333333333333333	8	0.5333333333333333	0	0.0	0	0	0	0	0	0	0	0	0	0	0	1	1	0	0	4138138633	0	0	0
3150.0	80	0.025396825396825397	8	0.0025396825396825397	330	0.10476190476190476	370	0.11746031746031746	811	0.25746031746031744	10	12	115	0.6363636363636364	2	0.2	7	0.7	0	0.0	1	0.1	0	0.0	9	0.75	3	0.25	0	0.0	1	0.008695652173913044	90	0.782608695652174	0	0.0	24	0.20869565217391303	0	0	1	1	1	1	0	2693708832	0	0	0
4510.0	81553	18.08270509977827	9	0.0019955654101995565	21642	4.798669623059867	736	0.1631929046563193	1422	0.31529933481152994	17	6	11	0.14285714285714285	2	0.11764705882352941	14	0.8235294117647058	0	0.0	1	0.058823529411764705	0	0.0	4	0.6666666666666666	0	0.0	2	0.3333333333333333	1	0.09090909090909091	7	0.6363636363636364	0	0.0	3	0.2727272727272727	1	0	1	1	1	0	0	213335073	0	0	0
3313.0	0	0.0	10	0.003018412315122246	3793	1.1448837911258678	74	0.022336251131904617	0	0.0	14	12	154	0.9230769230769231	8	0.5714285714285714	2	0.14285714285714285	2	0.14285714285714285	2	0.14285714285714285	8	0.6666666666666666	2	0.16666666666666666	2	0.16666666666666666	0	0.0	13	0.08441558441558442	103	0.6688311688311688	6	0.03896103896103896	32	0.2077922077922078	0	0	1	1	0	1	0	2348612642	1	0	0
4176.0	1	0.00023946360153256704	0	0.0	239	0.05723180076628352	10	0.0023946360153256703	12	0.0028735632183908046	20	10	0	0.7272727272727273	2	0.1	17	0.85	0	0.0	1	0.05	2	0.2	8	0.8	0	0.0	0	0.0	0	0	0	0	0	0	0	0	0	0	0	1	1	0	0	387038254	1	0	0
3843.0	8106	2.109289617486339	1	0.00026021337496747333	3994	1.0392922196200884	295	0.07676294561540463	276	0.07181889149102264	14	9	32	0.125	0	0.0	13	0.9285714285714286	0	0.0	1	0.07142857142857142	0	0.0	9	1.0	0	0.0	0	0.0	0	0.0	27	0.84375	0	0.0	5	0.15625	1	0	1	1	0	0	0	805436466	0	0	0
3790.0	8072	2.129815303430079	59	0.015567282321899736	5307	1.400263852242744	2526	0.666490765171504	2852	0.7525065963060686	14	12	156	0.6666666666666666	2	0.14285714285714285	11	0.7857142857142857	0	0.0	1	0.07142857142857142	0	0.0	12	1.0	0	0.0	0	0.0	19	0.12179487179487179	107	0.6858974358974359	0	0.0	30	0.19230769230769232	1	0	1	1	1	0	0	910031928	0	0	0
3879.0	6264	1.6148491879350348	2	0.0005155968032998196	9690	2.4980665119876257	700	0.18045888115493683	601	0.15493683939159578	4	13	0	0.2727272727272727	1	0.25	2	0.5	0	0.0	1	0.25	0	0.0	13	1.0	0	0.0	0	0.0	0	0	0	0	0	0	0	0	1	0	1	1	0	0	0	727448640	0	0	0
3357.0	26128	7.783139708072684	1	0.0002978850163836759	4149	1.2359249329758712	583	0.17366696455168304	442	0.13166517724158475	6	14	22	0.5	0	0.0	6	1.0	0	0.0	0	0.0	0	0.0	11	0.7857142857142857	2	0.14285714285714285	1	0.07142857142857142	0	0.0	20	0.9090909090909091	0	0.0	2	0.09090909090909091	1	0	1	1	1	0	0	2261482576	0	0	0
3330.0	73	0.02192192192192192	4	0.0012012012012012011	34961	10.498798798798799	985	0.2957957957957958	266	0.07987987987987988	3	12	110	0.2	2	0.6666666666666666	1	0.3333333333333333	0	0.0	0	0.0	2	0.16666666666666666	9	0.75	0	0.0	1	0.08333333333333333	2	0.01818181818181818	76	0.6909090909090909	12	0.10909090909090909	20	0.18181818181818182	1	0	1	0	0	1	0	2320645218	0	0	0
3769.0	0	0.0	0	0.0	3983	1.0567789864685593	2	0.0005306447333510214	0	0.0	10	15	0	0.4	2	0.2	8	0.8	0	0.0	0	0.0	0	0.0	15	1.0	0	0.0	0	0.0	0	0	0	0	0	0	0	0	0	0	0	1	1	1	0	955350116	1	0	0
2992.0	325	0.10862299465240642	0	0.0	215	0.07185828877005347	3882	1.2974598930481283	4352	1.4545454545454546	7	10	47	0.3333333333333333	1	0.14285714285714285	2	0.2857142857142857	4	0.5714285714285714	0	0.0	0	0.0	10	1.0	0	0.0	0	0.0	15	0.3191489361702128	21	0.44680851063829785	0	0.0	11	0.23404255319148937	1	0	0	1	1	1	0	2960981093	1	0	1
3264.0	79	0.02420343137254902	9	0.0027573529411764708	1182	0.36213235294117646	385	0.11795343137254902	1150	0.35232843137254904	16	12	102	0.7272727272727273	3	0.1875	13	0.8125	0	0.0	0	0.0	2	0.16666666666666666	10	0.8333333333333334	0	0.0	0	0.0	11	0.10784313725490197	75	0.7352941176470589	0	0.0	16	0.1568627450980392	0	0	0	1	1	1	0	2432695399	1	0	0
3608.0	414	0.1147450110864745	1	0.0002771618625277162	7729	2.1421840354767183	53	0.014689578713968959	187	0.051829268292682924	15	13	47	0.9090909090909091	3	0.2	10	0.6666666666666666	0	0.0	2	0.13333333333333333	0	0.0	13	1.0	0	0.0	0	0.0	0	0.0	0	0.0	0	0.0	47	1.0	0	0	1	1	0	1	0	1386364014	1	0	1
4319.0	21	0.004862236628849271	1	0.00023153507756425097	2268	0.5251215559157212	156	0.036119472100023156	155	0.035887937022458904	12	15	0	0.6666666666666666	2	0.16666666666666666	9	0.75	0	0.0	1	0.08333333333333333	0	0.0	15	1.0	0	0.0	0	0.0	0	0	0	0	0	0	0	0	0	0	0	1	0	0	0	301071486	0	0	1
2762.0	14024	5.077480086893555	6	0.002172338884866039	15867	5.74475018102824	245	0.0887038377986966	146	0.05286024619840695	8	13	52	0.26666666666666666	1	0.125	7	0.875	0	0.0	0	0.0	0	0.0	13	1.0	0	0.0	0	0.0	0	0.0	42	0.8076923076923077	0	0.0	10	0.19230769230769232	0	0	1	0	0	0	0	3435134091	1	0	0
4937.0	14362	2.909054081425967	5	0.0010127607859023698	10904	2.208628721895888	629	0.12740530686651813	689	0.13955843629734657	13	8	121	0.5384615384615384	2	0.15384615384615385	10	0.7692307692307693	0	0.0	1	0.07692307692307693	0	0.0	7	0.875	1	0.125	0	0.0	8	0.06611570247933884	89	0.7355371900826446	0	0.0	24	0.19834710743801653	1	0	1	1	0	0	0	72334487	0	0	0
3938.0	360509	91.54621635347893	58	0.014728288471305232	42161	10.706196038598273	2773	0.7041645505332657	4593	1.1663280853224987	13	12	49	0.1875	2	0.15384615384615385	7	0.5384615384615384	0	0.0	4	0.3076923076923077	2	0.16666666666666666	10	0.8333333333333334	0	0.0	0	0.0	6	0.12244897959183673	36	0.7346938775510204	0	0.0	7	0.14285714285714285	1	0	1	1	1	1	0	597507225	0	0	0
2925.0	1	0.0003418803418803419	21	0.0071794871794871795	418	0.14290598290598291	82	0.028034188034188036	869	0.2970940170940171	15	15	47	1.0	6	0.4	9	0.6	0	0.0	0	0.0	0	0.0	15	1.0	0	0.0	0	0.0	6	0.1276595744680851	32	0.6808510638297872	0	0.0	9	0.19148936170212766	0	0	1	1	1	1	0	3075701916	1	0	1
4028.0	7877	1.955561072492552	24	0.005958291956305859	12500	3.103277060575968	1033	0.25645481628599803	1430	0.35501489572989076	12	12	6	0.21428571428571427	2	0.16666666666666666	9	0.75	0	0.0	1	0.08333333333333333	0	0.0	11	0.9166666666666666	1	0.08333333333333333	0	0.0	0	0.0	6	1.0	0	0.0	0	0.0	1	0	0	1	1	0	0	514391206	0	0	0
2896.0	622	0.21477900552486187	14	0.004834254143646409	714	0.24654696132596685	18	0.006215469613259668	0	0.0	16	10	146	0.5454545454545454	2	0.125	13	0.8125	0	0.0	1	0.0625	0	0.0	10	1.0	0	0.0	0	0.0	1	0.00684931506849315	118	0.8082191780821918	0	0.0	27	0.18493150684931506	0	0	1	1	0	1	0	3154590891	1	0	1
3799.0	873	0.22979731508291656	0	0.0	1398	0.3679915767307186	122	0.03211371413529876	584	0.15372466438536456	13	10	59	0.16666666666666666	2	0.15384615384615385	10	0.7692307692307693	0	0.0	1	0.07692307692307693	0	0.0	10	1.0	0	0.0	0	0.0	4	0.06779661016949153	39	0.6610169491525424	0	0.0	16	0.2711864406779661	1	0	1	1	1	0	0	890059946	0	0	0
4285.0	106	0.024737456242707116	37	0.008634772462077013	1146	0.2674445740956826	2237	0.5220536756126021	1513	0.3530921820303384	20	4	130	0.2857142857142857	4	0.2	14	0.7	0	0.0	2	0.1	4	1.0	0	0.0	0	0.0	0	0.0	4	0.03076923076923077	109	0.8384615384615385	0	0.0	17	0.13076923076923078	0	0	1	0	0	1	0	321436860	1	0	0
2996.0	25	0.008344459279038718	0	0.0	675	0.2253004005340454	6	0.0020026702269692926	64	0.021361815754339118	11	12	65	0.2857142857142857	2	0.18181818181818182	8	0.7272727272727273	0	0.0	1	0.09090909090909091	3	0.25	9	0.75	0	0.0	0	0.0	4	0.06153846153846154	47	0.7230769230769231	0	0.0	14	0.2153846153846154	0	0	0	1	1	1	0	2953542846	1	0	1
4608.0	4	0.0008680555555555555	0	0.0	4017	0.8717447916666666	864	0.1875	94	0.020399305555555556	18	13	130	0.8125	3	0.16666666666666666	13	0.7222222222222222	0	0.0	2	0.1111111111111111	3	0.23076923076923078	10	0.7692307692307693	0	0.0	0	0.0	3	0.023076923076923078	99	0.7615384615384615	2	0.015384615384615385	26	0.2	0	0	1	1	0	1	0	173751500	1	0	0
3493.0	2702	0.7735470941883767	16	0.004580589750930432	1581	0.45261952476381334	43	0.012310334955625536	0	0.0	15	9	0	0.6	2	0.13333333333333333	12	0.8	0	0.0	1	0.06666666666666667	0	0.0	9	1.0	0	0.0	0	0.0	0	0	0	0	0	0	0	0	1	0	0	1	1	0	0	1688566994	0	0	0
2986.0	290	0.0971198928332217	4	0.0013395847287340924	5000	1.6744809109176155	162	0.05425318151373074	191	0.06396517079705291	6	13	45	0.75	1	0.16666666666666666	5	0.8333333333333334	0	0.0	0	0.0	2	0.15384615384615385	11	0.8461538461538461	0	0.0	0	0.0	6	0.13333333333333333	26	0.5777777777777777	0	0.0	13	0.28888888888888886	0	0	1	1	1	0	0	2971761881	1	0	1
4282.0	16	0.0037365716954694066	0	0.0	2988	0.6978047641289117	20	0.004670714619336758	27	0.006305464736104624	10	13	40	0.25	2	0.2	7	0.7	0	0.0	1	0.1	2	0.15384615384615385	9	0.6923076923076923	0	0.0	2	0.15384615384615385	2	0.05	26	0.65	0	0.0	12	0.3	0	0	1	1	0	1	0	323288281	0	0	0
4047.0	4144	1.0239683716333086	0	0.0	8970	2.2164566345441066	457	0.11292315295280454	514	0.12700765999505806	12	8	39	0.4	2	0.16666666666666666	7	0.5833333333333334	0	0.0	3	0.25	1	0.125	7	0.875	0	0.0	0	0.0	4	0.10256410256410256	26	0.6666666666666666	0	0.0	9	0.23076923076923078	1	0	1	1	0	0	0	491830506	0	0	0
5056.0	1717	0.3395965189873418	5	0.0009889240506329115	18285	3.616495253164557	273	0.053995253164556965	278	0.054984177215189875	16	11	9	0.18181818181818182	2	0.125	9	0.5625	0	0.0	5	0.3125	2	0.18181818181818182	7	0.6363636363636364	2	0.18181818181818182	0	0.0	1	0.1111111111111111	5	0.5555555555555556	0	0.0	3	0.3333333333333333	1	0	1	1	0	0	0	39288051	0	0	0
4995.0	1903	0.380980980980981	58	0.011611611611611611	124120	24.84884884884885	5092	1.0194194194194195	1532	0.3067067067067067	17	10	72	0.2857142857142857	8	0.47058823529411764	6	0.35294117647058826	0	0.0	3	0.17647058823529413	6	0.6	0	0.0	4	0.4	0	0.0	5	0.06944444444444445	47	0.6527777777777778	4	0.05555555555555555	16	0.2222222222222222	1	0	1	1	0	0	0	55864197	0	0	0
4763.0	0	0.0	29	0.00608859962208692	13674	2.870879697669536	563	0.11820281335292883	130	0.027293722443837917	16	11	85	0.5833333333333334	2	0.125	13	0.8125	0	0.0	1	0.0625	0	0.0	11	1.0	0	0.0	0	0.0	2	0.023529411764705882	67	0.788235294117647	0	0.0	16	0.18823529411764706	1	0	1	1	0	0	0	118504705	0	0	0
3129.0	1662	0.5311601150527325	1	0.00031959092361776926	1774	0.5669542984979227	13	0.004154682007031001	0	0.0	14	6	22	0.2	2	0.14285714285714285	10	0.7142857142857143	0	0.0	2	0.14285714285714285	2	0.3333333333333333	3	0.5	1	0.16666666666666666	0	0.0	3	0.13636363636363635	17	0.7727272727272727	0	0.0	2	0.09090909090909091	0	0	1	1	1	0	0	2750217476	1	0	1
3620.0	72036	19.899447513812156	6	0.0016574585635359116	84246	23.272375690607735	310	0.0856353591160221	158	0.04364640883977901	2	8	0	0.3333333333333333	2	1.0	0	0.0	0	0.0	0	0.0	4	0.5	0	0.0	2	0.25	2	0.25	0	0	0	0	0	0	0	0	1	0	0	1	0	0	0	1357774098	1	0	0
4941.0	0	0.0	2	0.0004047763610605141	3724	0.7536935842946771	51	0.010321797207043109	58	0.011738514470754908	13	14	49	0.3333333333333333	2	0.15384615384615385	10	0.7692307692307693	0	0.0	1	0.07692307692307693	0	0.0	13	0.9285714285714286	1	0.07142857142857142	0	0.0	1	0.02040816326530612	36	0.7346938775510204	0	0.0	12	0.24489795918367346	0	0	1	1	0	1	0	71318808	0	0	0
3246.0	218	0.06715958102279729	9	0.0027726432532347504	3	0.0009242144177449168	137	0.04220579174368454	236	0.07270486752926679	10	11	123	0.14285714285714285	2	0.2	6	0.6	0	0.0	2	0.2	3	0.2727272727272727	8	0.7272727272727273	0	0.0	0	0.0	19	0.15447154471544716	76	0.6178861788617886	1	0.008130081300813009	27	0.21951219512195122	0	0	0	1	0	1	0	2463415592	0	0	0
4757.0	3	0.0006306495690561278	5	0.0010510826150935463	7331	1.5410973302501576	349	0.07336556653352953	394	0.08282531006937145	13	12	117	0.9090909090909091	2	0.15384615384615385	10	0.7692307692307693	0	0.0	1	0.07692307692307693	0	0.0	12	1.0	0	0.0	0	0.0	18	0.15384615384615385	73	0.6239316239316239	0	0.0	26	0.2222222222222222	1	0	1	1	0	1	0	120388905	1	0	1
2703.0	2514	0.93007769145394	4	0.0014798372179060304	2112	0.781354051054384	24	0.008879023307436182	27	0.009988901220865706	5	15	21	0.25	0	0.0	5	1.0	0	0.0	0	0.0	1	0.06666666666666667	6	0.4	8	0.5333333333333333	0	0.0	9	0.42857142857142855	9	0.42857142857142855	0	0.0	3	0.14285714285714285	0	0	0	1	1	0	0	3953605933	1	0	1
4055.0	571	0.1408138101109741	1	0.0002466091245376079	2713	0.6690505548705302	994	0.24512946979038225	1151	0.2838471023427867	22	10	99	0.0	0	0.0	0	0.0	0	0.0	22	1.0	2	0.2	7	0.7	1	0.1	0	0.0	0	0.0	10	0.10101010101010101	0	0.0	89	0.898989898989899	1	0	1	1	1	0	0	484523311	0	0	0
5047.0	2	0.00039627501486031304	17	0.003368337626312661	5966	1.182088369328314	182	0.036061026352288486	151	0.029918763621953635	10	8	24	0.8888888888888888	2	0.2	5	0.5	1	0.1	2	0.2	0	0.0	7	0.875	1	0.125	0	0.0	3	0.125	17	0.7083333333333334	0	0.0	4	0.16666666666666666	1	0	0	1	0	1	0	41401673	1	0	0
3550.0	12450	3.507042253521127	2	0.0005633802816901409	1347	0.3794366197183099	199	0.05605633802816901	681	0.19183098591549297	10	15	0	0.8571428571428571	2	0.2	7	0.7	0	0.0	1	0.1	5	0.3333333333333333	10	0.6666666666666666	0	0.0	0	0.0	0	0	0	0	0	0	0	0	1	0	0	1	1	0	0	1544469848	0	0	0
3706.0	0	0.0	3	0.0008094981111710739	7974	2.1516459794927143	130	0.03507825148407987	0	0.0	18	9	121	0.5833333333333334	2	0.1111111111111111	15	0.8333333333333334	0	0.0	1	0.05555555555555555	2	0.2222222222222222	7	0.7777777777777778	0	0.0	0	0.0	3	0.024793388429752067	97	0.8016528925619835	0	0.0	21	0.17355371900826447	0	0	0	1	1	1	0	1106935134	1	0	1
3330.0	3422	1.0276276276276277	13	0.003903903903903904	62982	18.913513513513514	1638	0.4918918918918919	107	0.03213213213213213	17	14	101	0.8333333333333334	6	0.35294117647058826	8	0.47058823529411764	0	0.0	3	0.17647058823529413	3	0.21428571428571427	11	0.7857142857142857	0	0.0	0	0.0	41	0.40594059405940597	39	0.38613861386138615	0	0.0	21	0.2079207920792079	0	0	1	1	0	1	0	2320579934	1	0	0
4963.0	2617	0.5273020350594398	31	0.006246222043119081	18363	3.6999798508966353	1264	0.2546846665323393	1581	0.3185573241990731	14	12	82	0.8333333333333334	3	0.21428571428571427	9	0.6428571428571429	0	0.0	2	0.14285714285714285	0	0.0	12	1.0	0	0.0	0	0.0	2	0.024390243902439025	65	0.7926829268292683	0	0.0	15	0.18292682926829268	1	0	1	1	0	1	0	65125734	0	0	0
4846.0	35	0.007222451506397029	9	0.0018572018159306646	1759	0.3629797771357821	423	0.08728848534874123	179	0.03693768056128766	18	15	156	0.8333333333333334	2	0.1111111111111111	15	0.8333333333333334	0	0.0	1	0.05555555555555555	2	0.13333333333333333	13	0.8666666666666667	0	0.0	0	0.0	1	0.00641025641025641	121	0.7756410256410257	4	0.02564102564102564	30	0.19230769230769232	1	0	1	1	0	1	0	95108455	1	0	0
4969.0	6711	1.3505735560474945	3	0.0006037432078889113	28587	5.753069027973435	550	0.11068625477963373	636	0.1279935600724492	8	10	46	0.3	1	0.125	6	0.75	0	0.0	1	0.125	0	0.0	10	1.0	0	0.0	0	0.0	2	0.043478260869565216	36	0.782608695652174	0	0.0	8	0.17391304347826086	1	0	0	1	0	1	0	63372653	0	0	0
3500.0	3402	0.972	2	0.0005714285714285715	20880	5.965714285714285	518	0.148	574	0.164	19	7	31	0.11764705882352941	3	0.15789473684210525	12	0.631578947368421	0	0.0	4	0.21052631578947367	2	0.2857142857142857	5	0.7142857142857143	0	0.0	0	0.0	8	0.25806451612903225	10	0.3225806451612903	0	0.0	13	0.41935483870967744	1	0	1	1	1	1	0	1669774705	0	0	0
5031.0	29167	5.79745577419996	5	0.0009938382031405286	22489	4.47008547008547	739	0.14688928642417015	1681	0.33412840389584575	6	8	22	0.4	4	0.6666666666666666	0	0.0	0	0.0	2	0.3333333333333333	1	0.125	3	0.375	4	0.5	0	0.0	0	0.0	15	0.6818181818181818	0	0.0	7	0.3181818181818182	1	0	1	1	0	0	0	44973440	0	0	0
2882.0	1	0.00034698126301179735	7	0.0024288688410825814	932	0.32338653712699517	10	0.0034698126301179735	2	0.0006939625260235947	12	11	0	0.9	2	0.16666666666666666	9	0.75	0	0.0	1	0.08333333333333333	2	0.18181818181818182	9	0.8181818181818182	0	0.0	0	0.0	0	0	0	0	0	0	0	0	0	0	0	1	1	0	0	3200925057	1	0	1
4214.0	1378	0.3270052206929283	17	0.004034171808258187	9654	2.29093497864262	971	0.23042240151874704	287	0.0681063122923588	3	8	94	0.375	1	0.3333333333333333	2	0.6666666666666666	0	0.0	0	0.0	1	0.125	6	0.75	1	0.125	0	0.0	7	0.07446808510638298	68	0.723404255319149	0	0.0	19	0.20212765957446807	1	0	0	1	0	1	0	365297032	0	0	0
4372.0	80775	18.475526075022874	93	0.021271729185727357	144751	33.10864592863678	1613	0.3689387008234218	477	0.10910338517840805	0	8	104	0.0	0	0	0	0	0	0	0	0	0	0.0	8	1.0	0	0.0	0	0.0	4	0.038461538461538464	83	0.7980769230769231	0	0.0	17	0.16346153846153846	0	0	0	1	0	0	0	272383381	1	0	0
2834.0	2235	0.7886379675370501	1	0.00035285815102328866	556	0.1961891319689485	31	0.010938602681721948	203	0.0716302046577276	13	12	28	0.21428571428571427	1	0.07692307692307693	10	0.7692307692307693	2	0.15384615384615385	0	0.0	2	0.16666666666666666	10	0.8333333333333334	0	0.0	0	0.0	5	0.17857142857142858	20	0.7142857142857143	0	0.0	3	0.10714285714285714	0	0	1	1	1	0	0	3319872952	0	0	0
2755.0	88	0.031941923774954625	0	0.0	1088	0.39491833030852996	23	0.008348457350272231	71	0.025771324863883848	11	13	0	0.35714285714285715	0	0.0	10	0.9090909090909091	0	0.0	1	0.09090909090909091	0	0.0	12	0.9230769230769231	0	0.0	1	0.07692307692307693	0	0	0	0	0	0	0	0	0	0	1	1	1	0	0	3382640066	1	0	1
2709.0	341	0.1258767072720561	2	0.0007382798080472499	752	0.27759320782576596	4	0.0014765596160944998	68	0.025101513473606497	16	15	0	0.3888888888888889	0	0.0	15	0.9375	0	0.0	1	0.0625	0	0.0	12	0.8	2	0.13333333333333333	1	0.06666666666666667	0	0	0	0	0	0	0	0	0	0	0	1	1	0	0	3887070673	0	0	0
5115.0	13	0.002541544477028348	10	0.0019550342130987292	13572	2.6533724340175953	577	0.11280547409579668	512	0.10009775171065494	11	10	19	0.9	4	0.36363636363636365	6	0.5454545454545454	0	0.0	1	0.09090909090909091	0	0.0	10	1.0	0	0.0	0	0.0	2	0.10526315789473684	11	0.5789473684210527	0	0.0	6	0.3157894736842105	1	0	1	1	0	1	0	24215001	0	0	0
4447.0	4351	0.978412412862604	5	0.001124353496739375	7512	1.6892286935012368	167	0.03755340679109512	382	0.08590060715088824	7	5	0	0.09090909090909091	1	0.14285714285714285	4	0.5714285714285714	0	0.0	2	0.2857142857142857	2	0.4	1	0.2	1	0.2	1	0.2	0	0	0	0	0	0	0	0	1	0	0	1	0	0	0	236486106	0	0	0
2792.0	7927	2.839183381088825	1	0.00035816618911174784	5597	2.0046561604584525	38	0.013610315186246419	39	0.013968481375358166	15	15	159	0.9166666666666666	2	0.13333333333333333	12	0.8	0	0.0	1	0.06666666666666667	3	0.2	12	0.8	0	0.0	0	0.0	4	0.025157232704402517	118	0.7421383647798742	0	0.0	37	0.23270440251572327	0	0	1	0	0	0	0	3288842234	0	0	0
3647.0	39598	10.857691253084727	1	0.00027419797093501506	13342	3.658349328214971	73	0.0200164518782561	570	0.1562928434329586	15	14	16	0.9090909090909091	2	0.13333333333333333	12	0.8	0	0.0	1	0.06666666666666667	2	0.14285714285714285	12	0.8571428571428571	0	0.0	0	0.0	2	0.125	13	0.8125	0	0.0	1	0.0625	0	0	0	1	1	0	0	1284586999	1	0	0
4935.0	490	0.09929078014184398	78	0.015805471124620062	2883	0.5841945288753799	2525	0.5116514690982776	608	0.1232016210739615	17	15	158	0.9090909090909091	3	0.17647058823529413	12	0.7058823529411765	0	0.0	2	0.11764705882352941	1	0.06666666666666667	14	0.9333333333333333	0	0.0	0	0.0	10	0.06329113924050633	118	0.7468354430379747	1	0.006329113924050633	29	0.18354430379746836	1	0	1	1	0	1	0	72793593	1	0	0
5122.0	11088	2.164779383053495	22	0.004295197188598204	19034	3.7161265130808276	1482	0.2893401015228426	967	0.1887934400624756	16	10	38	0.6363636363636364	2	0.125	13	0.8125	0	0.0	1	0.0625	2	0.2	8	0.8	0	0.0	0	0.0	1	0.02631578947368421	31	0.8157894736842105	0	0.0	6	0.15789473684210525	1	0	1	1	0	0	0	23084541	0	0	0
4672.0	21	0.00449486301369863	22	0.004708904109589041	11559	2.47410102739726	214	0.04580479452054795	420	0.0898972602739726	17	10	126	0.6363636363636364	2	0.11764705882352941	14	0.8235294117647058	0	0.0	1	0.058823529411764705	1	0.1	9	0.9	0	0.0	0	0.0	7	0.05555555555555555	91	0.7222222222222222	0	0.0	28	0.2222222222222222	1	0	1	1	0	0	0	149765637	1	0	0
4318.0	49089	11.36845761926818	30	0.006947660954145438	34560	8.003705419175544	3900	0.9031959240389069	3862	0.8943955534969893	4	13	148	0.08333333333333333	1	0.25	3	0.75	0	0.0	0	0.0	5	0.38461538461538464	8	0.6153846153846154	0	0.0	0	0.0	8	0.05405405405405406	102	0.6891891891891891	0	0.0	38	0.25675675675675674	1	0	1	1	0	0	0	301465096	0	0	0
4947.0	3104	0.6274509803921569	0	0.0	2690	0.5437638973115019	163	0.032949262179098444	181	0.03658783100869214	20	11	16	0.6923076923076923	3	0.15	15	0.75	0	0.0	2	0.1	0	0.0	11	1.0	0	0.0	0	0.0	4	0.25	8	0.5	0	0.0	4	0.25	0	0	0	0	0	0	0	69729809	0	0	0
4731.0	3049	0.6444726273515113	5	0.001056859015007398	46639	9.858169520186006	592	0.1251321073768759	1971	0.4166138237159163	6	9	30	0.18181818181818182	0	0.0	5	0.8333333333333334	1	0.16666666666666666	0	0.0	0	0.0	9	1.0	0	0.0	0	0.0	0	0.0	0	0.0	0	0.0	30	1.0	1	0	0	1	0	0	0	128466477	1	0	0
2773.0	550	0.1983411467724486	0	0.0	7395	2.666786873422286	251	0.09051568698160836	111	0.04002884962134872	13	15	57	0.4	3	0.23076923076923078	7	0.5384615384615384	0	0.0	3	0.23076923076923078	0	0.0	14	0.9333333333333333	1	0.06666666666666667	0	0.0	7	0.12280701754385964	36	0.631578947368421	0	0.0	14	0.24561403508771928	0	0	1	0	0	0	0	3312287280	0	0	0
5052.0	865	0.17121931908155186	78	0.015439429928741092	4332	0.8574821852731591	1939	0.3838083927157561	244	0.04829770387965162	19	7	110	0.25	2	0.10526315789473684	16	0.8421052631578947	0	0.0	1	0.05263157894736842	3	0.42857142857142855	4	0.5714285714285714	0	0.0	0	0.0	1	0.00909090909090909	89	0.8090909090909091	0	0.0	20	0.18181818181818182	1	0	1	0	0	1	0	40336947	1	0	0
3920.0	7477	1.9073979591836734	25	0.006377551020408163	6604	1.6846938775510205	1044	0.26632653061224487	199	0.05076530612244898	17	11	153	0.6666666666666666	3	0.17647058823529413	12	0.7058823529411765	0	0.0	2	0.11764705882352941	3	0.2727272727272727	7	0.6363636363636364	1	0.09090909090909091	0	0.0	5	0.032679738562091505	125	0.8169934640522876	0	0.0	23	0.1503267973856209	0	0	0	1	1	0	0	613744186	0	0	0
5000.0	1	0.0002	1	0.0002	39927	7.9854	31	0.0062	3176	0.6352	19	11	15	0.15789473684210525	2	0.10526315789473684	14	0.7368421052631579	2	0.10526315789473684	1	0.05263157894736842	1	0.09090909090909091	6	0.5454545454545454	4	0.36363636363636365	0	0.0	1	0.06666666666666667	10	0.6666666666666666	0	0.0	4	0.26666666666666666	0	0	1	1	1	0	0	54263355	1	0	1
3335.0	152	0.04557721139430285	3	0.0008995502248875562	1639	0.49145427286356824	56	0.016791604197901048	84	0.025187406296851574	14	13	85	0.9230769230769231	2	0.14285714285714285	11	0.7857142857142857	0	0.0	1	0.07142857142857142	1	0.07692307692307693	12	0.9230769230769231	0	0.0	0	0.0	2	0.023529411764705882	73	0.8588235294117647	0	0.0	10	0.11764705882352941	0	0	1	1	0	0	0	2312109649	1	0	1
4152.0	686	0.16522157996146436	134	0.03227360308285164	4139	0.996868978805395	1201	0.2892581888246628	569	0.13704238921001927	9	8	100	0.875	4	0.4444444444444444	4	0.4444444444444444	0	0.0	1	0.1111111111111111	4	0.5	4	0.5	0	0.0	0	0.0	1	0.01	85	0.85	0	0.0	14	0.14	1	0	1	1	0	1	0	403078748	1	0	0
5143.0	2537	0.49329185300408324	30	0.0058331713007972	7363	1.4316546762589928	4474	0.8699202799922224	2043	0.39723896558428934	18	13	123	0.35294117647058826	2	0.1111111111111111	15	0.8333333333333334	0	0.0	1	0.05555555555555555	2	0.15384615384615385	9	0.6923076923076923	2	0.15384615384615385	0	0.0	8	0.06504065040650407	92	0.7479674796747967	0	0.0	23	0.18699186991869918	1	0	1	1	0	0	0	20774528	0	0	0
3321.0	638	0.19211080999698885	0	0.0	611	0.18398072869617585	139	0.04185486299307437	247	0.07437518819632641	5	9	0	0.16666666666666666	0	0.0	3	0.6	0	0.0	2	0.4	0	0.0	9	1.0	0	0.0	0	0.0	0	0	0	0	0	0	0	0	1	0	0	1	1	0	0	2334424716	0	0	0
3528.0	805	0.22817460317460317	1	0.0002834467120181406	1107	0.3137755102040816	36	0.01020408163265306	216	0.061224489795918366	11	13	71	0.1111111111111111	0	0.0	5	0.45454545454545453	0	0.0	6	0.5454545454545454	0	0.0	13	1.0	0	0.0	0	0.0	0	0.0	58	0.8169014084507042	0	0.0	13	0.18309859154929578	0	0	1	0	0	1	0	1599782558	0	0	1
3852.0	24720	6.417445482866044	1	0.00025960539979231567	3916	1.0166147455867083	406	0.10539979231568017	404	0.10488058151609553	7	14	13	0.38461538461538464	2	0.2857142857142857	4	0.5714285714285714	0	0.0	1	0.14285714285714285	2	0.14285714285714285	12	0.8571428571428571	0	0.0	0	0.0	2	0.15384615384615385	10	0.7692307692307693	0	0.0	1	0.07692307692307693	1	0	1	1	1	0	0	783908516	0	0	0
4285.0	49008	11.43710618436406	47	0.010968494749124855	65909	15.381330221703617	4168	0.9726954492415403	141	0.032905484247374564	14	13	153	0.9	2	0.14285714285714285	11	0.7857142857142857	0	0.0	1	0.07142857142857142	0	0.0	13	1.0	0	0.0	0	0.0	10	0.06535947712418301	120	0.7843137254901961	0	0.0	23	0.1503267973856209	1	0	0	1	1	1	0	321519271	1	0	0
5007.0	16869	3.3690832834032354	1	0.00019972039145196724	51034	10.192530457359696	1004	0.2005192730177751	1113	0.22228879568603954	6	11	0	0.5	1	0.16666666666666666	5	0.8333333333333334	0	0.0	0	0.0	2	0.18181818181818182	9	0.8181818181818182	0	0.0	0	0.0	0	0	0	0	0	0	0	0	1	0	0	0	0	0	0	52166325	0	0	0
3985.0	5513	1.3834378920953576	0	0.0	3069	0.770138017565872	54	0.013550815558343789	344	0.0863237139272271	4	8	31	0.25	1	0.25	3	0.75	0	0.0	0	0.0	2	0.25	4	0.5	2	0.25	0	0.0	1	0.03225806451612903	23	0.7419354838709677	0	0.0	7	0.22580645161290322	1	0	1	1	0	0	0	554958519	0	0	0
3822.0	0	0.0	1	0.00026164311878597594	1796	0.46991104133961276	61	0.01596023024594453	246	0.06436420722135008	15	15	22	0.8571428571428571	2	0.13333333333333333	12	0.8	0	0.0	1	0.06666666666666667	2	0.13333333333333333	12	0.8	1	0.06666666666666667	0	0.0	5	0.22727272727272727	10	0.45454545454545453	2	0.09090909090909091	5	0.22727272727272727	0	0	1	1	0	1	0	848068296	1	0	1
3693.0	639	0.17303005686433795	2	0.0005415651232060655	14624	3.959924180882751	692	0.18738153262929869	995	0.2694286487950176	20	11	158	0.2777777777777778	1	0.05	13	0.65	0	0.0	6	0.3	0	0.0	5	0.45454545454545453	6	0.5454545454545454	0	0.0	41	0.25949367088607594	77	0.4873417721518987	4	0.02531645569620253	36	0.22784810126582278	1	0	1	1	1	0	0	1143504584	1	0	1
2723.0	83	0.03048108703635696	9	0.0033051781123760557	339	0.12449504223283143	71	0.026074182886522218	251	0.09217774513404334	14	13	0	0.8461538461538461	3	0.21428571428571427	9	0.6428571428571429	0	0.0	2	0.14285714285714285	2	0.15384615384615385	10	0.7692307692307693	0	0.0	1	0.07692307692307693	0	0	0	0	0	0	0	0	1	0	1	0	0	1	0	3734470346	1	0	1
5070.0	31272	6.168047337278106	52	0.010256410256410256	13669	2.6960552268244578	4467	0.8810650887573964	3378	0.6662721893491125	11	10	133	0.8888888888888888	2	0.18181818181818182	8	0.7272727272727273	0	0.0	1	0.09090909090909091	0	0.0	10	1.0	0	0.0	0	0.0	8	0.06015037593984962	98	0.7368421052631579	0	0.0	27	0.20300751879699247	1	0	1	1	1	0	0	35798732	0	0	0
3453.0	6999	2.0269331016507386	0	0.0	4136	1.197799015348972	66	0.019113814074717638	241	0.06979438169707501	4	12	77	0.5	1	0.25	3	0.75	0	0.0	0	0.0	0	0.0	12	1.0	0	0.0	0	0.0	6	0.07792207792207792	55	0.7142857142857143	0	0.0	16	0.2077922077922078	1	0	1	1	1	0	0	1920007904	0	0	0
2727.0	521	0.19105243857719106	0	0.0	3415	1.2522918958562523	17	0.0062339567290062336	52	0.01906857352401907	17	15	0	0.2	0	0.0	16	0.9411764705882353	0	0.0	1	0.058823529411764705	0	0.0	14	0.9333333333333333	0	0.0	1	0.06666666666666667	0	0	0	0	0	0	0	0	0	0	0	1	1	0	0	3688450693	1	0	1
3085.0	1077	0.3491085899513776	4	0.0012965964343598054	6473	2.0982171799027554	136	0.044084278768233384	194	0.06288492706645056	16	11	0	0.75	5	0.3125	3	0.1875	4	0.25	4	0.25	3	0.2727272727272727	3	0.2727272727272727	4	0.36363636363636365	1	0.09090909090909091	0	0	0	0	0	0	0	0	0	0	0	1	1	0	0	2802302704	1	0	0
4458.0	2361	0.5296096904441454	0	0.0	11139	2.4986541049798117	422	0.09466128308658592	388	0.0870345446388515	10	8	18	0.16666666666666666	1	0.1	8	0.8	0	0.0	1	0.1	1	0.125	6	0.75	0	0.0	1	0.125	11	0.6111111111111112	0	0.0	0	0.0	7	0.3888888888888889	0	0	0	1	0	0	0	232259317	0	0	0
3560.0	2675	0.7514044943820225	1	0.0002808988764044944	1104	0.3101123595505618	379	0.10646067415730337	297	0.08342696629213484	12	12	135	0.42857142857142855	2	0.16666666666666666	9	0.75	0	0.0	1	0.08333333333333333	0	0.0	8	0.6666666666666666	4	0.3333333333333333	0	0.0	5	0.037037037037037035	96	0.7111111111111111	0	0.0	34	0.2518518518518518	0	0	0	1	1	0	0	1518993158	0	0	0
4767.0	379	0.07950492972519405	12	0.0025173064820641915	31829	6.676945668135096	198	0.04153555695405916	203	0.042584434654919234	6	12	52	0.45454545454545453	1	0.16666666666666666	4	0.6666666666666666	0	0.0	1	0.16666666666666666	2	0.16666666666666666	10	0.8333333333333334	0	0.0	0	0.0	6	0.11538461538461539	34	0.6538461538461539	0	0.0	12	0.23076923076923078	0	0	0	1	0	0	0	117030671	0	0	0
4330.0	32	0.007390300230946882	70	0.016166281755196306	7677	1.7729792147806005	1270	0.29330254041570436	50	0.011547344110854504	14	14	51	1.0	3	0.21428571428571427	11	0.7857142857142857	0	0.0	0	0.0	3	0.21428571428571427	11	0.7857142857142857	0	0.0	0	0.0	6	0.11764705882352941	34	0.6666666666666666	4	0.0784313725490196	7	0.13725490196078433	1	0	1	1	0	1	0	294715157	0	0	0
4134.0	54	0.013062409288824383	0	0.0	1443	0.3490566037735849	121	0.02926947266569908	249	0.0602322206095791	7	9	33	0.3333333333333333	0	0.0	7	1.0	0	0.0	0	0.0	0	0.0	7	0.7777777777777778	2	0.2222222222222222	0	0.0	0	0.0	0	0.0	0	0.0	33	1.0	1	0	1	1	1	0	0	416366381	1	0	1
4801.0	2040	0.42491147677567176	546	0.11372630701937096	4942	1.0293688814830244	2521	0.5250989377213081	3031	0.631326806915226	9	9	151	0.7142857142857143	2	0.2222222222222222	6	0.6666666666666666	0	0.0	1	0.1111111111111111	2	0.2222222222222222	6	0.6666666666666666	0	0.0	1	0.1111111111111111	18	0.11920529801324503	106	0.7019867549668874	0	0.0	27	0.17880794701986755	1	0	1	1	0	1	0	107069240	0	0	0
2889.0	9	0.003115264797507788	38	0.013153340256143994	22816	7.8975424022153	122	0.04222914503288335	0	0.0	18	9	90	0.46153846153846156	3	0.16666666666666666	13	0.7222222222222222	0	0.0	2	0.1111111111111111	0	0.0	7	0.7777777777777778	2	0.2222222222222222	0	0.0	14	0.15555555555555556	49	0.5444444444444444	2	0.022222222222222223	25	0.2777777777777778	0	0	0	0	0	1	0	3178168125	1	0	1
2641.0	158	0.05982582355168497	1	0.0003786444528587656	747	0.2828474062854979	11	0.0041650889814464215	67	0.025369178341537298	13	14	0	0.375	0	0.0	13	1.0	0	0.0	0	0.0	0	0.0	12	0.8571428571428571	2	0.14285714285714285	0	0.0	0	0	0	0	0	0	0	0	0	0	0	1	1	0	0	4552933181	0	0	0
2989.0	37176	12.437604550016728	0	0.0	17354	5.805955168952827	1122	0.3753763800602208	855	0.2860488457678153	8	13	29	0.46153846153846156	1	0.125	5	0.625	0	0.0	2	0.25	2	0.15384615384615385	11	0.8461538461538461	0	0.0	0	0.0	9	0.3103448275862069	5	0.1724137931034483	0	0.0	15	0.5172413793103449	1	0	1	1	1	1	0	2965536592	0	0	0
3996.0	374	0.0935935935935936	10	0.0025025025025025025	7249	1.8140640640640642	99	0.024774774774774775	181	0.045295295295295294	12	10	13	0.26666666666666666	1	0.08333333333333333	5	0.4166666666666667	0	0.0	6	0.5	0	0.0	9	0.9	1	0.1	0	0.0	0	0.0	0	0.0	0	0.0	13	1.0	0	0	1	1	1	0	0	545881939	0	0	0
4195.0	23512	5.60476758045292	0	0.0	9228	2.199761620977354	100	0.023837902264600714	215	0.05125148986889154	12	11	0	0.0	0	0.0	0	0.0	0	0.0	12	1.0	2	0.18181818181818182	9	0.8181818181818182	0	0.0	0	0.0	0	0	0	0	0	0	0	0	0	0	0	1	1	0	0	376012638	0	0	0
2764.0	5314	1.922575976845152	0	0.0	4715	1.7058610709117221	77	0.027858176555716353	586	0.21201157742402316	5	9	38	0.5	1	0.2	2	0.4	2	0.4	0	0.0	0	0.0	7	0.7777777777777778	2	0.2222222222222222	0	0.0	0	0.0	30	0.7894736842105263	0	0.0	8	0.21052631578947367	0	0	1	1	1	0	0	3320971104	1	0	0
5082.0	2461	0.4842581660763479	47	0.009248327430145612	25428	5.003541912632822	498	0.09799291617473435	572	0.11255411255411256	6	11	0	0.25	2	0.3333333333333333	3	0.5	0	0.0	1	0.16666666666666666	6	0.5454545454545454	5	0.45454545454545453	0	0.0	0	0.0	0	0	0	0	0	0	0	0	0	0	0	0	0	0	0	31457139	0	0	0
5040.0	238	0.04722222222222222	454	0.09007936507936508	17904	3.552380952380952	26037	5.166071428571429	26751	5.307738095238095	19	15	144	0.5833333333333334	2	0.10526315789473684	16	0.8421052631578947	0	0.0	1	0.05263157894736842	2	0.13333333333333333	13	0.8666666666666667	0	0.0	0	0.0	1	0.006944444444444444	113	0.7847222222222222	0	0.0	30	0.20833333333333334	0	0	1	1	0	1	0	42893178	0	0	1
3074.0	8698	2.8295380611581002	0	0.0	4856	1.579700715679896	589	0.19160702667534157	366	0.11906310995445674	16	10	61	0.5384615384615384	3	0.1875	12	0.75	0	0.0	1	0.0625	0	0.0	8	0.8	0	0.0	2	0.2	4	0.06557377049180328	43	0.7049180327868853	0	0.0	14	0.22950819672131148	1	0	0	1	1	0	0	2856107910	0	0	0
2824.0	96	0.0339943342776204	12	0.00424929178470255	3248	1.1501416430594902	77	0.02726628895184136	38	0.013456090651558074	6	12	15	0.4	1	0.16666666666666666	5	0.8333333333333334	0	0.0	0	0.0	2	0.16666666666666666	10	0.8333333333333334	0	0.0	0	0.0	2	0.13333333333333333	11	0.7333333333333333	0	0.0	2	0.13333333333333333	1	0	0	0	0	1	0	3339714441	1	0	0
2977.0	0	0.0	28	0.009405441719852201	4146	1.3926771918038294	300	0.10077258985555929	483	0.16224386966745044	18	11	149	0.8181818181818182	2	0.1111111111111111	15	0.8333333333333334	0	0.0	1	0.05555555555555555	2	0.18181818181818182	9	0.8181818181818182	0	0.0	0	0.0	10	0.06711409395973154	100	0.6711409395973155	11	0.0738255033557047	28	0.18791946308724833	0	0	0	0	0	1	0	2986196889	1	0	1
5438.0	140	0.025744759102611255	13	0.002390584773813902	5221	0.9600956233909526	260	0.047811695476278046	315	0.05792570798087532	7	7	154	0.625	2	0.2857142857142857	3	0.42857142857142855	0	0.0	2	0.2857142857142857	0	0.0	7	1.0	0	0.0	0	0.0	4	0.025974025974025976	120	0.7792207792207793	0	0.0	30	0.19480519480519481	1	0	1	1	0	0	0	14516139	0	0	0
4335.0	22	0.005074971164936563	4	0.000922722029988466	4688	1.0814302191464822	276	0.06366782006920416	785	0.18108419838523646	8	10	19	0.6666666666666666	2	0.25	5	0.625	0	0.0	1	0.125	1	0.1	6	0.6	3	0.3	0	0.0	2	0.10526315789473684	14	0.7368421052631579	0	0.0	3	0.15789473684210525	1	0	1	1	0	0	0	291962808	0	0	1
2793.0	0	0.0	0	0.0	1022	0.3659147869674185	2	0.0007160759040458289	2	0.0007160759040458289	3	11	0	0.3333333333333333	1	0.3333333333333333	2	0.6666666666666666	0	0.0	0	0.0	1	0.09090909090909091	2	0.18181818181818182	8	0.7272727272727273	0	0.0	0	0	0	0	0	0	0	0	0	0	0	1	1	0	0	3287695303	1	0	0
3300.0	7584	2.2981818181818183	2	0.0006060606060606061	3165	0.9590909090909091	433	0.13121212121212122	678	0.20545454545454545	7	13	10	0.23076923076923078	0	0.0	3	0.42857142857142855	0	0.0	4	0.5714285714285714	0	0.0	12	0.9230769230769231	0	0.0	1	0.07692307692307693	0	0.0	10	1.0	0	0.0	0	0.0	1	0	1	1	1	0	0	2369454025	0	0	0
3230.0	136	0.042105263157894736	1	0.00030959752321981426	11874	3.6761609907120745	3169	0.9811145510835914	2945	0.9117647058823529	11	12	80	0.0	0	0.0	0	0.0	0	0.0	11	1.0	0	0.0	10	0.8333333333333334	2	0.16666666666666666	0	0.0	0	0.0	13	0.1625	0	0.0	67	0.8375	1	0	1	0	0	1	0	2489810894	0	0	0
3437.0	42	0.012219959266802444	7	0.002036659877800407	3013	0.8766366016875182	43	0.012510910677916789	66	0.019202793133546697	11	12	70	0.9	0	0.0	11	1.0	0	0.0	0	0.0	0	0.0	11	0.9166666666666666	1	0.08333333333333333	0	0.0	2	0.02857142857142857	52	0.7428571428571429	0	0.0	16	0.22857142857142856	1	0	0	1	1	0	0	1965375458	0	0	0
2814.0	121	0.04299928926794598	1	0.00035536602700781805	1827	0.6492537313432836	287	0.10199004975124377	1073	0.3813077469793888	13	12	25	0.8888888888888888	0	0.0	12	0.9230769230769231	0	0.0	1	0.07692307692307693	2	0.16666666666666666	10	0.8333333333333334	0	0.0	0	0.0	2	0.08	17	0.68	0	0.0	6	0.24	0	0	0	1	1	0	0	3354034151	1	0	1
3750.0	2746	0.7322666666666666	1	0.0002666666666666667	3782	1.0085333333333333	169	0.045066666666666665	296	0.07893333333333333	8	14	16	0.5454545454545454	1	0.125	7	0.875	0	0.0	0	0.0	1	0.07142857142857142	11	0.7857142857142857	0	0.0	2	0.14285714285714285	5	0.3125	1	0.0625	4	0.25	6	0.375	1	0	0	1	1	0	0	996130794	0	0	0
4078.0	17758	4.354585581167239	1	0.0002452182442373713	458	0.11230995586071604	148	0.036292300147130946	48	0.011770475723393821	11	8	33	0.21428571428571427	0	0.0	9	0.8181818181818182	0	0.0	2	0.18181818181818182	0	0.0	6	0.75	2	0.25	0	0.0	3	0.09090909090909091	20	0.6060606060606061	0	0.0	10	0.30303030303030304	1	0	1	0	0	0	0	463503341	0	0	0
4465.0	6352	1.4226203807390818	2	0.0004479283314669653	19216	4.303695408734603	392	0.0877939529675252	310	0.06942889137737962	12	15	0	0.7777777777777778	0	0.0	12	1.0	0	0.0	0	0.0	0	0.0	12	0.8	3	0.2	0	0.0	0	0	0	0	0	0	0	0	1	0	1	1	0	0	0	229851130	0	0	0
2980.0	22751	7.634563758389262	4	0.0013422818791946308	5779	1.9392617449664429	110	0.03691275167785235	85	0.028523489932885907	5	12	94	0.1111111111111111	0	0.0	5	1.0	0	0.0	0	0.0	0	0.0	12	1.0	0	0.0	0	0.0	1	0.010638297872340425	71	0.7553191489361702	1	0.010638297872340425	21	0.22340425531914893	1	0	1	1	1	0	0	2985852925	0	0	0
4346.0	28744	6.613897837091579	9	0.0020708697653014268	102357	23.552001840773126	4669	1.0743212149102623	400	0.09203865623561897	3	13	0	0.3333333333333333	1	0.3333333333333333	2	0.6666666666666666	0	0.0	0	0.0	2	0.15384615384615385	11	0.8461538461538461	0	0.0	0	0.0	0	0	0	0	0	0	0	0	1	0	0	1	0	0	0	285982633	0	0	0
